area_id,canonical_iso2,name,year,population,source_id,source_url,source_area_code,population_basis,status,notes
KR,KR,South Korea,2006,48438292,worldbank-SP.POP.TOTL-20260713,https://data.worldbank.org/indicator/SP.POP.TOTL?locations=KR,KOR,midyear_estimate,available,World Bank fallback: reviewed Wikipedia global lists do not provide a complete exact-year annual series.
KR,KR,South Korea,2009,49307835,worldbank-SP.POP.TOTL-20260713,https://data.worldbank.org/indicator/SP.POP.TOTL?locations=KR,KOR,midyear_estimate,available,World Bank fallback: reviewed Wikipedia global lists do not provide a complete exact-year annual series.
KR,KR,South Korea,2012,50199853,worldbank-SP.POP.TOTL-20260713,https://data.worldbank.org/indicator/SP.POP.TOTL?locations=KR,KOR,midyear_estimate,available,World Bank fallback: reviewed Wikipedia global lists do not provide a complete exact-year annual series.
KR,KR,South Korea,2015,51014947,worldbank-SP.POP.TOTL-20260713,https://data.worldbank.org/indicator/SP.POP.TOTL?locations=KR,KOR,midyear_estimate,available,World Bank fallback: reviewed Wikipedia global lists do not provide a complete exact-year annual series.
KR,KR,South Korea,2018,51585058,worldbank-SP.POP.TOTL-20260713,https://data.worldbank.org/indicator/SP.POP.TOTL?locations=KR,KOR,midyear_estimate,available,World Bank fallback: reviewed Wikipedia global lists do not provide a complete exact-year annual series.
KR,KR,South Korea,2021,51769539,worldbank-SP.POP.TOTL-20260713,https://data.worldbank.org/indicator/SP.POP.TOTL?locations=KR,KOR,midyear_estimate,available,World Bank fallback: reviewed Wikipedia global lists do not provide a complete exact-year annual series.
KR,KR,South Korea,2024,51751065,worldbank-SP.POP.TOTL-20260713,https://data.worldbank.org/indicator/SP.POP.TOTL?locations=KR,KOR,midyear_estimate,available,World Bank fallback: reviewed Wikipedia global lists do not provide a complete exact-year annual series.
TW,TW,Taiwan,2006,22824000,wikipedia-taiwan-annual,https://en.wikipedia.org/wiki/Demographics_of_Taiwan#Births_and_deaths,,annual_average,available,"Wikipedia annual table; rounded to nearest 1,000 persons. Not a JF measurement."
TW,TW,Taiwan,2009,23079000,wikipedia-taiwan-annual,https://en.wikipedia.org/wiki/Demographics_of_Taiwan#Births_and_deaths,,annual_average,available,"Wikipedia annual table; rounded to nearest 1,000 persons. Not a JF measurement."
TW,TW,Taiwan,2012,23271000,wikipedia-taiwan-annual,https://en.wikipedia.org/wiki/Demographics_of_Taiwan#Births_and_deaths,,annual_average,available,"Wikipedia annual table; rounded to nearest 1,000 persons. Not a JF measurement."
TW,TW,Taiwan,2015,23472000,wikipedia-taiwan-annual,https://en.wikipedia.org/wiki/Demographics_of_Taiwan#Births_and_deaths,,annual_average,available,"Wikipedia annual table; rounded to nearest 1,000 persons. Not a JF measurement."
TW,TW,Taiwan,2018,23589000,wikipedia-taiwan-annual,https://en.wikipedia.org/wiki/Demographics_of_Taiwan#Births_and_deaths,,annual_average,available,"Wikipedia annual table; rounded to nearest 1,000 persons. Not a JF measurement."
TW,TW,Taiwan,2021,23359000,wikipedia-taiwan-annual,https://en.wikipedia.org/wiki/Demographics_of_Taiwan#Births_and_deaths,,annual_average,available,"Wikipedia annual table; rounded to nearest 1,000 persons. Not a JF measurement."
TW,TW,Taiwan,2024,23400000,wikipedia-taiwan-annual,https://en.wikipedia.org/wiki/Demographics_of_Taiwan#Births_and_deaths,,annual_average,available,"Wikipedia annual table; rounded to nearest 1,000 persons. Not a JF measurement."
CN,CN,China,2006,1311020000,worldbank-SP.POP.TOTL-20260713,https://data.worldbank.org/indicator/SP.POP.TOTL?locations=CN,CHN,midyear_estimate,available,World Bank fallback: reviewed Wikipedia global lists do not provide a complete exact-year annual series.
CN,CN,China,2009,1331260000,worldbank-SP.POP.TOTL-20260713,https://data.worldbank.org/indicator/SP.POP.TOTL?locations=CN,CHN,midyear_estimate,available,World Bank fallback: reviewed Wikipedia global lists do not provide a complete exact-year annual series.
CN,CN,China,2012,1354190000,worldbank-SP.POP.TOTL-20260713,https://data.worldbank.org/indicator/SP.POP.TOTL?locations=CN,CHN,midyear_estimate,available,World Bank fallback: reviewed Wikipedia global lists do not provide a complete exact-year annual series.
CN,CN,China,2015,1379860000,worldbank-SP.POP.TOTL-20260713,https://data.worldbank.org/indicator/SP.POP.TOTL?locations=CN,CHN,midyear_estimate,available,World Bank fallback: reviewed Wikipedia global lists do not provide a complete exact-year annual series.
CN,CN,China,2018,1402760000,worldbank-SP.POP.TOTL-20260713,https://data.worldbank.org/indicator/SP.POP.TOTL?locations=CN,CHN,midyear_estimate,available,World Bank fallback: reviewed Wikipedia global lists do not provide a complete exact-year annual series.
CN,CN,China,2021,1412360000,worldbank-SP.POP.TOTL-20260713,https://data.worldbank.org/indicator/SP.POP.TOTL?locations=CN,CHN,midyear_estimate,available,World Bank fallback: reviewed Wikipedia global lists do not provide a complete exact-year annual series.
CN,CN,China,2024,1408975000,worldbank-SP.POP.TOTL-20260713,https://data.worldbank.org/indicator/SP.POP.TOTL?locations=CN,CHN,midyear_estimate,available,World Bank fallback: reviewed Wikipedia global lists do not provide a complete exact-year annual series.
HK,HK,Hong Kong SAR China,2006,6857100,worldbank-SP.POP.TOTL-20260713,https://data.worldbank.org/indicator/SP.POP.TOTL?locations=HK,HKG,midyear_estimate,available,World Bank fallback: reviewed Wikipedia global lists do not provide a complete exact-year annual series.
HK,HK,Hong Kong SAR China,2009,6972800,worldbank-SP.POP.TOTL-20260713,https://data.worldbank.org/indicator/SP.POP.TOTL?locations=HK,HKG,midyear_estimate,available,World Bank fallback: reviewed Wikipedia global lists do not provide a complete exact-year annual series.
HK,HK,Hong Kong SAR China,2012,7150100,worldbank-SP.POP.TOTL-20260713,https://data.worldbank.org/indicator/SP.POP.TOTL?locations=HK,HKG,midyear_estimate,available,World Bank fallback: reviewed Wikipedia global lists do not provide a complete exact-year annual series.
HK,HK,Hong Kong SAR China,2015,7291300,worldbank-SP.POP.TOTL-20260713,https://data.worldbank.org/indicator/SP.POP.TOTL?locations=HK,HKG,midyear_estimate,available,World Bank fallback: reviewed Wikipedia global lists do not provide a complete exact-year annual series.
HK,HK,Hong Kong SAR China,2018,7452600,worldbank-SP.POP.TOTL-20260713,https://data.worldbank.org/indicator/SP.POP.TOTL?locations=HK,HKG,midyear_estimate,available,World Bank fallback: reviewed Wikipedia global lists do not provide a complete exact-year annual series.
HK,HK,Hong Kong SAR China,2021,7413100,worldbank-SP.POP.TOTL-20260713,https://data.worldbank.org/indicator/SP.POP.TOTL?locations=HK,HKG,midyear_estimate,available,World Bank fallback: reviewed Wikipedia global lists do not provide a complete exact-year annual series.
HK,HK,Hong Kong SAR China,2024,7524100,worldbank-SP.POP.TOTL-20260713,https://data.worldbank.org/indicator/SP.POP.TOTL?locations=HK,HKG,midyear_estimate,available,World Bank fallback: reviewed Wikipedia global lists do not provide a complete exact-year annual series.
MO,MO,Macao SAR China,2006,498900,worldbank-SP.POP.TOTL-20260713,https://data.worldbank.org/indicator/SP.POP.TOTL?locations=MO,MAC,midyear_estimate,available,World Bank fallback: reviewed Wikipedia global lists do not provide a complete exact-year annual series.
MO,MO,Macao SAR China,2009,535000,worldbank-SP.POP.TOTL-20260713,https://data.worldbank.org/indicator/SP.POP.TOTL?locations=MO,MAC,midyear_estimate,available,World Bank fallback: reviewed Wikipedia global lists do not provide a complete exact-year annual series.
MO,MO,Macao SAR China,2012,567900,worldbank-SP.POP.TOTL-20260713,https://data.worldbank.org/indicator/SP.POP.TOTL?locations=MO,MAC,midyear_estimate,available,World Bank fallback: reviewed Wikipedia global lists do not provide a complete exact-year annual series.
MO,MO,Macao SAR China,2015,642900,worldbank-SP.POP.TOTL-20260713,https://data.worldbank.org/indicator/SP.POP.TOTL?locations=MO,MAC,midyear_estimate,available,World Bank fallback: reviewed Wikipedia global lists do not provide a complete exact-year annual series.
MO,MO,Macao SAR China,2018,658900,worldbank-SP.POP.TOTL-20260713,https://data.worldbank.org/indicator/SP.POP.TOTL?locations=MO,MAC,midyear_estimate,available,World Bank fallback: reviewed Wikipedia global lists do not provide a complete exact-year annual series.
MO,MO,Macao SAR China,2021,682500,worldbank-SP.POP.TOTL-20260713,https://data.worldbank.org/indicator/SP.POP.TOTL?locations=MO,MAC,midyear_estimate,available,World Bank fallback: reviewed Wikipedia global lists do not provide a complete exact-year annual series.
MO,MO,Macao SAR China,2024,687000,worldbank-SP.POP.TOTL-20260713,https://data.worldbank.org/indicator/SP.POP.TOTL?locations=MO,MAC,midyear_estimate,available,World Bank fallback: reviewed Wikipedia global lists do not provide a complete exact-year annual series.
MN,MN,Mongolia,2006,2567168,worldbank-SP.POP.TOTL-20260713,https://data.worldbank.org/indicator/SP.POP.TOTL?locations=MN,MNG,midyear_estimate,available,World Bank fallback: reviewed Wikipedia global lists do not provide a complete exact-year annual series.
MN,MN,Mongolia,2009,2691115,worldbank-SP.POP.TOTL-20260713,https://data.worldbank.org/indicator/SP.POP.TOTL?locations=MN,MNG,midyear_estimate,available,World Bank fallback: reviewed Wikipedia global lists do not provide a complete exact-year annual series.
MN,MN,Mongolia,2012,2839705,worldbank-SP.POP.TOTL-20260713,https://data.worldbank.org/indicator/SP.POP.TOTL?locations=MN,MNG,midyear_estimate,available,World Bank fallback: reviewed Wikipedia global lists do not provide a complete exact-year annual series.
MN,MN,Mongolia,2015,3026864,worldbank-SP.POP.TOTL-20260713,https://data.worldbank.org/indicator/SP.POP.TOTL?locations=MN,MNG,midyear_estimate,available,World Bank fallback: reviewed Wikipedia global lists do not provide a complete exact-year annual series.
MN,MN,Mongolia,2018,3208189,worldbank-SP.POP.TOTL-20260713,https://data.worldbank.org/indicator/SP.POP.TOTL?locations=MN,MNG,midyear_estimate,available,World Bank fallback: reviewed Wikipedia global lists do not provide a complete exact-year annual series.
MN,MN,Mongolia,2021,3383741,worldbank-SP.POP.TOTL-20260713,https://data.worldbank.org/indicator/SP.POP.TOTL?locations=MN,MNG,midyear_estimate,available,World Bank fallback: reviewed Wikipedia global lists do not provide a complete exact-year annual series.
MN,MN,Mongolia,2024,3524788,worldbank-SP.POP.TOTL-20260713,https://data.worldbank.org/indicator/SP.POP.TOTL?locations=MN,MNG,midyear_estimate,available,World Bank fallback: reviewed Wikipedia global lists do not provide a complete exact-year annual series.
ID,ID,Indonesia,2006,233951652,worldbank-SP.POP.TOTL-20260713,https://data.worldbank.org/indicator/SP.POP.TOTL?locations=ID,IDN,midyear_estimate,available,World Bank fallback: reviewed Wikipedia global lists do not provide a complete exact-year annual series.
ID,ID,Indonesia,2009,243220028,worldbank-SP.POP.TOTL-20260713,https://data.worldbank.org/indicator/SP.POP.TOTL?locations=ID,IDN,midyear_estimate,available,World Bank fallback: reviewed Wikipedia global lists do not provide a complete exact-year annual series.
ID,ID,Indonesia,2012,252698525,worldbank-SP.POP.TOTL-20260713,https://data.worldbank.org/indicator/SP.POP.TOTL?locations=ID,IDN,midyear_estimate,available,World Bank fallback: reviewed Wikipedia global lists do not provide a complete exact-year annual series.
ID,ID,Indonesia,2015,261799249,worldbank-SP.POP.TOTL-20260713,https://data.worldbank.org/indicator/SP.POP.TOTL?locations=ID,IDN,midyear_estimate,available,World Bank fallback: reviewed Wikipedia global lists do not provide a complete exact-year annual series.
ID,ID,Indonesia,2018,269951846,worldbank-SP.POP.TOTL-20260713,https://data.worldbank.org/indicator/SP.POP.TOTL?locations=ID,IDN,midyear_estimate,available,World Bank fallback: reviewed Wikipedia global lists do not provide a complete exact-year annual series.
ID,ID,Indonesia,2021,276758053,worldbank-SP.POP.TOTL-20260713,https://data.worldbank.org/indicator/SP.POP.TOTL?locations=ID,IDN,midyear_estimate,available,World Bank fallback: reviewed Wikipedia global lists do not provide a complete exact-year annual series.
ID,ID,Indonesia,2024,283487931,worldbank-SP.POP.TOTL-20260713,https://data.worldbank.org/indicator/SP.POP.TOTL?locations=ID,IDN,midyear_estimate,available,World Bank fallback: reviewed Wikipedia global lists do not provide a complete exact-year annual series.
KH,KH,Cambodia,2006,13639028,worldbank-SP.POP.TOTL-20260713,https://data.worldbank.org/indicator/SP.POP.TOTL?locations=KH,KHM,midyear_estimate,available,World Bank fallback: reviewed Wikipedia global lists do not provide a complete exact-year annual series.
KH,KH,Cambodia,2009,14276810,worldbank-SP.POP.TOTL-20260713,https://data.worldbank.org/indicator/SP.POP.TOTL?locations=KH,KHM,midyear_estimate,available,World Bank fallback: reviewed Wikipedia global lists do not provide a complete exact-year annual series.
KH,KH,Cambodia,2012,14945085,worldbank-SP.POP.TOTL-20260713,https://data.worldbank.org/indicator/SP.POP.TOTL?locations=KH,KHM,midyear_estimate,available,World Bank fallback: reviewed Wikipedia global lists do not provide a complete exact-year annual series.
KH,KH,Cambodia,2015,15623251,worldbank-SP.POP.TOTL-20260713,https://data.worldbank.org/indicator/SP.POP.TOTL?locations=KH,KHM,midyear_estimate,available,World Bank fallback: reviewed Wikipedia global lists do not provide a complete exact-year annual series.
KH,KH,Cambodia,2018,16274522,worldbank-SP.POP.TOTL-20260713,https://data.worldbank.org/indicator/SP.POP.TOTL?locations=KH,KHM,midyear_estimate,available,World Bank fallback: reviewed Wikipedia global lists do not provide a complete exact-year annual series.
KH,KH,Cambodia,2021,16974305,worldbank-SP.POP.TOTL-20260713,https://data.worldbank.org/indicator/SP.POP.TOTL?locations=KH,KHM,midyear_estimate,available,World Bank fallback: reviewed Wikipedia global lists do not provide a complete exact-year annual series.
KH,KH,Cambodia,2024,17638801,worldbank-SP.POP.TOTL-20260713,https://data.worldbank.org/indicator/SP.POP.TOTL?locations=KH,KHM,midyear_estimate,available,World Bank fallback: reviewed Wikipedia global lists do not provide a complete exact-year annual series.
SG,SG,Singapore,2006,4401365,worldbank-SP.POP.TOTL-20260713,https://data.worldbank.org/indicator/SP.POP.TOTL?locations=SG,SGP,midyear_estimate,available,World Bank fallback: reviewed Wikipedia global lists do not provide a complete exact-year annual series.
SG,SG,Singapore,2009,4987573,worldbank-SP.POP.TOTL-20260713,https://data.worldbank.org/indicator/SP.POP.TOTL?locations=SG,SGP,midyear_estimate,available,World Bank fallback: reviewed Wikipedia global lists do not provide a complete exact-year annual series.
SG,SG,Singapore,2012,5312437,worldbank-SP.POP.TOTL-20260713,https://data.worldbank.org/indicator/SP.POP.TOTL?locations=SG,SGP,midyear_estimate,available,World Bank fallback: reviewed Wikipedia global lists do not provide a complete exact-year annual series.
SG,SG,Singapore,2015,5535002,worldbank-SP.POP.TOTL-20260713,https://data.worldbank.org/indicator/SP.POP.TOTL?locations=SG,SGP,midyear_estimate,available,World Bank fallback: reviewed Wikipedia global lists do not provide a complete exact-year annual series.
SG,SG,Singapore,2018,5638676,worldbank-SP.POP.TOTL-20260713,https://data.worldbank.org/indicator/SP.POP.TOTL?locations=SG,SGP,midyear_estimate,available,World Bank fallback: reviewed Wikipedia global lists do not provide a complete exact-year annual series.
SG,SG,Singapore,2021,5453566,worldbank-SP.POP.TOTL-20260713,https://data.worldbank.org/indicator/SP.POP.TOTL?locations=SG,SGP,midyear_estimate,available,World Bank fallback: reviewed Wikipedia global lists do not provide a complete exact-year annual series.
SG,SG,Singapore,2024,6036860,worldbank-SP.POP.TOTL-20260713,https://data.worldbank.org/indicator/SP.POP.TOTL?locations=SG,SGP,midyear_estimate,available,World Bank fallback: reviewed Wikipedia global lists do not provide a complete exact-year annual series.
TH,TH,Thailand,2006,66567687,worldbank-SP.POP.TOTL-20260713,https://data.worldbank.org/indicator/SP.POP.TOTL?locations=TH,THA,midyear_estimate,available,World Bank fallback: reviewed Wikipedia global lists do not provide a complete exact-year annual series.
TH,TH,Thailand,2009,68121080,worldbank-SP.POP.TOTL-20260713,https://data.worldbank.org/indicator/SP.POP.TOTL?locations=TH,THA,midyear_estimate,available,World Bank fallback: reviewed Wikipedia global lists do not provide a complete exact-year annual series.
TH,TH,Thailand,2012,69436098,worldbank-SP.POP.TOTL-20260713,https://data.worldbank.org/indicator/SP.POP.TOTL?locations=TH,THA,midyear_estimate,available,World Bank fallback: reviewed Wikipedia global lists do not provide a complete exact-year annual series.
TH,TH,Thailand,2015,70540795,worldbank-SP.POP.TOTL-20260713,https://data.worldbank.org/indicator/SP.POP.TOTL?locations=TH,THA,midyear_estimate,available,World Bank fallback: reviewed Wikipedia global lists do not provide a complete exact-year annual series.
TH,TH,Thailand,2018,71376079,worldbank-SP.POP.TOTL-20260713,https://data.worldbank.org/indicator/SP.POP.TOTL?locations=TH,THA,midyear_estimate,available,World Bank fallback: reviewed Wikipedia global lists do not provide a complete exact-year annual series.
TH,TH,Thailand,2021,71727332,worldbank-SP.POP.TOTL-20260713,https://data.worldbank.org/indicator/SP.POP.TOTL?locations=TH,THA,midyear_estimate,available,World Bank fallback: reviewed Wikipedia global lists do not provide a complete exact-year annual series.
TH,TH,Thailand,2024,71668011,worldbank-SP.POP.TOTL-20260713,https://data.worldbank.org/indicator/SP.POP.TOTL?locations=TH,THA,midyear_estimate,available,World Bank fallback: reviewed Wikipedia global lists do not provide a complete exact-year annual series.
TL,TL,Timor-Leste,2006,976597,worldbank-SP.POP.TOTL-20260713,https://data.worldbank.org/indicator/SP.POP.TOTL?locations=TL,TLS,midyear_estimate,available,World Bank fallback: reviewed Wikipedia global lists do not provide a complete exact-year annual series.
TL,TL,Timor-Leste,2009,1058782,worldbank-SP.POP.TOTL-20260713,https://data.worldbank.org/indicator/SP.POP.TOTL?locations=TL,TLS,midyear_estimate,available,World Bank fallback: reviewed Wikipedia global lists do not provide a complete exact-year annual series.
TL,TL,Timor-Leste,2012,1134885,worldbank-SP.POP.TOTL-20260713,https://data.worldbank.org/indicator/SP.POP.TOTL?locations=TL,TLS,midyear_estimate,available,World Bank fallback: reviewed Wikipedia global lists do not provide a complete exact-year annual series.
TL,TL,Timor-Leste,2015,1205131,worldbank-SP.POP.TOTL-20260713,https://data.worldbank.org/indicator/SP.POP.TOTL?locations=TL,TLS,midyear_estimate,available,World Bank fallback: reviewed Wikipedia global lists do not provide a complete exact-year annual series.
TL,TL,Timor-Leste,2018,1275959,worldbank-SP.POP.TOTL-20260713,https://data.worldbank.org/indicator/SP.POP.TOTL?locations=TL,TLS,midyear_estimate,available,World Bank fallback: reviewed Wikipedia global lists do not provide a complete exact-year annual series.
TL,TL,Timor-Leste,2021,1350139,worldbank-SP.POP.TOTL-20260713,https://data.worldbank.org/indicator/SP.POP.TOTL?locations=TL,TLS,midyear_estimate,available,World Bank fallback: reviewed Wikipedia global lists do not provide a complete exact-year annual series.
TL,TL,Timor-Leste,2024,1400638,worldbank-SP.POP.TOTL-20260713,https://data.worldbank.org/indicator/SP.POP.TOTL?locations=TL,TLS,midyear_estimate,available,World Bank fallback: reviewed Wikipedia global lists do not provide a complete exact-year annual series.
PH,PH,Philippines,2006,89508986,worldbank-SP.POP.TOTL-20260713,https://data.worldbank.org/indicator/SP.POP.TOTL?locations=PH,PHL,midyear_estimate,available,World Bank fallback: reviewed Wikipedia global lists do not provide a complete exact-year annual series.
PH,PH,Philippines,2009,94384250,worldbank-SP.POP.TOTL-20260713,https://data.worldbank.org/indicator/SP.POP.TOTL?locations=PH,PHL,midyear_estimate,available,World Bank fallback: reviewed Wikipedia global lists do not provide a complete exact-year annual series.
PH,PH,Philippines,2012,100175512,worldbank-SP.POP.TOTL-20260713,https://data.worldbank.org/indicator/SP.POP.TOTL?locations=PH,PHL,midyear_estimate,available,World Bank fallback: reviewed Wikipedia global lists do not provide a complete exact-year annual series.
PH,PH,Philippines,2015,105312992,worldbank-SP.POP.TOTL-20260713,https://data.worldbank.org/indicator/SP.POP.TOTL?locations=PH,PHL,midyear_estimate,available,World Bank fallback: reviewed Wikipedia global lists do not provide a complete exact-year annual series.
PH,PH,Philippines,2018,109465287,worldbank-SP.POP.TOTL-20260713,https://data.worldbank.org/indicator/SP.POP.TOTL?locations=PH,PHL,midyear_estimate,available,World Bank fallback: reviewed Wikipedia global lists do not provide a complete exact-year annual series.
PH,PH,Philippines,2021,113100950,worldbank-SP.POP.TOTL-20260713,https://data.worldbank.org/indicator/SP.POP.TOTL?locations=PH,PHL,midyear_estimate,available,World Bank fallback: reviewed Wikipedia global lists do not provide a complete exact-year annual series.
PH,PH,Philippines,2024,115843670,worldbank-SP.POP.TOTL-20260713,https://data.worldbank.org/indicator/SP.POP.TOTL?locations=PH,PHL,midyear_estimate,available,World Bank fallback: reviewed Wikipedia global lists do not provide a complete exact-year annual series.
BN,BN,Brunei,2006,364663,worldbank-SP.POP.TOTL-20260713,https://data.worldbank.org/indicator/SP.POP.TOTL?locations=BN,BRN,midyear_estimate,available,World Bank fallback: reviewed Wikipedia global lists do not provide a complete exact-year annual series.
BN,BN,Brunei,2009,384952,worldbank-SP.POP.TOTL-20260713,https://data.worldbank.org/indicator/SP.POP.TOTL?locations=BN,BRN,midyear_estimate,available,World Bank fallback: reviewed Wikipedia global lists do not provide a complete exact-year annual series.
BN,BN,Brunei,2012,405557,worldbank-SP.POP.TOTL-20260713,https://data.worldbank.org/indicator/SP.POP.TOTL?locations=BN,BRN,midyear_estimate,available,World Bank fallback: reviewed Wikipedia global lists do not provide a complete exact-year annual series.
BN,BN,Brunei,2015,422212,worldbank-SP.POP.TOTL-20260713,https://data.worldbank.org/indicator/SP.POP.TOTL?locations=BN,BRN,midyear_estimate,available,World Bank fallback: reviewed Wikipedia global lists do not provide a complete exact-year annual series.
BN,BN,Brunei,2018,437810,worldbank-SP.POP.TOTL-20260713,https://data.worldbank.org/indicator/SP.POP.TOTL?locations=BN,BRN,midyear_estimate,available,World Bank fallback: reviewed Wikipedia global lists do not provide a complete exact-year annual series.
BN,BN,Brunei,2021,451721,worldbank-SP.POP.TOTL-20260713,https://data.worldbank.org/indicator/SP.POP.TOTL?locations=BN,BRN,midyear_estimate,available,World Bank fallback: reviewed Wikipedia global lists do not provide a complete exact-year annual series.
BN,BN,Brunei,2024,462721,worldbank-SP.POP.TOTL-20260713,https://data.worldbank.org/indicator/SP.POP.TOTL?locations=BN,BRN,midyear_estimate,available,World Bank fallback: reviewed Wikipedia global lists do not provide a complete exact-year annual series.
VN,VN,Vietnam,2006,82167897,worldbank-SP.POP.TOTL-20260713,https://data.worldbank.org/indicator/SP.POP.TOTL?locations=VN,VNM,midyear_estimate,available,World Bank fallback: reviewed Wikipedia global lists do not provide a complete exact-year annual series.
VN,VN,Vietnam,2009,86460018,worldbank-SP.POP.TOTL-20260713,https://data.worldbank.org/indicator/SP.POP.TOTL?locations=VN,VNM,midyear_estimate,available,World Bank fallback: reviewed Wikipedia global lists do not provide a complete exact-year annual series.
VN,VN,Vietnam,2012,89510356,worldbank-SP.POP.TOTL-20260713,https://data.worldbank.org/indicator/SP.POP.TOTL?locations=VN,VNM,midyear_estimate,available,World Bank fallback: reviewed Wikipedia global lists do not provide a complete exact-year annual series.
VN,VN,Vietnam,2015,92823254,worldbank-SP.POP.TOTL-20260713,https://data.worldbank.org/indicator/SP.POP.TOTL?locations=VN,VNM,midyear_estimate,available,World Bank fallback: reviewed Wikipedia global lists do not provide a complete exact-year annual series.
VN,VN,Vietnam,2018,96237319,worldbank-SP.POP.TOTL-20260713,https://data.worldbank.org/indicator/SP.POP.TOTL?locations=VN,VNM,midyear_estimate,available,World Bank fallback: reviewed Wikipedia global lists do not provide a complete exact-year annual series.
VN,VN,Vietnam,2021,98935098,worldbank-SP.POP.TOTL-20260713,https://data.worldbank.org/indicator/SP.POP.TOTL?locations=VN,VNM,midyear_estimate,available,World Bank fallback: reviewed Wikipedia global lists do not provide a complete exact-year annual series.
VN,VN,Vietnam,2024,100987686,worldbank-SP.POP.TOTL-20260713,https://data.worldbank.org/indicator/SP.POP.TOTL?locations=VN,VNM,midyear_estimate,available,World Bank fallback: reviewed Wikipedia global lists do not provide a complete exact-year annual series.
MY,MY,Malaysia,2006,26417909,worldbank-SP.POP.TOTL-20260713,https://data.worldbank.org/indicator/SP.POP.TOTL?locations=MY,MYS,midyear_estimate,available,World Bank fallback: reviewed Wikipedia global lists do not provide a complete exact-year annual series.
MY,MY,Malaysia,2009,28124778,worldbank-SP.POP.TOTL-20260713,https://data.worldbank.org/indicator/SP.POP.TOTL?locations=MY,MYS,midyear_estimate,available,World Bank fallback: reviewed Wikipedia global lists do not provide a complete exact-year annual series.
MY,MY,Malaysia,2012,29662831,worldbank-SP.POP.TOTL-20260713,https://data.worldbank.org/indicator/SP.POP.TOTL?locations=MY,MYS,midyear_estimate,available,World Bank fallback: reviewed Wikipedia global lists do not provide a complete exact-year annual series.
MY,MY,Malaysia,2015,31232798,worldbank-SP.POP.TOTL-20260713,https://data.worldbank.org/indicator/SP.POP.TOTL?locations=MY,MYS,midyear_estimate,available,World Bank fallback: reviewed Wikipedia global lists do not provide a complete exact-year annual series.
MY,MY,Malaysia,2018,32910967,worldbank-SP.POP.TOTL-20260713,https://data.worldbank.org/indicator/SP.POP.TOTL?locations=MY,MYS,midyear_estimate,available,World Bank fallback: reviewed Wikipedia global lists do not provide a complete exact-year annual series.
MY,MY,Malaysia,2021,34282399,worldbank-SP.POP.TOTL-20260713,https://data.worldbank.org/indicator/SP.POP.TOTL?locations=MY,MYS,midyear_estimate,available,World Bank fallback: reviewed Wikipedia global lists do not provide a complete exact-year annual series.
MY,MY,Malaysia,2024,35557673,worldbank-SP.POP.TOTL-20260713,https://data.worldbank.org/indicator/SP.POP.TOTL?locations=MY,MYS,midyear_estimate,available,World Bank fallback: reviewed Wikipedia global lists do not provide a complete exact-year annual series.
MM,MM,Myanmar (Burma),2006,47785135,worldbank-SP.POP.TOTL-20260713,https://data.worldbank.org/indicator/SP.POP.TOTL?locations=MM,MMR,midyear_estimate,available,World Bank fallback: reviewed Wikipedia global lists do not provide a complete exact-year annual series.
MM,MM,Myanmar (Burma),2009,48660459,worldbank-SP.POP.TOTL-20260713,https://data.worldbank.org/indicator/SP.POP.TOTL?locations=MM,MMR,midyear_estimate,available,World Bank fallback: reviewed Wikipedia global lists do not provide a complete exact-year annual series.
MM,MM,Myanmar (Burma),2012,49837446,worldbank-SP.POP.TOTL-20260713,https://data.worldbank.org/indicator/SP.POP.TOTL?locations=MM,MMR,midyear_estimate,available,World Bank fallback: reviewed Wikipedia global lists do not provide a complete exact-year annual series.
MM,MM,Myanmar (Burma),2015,51089056,worldbank-SP.POP.TOTL-20260713,https://data.worldbank.org/indicator/SP.POP.TOTL?locations=MM,MMR,midyear_estimate,available,World Bank fallback: reviewed Wikipedia global lists do not provide a complete exact-year annual series.
MM,MM,Myanmar (Burma),2018,52272247,worldbank-SP.POP.TOTL-20260713,https://data.worldbank.org/indicator/SP.POP.TOTL?locations=MM,MMR,midyear_estimate,available,World Bank fallback: reviewed Wikipedia global lists do not provide a complete exact-year annual series.
MM,MM,Myanmar (Burma),2021,53387102,worldbank-SP.POP.TOTL-20260713,https://data.worldbank.org/indicator/SP.POP.TOTL?locations=MM,MMR,midyear_estimate,available,World Bank fallback: reviewed Wikipedia global lists do not provide a complete exact-year annual series.
MM,MM,Myanmar (Burma),2024,54500091,worldbank-SP.POP.TOTL-20260713,https://data.worldbank.org/indicator/SP.POP.TOTL?locations=MM,MMR,midyear_estimate,available,World Bank fallback: reviewed Wikipedia global lists do not provide a complete exact-year annual series.
LA,LA,Laos,2006,5963200,worldbank-SP.POP.TOTL-20260713,https://data.worldbank.org/indicator/SP.POP.TOTL?locations=LA,LAO,midyear_estimate,available,World Bank fallback: reviewed Wikipedia global lists do not provide a complete exact-year annual series.
LA,LA,Laos,2009,6241642,worldbank-SP.POP.TOTL-20260713,https://data.worldbank.org/indicator/SP.POP.TOTL?locations=LA,LAO,midyear_estimate,available,World Bank fallback: reviewed Wikipedia global lists do not provide a complete exact-year annual series.
LA,LA,Laos,2012,6518978,worldbank-SP.POP.TOTL-20260713,https://data.worldbank.org/indicator/SP.POP.TOTL?locations=LA,LAO,midyear_estimate,available,World Bank fallback: reviewed Wikipedia global lists do not provide a complete exact-year annual series.
LA,LA,Laos,2015,6801645,worldbank-SP.POP.TOTL-20260713,https://data.worldbank.org/indicator/SP.POP.TOTL?locations=LA,LAO,midyear_estimate,available,World Bank fallback: reviewed Wikipedia global lists do not provide a complete exact-year annual series.
LA,LA,Laos,2018,7128045,worldbank-SP.POP.TOTL-20260713,https://data.worldbank.org/indicator/SP.POP.TOTL?locations=LA,LAO,midyear_estimate,available,World Bank fallback: reviewed Wikipedia global lists do not provide a complete exact-year annual series.
LA,LA,Laos,2021,7453194,worldbank-SP.POP.TOTL-20260713,https://data.worldbank.org/indicator/SP.POP.TOTL?locations=LA,LAO,midyear_estimate,available,World Bank fallback: reviewed Wikipedia global lists do not provide a complete exact-year annual series.
LA,LA,Laos,2024,7769819,worldbank-SP.POP.TOTL-20260713,https://data.worldbank.org/indicator/SP.POP.TOTL?locations=LA,LAO,midyear_estimate,available,World Bank fallback: reviewed Wikipedia global lists do not provide a complete exact-year annual series.
IN,IN,India,2006,1172878890,worldbank-SP.POP.TOTL-20260713,https://data.worldbank.org/indicator/SP.POP.TOTL?locations=IN,IND,midyear_estimate,available,World Bank fallback: reviewed Wikipedia global lists do not provide a complete exact-year annual series.
IN,IN,India,2009,1225524753,worldbank-SP.POP.TOTL-20260713,https://data.worldbank.org/indicator/SP.POP.TOTL?locations=IN,IND,midyear_estimate,available,World Bank fallback: reviewed Wikipedia global lists do not provide a complete exact-year annual series.
IN,IN,India,2012,1278674502,worldbank-SP.POP.TOTL-20260713,https://data.worldbank.org/indicator/SP.POP.TOTL?locations=IN,IND,midyear_estimate,available,World Bank fallback: reviewed Wikipedia global lists do not provide a complete exact-year annual series.
IN,IN,India,2015,1328024498,worldbank-SP.POP.TOTL-20260713,https://data.worldbank.org/indicator/SP.POP.TOTL?locations=IN,IND,midyear_estimate,available,World Bank fallback: reviewed Wikipedia global lists do not provide a complete exact-year annual series.
IN,IN,India,2018,1374659064,worldbank-SP.POP.TOTL-20260713,https://data.worldbank.org/indicator/SP.POP.TOTL?locations=IN,IND,midyear_estimate,available,World Bank fallback: reviewed Wikipedia global lists do not provide a complete exact-year annual series.
IN,IN,India,2021,1414203896,worldbank-SP.POP.TOTL-20260713,https://data.worldbank.org/indicator/SP.POP.TOTL?locations=IN,IND,midyear_estimate,available,World Bank fallback: reviewed Wikipedia global lists do not provide a complete exact-year annual series.
IN,IN,India,2024,1450935791,worldbank-SP.POP.TOTL-20260713,https://data.worldbank.org/indicator/SP.POP.TOTL?locations=IN,IND,midyear_estimate,available,World Bank fallback: reviewed Wikipedia global lists do not provide a complete exact-year annual series.
LK,LK,Sri Lanka,2006,20352411,worldbank-SP.POP.TOTL-20260713,https://data.worldbank.org/indicator/SP.POP.TOTL?locations=LK,LKA,midyear_estimate,available,World Bank fallback: reviewed Wikipedia global lists do not provide a complete exact-year annual series.
LK,LK,Sri Lanka,2009,20756435,worldbank-SP.POP.TOTL-20260713,https://data.worldbank.org/indicator/SP.POP.TOTL?locations=LK,LKA,midyear_estimate,available,World Bank fallback: reviewed Wikipedia global lists do not provide a complete exact-year annual series.
LK,LK,Sri Lanka,2012,21169458,worldbank-SP.POP.TOTL-20260713,https://data.worldbank.org/indicator/SP.POP.TOTL?locations=LK,LKA,midyear_estimate,available,World Bank fallback: reviewed Wikipedia global lists do not provide a complete exact-year annual series.
LK,LK,Sri Lanka,2015,20970000,worldbank-SP.POP.TOTL-20260713,https://data.worldbank.org/indicator/SP.POP.TOTL?locations=LK,LKA,midyear_estimate,available,World Bank fallback: reviewed Wikipedia global lists do not provide a complete exact-year annual series.
LK,LK,Sri Lanka,2018,21670000,worldbank-SP.POP.TOTL-20260713,https://data.worldbank.org/indicator/SP.POP.TOTL?locations=LK,LKA,midyear_estimate,available,World Bank fallback: reviewed Wikipedia global lists do not provide a complete exact-year annual series.
LK,LK,Sri Lanka,2021,22156000,worldbank-SP.POP.TOTL-20260713,https://data.worldbank.org/indicator/SP.POP.TOTL?locations=LK,LKA,midyear_estimate,available,World Bank fallback: reviewed Wikipedia global lists do not provide a complete exact-year annual series.
LK,LK,Sri Lanka,2024,21916000,worldbank-SP.POP.TOTL-20260713,https://data.worldbank.org/indicator/SP.POP.TOTL?locations=LK,LKA,midyear_estimate,available,World Bank fallback: reviewed Wikipedia global lists do not provide a complete exact-year annual series.
NP,NP,Nepal,2006,26565425,worldbank-SP.POP.TOTL-20260713,https://data.worldbank.org/indicator/SP.POP.TOTL?locations=NP,NPL,midyear_estimate,available,World Bank fallback: reviewed Wikipedia global lists do not provide a complete exact-year annual series.
NP,NP,Nepal,2009,27173035,worldbank-SP.POP.TOTL-20260713,https://data.worldbank.org/indicator/SP.POP.TOTL?locations=NP,NPL,midyear_estimate,available,World Bank fallback: reviewed Wikipedia global lists do not provide a complete exact-year annual series.
NP,NP,Nepal,2012,27534915,worldbank-SP.POP.TOTL-20260713,https://data.worldbank.org/indicator/SP.POP.TOTL?locations=NP,NPL,midyear_estimate,available,World Bank fallback: reviewed Wikipedia global lists do not provide a complete exact-year annual series.
NP,NP,Nepal,2015,27823629,worldbank-SP.POP.TOTL-20260713,https://data.worldbank.org/indicator/SP.POP.TOTL?locations=NP,NPL,midyear_estimate,available,World Bank fallback: reviewed Wikipedia global lists do not provide a complete exact-year annual series.
NP,NP,Nepal,2018,28079689,worldbank-SP.POP.TOTL-20260713,https://data.worldbank.org/indicator/SP.POP.TOTL?locations=NP,NPL,midyear_estimate,available,World Bank fallback: reviewed Wikipedia global lists do not provide a complete exact-year annual series.
NP,NP,Nepal,2021,29475010,worldbank-SP.POP.TOTL-20260713,https://data.worldbank.org/indicator/SP.POP.TOTL?locations=NP,NPL,midyear_estimate,available,World Bank fallback: reviewed Wikipedia global lists do not provide a complete exact-year annual series.
NP,NP,Nepal,2024,29651054,worldbank-SP.POP.TOTL-20260713,https://data.worldbank.org/indicator/SP.POP.TOTL?locations=NP,NPL,midyear_estimate,available,World Bank fallback: reviewed Wikipedia global lists do not provide a complete exact-year annual series.
PK,PK,Pakistan,2006,179682690,worldbank-SP.POP.TOTL-20260713,https://data.worldbank.org/indicator/SP.POP.TOTL?locations=PK,PAK,midyear_estimate,available,World Bank fallback: reviewed Wikipedia global lists do not provide a complete exact-year annual series.
PK,PK,Pakistan,2009,194376534,worldbank-SP.POP.TOTL-20260713,https://data.worldbank.org/indicator/SP.POP.TOTL?locations=PK,PAK,midyear_estimate,available,World Bank fallback: reviewed Wikipedia global lists do not provide a complete exact-year annual series.
PK,PK,Pakistan,2012,207667125,worldbank-SP.POP.TOTL-20260713,https://data.worldbank.org/indicator/SP.POP.TOTL?locations=PK,PAK,midyear_estimate,available,World Bank fallback: reviewed Wikipedia global lists do not provide a complete exact-year annual series.
PK,PK,Pakistan,2015,217290883,worldbank-SP.POP.TOTL-20260713,https://data.worldbank.org/indicator/SP.POP.TOTL?locations=PK,PAK,midyear_estimate,available,World Bank fallback: reviewed Wikipedia global lists do not provide a complete exact-year annual series.
PK,PK,Pakistan,2018,226928892,worldbank-SP.POP.TOTL-20260713,https://data.worldbank.org/indicator/SP.POP.TOTL?locations=PK,PAK,midyear_estimate,available,World Bank fallback: reviewed Wikipedia global lists do not provide a complete exact-year annual series.
PK,PK,Pakistan,2021,239477801,worldbank-SP.POP.TOTL-20260713,https://data.worldbank.org/indicator/SP.POP.TOTL?locations=PK,PAK,midyear_estimate,available,World Bank fallback: reviewed Wikipedia global lists do not provide a complete exact-year annual series.
PK,PK,Pakistan,2024,251269164,worldbank-SP.POP.TOTL-20260713,https://data.worldbank.org/indicator/SP.POP.TOTL?locations=PK,PAK,midyear_estimate,available,World Bank fallback: reviewed Wikipedia global lists do not provide a complete exact-year annual series.
BD,BD,Bangladesh,2006,146405973,worldbank-SP.POP.TOTL-20260713,https://data.worldbank.org/indicator/SP.POP.TOTL?locations=BD,BGD,midyear_estimate,available,World Bank fallback: reviewed Wikipedia global lists do not provide a complete exact-year annual series.
BD,BD,Bangladesh,2009,150873714,worldbank-SP.POP.TOTL-20260713,https://data.worldbank.org/indicator/SP.POP.TOTL?locations=BD,BGD,midyear_estimate,available,World Bank fallback: reviewed Wikipedia global lists do not provide a complete exact-year annual series.
BD,BD,Bangladesh,2012,155070101,worldbank-SP.POP.TOTL-20260713,https://data.worldbank.org/indicator/SP.POP.TOTL?locations=BD,BGD,midyear_estimate,available,World Bank fallback: reviewed Wikipedia global lists do not provide a complete exact-year annual series.
BD,BD,Bangladesh,2015,159383179,worldbank-SP.POP.TOTL-20260713,https://data.worldbank.org/indicator/SP.POP.TOTL?locations=BD,BGD,midyear_estimate,available,World Bank fallback: reviewed Wikipedia global lists do not provide a complete exact-year annual series.
BD,BD,Bangladesh,2018,163523103,worldbank-SP.POP.TOTL-20260713,https://data.worldbank.org/indicator/SP.POP.TOTL?locations=BD,BGD,midyear_estimate,available,World Bank fallback: reviewed Wikipedia global lists do not provide a complete exact-year annual series.
BD,BD,Bangladesh,2021,167658854,worldbank-SP.POP.TOTL-20260713,https://data.worldbank.org/indicator/SP.POP.TOTL?locations=BD,BGD,midyear_estimate,available,World Bank fallback: reviewed Wikipedia global lists do not provide a complete exact-year annual series.
BD,BD,Bangladesh,2024,173562364,worldbank-SP.POP.TOTL-20260713,https://data.worldbank.org/indicator/SP.POP.TOTL?locations=BD,BGD,midyear_estimate,available,World Bank fallback: reviewed Wikipedia global lists do not provide a complete exact-year annual series.
BT,BT,Bhutan,2006,670799,worldbank-SP.POP.TOTL-20260713,https://data.worldbank.org/indicator/SP.POP.TOTL?locations=BT,BTN,midyear_estimate,available,World Bank fallback: reviewed Wikipedia global lists do not provide a complete exact-year annual series.
BT,BT,Bhutan,2009,693988,worldbank-SP.POP.TOTL-20260713,https://data.worldbank.org/indicator/SP.POP.TOTL?locations=BT,BTN,midyear_estimate,available,World Bank fallback: reviewed Wikipedia global lists do not provide a complete exact-year annual series.
BT,BT,Bhutan,2012,717279,worldbank-SP.POP.TOTL-20260713,https://data.worldbank.org/indicator/SP.POP.TOTL?locations=BT,BTN,midyear_estimate,available,World Bank fallback: reviewed Wikipedia global lists do not provide a complete exact-year annual series.
BT,BT,Bhutan,2015,740618,worldbank-SP.POP.TOTL-20260713,https://data.worldbank.org/indicator/SP.POP.TOTL?locations=BT,BTN,midyear_estimate,available,World Bank fallback: reviewed Wikipedia global lists do not provide a complete exact-year annual series.
BT,BT,Bhutan,2018,759759,worldbank-SP.POP.TOTL-20260713,https://data.worldbank.org/indicator/SP.POP.TOTL?locations=BT,BTN,midyear_estimate,available,World Bank fallback: reviewed Wikipedia global lists do not provide a complete exact-year annual series.
BT,BT,Bhutan,2021,775442,worldbank-SP.POP.TOTL-20260713,https://data.worldbank.org/indicator/SP.POP.TOTL?locations=BT,BTN,midyear_estimate,available,World Bank fallback: reviewed Wikipedia global lists do not provide a complete exact-year annual series.
BT,BT,Bhutan,2024,791524,worldbank-SP.POP.TOTL-20260713,https://data.worldbank.org/indicator/SP.POP.TOTL?locations=BT,BTN,midyear_estimate,available,World Bank fallback: reviewed Wikipedia global lists do not provide a complete exact-year annual series.
MV,MV,Maldives,2006,313851,worldbank-SP.POP.TOTL-20260713,https://data.worldbank.org/indicator/SP.POP.TOTL?locations=MV,MDV,midyear_estimate,available,World Bank fallback: reviewed Wikipedia global lists do not provide a complete exact-year annual series.
MV,MV,Maldives,2009,348275,worldbank-SP.POP.TOTL-20260713,https://data.worldbank.org/indicator/SP.POP.TOTL?locations=MV,MDV,midyear_estimate,available,World Bank fallback: reviewed Wikipedia global lists do not provide a complete exact-year annual series.
MV,MV,Maldives,2012,386818,worldbank-SP.POP.TOTL-20260713,https://data.worldbank.org/indicator/SP.POP.TOTL?locations=MV,MDV,midyear_estimate,available,World Bank fallback: reviewed Wikipedia global lists do not provide a complete exact-year annual series.
MV,MV,Maldives,2015,428154,worldbank-SP.POP.TOTL-20260713,https://data.worldbank.org/indicator/SP.POP.TOTL?locations=MV,MDV,midyear_estimate,available,World Bank fallback: reviewed Wikipedia global lists do not provide a complete exact-year annual series.
MV,MV,Maldives,2018,473099,worldbank-SP.POP.TOTL-20260713,https://data.worldbank.org/indicator/SP.POP.TOTL?locations=MV,MDV,midyear_estimate,available,World Bank fallback: reviewed Wikipedia global lists do not provide a complete exact-year annual series.
MV,MV,Maldives,2021,516154,worldbank-SP.POP.TOTL-20260713,https://data.worldbank.org/indicator/SP.POP.TOTL?locations=MV,MDV,midyear_estimate,available,World Bank fallback: reviewed Wikipedia global lists do not provide a complete exact-year annual series.
MV,MV,Maldives,2024,527799,worldbank-SP.POP.TOTL-20260713,https://data.worldbank.org/indicator/SP.POP.TOTL?locations=MV,MDV,midyear_estimate,available,World Bank fallback: reviewed Wikipedia global lists do not provide a complete exact-year annual series.
AU,AU,Australia,2006,20450966,worldbank-SP.POP.TOTL-20260713,https://data.worldbank.org/indicator/SP.POP.TOTL?locations=AU,AUS,midyear_estimate,available,World Bank fallback: reviewed Wikipedia global lists do not provide a complete exact-year annual series.
AU,AU,Australia,2009,21691653,worldbank-SP.POP.TOTL-20260713,https://data.worldbank.org/indicator/SP.POP.TOTL?locations=AU,AUS,midyear_estimate,available,World Bank fallback: reviewed Wikipedia global lists do not provide a complete exact-year annual series.
AU,AU,Australia,2012,22733465,worldbank-SP.POP.TOTL-20260713,https://data.worldbank.org/indicator/SP.POP.TOTL?locations=AU,AUS,midyear_estimate,available,World Bank fallback: reviewed Wikipedia global lists do not provide a complete exact-year annual series.
AU,AU,Australia,2015,23815995,worldbank-SP.POP.TOTL-20260713,https://data.worldbank.org/indicator/SP.POP.TOTL?locations=AU,AUS,midyear_estimate,available,World Bank fallback: reviewed Wikipedia global lists do not provide a complete exact-year annual series.
AU,AU,Australia,2018,24963258,worldbank-SP.POP.TOTL-20260713,https://data.worldbank.org/indicator/SP.POP.TOTL?locations=AU,AUS,midyear_estimate,available,World Bank fallback: reviewed Wikipedia global lists do not provide a complete exact-year annual series.
AU,AU,Australia,2021,25685412,worldbank-SP.POP.TOTL-20260713,https://data.worldbank.org/indicator/SP.POP.TOTL?locations=AU,AUS,midyear_estimate,available,World Bank fallback: reviewed Wikipedia global lists do not provide a complete exact-year annual series.
AU,AU,Australia,2024,27194286,worldbank-SP.POP.TOTL-20260713,https://data.worldbank.org/indicator/SP.POP.TOTL?locations=AU,AUS,midyear_estimate,available,World Bank fallback: reviewed Wikipedia global lists do not provide a complete exact-year annual series.
MP,MP,Northern Mariana Islands,2006,60682,worldbank-SP.POP.TOTL-20260713,https://data.worldbank.org/indicator/SP.POP.TOTL?locations=MP,MNP,midyear_estimate,available,World Bank fallback: reviewed Wikipedia global lists do not provide a complete exact-year annual series.
MP,MP,Northern Mariana Islands,2009,55325,worldbank-SP.POP.TOTL-20260713,https://data.worldbank.org/indicator/SP.POP.TOTL?locations=MP,MNP,midyear_estimate,available,World Bank fallback: reviewed Wikipedia global lists do not provide a complete exact-year annual series.
MP,MP,Northern Mariana Islands,2012,53234,worldbank-SP.POP.TOTL-20260713,https://data.worldbank.org/indicator/SP.POP.TOTL?locations=MP,MNP,midyear_estimate,available,World Bank fallback: reviewed Wikipedia global lists do not provide a complete exact-year annual series.
MP,MP,Northern Mariana Islands,2015,51514,worldbank-SP.POP.TOTL-20260713,https://data.worldbank.org/indicator/SP.POP.TOTL?locations=MP,MNP,midyear_estimate,available,World Bank fallback: reviewed Wikipedia global lists do not provide a complete exact-year annual series.
MP,MP,Northern Mariana Islands,2018,49077,worldbank-SP.POP.TOTL-20260713,https://data.worldbank.org/indicator/SP.POP.TOTL?locations=MP,MNP,midyear_estimate,available,World Bank fallback: reviewed Wikipedia global lists do not provide a complete exact-year annual series.
MP,MP,Northern Mariana Islands,2021,46979,worldbank-SP.POP.TOTL-20260713,https://data.worldbank.org/indicator/SP.POP.TOTL?locations=MP,MNP,midyear_estimate,available,World Bank fallback: reviewed Wikipedia global lists do not provide a complete exact-year annual series.
MP,MP,Northern Mariana Islands,2024,44278,worldbank-SP.POP.TOTL-20260713,https://data.worldbank.org/indicator/SP.POP.TOTL?locations=MP,MNP,midyear_estimate,available,World Bank fallback: reviewed Wikipedia global lists do not provide a complete exact-year annual series.
KI,KI,Kiribati,2006,100017,worldbank-SP.POP.TOTL-20260713,https://data.worldbank.org/indicator/SP.POP.TOTL?locations=KI,KIR,midyear_estimate,available,World Bank fallback: reviewed Wikipedia global lists do not provide a complete exact-year annual series.
KI,KI,Kiribati,2009,106467,worldbank-SP.POP.TOTL-20260713,https://data.worldbank.org/indicator/SP.POP.TOTL?locations=KI,KIR,midyear_estimate,available,World Bank fallback: reviewed Wikipedia global lists do not provide a complete exact-year annual series.
KI,KI,Kiribati,2012,112284,worldbank-SP.POP.TOTL-20260713,https://data.worldbank.org/indicator/SP.POP.TOTL?locations=KI,KIR,midyear_estimate,available,World Bank fallback: reviewed Wikipedia global lists do not provide a complete exact-year annual series.
KI,KI,Kiribati,2015,116815,worldbank-SP.POP.TOTL-20260713,https://data.worldbank.org/indicator/SP.POP.TOTL?locations=KI,KIR,midyear_estimate,available,World Bank fallback: reviewed Wikipedia global lists do not provide a complete exact-year annual series.
KI,KI,Kiribati,2018,122084,worldbank-SP.POP.TOTL-20260713,https://data.worldbank.org/indicator/SP.POP.TOTL?locations=KI,KIR,midyear_estimate,available,World Bank fallback: reviewed Wikipedia global lists do not provide a complete exact-year annual series.
KI,KI,Kiribati,2021,128377,worldbank-SP.POP.TOTL-20260713,https://data.worldbank.org/indicator/SP.POP.TOTL?locations=KI,KIR,midyear_estimate,available,World Bank fallback: reviewed Wikipedia global lists do not provide a complete exact-year annual series.
KI,KI,Kiribati,2024,134518,worldbank-SP.POP.TOTL-20260713,https://data.worldbank.org/indicator/SP.POP.TOTL?locations=KI,KIR,midyear_estimate,available,World Bank fallback: reviewed Wikipedia global lists do not provide a complete exact-year annual series.
GU,GU,Guam,2006,164839,worldbank-SP.POP.TOTL-20260713,https://data.worldbank.org/indicator/SP.POP.TOTL?locations=GU,GUM,midyear_estimate,available,World Bank fallback: reviewed Wikipedia global lists do not provide a complete exact-year annual series.
GU,GU,Guam,2009,166173,worldbank-SP.POP.TOTL-20260713,https://data.worldbank.org/indicator/SP.POP.TOTL?locations=GU,GUM,midyear_estimate,available,World Bank fallback: reviewed Wikipedia global lists do not provide a complete exact-year annual series.
GU,GU,Guam,2012,166331,worldbank-SP.POP.TOTL-20260713,https://data.worldbank.org/indicator/SP.POP.TOTL?locations=GU,GUM,midyear_estimate,available,World Bank fallback: reviewed Wikipedia global lists do not provide a complete exact-year annual series.
GU,GU,Guam,2015,164905,worldbank-SP.POP.TOTL-20260713,https://data.worldbank.org/indicator/SP.POP.TOTL?locations=GU,GUM,midyear_estimate,available,World Bank fallback: reviewed Wikipedia global lists do not provide a complete exact-year annual series.
GU,GU,Guam,2018,162679,worldbank-SP.POP.TOTL-20260713,https://data.worldbank.org/indicator/SP.POP.TOTL?locations=GU,GUM,midyear_estimate,available,World Bank fallback: reviewed Wikipedia global lists do not provide a complete exact-year annual series.
GU,GU,Guam,2021,163730,worldbank-SP.POP.TOTL-20260713,https://data.worldbank.org/indicator/SP.POP.TOTL?locations=GU,GUM,midyear_estimate,available,World Bank fallback: reviewed Wikipedia global lists do not provide a complete exact-year annual series.
GU,GU,Guam,2024,167777,worldbank-SP.POP.TOTL-20260713,https://data.worldbank.org/indicator/SP.POP.TOTL?locations=GU,GUM,midyear_estimate,available,World Bank fallback: reviewed Wikipedia global lists do not provide a complete exact-year annual series.
CK,CK,Cook Islands,2006,,,,,,unavailable,"No audited comparable same-year population denominator. No interpolation, nearest-year substitution or zero filling."
CK,CK,Cook Islands,2009,,,,,,unavailable,"No audited comparable same-year population denominator. No interpolation, nearest-year substitution or zero filling."
CK,CK,Cook Islands,2012,,,,,,unavailable,"No audited comparable same-year population denominator. No interpolation, nearest-year substitution or zero filling."
CK,CK,Cook Islands,2015,,,,,,unavailable,"No audited comparable same-year population denominator. No interpolation, nearest-year substitution or zero filling."
CK,CK,Cook Islands,2018,,,,,,unavailable,"No audited comparable same-year population denominator. No interpolation, nearest-year substitution or zero filling."
CK,CK,Cook Islands,2021,,,,,,unavailable,"No audited comparable same-year population denominator. No interpolation, nearest-year substitution or zero filling."
CK,CK,Cook Islands,2024,,,,,,unavailable,"No audited comparable same-year population denominator. No interpolation, nearest-year substitution or zero filling."
WS,WS,Samoa,2006,187709,worldbank-SP.POP.TOTL-20260713,https://data.worldbank.org/indicator/SP.POP.TOTL?locations=WS,WSM,midyear_estimate,available,World Bank fallback: reviewed Wikipedia global lists do not provide a complete exact-year annual series.
WS,WS,Samoa,2009,191513,worldbank-SP.POP.TOTL-20260713,https://data.worldbank.org/indicator/SP.POP.TOTL?locations=WS,WSM,midyear_estimate,available,World Bank fallback: reviewed Wikipedia global lists do not provide a complete exact-year annual series.
WS,WS,Samoa,2012,196498,worldbank-SP.POP.TOTL-20260713,https://data.worldbank.org/indicator/SP.POP.TOTL?locations=WS,WSM,midyear_estimate,available,World Bank fallback: reviewed Wikipedia global lists do not provide a complete exact-year annual series.
WS,WS,Samoa,2015,201782,worldbank-SP.POP.TOTL-20260713,https://data.worldbank.org/indicator/SP.POP.TOTL?locations=WS,WSM,midyear_estimate,available,World Bank fallback: reviewed Wikipedia global lists do not provide a complete exact-year annual series.
WS,WS,Samoa,2018,207582,worldbank-SP.POP.TOTL-20260713,https://data.worldbank.org/indicator/SP.POP.TOTL?locations=WS,WSM,midyear_estimate,available,World Bank fallback: reviewed Wikipedia global lists do not provide a complete exact-year annual series.
WS,WS,Samoa,2021,213779,worldbank-SP.POP.TOTL-20260713,https://data.worldbank.org/indicator/SP.POP.TOTL?locations=WS,WSM,midyear_estimate,available,World Bank fallback: reviewed Wikipedia global lists do not provide a complete exact-year annual series.
WS,WS,Samoa,2024,218019,worldbank-SP.POP.TOTL-20260713,https://data.worldbank.org/indicator/SP.POP.TOTL?locations=WS,WSM,midyear_estimate,available,World Bank fallback: reviewed Wikipedia global lists do not provide a complete exact-year annual series.
SB,SB,Solomon Islands,2006,491594,worldbank-SP.POP.TOTL-20260713,https://data.worldbank.org/indicator/SP.POP.TOTL?locations=SB,SLB,midyear_estimate,available,World Bank fallback: reviewed Wikipedia global lists do not provide a complete exact-year annual series.
SB,SB,Solomon Islands,2009,518141,worldbank-SP.POP.TOTL-20260713,https://data.worldbank.org/indicator/SP.POP.TOTL?locations=SB,SLB,midyear_estimate,available,World Bank fallback: reviewed Wikipedia global lists do not provide a complete exact-year annual series.
SB,SB,Solomon Islands,2012,573606,worldbank-SP.POP.TOTL-20260713,https://data.worldbank.org/indicator/SP.POP.TOTL?locations=SB,SLB,midyear_estimate,available,World Bank fallback: reviewed Wikipedia global lists do not provide a complete exact-year annual series.
SB,SB,Solomon Islands,2015,639415,worldbank-SP.POP.TOTL-20260713,https://data.worldbank.org/indicator/SP.POP.TOTL?locations=SB,SLB,midyear_estimate,available,World Bank fallback: reviewed Wikipedia global lists do not provide a complete exact-year annual series.
SB,SB,Solomon Islands,2018,709101,worldbank-SP.POP.TOTL-20260713,https://data.worldbank.org/indicator/SP.POP.TOTL?locations=SB,SLB,midyear_estimate,available,World Bank fallback: reviewed Wikipedia global lists do not provide a complete exact-year annual series.
SB,SB,Solomon Islands,2021,762591,worldbank-SP.POP.TOTL-20260713,https://data.worldbank.org/indicator/SP.POP.TOTL?locations=SB,SLB,midyear_estimate,available,World Bank fallback: reviewed Wikipedia global lists do not provide a complete exact-year annual series.
SB,SB,Solomon Islands,2024,819198,worldbank-SP.POP.TOTL-20260713,https://data.worldbank.org/indicator/SP.POP.TOTL?locations=SB,SLB,midyear_estimate,available,World Bank fallback: reviewed Wikipedia global lists do not provide a complete exact-year annual series.
TV,TV,Tuvalu,2006,10056,worldbank-SP.POP.TOTL-20260713,https://data.worldbank.org/indicator/SP.POP.TOTL?locations=TV,TUV,midyear_estimate,available,World Bank fallback: reviewed Wikipedia global lists do not provide a complete exact-year annual series.
TV,TV,Tuvalu,2009,10461,worldbank-SP.POP.TOTL-20260713,https://data.worldbank.org/indicator/SP.POP.TOTL?locations=TV,TUV,midyear_estimate,available,World Bank fallback: reviewed Wikipedia global lists do not provide a complete exact-year annual series.
TV,TV,Tuvalu,2012,10934,worldbank-SP.POP.TOTL-20260713,https://data.worldbank.org/indicator/SP.POP.TOTL?locations=TV,TUV,midyear_estimate,available,World Bank fallback: reviewed Wikipedia global lists do not provide a complete exact-year annual series.
TV,TV,Tuvalu,2015,10963,worldbank-SP.POP.TOTL-20260713,https://data.worldbank.org/indicator/SP.POP.TOTL?locations=TV,TUV,midyear_estimate,available,World Bank fallback: reviewed Wikipedia global lists do not provide a complete exact-year annual series.
TV,TV,Tuvalu,2018,10751,worldbank-SP.POP.TOTL-20260713,https://data.worldbank.org/indicator/SP.POP.TOTL?locations=TV,TUV,midyear_estimate,available,World Bank fallback: reviewed Wikipedia global lists do not provide a complete exact-year annual series.
TV,TV,Tuvalu,2021,10194,worldbank-SP.POP.TOTL-20260713,https://data.worldbank.org/indicator/SP.POP.TOTL?locations=TV,TUV,midyear_estimate,available,World Bank fallback: reviewed Wikipedia global lists do not provide a complete exact-year annual series.
TV,TV,Tuvalu,2024,9646,worldbank-SP.POP.TOTL-20260713,https://data.worldbank.org/indicator/SP.POP.TOTL?locations=TV,TUV,midyear_estimate,available,World Bank fallback: reviewed Wikipedia global lists do not provide a complete exact-year annual series.
TO,TO,Tonga,2006,106253,worldbank-SP.POP.TOTL-20260713,https://data.worldbank.org/indicator/SP.POP.TOTL?locations=TO,TON,midyear_estimate,available,World Bank fallback: reviewed Wikipedia global lists do not provide a complete exact-year annual series.
TO,TO,Tonga,2009,107203,worldbank-SP.POP.TOTL-20260713,https://data.worldbank.org/indicator/SP.POP.TOTL?locations=TO,TON,midyear_estimate,available,World Bank fallback: reviewed Wikipedia global lists do not provide a complete exact-year annual series.
TO,TO,Tonga,2012,107460,worldbank-SP.POP.TOTL-20260713,https://data.worldbank.org/indicator/SP.POP.TOTL?locations=TO,TON,midyear_estimate,available,World Bank fallback: reviewed Wikipedia global lists do not provide a complete exact-year annual series.
TO,TO,Tonga,2015,106095,worldbank-SP.POP.TOTL-20260713,https://data.worldbank.org/indicator/SP.POP.TOTL?locations=TO,TON,midyear_estimate,available,World Bank fallback: reviewed Wikipedia global lists do not provide a complete exact-year annual series.
TO,TO,Tonga,2018,105567,worldbank-SP.POP.TOTL-20260713,https://data.worldbank.org/indicator/SP.POP.TOTL?locations=TO,TON,midyear_estimate,available,World Bank fallback: reviewed Wikipedia global lists do not provide a complete exact-year annual series.
TO,TO,Tonga,2021,105490,worldbank-SP.POP.TOTL-20260713,https://data.worldbank.org/indicator/SP.POP.TOTL?locations=TO,TON,midyear_estimate,available,World Bank fallback: reviewed Wikipedia global lists do not provide a complete exact-year annual series.
TO,TO,Tonga,2024,104175,worldbank-SP.POP.TOTL-20260713,https://data.worldbank.org/indicator/SP.POP.TOTL?locations=TO,TON,midyear_estimate,available,World Bank fallback: reviewed Wikipedia global lists do not provide a complete exact-year annual series.
NR,NR,Nauru,2006,10034,worldbank-SP.POP.TOTL-20260713,https://data.worldbank.org/indicator/SP.POP.TOTL?locations=NR,NRU,midyear_estimate,available,World Bank fallback: reviewed Wikipedia global lists do not provide a complete exact-year annual series.
NR,NR,Nauru,2009,10016,worldbank-SP.POP.TOTL-20260713,https://data.worldbank.org/indicator/SP.POP.TOTL?locations=NR,NRU,midyear_estimate,available,World Bank fallback: reviewed Wikipedia global lists do not provide a complete exact-year annual series.
NR,NR,Nauru,2012,10267,worldbank-SP.POP.TOTL-20260713,https://data.worldbank.org/indicator/SP.POP.TOTL?locations=NR,NRU,midyear_estimate,available,World Bank fallback: reviewed Wikipedia global lists do not provide a complete exact-year annual series.
NR,NR,Nauru,2015,10954,worldbank-SP.POP.TOTL-20260713,https://data.worldbank.org/indicator/SP.POP.TOTL?locations=NR,NRU,midyear_estimate,available,World Bank fallback: reviewed Wikipedia global lists do not provide a complete exact-year annual series.
NR,NR,Nauru,2018,11477,worldbank-SP.POP.TOTL-20260713,https://data.worldbank.org/indicator/SP.POP.TOTL?locations=NR,NRU,midyear_estimate,available,World Bank fallback: reviewed Wikipedia global lists do not provide a complete exact-year annual series.
NR,NR,Nauru,2021,11709,worldbank-SP.POP.TOTL-20260713,https://data.worldbank.org/indicator/SP.POP.TOTL?locations=NR,NRU,midyear_estimate,available,World Bank fallback: reviewed Wikipedia global lists do not provide a complete exact-year annual series.
NR,NR,Nauru,2024,11947,worldbank-SP.POP.TOTL-20260713,https://data.worldbank.org/indicator/SP.POP.TOTL?locations=NR,NRU,midyear_estimate,available,World Bank fallback: reviewed Wikipedia global lists do not provide a complete exact-year annual series.
NU,NU,Niue,2006,,,,,,unavailable,"No audited comparable same-year population denominator. No interpolation, nearest-year substitution or zero filling."
NU,NU,Niue,2009,,,,,,unavailable,"No audited comparable same-year population denominator. No interpolation, nearest-year substitution or zero filling."
NU,NU,Niue,2012,,,,,,unavailable,"No audited comparable same-year population denominator. No interpolation, nearest-year substitution or zero filling."
NU,NU,Niue,2015,,,,,,unavailable,"No audited comparable same-year population denominator. No interpolation, nearest-year substitution or zero filling."
NU,NU,Niue,2018,,,,,,unavailable,"No audited comparable same-year population denominator. No interpolation, nearest-year substitution or zero filling."
NU,NU,Niue,2021,,,,,,unavailable,"No audited comparable same-year population denominator. No interpolation, nearest-year substitution or zero filling."
NU,NU,Niue,2024,,,,,,unavailable,"No audited comparable same-year population denominator. No interpolation, nearest-year substitution or zero filling."
NC,NC,New Caledonia,2006,247547,worldbank-SP.POP.TOTL-20260713,https://data.worldbank.org/indicator/SP.POP.TOTL?locations=NC,NCL,midyear_estimate,available,World Bank fallback: reviewed Wikipedia global lists do not provide a complete exact-year annual series.
NC,NC,New Caledonia,2009,257250,worldbank-SP.POP.TOTL-20260713,https://data.worldbank.org/indicator/SP.POP.TOTL?locations=NC,NCL,midyear_estimate,available,World Bank fallback: reviewed Wikipedia global lists do not provide a complete exact-year annual series.
NC,NC,New Caledonia,2012,271633,worldbank-SP.POP.TOTL-20260713,https://data.worldbank.org/indicator/SP.POP.TOTL?locations=NC,NCL,midyear_estimate,available,World Bank fallback: reviewed Wikipedia global lists do not provide a complete exact-year annual series.
NC,NC,New Caledonia,2015,283168,worldbank-SP.POP.TOTL-20260713,https://data.worldbank.org/indicator/SP.POP.TOTL?locations=NC,NCL,midyear_estimate,available,World Bank fallback: reviewed Wikipedia global lists do not provide a complete exact-year annual series.
NC,NC,New Caledonia,2018,283541,worldbank-SP.POP.TOTL-20260713,https://data.worldbank.org/indicator/SP.POP.TOTL?locations=NC,NCL,midyear_estimate,available,World Bank fallback: reviewed Wikipedia global lists do not provide a complete exact-year annual series.
NC,NC,New Caledonia,2021,285214,worldbank-SP.POP.TOTL-20260713,https://data.worldbank.org/indicator/SP.POP.TOTL?locations=NC,NCL,midyear_estimate,available,World Bank fallback: reviewed Wikipedia global lists do not provide a complete exact-year annual series.
NC,NC,New Caledonia,2024,292639,worldbank-SP.POP.TOTL-20260713,https://data.worldbank.org/indicator/SP.POP.TOTL?locations=NC,NCL,midyear_estimate,available,World Bank fallback: reviewed Wikipedia global lists do not provide a complete exact-year annual series.
NZ,NZ,New Zealand,2006,4184600,worldbank-SP.POP.TOTL-20260713,https://data.worldbank.org/indicator/SP.POP.TOTL?locations=NZ,NZL,midyear_estimate,available,World Bank fallback: reviewed Wikipedia global lists do not provide a complete exact-year annual series.
NZ,NZ,New Zealand,2009,4302600,worldbank-SP.POP.TOTL-20260713,https://data.worldbank.org/indicator/SP.POP.TOTL?locations=NZ,NZL,midyear_estimate,available,World Bank fallback: reviewed Wikipedia global lists do not provide a complete exact-year annual series.
NZ,NZ,New Zealand,2012,4408100,worldbank-SP.POP.TOTL-20260713,https://data.worldbank.org/indicator/SP.POP.TOTL?locations=NZ,NZL,midyear_estimate,available,World Bank fallback: reviewed Wikipedia global lists do not provide a complete exact-year annual series.
NZ,NZ,New Zealand,2015,4609400,worldbank-SP.POP.TOTL-20260713,https://data.worldbank.org/indicator/SP.POP.TOTL?locations=NZ,NZL,midyear_estimate,available,World Bank fallback: reviewed Wikipedia global lists do not provide a complete exact-year annual series.
NZ,NZ,New Zealand,2018,4900600,worldbank-SP.POP.TOTL-20260713,https://data.worldbank.org/indicator/SP.POP.TOTL?locations=NZ,NZL,midyear_estimate,available,World Bank fallback: reviewed Wikipedia global lists do not provide a complete exact-year annual series.
NZ,NZ,New Zealand,2021,5084600,worldbank-SP.POP.TOTL-20260713,https://data.worldbank.org/indicator/SP.POP.TOTL?locations=NZ,NZL,midyear_estimate,available,World Bank fallback: reviewed Wikipedia global lists do not provide a complete exact-year annual series.
NZ,NZ,New Zealand,2024,5290000,worldbank-SP.POP.TOTL-20260713,https://data.worldbank.org/indicator/SP.POP.TOTL?locations=NZ,NZL,midyear_estimate,available,World Bank fallback: reviewed Wikipedia global lists do not provide a complete exact-year annual series.
VU,VU,Vanuatu,2006,215923,worldbank-SP.POP.TOTL-20260713,https://data.worldbank.org/indicator/SP.POP.TOTL?locations=VU,VUT,midyear_estimate,available,World Bank fallback: reviewed Wikipedia global lists do not provide a complete exact-year annual series.
VU,VU,Vanuatu,2009,232731,worldbank-SP.POP.TOTL-20260713,https://data.worldbank.org/indicator/SP.POP.TOTL?locations=VU,VUT,midyear_estimate,available,World Bank fallback: reviewed Wikipedia global lists do not provide a complete exact-year annual series.
VU,VU,Vanuatu,2012,248883,worldbank-SP.POP.TOTL-20260713,https://data.worldbank.org/indicator/SP.POP.TOTL?locations=VU,VUT,midyear_estimate,available,World Bank fallback: reviewed Wikipedia global lists do not provide a complete exact-year annual series.
VU,VU,Vanuatu,2015,266101,worldbank-SP.POP.TOTL-20260713,https://data.worldbank.org/indicator/SP.POP.TOTL?locations=VU,VUT,midyear_estimate,available,World Bank fallback: reviewed Wikipedia global lists do not provide a complete exact-year annual series.
VU,VU,Vanuatu,2018,285259,worldbank-SP.POP.TOTL-20260713,https://data.worldbank.org/indicator/SP.POP.TOTL?locations=VU,VUT,midyear_estimate,available,World Bank fallback: reviewed Wikipedia global lists do not provide a complete exact-year annual series.
VU,VU,Vanuatu,2021,305868,worldbank-SP.POP.TOTL-20260713,https://data.worldbank.org/indicator/SP.POP.TOTL?locations=VU,VUT,midyear_estimate,available,World Bank fallback: reviewed Wikipedia global lists do not provide a complete exact-year annual series.
VU,VU,Vanuatu,2024,327777,worldbank-SP.POP.TOTL-20260713,https://data.worldbank.org/indicator/SP.POP.TOTL?locations=VU,VUT,midyear_estimate,available,World Bank fallback: reviewed Wikipedia global lists do not provide a complete exact-year annual series.
PG,PG,Papua New Guinea,2006,6747720,worldbank-SP.POP.TOTL-20260713,https://data.worldbank.org/indicator/SP.POP.TOTL?locations=PG,PNG,midyear_estimate,available,World Bank fallback: reviewed Wikipedia global lists do not provide a complete exact-year annual series.
PG,PG,Papua New Guinea,2009,7406438,worldbank-SP.POP.TOTL-20260713,https://data.worldbank.org/indicator/SP.POP.TOTL?locations=PG,PNG,midyear_estimate,available,World Bank fallback: reviewed Wikipedia global lists do not provide a complete exact-year annual series.
PG,PG,Papua New Guinea,2012,8081390,worldbank-SP.POP.TOTL-20260713,https://data.worldbank.org/indicator/SP.POP.TOTL?locations=PG,PNG,midyear_estimate,available,World Bank fallback: reviewed Wikipedia global lists do not provide a complete exact-year annual series.
PG,PG,Papua New Guinea,2015,8743246,worldbank-SP.POP.TOTL-20260713,https://data.worldbank.org/indicator/SP.POP.TOTL?locations=PG,PNG,midyear_estimate,available,World Bank fallback: reviewed Wikipedia global lists do not provide a complete exact-year annual series.
PG,PG,Papua New Guinea,2018,9394513,worldbank-SP.POP.TOTL-20260713,https://data.worldbank.org/indicator/SP.POP.TOTL?locations=PG,PNG,midyear_estimate,available,World Bank fallback: reviewed Wikipedia global lists do not provide a complete exact-year annual series.
PG,PG,Papua New Guinea,2021,10012896,worldbank-SP.POP.TOTL-20260713,https://data.worldbank.org/indicator/SP.POP.TOTL?locations=PG,PNG,midyear_estimate,available,World Bank fallback: reviewed Wikipedia global lists do not provide a complete exact-year annual series.
PG,PG,Papua New Guinea,2024,10576502,worldbank-SP.POP.TOTL-20260713,https://data.worldbank.org/indicator/SP.POP.TOTL?locations=PG,PNG,midyear_estimate,available,World Bank fallback: reviewed Wikipedia global lists do not provide a complete exact-year annual series.
PW,PW,Palau,2006,19593,worldbank-SP.POP.TOTL-20260713,https://data.worldbank.org/indicator/SP.POP.TOTL?locations=PW,PLW,midyear_estimate,available,World Bank fallback: reviewed Wikipedia global lists do not provide a complete exact-year annual series.
PW,PW,Palau,2009,18709,worldbank-SP.POP.TOTL-20260713,https://data.worldbank.org/indicator/SP.POP.TOTL?locations=PW,PLW,midyear_estimate,available,World Bank fallback: reviewed Wikipedia global lists do not provide a complete exact-year annual series.
PW,PW,Palau,2012,17765,worldbank-SP.POP.TOTL-20260713,https://data.worldbank.org/indicator/SP.POP.TOTL?locations=PW,PLW,midyear_estimate,available,World Bank fallback: reviewed Wikipedia global lists do not provide a complete exact-year annual series.
PW,PW,Palau,2015,17770,worldbank-SP.POP.TOTL-20260713,https://data.worldbank.org/indicator/SP.POP.TOTL?locations=PW,PLW,midyear_estimate,available,World Bank fallback: reviewed Wikipedia global lists do not provide a complete exact-year annual series.
PW,PW,Palau,2018,17814,worldbank-SP.POP.TOTL-20260713,https://data.worldbank.org/indicator/SP.POP.TOTL?locations=PW,PLW,midyear_estimate,available,World Bank fallback: reviewed Wikipedia global lists do not provide a complete exact-year annual series.
PW,PW,Palau,2021,17783,worldbank-SP.POP.TOTL-20260713,https://data.worldbank.org/indicator/SP.POP.TOTL?locations=PW,PLW,midyear_estimate,available,World Bank fallback: reviewed Wikipedia global lists do not provide a complete exact-year annual series.
PW,PW,Palau,2024,17695,worldbank-SP.POP.TOTL-20260713,https://data.worldbank.org/indicator/SP.POP.TOTL?locations=PW,PLW,midyear_estimate,available,World Bank fallback: reviewed Wikipedia global lists do not provide a complete exact-year annual series.
FJ,FJ,Fiji,2006,890365,worldbank-SP.POP.TOTL-20260713,https://data.worldbank.org/indicator/SP.POP.TOTL?locations=FJ,FJI,midyear_estimate,available,World Bank fallback: reviewed Wikipedia global lists do not provide a complete exact-year annual series.
FJ,FJ,Fiji,2009,907239,worldbank-SP.POP.TOTL-20260713,https://data.worldbank.org/indicator/SP.POP.TOTL?locations=FJ,FJI,midyear_estimate,available,World Bank fallback: reviewed Wikipedia global lists do not provide a complete exact-year annual series.
FJ,FJ,Fiji,2012,914918,worldbank-SP.POP.TOTL-20260713,https://data.worldbank.org/indicator/SP.POP.TOTL?locations=FJ,FJI,midyear_estimate,available,World Bank fallback: reviewed Wikipedia global lists do not provide a complete exact-year annual series.
FJ,FJ,Fiji,2015,918578,worldbank-SP.POP.TOTL-20260713,https://data.worldbank.org/indicator/SP.POP.TOTL?locations=FJ,FJI,midyear_estimate,available,World Bank fallback: reviewed Wikipedia global lists do not provide a complete exact-year annual series.
FJ,FJ,Fiji,2018,917180,worldbank-SP.POP.TOTL-20260713,https://data.worldbank.org/indicator/SP.POP.TOTL?locations=FJ,FJI,midyear_estimate,available,World Bank fallback: reviewed Wikipedia global lists do not provide a complete exact-year annual series.
FJ,FJ,Fiji,2021,916711,worldbank-SP.POP.TOTL-20260713,https://data.worldbank.org/indicator/SP.POP.TOTL?locations=FJ,FJI,midyear_estimate,available,World Bank fallback: reviewed Wikipedia global lists do not provide a complete exact-year annual series.
FJ,FJ,Fiji,2024,928784,worldbank-SP.POP.TOTL-20260713,https://data.worldbank.org/indicator/SP.POP.TOTL?locations=FJ,FJI,midyear_estimate,available,World Bank fallback: reviewed Wikipedia global lists do not provide a complete exact-year annual series.
PF,PF,French Polynesia,2006,263223,worldbank-SP.POP.TOTL-20260713,https://data.worldbank.org/indicator/SP.POP.TOTL?locations=PF,PYF,midyear_estimate,available,World Bank fallback: reviewed Wikipedia global lists do not provide a complete exact-year annual series.
PF,PF,French Polynesia,2009,269481,worldbank-SP.POP.TOTL-20260713,https://data.worldbank.org/indicator/SP.POP.TOTL?locations=PF,PYF,midyear_estimate,available,World Bank fallback: reviewed Wikipedia global lists do not provide a complete exact-year annual series.
PF,PF,French Polynesia,2012,273084,worldbank-SP.POP.TOTL-20260713,https://data.worldbank.org/indicator/SP.POP.TOTL?locations=PF,PYF,midyear_estimate,available,World Bank fallback: reviewed Wikipedia global lists do not provide a complete exact-year annual series.
PF,PF,French Polynesia,2015,277866,worldbank-SP.POP.TOTL-20260713,https://data.worldbank.org/indicator/SP.POP.TOTL?locations=PF,PYF,midyear_estimate,available,World Bank fallback: reviewed Wikipedia global lists do not provide a complete exact-year annual series.
PF,PF,French Polynesia,2018,279815,worldbank-SP.POP.TOTL-20260713,https://data.worldbank.org/indicator/SP.POP.TOTL?locations=PF,PYF,midyear_estimate,available,World Bank fallback: reviewed Wikipedia global lists do not provide a complete exact-year annual series.
PF,PF,French Polynesia,2021,279792,worldbank-SP.POP.TOTL-20260713,https://data.worldbank.org/indicator/SP.POP.TOTL?locations=PF,PYF,midyear_estimate,available,World Bank fallback: reviewed Wikipedia global lists do not provide a complete exact-year annual series.
PF,PF,French Polynesia,2024,281807,worldbank-SP.POP.TOTL-20260713,https://data.worldbank.org/indicator/SP.POP.TOTL?locations=PF,PYF,midyear_estimate,available,World Bank fallback: reviewed Wikipedia global lists do not provide a complete exact-year annual series.
MH,MH,Marshall Islands,2006,51992,worldbank-SP.POP.TOTL-20260713,https://data.worldbank.org/indicator/SP.POP.TOTL?locations=MH,MHL,midyear_estimate,available,World Bank fallback: reviewed Wikipedia global lists do not provide a complete exact-year annual series.
MH,MH,Marshall Islands,2009,52019,worldbank-SP.POP.TOTL-20260713,https://data.worldbank.org/indicator/SP.POP.TOTL?locations=MH,MHL,midyear_estimate,available,World Bank fallback: reviewed Wikipedia global lists do not provide a complete exact-year annual series.
MH,MH,Marshall Islands,2012,51419,worldbank-SP.POP.TOTL-20260713,https://data.worldbank.org/indicator/SP.POP.TOTL?locations=MH,MHL,midyear_estimate,available,World Bank fallback: reviewed Wikipedia global lists do not provide a complete exact-year annual series.
MH,MH,Marshall Islands,2015,48800,worldbank-SP.POP.TOTL-20260713,https://data.worldbank.org/indicator/SP.POP.TOTL?locations=MH,MHL,midyear_estimate,available,World Bank fallback: reviewed Wikipedia global lists do not provide a complete exact-year annual series.
MH,MH,Marshall Islands,2018,45285,worldbank-SP.POP.TOTL-20260713,https://data.worldbank.org/indicator/SP.POP.TOTL?locations=MH,MHL,midyear_estimate,available,World Bank fallback: reviewed Wikipedia global lists do not provide a complete exact-year annual series.
MH,MH,Marshall Islands,2021,41367,worldbank-SP.POP.TOTL-20260713,https://data.worldbank.org/indicator/SP.POP.TOTL?locations=MH,MHL,midyear_estimate,available,World Bank fallback: reviewed Wikipedia global lists do not provide a complete exact-year annual series.
MH,MH,Marshall Islands,2024,37548,worldbank-SP.POP.TOTL-20260713,https://data.worldbank.org/indicator/SP.POP.TOTL?locations=MH,MHL,midyear_estimate,available,World Bank fallback: reviewed Wikipedia global lists do not provide a complete exact-year annual series.
FM,FM,Micronesia,2006,110729,worldbank-SP.POP.TOTL-20260713,https://data.worldbank.org/indicator/SP.POP.TOTL?locations=FM,FSM,midyear_estimate,available,World Bank fallback: reviewed Wikipedia global lists do not provide a complete exact-year annual series.
FM,FM,Micronesia,2009,107957,worldbank-SP.POP.TOTL-20260713,https://data.worldbank.org/indicator/SP.POP.TOTL?locations=FM,FSM,midyear_estimate,available,World Bank fallback: reviewed Wikipedia global lists do not provide a complete exact-year annual series.
FM,FM,Micronesia,2012,107890,worldbank-SP.POP.TOTL-20260713,https://data.worldbank.org/indicator/SP.POP.TOTL?locations=FM,FSM,midyear_estimate,available,World Bank fallback: reviewed Wikipedia global lists do not provide a complete exact-year annual series.
FM,FM,Micronesia,2015,108716,worldbank-SP.POP.TOTL-20260713,https://data.worldbank.org/indicator/SP.POP.TOTL?locations=FM,FSM,midyear_estimate,available,World Bank fallback: reviewed Wikipedia global lists do not provide a complete exact-year annual series.
FM,FM,Micronesia,2018,109909,worldbank-SP.POP.TOTL-20260713,https://data.worldbank.org/indicator/SP.POP.TOTL?locations=FM,FSM,midyear_estimate,available,World Bank fallback: reviewed Wikipedia global lists do not provide a complete exact-year annual series.
FM,FM,Micronesia,2021,111624,worldbank-SP.POP.TOTL-20260713,https://data.worldbank.org/indicator/SP.POP.TOTL?locations=FM,FSM,midyear_estimate,available,World Bank fallback: reviewed Wikipedia global lists do not provide a complete exact-year annual series.
FM,FM,Micronesia,2024,113160,worldbank-SP.POP.TOTL-20260713,https://data.worldbank.org/indicator/SP.POP.TOTL?locations=FM,FSM,midyear_estimate,available,World Bank fallback: reviewed Wikipedia global lists do not provide a complete exact-year annual series.
CA,CA,Canada,2006,32571193,worldbank-SP.POP.TOTL-20260713,https://data.worldbank.org/indicator/SP.POP.TOTL?locations=CA,CAN,midyear_estimate,available,World Bank fallback: reviewed Wikipedia global lists do not provide a complete exact-year annual series.
CA,CA,Canada,2009,33630069,worldbank-SP.POP.TOTL-20260713,https://data.worldbank.org/indicator/SP.POP.TOTL?locations=CA,CAN,midyear_estimate,available,World Bank fallback: reviewed Wikipedia global lists do not provide a complete exact-year annual series.
CA,CA,Canada,2012,34713395,worldbank-SP.POP.TOTL-20260713,https://data.worldbank.org/indicator/SP.POP.TOTL?locations=CA,CAN,midyear_estimate,available,World Bank fallback: reviewed Wikipedia global lists do not provide a complete exact-year annual series.
CA,CA,Canada,2015,35704498,worldbank-SP.POP.TOTL-20260713,https://data.worldbank.org/indicator/SP.POP.TOTL?locations=CA,CAN,midyear_estimate,available,World Bank fallback: reviewed Wikipedia global lists do not provide a complete exact-year annual series.
CA,CA,Canada,2018,37072620,worldbank-SP.POP.TOTL-20260713,https://data.worldbank.org/indicator/SP.POP.TOTL?locations=CA,CAN,midyear_estimate,available,World Bank fallback: reviewed Wikipedia global lists do not provide a complete exact-year annual series.
CA,CA,Canada,2021,38239864,worldbank-SP.POP.TOTL-20260713,https://data.worldbank.org/indicator/SP.POP.TOTL?locations=CA,CAN,midyear_estimate,available,World Bank fallback: reviewed Wikipedia global lists do not provide a complete exact-year annual series.
CA,CA,Canada,2024,41262329,worldbank-SP.POP.TOTL-20260713,https://data.worldbank.org/indicator/SP.POP.TOTL?locations=CA,CAN,midyear_estimate,available,World Bank fallback: reviewed Wikipedia global lists do not provide a complete exact-year annual series.
US,US,United States,2006,298379912,worldbank-SP.POP.TOTL-20260713,https://data.worldbank.org/indicator/SP.POP.TOTL?locations=US,USA,midyear_estimate,available,World Bank fallback: reviewed Wikipedia global lists do not provide a complete exact-year annual series.
US,US,United States,2009,306771529,worldbank-SP.POP.TOTL-20260713,https://data.worldbank.org/indicator/SP.POP.TOTL?locations=US,USA,midyear_estimate,available,World Bank fallback: reviewed Wikipedia global lists do not provide a complete exact-year annual series.
US,US,United States,2012,314339099,worldbank-SP.POP.TOTL-20260713,https://data.worldbank.org/indicator/SP.POP.TOTL?locations=US,USA,midyear_estimate,available,World Bank fallback: reviewed Wikipedia global lists do not provide a complete exact-year annual series.
US,US,United States,2015,321815121,worldbank-SP.POP.TOTL-20260713,https://data.worldbank.org/indicator/SP.POP.TOTL?locations=US,USA,midyear_estimate,available,World Bank fallback: reviewed Wikipedia global lists do not provide a complete exact-year annual series.
US,US,United States,2018,328529577,worldbank-SP.POP.TOTL-20260713,https://data.worldbank.org/indicator/SP.POP.TOTL?locations=US,USA,midyear_estimate,available,World Bank fallback: reviewed Wikipedia global lists do not provide a complete exact-year annual series.
US,US,United States,2021,332100166,worldbank-SP.POP.TOTL-20260713,https://data.worldbank.org/indicator/SP.POP.TOTL?locations=US,USA,midyear_estimate,available,World Bank fallback: reviewed Wikipedia global lists do not provide a complete exact-year annual series.
US,US,United States,2024,340003797,worldbank-SP.POP.TOTL-20260713,https://data.worldbank.org/indicator/SP.POP.TOTL?locations=US,USA,midyear_estimate,available,World Bank fallback: reviewed Wikipedia global lists do not provide a complete exact-year annual series.
AG,AG,Antigua & Barbuda,2006,80604,worldbank-SP.POP.TOTL-20260713,https://data.worldbank.org/indicator/SP.POP.TOTL?locations=AG,ATG,midyear_estimate,available,World Bank fallback: reviewed Wikipedia global lists do not provide a complete exact-year annual series.
AG,AG,Antigua & Barbuda,2009,84173,worldbank-SP.POP.TOTL-20260713,https://data.worldbank.org/indicator/SP.POP.TOTL?locations=AG,ATG,midyear_estimate,available,World Bank fallback: reviewed Wikipedia global lists do not provide a complete exact-year annual series.
AG,AG,Antigua & Barbuda,2012,87260,worldbank-SP.POP.TOTL-20260713,https://data.worldbank.org/indicator/SP.POP.TOTL?locations=AG,ATG,midyear_estimate,available,World Bank fallback: reviewed Wikipedia global lists do not provide a complete exact-year annual series.
AG,AG,Antigua & Barbuda,2015,89409,worldbank-SP.POP.TOTL-20260713,https://data.worldbank.org/indicator/SP.POP.TOTL?locations=AG,ATG,midyear_estimate,available,World Bank fallback: reviewed Wikipedia global lists do not provide a complete exact-year annual series.
AG,AG,Antigua & Barbuda,2018,90926,worldbank-SP.POP.TOTL-20260713,https://data.worldbank.org/indicator/SP.POP.TOTL?locations=AG,ATG,midyear_estimate,available,World Bank fallback: reviewed Wikipedia global lists do not provide a complete exact-year annual series.
AG,AG,Antigua & Barbuda,2021,92349,worldbank-SP.POP.TOTL-20260713,https://data.worldbank.org/indicator/SP.POP.TOTL?locations=AG,ATG,midyear_estimate,available,World Bank fallback: reviewed Wikipedia global lists do not provide a complete exact-year annual series.
AG,AG,Antigua & Barbuda,2024,93772,worldbank-SP.POP.TOTL-20260713,https://data.worldbank.org/indicator/SP.POP.TOTL?locations=AG,ATG,midyear_estimate,available,World Bank fallback: reviewed Wikipedia global lists do not provide a complete exact-year annual series.
SV,SV,El Salvador,2006,6002319,worldbank-SP.POP.TOTL-20260713,https://data.worldbank.org/indicator/SP.POP.TOTL?locations=SV,SLV,midyear_estimate,available,World Bank fallback: reviewed Wikipedia global lists do not provide a complete exact-year annual series.
SV,SV,El Salvador,2009,6048279,worldbank-SP.POP.TOTL-20260713,https://data.worldbank.org/indicator/SP.POP.TOTL?locations=SV,SLV,midyear_estimate,available,World Bank fallback: reviewed Wikipedia global lists do not provide a complete exact-year annual series.
SV,SV,El Salvador,2012,6113975,worldbank-SP.POP.TOTL-20260713,https://data.worldbank.org/indicator/SP.POP.TOTL?locations=SV,SLV,midyear_estimate,available,World Bank fallback: reviewed Wikipedia global lists do not provide a complete exact-year annual series.
SV,SV,El Salvador,2015,6183676,worldbank-SP.POP.TOTL-20260713,https://data.worldbank.org/indicator/SP.POP.TOTL?locations=SV,SLV,midyear_estimate,available,World Bank fallback: reviewed Wikipedia global lists do not provide a complete exact-year annual series.
SV,SV,El Salvador,2018,6219807,worldbank-SP.POP.TOTL-20260713,https://data.worldbank.org/indicator/SP.POP.TOTL?locations=SV,SLV,midyear_estimate,available,World Bank fallback: reviewed Wikipedia global lists do not provide a complete exact-year annual series.
SV,SV,El Salvador,2021,6255782,worldbank-SP.POP.TOTL-20260713,https://data.worldbank.org/indicator/SP.POP.TOTL?locations=SV,SLV,midyear_estimate,available,World Bank fallback: reviewed Wikipedia global lists do not provide a complete exact-year annual series.
SV,SV,El Salvador,2024,6338193,worldbank-SP.POP.TOTL-20260713,https://data.worldbank.org/indicator/SP.POP.TOTL?locations=SV,SLV,midyear_estimate,available,World Bank fallback: reviewed Wikipedia global lists do not provide a complete exact-year annual series.
CU,CU,Cuba,2006,11278550,worldbank-SP.POP.TOTL-20260713,https://data.worldbank.org/indicator/SP.POP.TOTL?locations=CU,CUB,midyear_estimate,available,World Bank fallback: reviewed Wikipedia global lists do not provide a complete exact-year annual series.
CU,CU,Cuba,2009,11294719,worldbank-SP.POP.TOTL-20260713,https://data.worldbank.org/indicator/SP.POP.TOTL?locations=CU,CUB,midyear_estimate,available,World Bank fallback: reviewed Wikipedia global lists do not provide a complete exact-year annual series.
CU,CU,Cuba,2012,11303175,worldbank-SP.POP.TOTL-20260713,https://data.worldbank.org/indicator/SP.POP.TOTL?locations=CU,CUB,midyear_estimate,available,World Bank fallback: reviewed Wikipedia global lists do not provide a complete exact-year annual series.
CU,CU,Cuba,2015,11275065,worldbank-SP.POP.TOTL-20260713,https://data.worldbank.org/indicator/SP.POP.TOTL?locations=CU,CUB,midyear_estimate,available,World Bank fallback: reviewed Wikipedia global lists do not provide a complete exact-year annual series.
CU,CU,Cuba,2018,11227118,worldbank-SP.POP.TOTL-20260713,https://data.worldbank.org/indicator/SP.POP.TOTL?locations=CU,CUB,midyear_estimate,available,World Bank fallback: reviewed Wikipedia global lists do not provide a complete exact-year annual series.
CU,CU,Cuba,2021,11122168,worldbank-SP.POP.TOTL-20260713,https://data.worldbank.org/indicator/SP.POP.TOTL?locations=CU,CUB,midyear_estimate,available,World Bank fallback: reviewed Wikipedia global lists do not provide a complete exact-year annual series.
CU,CU,Cuba,2024,10979783,worldbank-SP.POP.TOTL-20260713,https://data.worldbank.org/indicator/SP.POP.TOTL?locations=CU,CUB,midyear_estimate,available,World Bank fallback: reviewed Wikipedia global lists do not provide a complete exact-year annual series.
GT,GT,Guatemala,2006,13367459,worldbank-SP.POP.TOTL-20260713,https://data.worldbank.org/indicator/SP.POP.TOTL?locations=GT,GTM,midyear_estimate,available,World Bank fallback: reviewed Wikipedia global lists do not provide a complete exact-year annual series.
GT,GT,Guatemala,2009,14215611,worldbank-SP.POP.TOTL-20260713,https://data.worldbank.org/indicator/SP.POP.TOTL?locations=GT,GTM,midyear_estimate,available,World Bank fallback: reviewed Wikipedia global lists do not provide a complete exact-year annual series.
GT,GT,Guatemala,2012,15089647,worldbank-SP.POP.TOTL-20260713,https://data.worldbank.org/indicator/SP.POP.TOTL?locations=GT,GTM,midyear_estimate,available,World Bank fallback: reviewed Wikipedia global lists do not provide a complete exact-year annual series.
GT,GT,Guatemala,2015,15971743,worldbank-SP.POP.TOTL-20260713,https://data.worldbank.org/indicator/SP.POP.TOTL?locations=GT,GTM,midyear_estimate,available,World Bank fallback: reviewed Wikipedia global lists do not provide a complete exact-year annual series.
GT,GT,Guatemala,2018,16845685,worldbank-SP.POP.TOTL-20260713,https://data.worldbank.org/indicator/SP.POP.TOTL?locations=GT,GTM,midyear_estimate,available,World Bank fallback: reviewed Wikipedia global lists do not provide a complete exact-year annual series.
GT,GT,Guatemala,2021,17598650,worldbank-SP.POP.TOTL-20260713,https://data.worldbank.org/indicator/SP.POP.TOTL?locations=GT,GTM,midyear_estimate,available,World Bank fallback: reviewed Wikipedia global lists do not provide a complete exact-year annual series.
GT,GT,Guatemala,2024,18406359,worldbank-SP.POP.TOTL-20260713,https://data.worldbank.org/indicator/SP.POP.TOTL?locations=GT,GTM,midyear_estimate,available,World Bank fallback: reviewed Wikipedia global lists do not provide a complete exact-year annual series.
GD,GD,Grenada,2006,110135,worldbank-SP.POP.TOTL-20260713,https://data.worldbank.org/indicator/SP.POP.TOTL?locations=GD,GRD,midyear_estimate,available,World Bank fallback: reviewed Wikipedia global lists do not provide a complete exact-year annual series.
GD,GD,Grenada,2009,111254,worldbank-SP.POP.TOTL-20260713,https://data.worldbank.org/indicator/SP.POP.TOTL?locations=GD,GRD,midyear_estimate,available,World Bank fallback: reviewed Wikipedia global lists do not provide a complete exact-year annual series.
GD,GD,Grenada,2012,112775,worldbank-SP.POP.TOTL-20260713,https://data.worldbank.org/indicator/SP.POP.TOTL?locations=GD,GRD,midyear_estimate,available,World Bank fallback: reviewed Wikipedia global lists do not provide a complete exact-year annual series.
GD,GD,Grenada,2015,114676,worldbank-SP.POP.TOTL-20260713,https://data.worldbank.org/indicator/SP.POP.TOTL?locations=GD,GRD,midyear_estimate,available,World Bank fallback: reviewed Wikipedia global lists do not provide a complete exact-year annual series.
GD,GD,Grenada,2018,115691,worldbank-SP.POP.TOTL-20260713,https://data.worldbank.org/indicator/SP.POP.TOTL?locations=GD,GRD,midyear_estimate,available,World Bank fallback: reviewed Wikipedia global lists do not provide a complete exact-year annual series.
GD,GD,Grenada,2021,116688,worldbank-SP.POP.TOTL-20260713,https://data.worldbank.org/indicator/SP.POP.TOTL?locations=GD,GRD,midyear_estimate,available,World Bank fallback: reviewed Wikipedia global lists do not provide a complete exact-year annual series.
GD,GD,Grenada,2024,117207,worldbank-SP.POP.TOTL-20260713,https://data.worldbank.org/indicator/SP.POP.TOTL?locations=GD,GRD,midyear_estimate,available,World Bank fallback: reviewed Wikipedia global lists do not provide a complete exact-year annual series.
CR,CR,Costa Rica,2006,4321340,worldbank-SP.POP.TOTL-20260713,https://data.worldbank.org/indicator/SP.POP.TOTL?locations=CR,CRI,midyear_estimate,available,World Bank fallback: reviewed Wikipedia global lists do not provide a complete exact-year annual series.
CR,CR,Costa Rica,2009,4499791,worldbank-SP.POP.TOTL-20260713,https://data.worldbank.org/indicator/SP.POP.TOTL?locations=CR,CRI,midyear_estimate,available,World Bank fallback: reviewed Wikipedia global lists do not provide a complete exact-year annual series.
CR,CR,Costa Rica,2012,4663934,worldbank-SP.POP.TOTL-20260713,https://data.worldbank.org/indicator/SP.POP.TOTL?locations=CR,CRI,midyear_estimate,available,World Bank fallback: reviewed Wikipedia global lists do not provide a complete exact-year annual series.
CR,CR,Costa Rica,2015,4818038,worldbank-SP.POP.TOTL-20260713,https://data.worldbank.org/indicator/SP.POP.TOTL?locations=CR,CRI,midyear_estimate,available,World Bank fallback: reviewed Wikipedia global lists do not provide a complete exact-year annual series.
CR,CR,Costa Rica,2018,4957818,worldbank-SP.POP.TOTL-20260713,https://data.worldbank.org/indicator/SP.POP.TOTL?locations=CR,CRI,midyear_estimate,available,World Bank fallback: reviewed Wikipedia global lists do not provide a complete exact-year annual series.
CR,CR,Costa Rica,2021,5059988,worldbank-SP.POP.TOTL-20260713,https://data.worldbank.org/indicator/SP.POP.TOTL?locations=CR,CRI,midyear_estimate,available,World Bank fallback: reviewed Wikipedia global lists do not provide a complete exact-year annual series.
CR,CR,Costa Rica,2024,5129910,worldbank-SP.POP.TOTL-20260713,https://data.worldbank.org/indicator/SP.POP.TOTL?locations=CR,CRI,midyear_estimate,available,World Bank fallback: reviewed Wikipedia global lists do not provide a complete exact-year annual series.
JM,JM,Jamaica,2006,2700968,worldbank-SP.POP.TOTL-20260713,https://data.worldbank.org/indicator/SP.POP.TOTL?locations=JM,JAM,midyear_estimate,available,World Bank fallback: reviewed Wikipedia global lists do not provide a complete exact-year annual series.
JM,JM,Jamaica,2009,2736995,worldbank-SP.POP.TOTL-20260713,https://data.worldbank.org/indicator/SP.POP.TOTL?locations=JM,JAM,midyear_estimate,available,World Bank fallback: reviewed Wikipedia global lists do not provide a complete exact-year annual series.
JM,JM,Jamaica,2012,2772430,worldbank-SP.POP.TOTL-20260713,https://data.worldbank.org/indicator/SP.POP.TOTL?locations=JM,JAM,midyear_estimate,available,World Bank fallback: reviewed Wikipedia global lists do not provide a complete exact-year annual series.
JM,JM,Jamaica,2015,2802534,worldbank-SP.POP.TOTL-20260713,https://data.worldbank.org/indicator/SP.POP.TOTL?locations=JM,JAM,midyear_estimate,available,World Bank fallback: reviewed Wikipedia global lists do not provide a complete exact-year annual series.
JM,JM,Jamaica,2018,2820097,worldbank-SP.POP.TOTL-20260713,https://data.worldbank.org/indicator/SP.POP.TOTL?locations=JM,JAM,midyear_estimate,available,World Bank fallback: reviewed Wikipedia global lists do not provide a complete exact-year annual series.
JM,JM,Jamaica,2021,2837682,worldbank-SP.POP.TOTL-20260713,https://data.worldbank.org/indicator/SP.POP.TOTL?locations=JM,JAM,midyear_estimate,available,World Bank fallback: reviewed Wikipedia global lists do not provide a complete exact-year annual series.
JM,JM,Jamaica,2024,2839175,worldbank-SP.POP.TOTL-20260713,https://data.worldbank.org/indicator/SP.POP.TOTL?locations=JM,JAM,midyear_estimate,available,World Bank fallback: reviewed Wikipedia global lists do not provide a complete exact-year annual series.
KN,KN,St. Kitts & Nevis,2006,46569,worldbank-SP.POP.TOTL-20260713,https://data.worldbank.org/indicator/SP.POP.TOTL?locations=KN,KNA,midyear_estimate,available,World Bank fallback: reviewed Wikipedia global lists do not provide a complete exact-year annual series.
KN,KN,St. Kitts & Nevis,2009,46916,worldbank-SP.POP.TOTL-20260713,https://data.worldbank.org/indicator/SP.POP.TOTL?locations=KN,KNA,midyear_estimate,available,World Bank fallback: reviewed Wikipedia global lists do not provide a complete exact-year annual series.
KN,KN,St. Kitts & Nevis,2012,47033,worldbank-SP.POP.TOTL-20260713,https://data.worldbank.org/indicator/SP.POP.TOTL?locations=KN,KNA,midyear_estimate,available,World Bank fallback: reviewed Wikipedia global lists do not provide a complete exact-year annual series.
KN,KN,St. Kitts & Nevis,2015,47087,worldbank-SP.POP.TOTL-20260713,https://data.worldbank.org/indicator/SP.POP.TOTL?locations=KN,KNA,midyear_estimate,available,World Bank fallback: reviewed Wikipedia global lists do not provide a complete exact-year annual series.
KN,KN,St. Kitts & Nevis,2018,47008,worldbank-SP.POP.TOTL-20260713,https://data.worldbank.org/indicator/SP.POP.TOTL?locations=KN,KNA,midyear_estimate,available,World Bank fallback: reviewed Wikipedia global lists do not provide a complete exact-year annual series.
KN,KN,St. Kitts & Nevis,2021,46763,worldbank-SP.POP.TOTL-20260713,https://data.worldbank.org/indicator/SP.POP.TOTL?locations=KN,KNA,midyear_estimate,available,World Bank fallback: reviewed Wikipedia global lists do not provide a complete exact-year annual series.
KN,KN,St. Kitts & Nevis,2024,46843,worldbank-SP.POP.TOTL-20260713,https://data.worldbank.org/indicator/SP.POP.TOTL?locations=KN,KNA,midyear_estimate,available,World Bank fallback: reviewed Wikipedia global lists do not provide a complete exact-year annual series.
VC,VC,St. Vincent & Grenadines,2006,112014,worldbank-SP.POP.TOTL-20260713,https://data.worldbank.org/indicator/SP.POP.TOTL?locations=VC,VCT,midyear_estimate,available,World Bank fallback: reviewed Wikipedia global lists do not provide a complete exact-year annual series.
VC,VC,St. Vincent & Grenadines,2009,110508,worldbank-SP.POP.TOTL-20260713,https://data.worldbank.org/indicator/SP.POP.TOTL?locations=VC,VCT,midyear_estimate,available,World Bank fallback: reviewed Wikipedia global lists do not provide a complete exact-year annual series.
VC,VC,St. Vincent & Grenadines,2012,108736,worldbank-SP.POP.TOTL-20260713,https://data.worldbank.org/indicator/SP.POP.TOTL?locations=VC,VCT,midyear_estimate,available,World Bank fallback: reviewed Wikipedia global lists do not provide a complete exact-year annual series.
VC,VC,St. Vincent & Grenadines,2015,106960,worldbank-SP.POP.TOTL-20260713,https://data.worldbank.org/indicator/SP.POP.TOTL?locations=VC,VCT,midyear_estimate,available,World Bank fallback: reviewed Wikipedia global lists do not provide a complete exact-year annual series.
VC,VC,St. Vincent & Grenadines,2018,104926,worldbank-SP.POP.TOTL-20260713,https://data.worldbank.org/indicator/SP.POP.TOTL?locations=VC,VCT,midyear_estimate,available,World Bank fallback: reviewed Wikipedia global lists do not provide a complete exact-year annual series.
VC,VC,St. Vincent & Grenadines,2021,102841,worldbank-SP.POP.TOTL-20260713,https://data.worldbank.org/indicator/SP.POP.TOTL?locations=VC,VCT,midyear_estimate,available,World Bank fallback: reviewed Wikipedia global lists do not provide a complete exact-year annual series.
VC,VC,St. Vincent & Grenadines,2024,100616,worldbank-SP.POP.TOTL-20260713,https://data.worldbank.org/indicator/SP.POP.TOTL?locations=VC,VCT,midyear_estimate,available,World Bank fallback: reviewed Wikipedia global lists do not provide a complete exact-year annual series.
LC,LC,St. Lucia,2006,166639,worldbank-SP.POP.TOTL-20260713,https://data.worldbank.org/indicator/SP.POP.TOTL?locations=LC,LCA,midyear_estimate,available,World Bank fallback: reviewed Wikipedia global lists do not provide a complete exact-year annual series.
LC,LC,St. Lucia,2009,169869,worldbank-SP.POP.TOTL-20260713,https://data.worldbank.org/indicator/SP.POP.TOTL?locations=LC,LCA,midyear_estimate,available,World Bank fallback: reviewed Wikipedia global lists do not provide a complete exact-year annual series.
LC,LC,St. Lucia,2012,172587,worldbank-SP.POP.TOTL-20260713,https://data.worldbank.org/indicator/SP.POP.TOTL?locations=LC,LCA,midyear_estimate,available,World Bank fallback: reviewed Wikipedia global lists do not provide a complete exact-year annual series.
LC,LC,St. Lucia,2015,174905,worldbank-SP.POP.TOTL-20260713,https://data.worldbank.org/indicator/SP.POP.TOTL?locations=LC,LCA,midyear_estimate,available,World Bank fallback: reviewed Wikipedia global lists do not provide a complete exact-year annual series.
LC,LC,St. Lucia,2018,177017,worldbank-SP.POP.TOTL-20260713,https://data.worldbank.org/indicator/SP.POP.TOTL?locations=LC,LCA,midyear_estimate,available,World Bank fallback: reviewed Wikipedia global lists do not provide a complete exact-year annual series.
LC,LC,St. Lucia,2021,178522,worldbank-SP.POP.TOTL-20260713,https://data.worldbank.org/indicator/SP.POP.TOTL?locations=LC,LCA,midyear_estimate,available,World Bank fallback: reviewed Wikipedia global lists do not provide a complete exact-year annual series.
LC,LC,St. Lucia,2024,179744,worldbank-SP.POP.TOTL-20260713,https://data.worldbank.org/indicator/SP.POP.TOTL?locations=LC,LCA,midyear_estimate,available,World Bank fallback: reviewed Wikipedia global lists do not provide a complete exact-year annual series.
DM,DM,Dominica,2006,68806,worldbank-SP.POP.TOTL-20260713,https://data.worldbank.org/indicator/SP.POP.TOTL?locations=DM,DMA,midyear_estimate,available,World Bank fallback: reviewed Wikipedia global lists do not provide a complete exact-year annual series.
DM,DM,Dominica,2009,68864,worldbank-SP.POP.TOTL-20260713,https://data.worldbank.org/indicator/SP.POP.TOTL?locations=DM,DMA,midyear_estimate,available,World Bank fallback: reviewed Wikipedia global lists do not provide a complete exact-year annual series.
DM,DM,Dominica,2012,69118,worldbank-SP.POP.TOTL-20260713,https://data.worldbank.org/indicator/SP.POP.TOTL?locations=DM,DMA,midyear_estimate,available,World Bank fallback: reviewed Wikipedia global lists do not provide a complete exact-year annual series.
DM,DM,Dominica,2015,70410,worldbank-SP.POP.TOTL-20260713,https://data.worldbank.org/indicator/SP.POP.TOTL?locations=DM,DMA,midyear_estimate,available,World Bank fallback: reviewed Wikipedia global lists do not provide a complete exact-year annual series.
DM,DM,Dominica,2018,68174,worldbank-SP.POP.TOTL-20260713,https://data.worldbank.org/indicator/SP.POP.TOTL?locations=DM,DMA,midyear_estimate,available,World Bank fallback: reviewed Wikipedia global lists do not provide a complete exact-year annual series.
DM,DM,Dominica,2021,67202,worldbank-SP.POP.TOTL-20260713,https://data.worldbank.org/indicator/SP.POP.TOTL?locations=DM,DMA,midyear_estimate,available,World Bank fallback: reviewed Wikipedia global lists do not provide a complete exact-year annual series.
DM,DM,Dominica,2024,66205,worldbank-SP.POP.TOTL-20260713,https://data.worldbank.org/indicator/SP.POP.TOTL?locations=DM,DMA,midyear_estimate,available,World Bank fallback: reviewed Wikipedia global lists do not provide a complete exact-year annual series.
DO,DO,Dominican Republic,2006,9341183,worldbank-SP.POP.TOTL-20260713,https://data.worldbank.org/indicator/SP.POP.TOTL?locations=DO,DOM,midyear_estimate,available,World Bank fallback: reviewed Wikipedia global lists do not provide a complete exact-year annual series.
DO,DO,Dominican Republic,2009,9695265,worldbank-SP.POP.TOTL-20260713,https://data.worldbank.org/indicator/SP.POP.TOTL?locations=DO,DOM,midyear_estimate,available,World Bank fallback: reviewed Wikipedia global lists do not provide a complete exact-year annual series.
DO,DO,Dominican Republic,2012,10070411,worldbank-SP.POP.TOTL-20260713,https://data.worldbank.org/indicator/SP.POP.TOTL?locations=DO,DOM,midyear_estimate,available,World Bank fallback: reviewed Wikipedia global lists do not provide a complete exact-year annual series.
DO,DO,Dominican Republic,2015,10434829,worldbank-SP.POP.TOTL-20260713,https://data.worldbank.org/indicator/SP.POP.TOTL?locations=DO,DOM,midyear_estimate,available,World Bank fallback: reviewed Wikipedia global lists do not provide a complete exact-year annual series.
DO,DO,Dominican Republic,2018,10782053,worldbank-SP.POP.TOTL-20260713,https://data.worldbank.org/indicator/SP.POP.TOTL?locations=DO,DOM,midyear_estimate,available,World Bank fallback: reviewed Wikipedia global lists do not provide a complete exact-year annual series.
DO,DO,Dominican Republic,2021,11123476,worldbank-SP.POP.TOTL-20260713,https://data.worldbank.org/indicator/SP.POP.TOTL?locations=DO,DOM,midyear_estimate,available,World Bank fallback: reviewed Wikipedia global lists do not provide a complete exact-year annual series.
DO,DO,Dominican Republic,2024,11427557,worldbank-SP.POP.TOTL-20260713,https://data.worldbank.org/indicator/SP.POP.TOTL?locations=DO,DOM,midyear_estimate,available,World Bank fallback: reviewed Wikipedia global lists do not provide a complete exact-year annual series.
TT,TT,Trinidad & Tobago,2006,1297944,worldbank-SP.POP.TOTL-20260713,https://data.worldbank.org/indicator/SP.POP.TOTL?locations=TT,TTO,midyear_estimate,available,World Bank fallback: reviewed Wikipedia global lists do not provide a complete exact-year annual series.
TT,TT,Trinidad & Tobago,2009,1310106,worldbank-SP.POP.TOTL-20260713,https://data.worldbank.org/indicator/SP.POP.TOTL?locations=TT,TTO,midyear_estimate,available,World Bank fallback: reviewed Wikipedia global lists do not provide a complete exact-year annual series.
TT,TT,Trinidad & Tobago,2012,1335194,worldbank-SP.POP.TOTL-20260713,https://data.worldbank.org/indicator/SP.POP.TOTL?locations=TT,TTO,midyear_estimate,available,World Bank fallback: reviewed Wikipedia global lists do not provide a complete exact-year annual series.
TT,TT,Trinidad & Tobago,2015,1349667,worldbank-SP.POP.TOTL-20260713,https://data.worldbank.org/indicator/SP.POP.TOTL?locations=TT,TTO,midyear_estimate,available,World Bank fallback: reviewed Wikipedia global lists do not provide a complete exact-year annual series.
TT,TT,Trinidad & Tobago,2018,1359193,worldbank-SP.POP.TOTL-20260713,https://data.worldbank.org/indicator/SP.POP.TOTL?locations=TT,TTO,midyear_estimate,available,World Bank fallback: reviewed Wikipedia global lists do not provide a complete exact-year annual series.
TT,TT,Trinidad & Tobago,2021,1367558,worldbank-SP.POP.TOTL-20260713,https://data.worldbank.org/indicator/SP.POP.TOTL?locations=TT,TTO,midyear_estimate,available,World Bank fallback: reviewed Wikipedia global lists do not provide a complete exact-year annual series.
TT,TT,Trinidad & Tobago,2024,1368333,worldbank-SP.POP.TOTL-20260713,https://data.worldbank.org/indicator/SP.POP.TOTL?locations=TT,TTO,midyear_estimate,available,World Bank fallback: reviewed Wikipedia global lists do not provide a complete exact-year annual series.
NI,NI,Nicaragua,2006,5418855,worldbank-SP.POP.TOTL-20260713,https://data.worldbank.org/indicator/SP.POP.TOTL?locations=NI,NIC,midyear_estimate,available,World Bank fallback: reviewed Wikipedia global lists do not provide a complete exact-year annual series.
NI,NI,Nicaragua,2009,5656601,worldbank-SP.POP.TOTL-20260713,https://data.worldbank.org/indicator/SP.POP.TOTL?locations=NI,NIC,midyear_estimate,available,World Bank fallback: reviewed Wikipedia global lists do not provide a complete exact-year annual series.
NI,NI,Nicaragua,2012,5901287,worldbank-SP.POP.TOTL-20260713,https://data.worldbank.org/indicator/SP.POP.TOTL?locations=NI,NIC,midyear_estimate,available,World Bank fallback: reviewed Wikipedia global lists do not provide a complete exact-year annual series.
NI,NI,Nicaragua,2015,6149417,worldbank-SP.POP.TOTL-20260713,https://data.worldbank.org/indicator/SP.POP.TOTL?locations=NI,NIC,midyear_estimate,available,World Bank fallback: reviewed Wikipedia global lists do not provide a complete exact-year annual series.
NI,NI,Nicaragua,2018,6400080,worldbank-SP.POP.TOTL-20260713,https://data.worldbank.org/indicator/SP.POP.TOTL?locations=NI,NIC,midyear_estimate,available,World Bank fallback: reviewed Wikipedia global lists do not provide a complete exact-year annual series.
NI,NI,Nicaragua,2021,6644741,worldbank-SP.POP.TOTL-20260713,https://data.worldbank.org/indicator/SP.POP.TOTL?locations=NI,NIC,midyear_estimate,available,World Bank fallback: reviewed Wikipedia global lists do not provide a complete exact-year annual series.
NI,NI,Nicaragua,2024,6916140,worldbank-SP.POP.TOTL-20260713,https://data.worldbank.org/indicator/SP.POP.TOTL?locations=NI,NIC,midyear_estimate,available,World Bank fallback: reviewed Wikipedia global lists do not provide a complete exact-year annual series.
HT,HT,Haiti,2006,9216562,worldbank-SP.POP.TOTL-20260713,https://data.worldbank.org/indicator/SP.POP.TOTL?locations=HT,HTI,midyear_estimate,available,World Bank fallback: reviewed Wikipedia global lists do not provide a complete exact-year annual series.
HT,HT,Haiti,2009,9689581,worldbank-SP.POP.TOTL-20260713,https://data.worldbank.org/indicator/SP.POP.TOTL?locations=HT,HTI,midyear_estimate,available,World Bank fallback: reviewed Wikipedia global lists do not provide a complete exact-year annual series.
HT,HT,Haiti,2012,10069771,worldbank-SP.POP.TOTL-20260713,https://data.worldbank.org/indicator/SP.POP.TOTL?locations=HT,HTI,midyear_estimate,available,World Bank fallback: reviewed Wikipedia global lists do not provide a complete exact-year annual series.
HT,HT,Haiti,2015,10523242,worldbank-SP.POP.TOTL-20260713,https://data.worldbank.org/indicator/SP.POP.TOTL?locations=HT,HTI,midyear_estimate,available,World Bank fallback: reviewed Wikipedia global lists do not provide a complete exact-year annual series.
HT,HT,Haiti,2018,10962362,worldbank-SP.POP.TOTL-20260713,https://data.worldbank.org/indicator/SP.POP.TOTL?locations=HT,HTI,midyear_estimate,available,World Bank fallback: reviewed Wikipedia global lists do not provide a complete exact-year annual series.
HT,HT,Haiti,2021,11374586,worldbank-SP.POP.TOTL-20260713,https://data.worldbank.org/indicator/SP.POP.TOTL?locations=HT,HTI,midyear_estimate,available,World Bank fallback: reviewed Wikipedia global lists do not provide a complete exact-year annual series.
HT,HT,Haiti,2024,11772557,worldbank-SP.POP.TOTL-20260713,https://data.worldbank.org/indicator/SP.POP.TOTL?locations=HT,HTI,midyear_estimate,available,World Bank fallback: reviewed Wikipedia global lists do not provide a complete exact-year annual series.
PA,PA,Panama,2006,3375024,worldbank-SP.POP.TOTL-20260713,https://data.worldbank.org/indicator/SP.POP.TOTL?locations=PA,PAN,midyear_estimate,available,World Bank fallback: reviewed Wikipedia global lists do not provide a complete exact-year annual series.
PA,PA,Panama,2009,3564381,worldbank-SP.POP.TOTL-20260713,https://data.worldbank.org/indicator/SP.POP.TOTL?locations=PA,PAN,midyear_estimate,available,World Bank fallback: reviewed Wikipedia global lists do not provide a complete exact-year annual series.
PA,PA,Panama,2012,3759256,worldbank-SP.POP.TOTL-20260713,https://data.worldbank.org/indicator/SP.POP.TOTL?locations=PA,PAN,midyear_estimate,available,World Bank fallback: reviewed Wikipedia global lists do not provide a complete exact-year annual series.
PA,PA,Panama,2015,3960035,worldbank-SP.POP.TOTL-20260713,https://data.worldbank.org/indicator/SP.POP.TOTL?locations=PA,PAN,midyear_estimate,available,World Bank fallback: reviewed Wikipedia global lists do not provide a complete exact-year annual series.
PA,PA,Panama,2018,4167860,worldbank-SP.POP.TOTL-20260713,https://data.worldbank.org/indicator/SP.POP.TOTL?locations=PA,PAN,midyear_estimate,available,World Bank fallback: reviewed Wikipedia global lists do not provide a complete exact-year annual series.
PA,PA,Panama,2021,4345405,worldbank-SP.POP.TOTL-20260713,https://data.worldbank.org/indicator/SP.POP.TOTL?locations=PA,PAN,midyear_estimate,available,World Bank fallback: reviewed Wikipedia global lists do not provide a complete exact-year annual series.
PA,PA,Panama,2024,4515577,worldbank-SP.POP.TOTL-20260713,https://data.worldbank.org/indicator/SP.POP.TOTL?locations=PA,PAN,midyear_estimate,available,World Bank fallback: reviewed Wikipedia global lists do not provide a complete exact-year annual series.
BS,BS,Bahamas,2006,348375,worldbank-SP.POP.TOTL-20260713,https://data.worldbank.org/indicator/SP.POP.TOTL?locations=BS,BHS,midyear_estimate,available,World Bank fallback: reviewed Wikipedia global lists do not provide a complete exact-year annual series.
BS,BS,Bahamas,2009,362810,worldbank-SP.POP.TOTL-20260713,https://data.worldbank.org/indicator/SP.POP.TOTL?locations=BS,BHS,midyear_estimate,available,World Bank fallback: reviewed Wikipedia global lists do not provide a complete exact-year annual series.
BS,BS,Bahamas,2012,375469,worldbank-SP.POP.TOTL-20260713,https://data.worldbank.org/indicator/SP.POP.TOTL?locations=BS,BHS,midyear_estimate,available,World Bank fallback: reviewed Wikipedia global lists do not provide a complete exact-year annual series.
BS,BS,Bahamas,2015,385346,worldbank-SP.POP.TOTL-20260713,https://data.worldbank.org/indicator/SP.POP.TOTL?locations=BS,BHS,midyear_estimate,available,World Bank fallback: reviewed Wikipedia global lists do not provide a complete exact-year annual series.
BS,BS,Bahamas,2018,392717,worldbank-SP.POP.TOTL-20260713,https://data.worldbank.org/indicator/SP.POP.TOTL?locations=BS,BHS,midyear_estimate,available,World Bank fallback: reviewed Wikipedia global lists do not provide a complete exact-year annual series.
BS,BS,Bahamas,2021,396373,worldbank-SP.POP.TOTL-20260713,https://data.worldbank.org/indicator/SP.POP.TOTL?locations=BS,BHS,midyear_estimate,available,World Bank fallback: reviewed Wikipedia global lists do not provide a complete exact-year annual series.
BS,BS,Bahamas,2024,401283,worldbank-SP.POP.TOTL-20260713,https://data.worldbank.org/indicator/SP.POP.TOTL?locations=BS,BHS,midyear_estimate,available,World Bank fallback: reviewed Wikipedia global lists do not provide a complete exact-year annual series.
BB,BB,Barbados,2006,270002,worldbank-SP.POP.TOTL-20260713,https://data.worldbank.org/indicator/SP.POP.TOTL?locations=BB,BRB,midyear_estimate,available,World Bank fallback: reviewed Wikipedia global lists do not provide a complete exact-year annual series.
BB,BB,Barbados,2009,274123,worldbank-SP.POP.TOTL-20260713,https://data.worldbank.org/indicator/SP.POP.TOTL?locations=BB,BRB,midyear_estimate,available,World Bank fallback: reviewed Wikipedia global lists do not provide a complete exact-year annual series.
BB,BB,Barbados,2012,276938,worldbank-SP.POP.TOTL-20260713,https://data.worldbank.org/indicator/SP.POP.TOTL?locations=BB,BRB,midyear_estimate,available,World Bank fallback: reviewed Wikipedia global lists do not provide a complete exact-year annual series.
BB,BB,Barbados,2015,278990,worldbank-SP.POP.TOTL-20260713,https://data.worldbank.org/indicator/SP.POP.TOTL?locations=BB,BRB,midyear_estimate,available,World Bank fallback: reviewed Wikipedia global lists do not provide a complete exact-year annual series.
BB,BB,Barbados,2018,280711,worldbank-SP.POP.TOTL-20260713,https://data.worldbank.org/indicator/SP.POP.TOTL?locations=BB,BRB,midyear_estimate,available,World Bank fallback: reviewed Wikipedia global lists do not provide a complete exact-year annual series.
BB,BB,Barbados,2021,282147,worldbank-SP.POP.TOTL-20260713,https://data.worldbank.org/indicator/SP.POP.TOTL?locations=BB,BRB,midyear_estimate,available,World Bank fallback: reviewed Wikipedia global lists do not provide a complete exact-year annual series.
BB,BB,Barbados,2024,282467,worldbank-SP.POP.TOTL-20260713,https://data.worldbank.org/indicator/SP.POP.TOTL?locations=BB,BRB,midyear_estimate,available,World Bank fallback: reviewed Wikipedia global lists do not provide a complete exact-year annual series.
PR,PR,Puerto Rico,2006,3805214,worldbank-SP.POP.TOTL-20260713,https://data.worldbank.org/indicator/SP.POP.TOTL?locations=PR,PRI,midyear_estimate,available,World Bank fallback: reviewed Wikipedia global lists do not provide a complete exact-year annual series.
PR,PR,Puerto Rico,2009,3740410,worldbank-SP.POP.TOTL-20260713,https://data.worldbank.org/indicator/SP.POP.TOTL?locations=PR,PRI,midyear_estimate,available,World Bank fallback: reviewed Wikipedia global lists do not provide a complete exact-year annual series.
PR,PR,Puerto Rico,2012,3661045,worldbank-SP.POP.TOTL-20260713,https://data.worldbank.org/indicator/SP.POP.TOTL?locations=PR,PRI,midyear_estimate,available,World Bank fallback: reviewed Wikipedia global lists do not provide a complete exact-year annual series.
PR,PR,Puerto Rico,2015,3535167,worldbank-SP.POP.TOTL-20260713,https://data.worldbank.org/indicator/SP.POP.TOTL?locations=PR,PRI,midyear_estimate,available,World Bank fallback: reviewed Wikipedia global lists do not provide a complete exact-year annual series.
PR,PR,Puerto Rico,2018,3290690,worldbank-SP.POP.TOTL-20260713,https://data.worldbank.org/indicator/SP.POP.TOTL?locations=PR,PRI,midyear_estimate,available,World Bank fallback: reviewed Wikipedia global lists do not provide a complete exact-year annual series.
PR,PR,Puerto Rico,2021,3262731,worldbank-SP.POP.TOTL-20260713,https://data.worldbank.org/indicator/SP.POP.TOTL?locations=PR,PRI,midyear_estimate,available,World Bank fallback: reviewed Wikipedia global lists do not provide a complete exact-year annual series.
PR,PR,Puerto Rico,2024,3202521,worldbank-SP.POP.TOTL-20260713,https://data.worldbank.org/indicator/SP.POP.TOTL?locations=PR,PRI,midyear_estimate,available,World Bank fallback: reviewed Wikipedia global lists do not provide a complete exact-year annual series.
BZ,BZ,Belize,2006,287878,worldbank-SP.POP.TOTL-20260713,https://data.worldbank.org/indicator/SP.POP.TOTL?locations=BZ,BLZ,midyear_estimate,available,World Bank fallback: reviewed Wikipedia global lists do not provide a complete exact-year annual series.
BZ,BZ,Belize,2009,312614,worldbank-SP.POP.TOTL-20260713,https://data.worldbank.org/indicator/SP.POP.TOTL?locations=BZ,BLZ,midyear_estimate,available,World Bank fallback: reviewed Wikipedia global lists do not provide a complete exact-year annual series.
BZ,BZ,Belize,2012,334414,worldbank-SP.POP.TOTL-20260713,https://data.worldbank.org/indicator/SP.POP.TOTL?locations=BZ,BLZ,midyear_estimate,available,World Bank fallback: reviewed Wikipedia global lists do not provide a complete exact-year annual series.
BZ,BZ,Belize,2015,356333,worldbank-SP.POP.TOTL-20260713,https://data.worldbank.org/indicator/SP.POP.TOTL?locations=BZ,BLZ,midyear_estimate,available,World Bank fallback: reviewed Wikipedia global lists do not provide a complete exact-year annual series.
BZ,BZ,Belize,2018,380226,worldbank-SP.POP.TOTL-20260713,https://data.worldbank.org/indicator/SP.POP.TOTL?locations=BZ,BLZ,midyear_estimate,available,World Bank fallback: reviewed Wikipedia global lists do not provide a complete exact-year annual series.
BZ,BZ,Belize,2021,395346,worldbank-SP.POP.TOTL-20260713,https://data.worldbank.org/indicator/SP.POP.TOTL?locations=BZ,BLZ,midyear_estimate,available,World Bank fallback: reviewed Wikipedia global lists do not provide a complete exact-year annual series.
BZ,BZ,Belize,2024,417072,worldbank-SP.POP.TOTL-20260713,https://data.worldbank.org/indicator/SP.POP.TOTL?locations=BZ,BLZ,midyear_estimate,available,World Bank fallback: reviewed Wikipedia global lists do not provide a complete exact-year annual series.
HN,HN,Honduras,2006,7656832,worldbank-SP.POP.TOTL-20260713,https://data.worldbank.org/indicator/SP.POP.TOTL?locations=HN,HND,midyear_estimate,available,World Bank fallback: reviewed Wikipedia global lists do not provide a complete exact-year annual series.
HN,HN,Honduras,2009,8189899,worldbank-SP.POP.TOTL-20260713,https://data.worldbank.org/indicator/SP.POP.TOTL?locations=HN,HND,midyear_estimate,available,World Bank fallback: reviewed Wikipedia global lists do not provide a complete exact-year annual series.
HN,HN,Honduras,2012,8715076,worldbank-SP.POP.TOTL-20260713,https://data.worldbank.org/indicator/SP.POP.TOTL?locations=HN,HND,midyear_estimate,available,World Bank fallback: reviewed Wikipedia global lists do not provide a complete exact-year annual series.
HN,HN,Honduras,2015,9237305,worldbank-SP.POP.TOTL-20260713,https://data.worldbank.org/indicator/SP.POP.TOTL?locations=HN,HND,midyear_estimate,available,World Bank fallback: reviewed Wikipedia global lists do not provide a complete exact-year annual series.
HN,HN,Honduras,2018,9765210,worldbank-SP.POP.TOTL-20260713,https://data.worldbank.org/indicator/SP.POP.TOTL?locations=HN,HND,midyear_estimate,available,World Bank fallback: reviewed Wikipedia global lists do not provide a complete exact-year annual series.
HN,HN,Honduras,2021,10289877,worldbank-SP.POP.TOTL-20260713,https://data.worldbank.org/indicator/SP.POP.TOTL?locations=HN,HND,midyear_estimate,available,World Bank fallback: reviewed Wikipedia global lists do not provide a complete exact-year annual series.
HN,HN,Honduras,2024,10825703,worldbank-SP.POP.TOTL-20260713,https://data.worldbank.org/indicator/SP.POP.TOTL?locations=HN,HND,midyear_estimate,available,World Bank fallback: reviewed Wikipedia global lists do not provide a complete exact-year annual series.
MX,MX,Mexico,2006,107253666,worldbank-SP.POP.TOTL-20260713,https://data.worldbank.org/indicator/SP.POP.TOTL?locations=MX,MEX,midyear_estimate,available,World Bank fallback: reviewed Wikipedia global lists do not provide a complete exact-year annual series.
MX,MX,Mexico,2009,111999721,worldbank-SP.POP.TOTL-20260713,https://data.worldbank.org/indicator/SP.POP.TOTL?locations=MX,MEX,midyear_estimate,available,World Bank fallback: reviewed Wikipedia global lists do not provide a complete exact-year annual series.
MX,MX,Mexico,2012,116818208,worldbank-SP.POP.TOTL-20260713,https://data.worldbank.org/indicator/SP.POP.TOTL?locations=MX,MEX,midyear_estimate,available,World Bank fallback: reviewed Wikipedia global lists do not provide a complete exact-year annual series.
MX,MX,Mexico,2015,121072306,worldbank-SP.POP.TOTL-20260713,https://data.worldbank.org/indicator/SP.POP.TOTL?locations=MX,MEX,midyear_estimate,available,World Bank fallback: reviewed Wikipedia global lists do not provide a complete exact-year annual series.
MX,MX,Mexico,2018,124573711,worldbank-SP.POP.TOTL-20260713,https://data.worldbank.org/indicator/SP.POP.TOTL?locations=MX,MEX,midyear_estimate,available,World Bank fallback: reviewed Wikipedia global lists do not provide a complete exact-year annual series.
MX,MX,Mexico,2021,127648148,worldbank-SP.POP.TOTL-20260713,https://data.worldbank.org/indicator/SP.POP.TOTL?locations=MX,MEX,midyear_estimate,available,World Bank fallback: reviewed Wikipedia global lists do not provide a complete exact-year annual series.
MX,MX,Mexico,2024,130861007,worldbank-SP.POP.TOTL-20260713,https://data.worldbank.org/indicator/SP.POP.TOTL?locations=MX,MEX,midyear_estimate,available,World Bank fallback: reviewed Wikipedia global lists do not provide a complete exact-year annual series.
AR,AR,Argentina,2006,39622115,worldbank-SP.POP.TOTL-20260713,https://data.worldbank.org/indicator/SP.POP.TOTL?locations=AR,ARG,midyear_estimate,available,World Bank fallback: reviewed Wikipedia global lists do not provide a complete exact-year annual series.
AR,AR,Argentina,2009,40854831,worldbank-SP.POP.TOTL-20260713,https://data.worldbank.org/indicator/SP.POP.TOTL?locations=AR,ARG,midyear_estimate,available,World Bank fallback: reviewed Wikipedia global lists do not provide a complete exact-year annual series.
AR,AR,Argentina,2012,42161721,worldbank-SP.POP.TOTL-20260713,https://data.worldbank.org/indicator/SP.POP.TOTL?locations=AR,ARG,midyear_estimate,available,World Bank fallback: reviewed Wikipedia global lists do not provide a complete exact-year annual series.
AR,AR,Argentina,2015,43477012,worldbank-SP.POP.TOTL-20260713,https://data.worldbank.org/indicator/SP.POP.TOTL?locations=AR,ARG,midyear_estimate,available,World Bank fallback: reviewed Wikipedia global lists do not provide a complete exact-year annual series.
AR,AR,Argentina,2018,44654882,worldbank-SP.POP.TOTL-20260713,https://data.worldbank.org/indicator/SP.POP.TOTL?locations=AR,ARG,midyear_estimate,available,World Bank fallback: reviewed Wikipedia global lists do not provide a complete exact-year annual series.
AR,AR,Argentina,2021,45312281,worldbank-SP.POP.TOTL-20260713,https://data.worldbank.org/indicator/SP.POP.TOTL?locations=AR,ARG,midyear_estimate,available,World Bank fallback: reviewed Wikipedia global lists do not provide a complete exact-year annual series.
AR,AR,Argentina,2024,45696159,worldbank-SP.POP.TOTL-20260713,https://data.worldbank.org/indicator/SP.POP.TOTL?locations=AR,ARG,midyear_estimate,available,World Bank fallback: reviewed Wikipedia global lists do not provide a complete exact-year annual series.
UY,UY,Uruguay,2006,3289506,worldbank-SP.POP.TOTL-20260713,https://data.worldbank.org/indicator/SP.POP.TOTL?locations=UY,URY,midyear_estimate,available,World Bank fallback: reviewed Wikipedia global lists do not provide a complete exact-year annual series.
UY,UY,Uruguay,2009,3310091,worldbank-SP.POP.TOTL-20260713,https://data.worldbank.org/indicator/SP.POP.TOTL?locations=UY,URY,midyear_estimate,available,World Bank fallback: reviewed Wikipedia global lists do not provide a complete exact-year annual series.
UY,UY,Uruguay,2012,3335401,worldbank-SP.POP.TOTL-20260713,https://data.worldbank.org/indicator/SP.POP.TOTL?locations=UY,URY,midyear_estimate,available,World Bank fallback: reviewed Wikipedia global lists do not provide a complete exact-year annual series.
UY,UY,Uruguay,2015,3368017,worldbank-SP.POP.TOTL-20260713,https://data.worldbank.org/indicator/SP.POP.TOTL?locations=UY,URY,midyear_estimate,available,World Bank fallback: reviewed Wikipedia global lists do not provide a complete exact-year annual series.
UY,UY,Uruguay,2018,3394534,worldbank-SP.POP.TOTL-20260713,https://data.worldbank.org/indicator/SP.POP.TOTL?locations=UY,URY,midyear_estimate,available,World Bank fallback: reviewed Wikipedia global lists do not provide a complete exact-year annual series.
UY,UY,Uruguay,2021,3396695,worldbank-SP.POP.TOTL-20260713,https://data.worldbank.org/indicator/SP.POP.TOTL?locations=UY,URY,midyear_estimate,available,World Bank fallback: reviewed Wikipedia global lists do not provide a complete exact-year annual series.
UY,UY,Uruguay,2024,3386588,worldbank-SP.POP.TOTL-20260713,https://data.worldbank.org/indicator/SP.POP.TOTL?locations=UY,URY,midyear_estimate,available,World Bank fallback: reviewed Wikipedia global lists do not provide a complete exact-year annual series.
EC,EC,Ecuador,2006,14086131,worldbank-SP.POP.TOTL-20260713,https://data.worldbank.org/indicator/SP.POP.TOTL?locations=EC,ECU,midyear_estimate,available,World Bank fallback: reviewed Wikipedia global lists do not provide a complete exact-year annual series.
EC,EC,Ecuador,2009,14825954,worldbank-SP.POP.TOTL-20260713,https://data.worldbank.org/indicator/SP.POP.TOTL?locations=EC,ECU,midyear_estimate,available,World Bank fallback: reviewed Wikipedia global lists do not provide a complete exact-year annual series.
EC,EC,Ecuador,2012,15572194,worldbank-SP.POP.TOTL-20260713,https://data.worldbank.org/indicator/SP.POP.TOTL?locations=EC,ECU,midyear_estimate,available,World Bank fallback: reviewed Wikipedia global lists do not provide a complete exact-year annual series.
EC,EC,Ecuador,2015,16266225,worldbank-SP.POP.TOTL-20260713,https://data.worldbank.org/indicator/SP.POP.TOTL?locations=EC,ECU,midyear_estimate,available,World Bank fallback: reviewed Wikipedia global lists do not provide a complete exact-year annual series.
EC,EC,Ecuador,2018,17049547,worldbank-SP.POP.TOTL-20260713,https://data.worldbank.org/indicator/SP.POP.TOTL?locations=EC,ECU,midyear_estimate,available,World Bank fallback: reviewed Wikipedia global lists do not provide a complete exact-year annual series.
EC,EC,Ecuador,2021,17682454,worldbank-SP.POP.TOTL-20260713,https://data.worldbank.org/indicator/SP.POP.TOTL?locations=EC,ECU,midyear_estimate,available,World Bank fallback: reviewed Wikipedia global lists do not provide a complete exact-year annual series.
EC,EC,Ecuador,2024,18135478,worldbank-SP.POP.TOTL-20260713,https://data.worldbank.org/indicator/SP.POP.TOTL?locations=EC,ECU,midyear_estimate,available,World Bank fallback: reviewed Wikipedia global lists do not provide a complete exact-year annual series.
GY,GY,Guyana,2006,758966,worldbank-SP.POP.TOTL-20260713,https://data.worldbank.org/indicator/SP.POP.TOTL?locations=GY,GUY,midyear_estimate,available,World Bank fallback: reviewed Wikipedia global lists do not provide a complete exact-year annual series.
GY,GY,Guyana,2009,752094,worldbank-SP.POP.TOTL-20260713,https://data.worldbank.org/indicator/SP.POP.TOTL?locations=GY,GUY,midyear_estimate,available,World Bank fallback: reviewed Wikipedia global lists do not provide a complete exact-year annual series.
GY,GY,Guyana,2012,746288,worldbank-SP.POP.TOTL-20260713,https://data.worldbank.org/indicator/SP.POP.TOTL?locations=GY,GUY,midyear_estimate,available,World Bank fallback: reviewed Wikipedia global lists do not provide a complete exact-year annual series.
GY,GY,Guyana,2015,758781,worldbank-SP.POP.TOTL-20260713,https://data.worldbank.org/indicator/SP.POP.TOTL?locations=GY,GUY,midyear_estimate,available,World Bank fallback: reviewed Wikipedia global lists do not provide a complete exact-year annual series.
GY,GY,Guyana,2018,791556,worldbank-SP.POP.TOTL-20260713,https://data.worldbank.org/indicator/SP.POP.TOTL?locations=GY,GUY,midyear_estimate,available,World Bank fallback: reviewed Wikipedia global lists do not provide a complete exact-year annual series.
GY,GY,Guyana,2021,815482,worldbank-SP.POP.TOTL-20260713,https://data.worldbank.org/indicator/SP.POP.TOTL?locations=GY,GUY,midyear_estimate,available,World Bank fallback: reviewed Wikipedia global lists do not provide a complete exact-year annual series.
GY,GY,Guyana,2024,831087,worldbank-SP.POP.TOTL-20260713,https://data.worldbank.org/indicator/SP.POP.TOTL?locations=GY,GUY,midyear_estimate,available,World Bank fallback: reviewed Wikipedia global lists do not provide a complete exact-year annual series.
CO,CO,Colombia,2006,42691084,worldbank-SP.POP.TOTL-20260713,https://data.worldbank.org/indicator/SP.POP.TOTL?locations=CO,COL,midyear_estimate,available,World Bank fallback: reviewed Wikipedia global lists do not provide a complete exact-year annual series.
CO,CO,Colombia,2009,44271541,worldbank-SP.POP.TOTL-20260713,https://data.worldbank.org/indicator/SP.POP.TOTL?locations=CO,COL,midyear_estimate,available,World Bank fallback: reviewed Wikipedia global lists do not provide a complete exact-year annual series.
CO,CO,Colombia,2012,45715810,worldbank-SP.POP.TOTL-20260713,https://data.worldbank.org/indicator/SP.POP.TOTL?locations=CO,COL,midyear_estimate,available,World Bank fallback: reviewed Wikipedia global lists do not provide a complete exact-year annual series.
CO,CO,Colombia,2015,46969940,worldbank-SP.POP.TOTL-20260713,https://data.worldbank.org/indicator/SP.POP.TOTL?locations=CO,COL,midyear_estimate,available,World Bank fallback: reviewed Wikipedia global lists do not provide a complete exact-year annual series.
CO,CO,Colombia,2018,49024465,worldbank-SP.POP.TOTL-20260713,https://data.worldbank.org/indicator/SP.POP.TOTL?locations=CO,COL,midyear_estimate,available,World Bank fallback: reviewed Wikipedia global lists do not provide a complete exact-year annual series.
CO,CO,Colombia,2021,51188173,worldbank-SP.POP.TOTL-20260713,https://data.worldbank.org/indicator/SP.POP.TOTL?locations=CO,COL,midyear_estimate,available,World Bank fallback: reviewed Wikipedia global lists do not provide a complete exact-year annual series.
CO,CO,Colombia,2024,52886363,worldbank-SP.POP.TOTL-20260713,https://data.worldbank.org/indicator/SP.POP.TOTL?locations=CO,COL,midyear_estimate,available,World Bank fallback: reviewed Wikipedia global lists do not provide a complete exact-year annual series.
SR,SR,Suriname,2006,524997,worldbank-SP.POP.TOTL-20260713,https://data.worldbank.org/indicator/SP.POP.TOTL?locations=SR,SUR,midyear_estimate,available,World Bank fallback: reviewed Wikipedia global lists do not provide a complete exact-year annual series.
SR,SR,Suriname,2009,543568,worldbank-SP.POP.TOTL-20260713,https://data.worldbank.org/indicator/SP.POP.TOTL?locations=SR,SUR,midyear_estimate,available,World Bank fallback: reviewed Wikipedia global lists do not provide a complete exact-year annual series.
SR,SR,Suriname,2012,562633,worldbank-SP.POP.TOTL-20260713,https://data.worldbank.org/indicator/SP.POP.TOTL?locations=SR,SUR,midyear_estimate,available,World Bank fallback: reviewed Wikipedia global lists do not provide a complete exact-year annual series.
SR,SR,Suriname,2015,581627,worldbank-SP.POP.TOTL-20260713,https://data.worldbank.org/indicator/SP.POP.TOTL?locations=SR,SUR,midyear_estimate,available,World Bank fallback: reviewed Wikipedia global lists do not provide a complete exact-year annual series.
SR,SR,Suriname,2018,599513,worldbank-SP.POP.TOTL-20260713,https://data.worldbank.org/indicator/SP.POP.TOTL?locations=SR,SUR,midyear_estimate,available,World Bank fallback: reviewed Wikipedia global lists do not provide a complete exact-year annual series.
SR,SR,Suriname,2021,617896,worldbank-SP.POP.TOTL-20260713,https://data.worldbank.org/indicator/SP.POP.TOTL?locations=SR,SUR,midyear_estimate,available,World Bank fallback: reviewed Wikipedia global lists do not provide a complete exact-year annual series.
SR,SR,Suriname,2024,634431,worldbank-SP.POP.TOTL-20260713,https://data.worldbank.org/indicator/SP.POP.TOTL?locations=SR,SUR,midyear_estimate,available,World Bank fallback: reviewed Wikipedia global lists do not provide a complete exact-year annual series.
CL,CL,Chile,2006,16509195,worldbank-SP.POP.TOTL-20260713,https://data.worldbank.org/indicator/SP.POP.TOTL?locations=CL,CHL,midyear_estimate,available,World Bank fallback: reviewed Wikipedia global lists do not provide a complete exact-year annual series.
CL,CL,Chile,2009,17009731,worldbank-SP.POP.TOTL-20260713,https://data.worldbank.org/indicator/SP.POP.TOTL?locations=CL,CHL,midyear_estimate,available,World Bank fallback: reviewed Wikipedia global lists do not provide a complete exact-year annual series.
CL,CL,Chile,2012,17519119,worldbank-SP.POP.TOTL-20260713,https://data.worldbank.org/indicator/SP.POP.TOTL?locations=CL,CHL,midyear_estimate,available,World Bank fallback: reviewed Wikipedia global lists do not provide a complete exact-year annual series.
CL,CL,Chile,2015,18047625,worldbank-SP.POP.TOTL-20260713,https://data.worldbank.org/indicator/SP.POP.TOTL?locations=CL,CHL,midyear_estimate,available,World Bank fallback: reviewed Wikipedia global lists do not provide a complete exact-year annual series.
CL,CL,Chile,2018,18893191,worldbank-SP.POP.TOTL-20260713,https://data.worldbank.org/indicator/SP.POP.TOTL?locations=CL,CHL,midyear_estimate,available,World Bank fallback: reviewed Wikipedia global lists do not provide a complete exact-year annual series.
CL,CL,Chile,2021,19456334,worldbank-SP.POP.TOTL-20260713,https://data.worldbank.org/indicator/SP.POP.TOTL?locations=CL,CHL,midyear_estimate,available,World Bank fallback: reviewed Wikipedia global lists do not provide a complete exact-year annual series.
CL,CL,Chile,2024,19764771,worldbank-SP.POP.TOTL-20260713,https://data.worldbank.org/indicator/SP.POP.TOTL?locations=CL,CHL,midyear_estimate,available,World Bank fallback: reviewed Wikipedia global lists do not provide a complete exact-year annual series.
PY,PY,Paraguay,2006,5505148,worldbank-SP.POP.TOTL-20260713,https://data.worldbank.org/indicator/SP.POP.TOTL?locations=PY,PRY,midyear_estimate,available,World Bank fallback: reviewed Wikipedia global lists do not provide a complete exact-year annual series.
PY,PY,Paraguay,2009,5671236,worldbank-SP.POP.TOTL-20260713,https://data.worldbank.org/indicator/SP.POP.TOTL?locations=PY,PRY,midyear_estimate,available,World Bank fallback: reviewed Wikipedia global lists do not provide a complete exact-year annual series.
PY,PY,Paraguay,2012,5897008,worldbank-SP.POP.TOTL-20260713,https://data.worldbank.org/indicator/SP.POP.TOTL?locations=PY,PRY,midyear_estimate,available,World Bank fallback: reviewed Wikipedia global lists do not provide a complete exact-year annual series.
PY,PY,Paraguay,2015,6159103,worldbank-SP.POP.TOTL-20260713,https://data.worldbank.org/indicator/SP.POP.TOTL?locations=PY,PRY,midyear_estimate,available,World Bank fallback: reviewed Wikipedia global lists do not provide a complete exact-year annual series.
PY,PY,Paraguay,2018,6427382,worldbank-SP.POP.TOTL-20260713,https://data.worldbank.org/indicator/SP.POP.TOTL?locations=PY,PRY,midyear_estimate,available,World Bank fallback: reviewed Wikipedia global lists do not provide a complete exact-year annual series.
PY,PY,Paraguay,2021,6684182,worldbank-SP.POP.TOTL-20260713,https://data.worldbank.org/indicator/SP.POP.TOTL?locations=PY,PRY,midyear_estimate,available,World Bank fallback: reviewed Wikipedia global lists do not provide a complete exact-year annual series.
PY,PY,Paraguay,2024,6929153,worldbank-SP.POP.TOTL-20260713,https://data.worldbank.org/indicator/SP.POP.TOTL?locations=PY,PRY,midyear_estimate,available,World Bank fallback: reviewed Wikipedia global lists do not provide a complete exact-year annual series.
BR,BR,Brazil,2006,186653106,worldbank-SP.POP.TOTL-20260713,https://data.worldbank.org/indicator/SP.POP.TOTL?locations=BR,BRA,midyear_estimate,available,World Bank fallback: reviewed Wikipedia global lists do not provide a complete exact-year annual series.
BR,BR,Brazil,2009,192079951,worldbank-SP.POP.TOTL-20260713,https://data.worldbank.org/indicator/SP.POP.TOTL?locations=BR,BRA,midyear_estimate,available,World Bank fallback: reviewed Wikipedia global lists do not provide a complete exact-year annual series.
BR,BR,Brazil,2012,196876111,worldbank-SP.POP.TOTL-20260713,https://data.worldbank.org/indicator/SP.POP.TOTL?locations=BR,BRA,midyear_estimate,available,World Bank fallback: reviewed Wikipedia global lists do not provide a complete exact-year annual series.
BR,BR,Brazil,2015,201675532,worldbank-SP.POP.TOTL-20260713,https://data.worldbank.org/indicator/SP.POP.TOTL?locations=BR,BRA,midyear_estimate,available,World Bank fallback: reviewed Wikipedia global lists do not provide a complete exact-year annual series.
BR,BR,Brazil,2018,206107261,worldbank-SP.POP.TOTL-20260713,https://data.worldbank.org/indicator/SP.POP.TOTL?locations=BR,BRA,midyear_estimate,available,World Bank fallback: reviewed Wikipedia global lists do not provide a complete exact-year annual series.
BR,BR,Brazil,2021,209550294,worldbank-SP.POP.TOTL-20260713,https://data.worldbank.org/indicator/SP.POP.TOTL?locations=BR,BRA,midyear_estimate,available,World Bank fallback: reviewed Wikipedia global lists do not provide a complete exact-year annual series.
BR,BR,Brazil,2024,211998573,worldbank-SP.POP.TOTL-20260713,https://data.worldbank.org/indicator/SP.POP.TOTL?locations=BR,BRA,midyear_estimate,available,World Bank fallback: reviewed Wikipedia global lists do not provide a complete exact-year annual series.
VE,VE,Venezuela,2006,27224686,worldbank-SP.POP.TOTL-20260713,https://data.worldbank.org/indicator/SP.POP.TOTL?locations=VE,VEN,midyear_estimate,available,World Bank fallback: reviewed Wikipedia global lists do not provide a complete exact-year annual series.
VE,VE,Venezuela,2009,28438298,worldbank-SP.POP.TOTL-20260713,https://data.worldbank.org/indicator/SP.POP.TOTL?locations=VE,VEN,midyear_estimate,available,World Bank fallback: reviewed Wikipedia global lists do not provide a complete exact-year annual series.
VE,VE,Venezuela,2012,29553826,worldbank-SP.POP.TOTL-20260713,https://data.worldbank.org/indicator/SP.POP.TOTL?locations=VE,VEN,midyear_estimate,available,World Bank fallback: reviewed Wikipedia global lists do not provide a complete exact-year annual series.
VE,VE,Venezuela,2015,30573972,worldbank-SP.POP.TOTL-20260713,https://data.worldbank.org/indicator/SP.POP.TOTL?locations=VE,VEN,midyear_estimate,available,World Bank fallback: reviewed Wikipedia global lists do not provide a complete exact-year annual series.
VE,VE,Venezuela,2018,29807592,worldbank-SP.POP.TOTL-20260713,https://data.worldbank.org/indicator/SP.POP.TOTL?locations=VE,VEN,midyear_estimate,available,World Bank fallback: reviewed Wikipedia global lists do not provide a complete exact-year annual series.
VE,VE,Venezuela,2021,28237826,worldbank-SP.POP.TOTL-20260713,https://data.worldbank.org/indicator/SP.POP.TOTL?locations=VE,VEN,midyear_estimate,available,World Bank fallback: reviewed Wikipedia global lists do not provide a complete exact-year annual series.
VE,VE,Venezuela,2024,28405543,worldbank-SP.POP.TOTL-20260713,https://data.worldbank.org/indicator/SP.POP.TOTL?locations=VE,VEN,midyear_estimate,available,World Bank fallback: reviewed Wikipedia global lists do not provide a complete exact-year annual series.
PE,PE,Peru,2006,28324491,worldbank-SP.POP.TOTL-20260713,https://data.worldbank.org/indicator/SP.POP.TOTL?locations=PE,PER,midyear_estimate,available,World Bank fallback: reviewed Wikipedia global lists do not provide a complete exact-year annual series.
PE,PE,Peru,2009,28896811,worldbank-SP.POP.TOTL-20260713,https://data.worldbank.org/indicator/SP.POP.TOTL?locations=PE,PER,midyear_estimate,available,World Bank fallback: reviewed Wikipedia global lists do not provide a complete exact-year annual series.
PE,PE,Peru,2012,29550366,worldbank-SP.POP.TOTL-20260713,https://data.worldbank.org/indicator/SP.POP.TOTL?locations=PE,PER,midyear_estimate,available,World Bank fallback: reviewed Wikipedia global lists do not provide a complete exact-year annual series.
PE,PE,Peru,2015,30457600,worldbank-SP.POP.TOTL-20260713,https://data.worldbank.org/indicator/SP.POP.TOTL?locations=PE,PER,midyear_estimate,available,World Bank fallback: reviewed Wikipedia global lists do not provide a complete exact-year annual series.
PE,PE,Peru,2018,31897584,worldbank-SP.POP.TOTL-20260713,https://data.worldbank.org/indicator/SP.POP.TOTL?locations=PE,PER,midyear_estimate,available,World Bank fallback: reviewed Wikipedia global lists do not provide a complete exact-year annual series.
PE,PE,Peru,2021,33155882,worldbank-SP.POP.TOTL-20260713,https://data.worldbank.org/indicator/SP.POP.TOTL?locations=PE,PER,midyear_estimate,available,World Bank fallback: reviewed Wikipedia global lists do not provide a complete exact-year annual series.
PE,PE,Peru,2024,34217848,worldbank-SP.POP.TOTL-20260713,https://data.worldbank.org/indicator/SP.POP.TOTL?locations=PE,PER,midyear_estimate,available,World Bank fallback: reviewed Wikipedia global lists do not provide a complete exact-year annual series.
BO,BO,Bolivia,2006,9521689,worldbank-SP.POP.TOTL-20260713,https://data.worldbank.org/indicator/SP.POP.TOTL?locations=BO,BOL,midyear_estimate,available,World Bank fallback: reviewed Wikipedia global lists do not provide a complete exact-year annual series.
BO,BO,Bolivia,2009,10016275,worldbank-SP.POP.TOTL-20260713,https://data.worldbank.org/indicator/SP.POP.TOTL?locations=BO,BOL,midyear_estimate,available,World Bank fallback: reviewed Wikipedia global lists do not provide a complete exact-year annual series.
BO,BO,Bolivia,2012,10515807,worldbank-SP.POP.TOTL-20260713,https://data.worldbank.org/indicator/SP.POP.TOTL?locations=BO,BOL,midyear_estimate,available,World Bank fallback: reviewed Wikipedia global lists do not provide a complete exact-year annual series.
BO,BO,Bolivia,2015,11014705,worldbank-SP.POP.TOTL-20260713,https://data.worldbank.org/indicator/SP.POP.TOTL?locations=BO,BOL,midyear_estimate,available,World Bank fallback: reviewed Wikipedia global lists do not provide a complete exact-year annual series.
BO,BO,Bolivia,2018,11508368,worldbank-SP.POP.TOTL-20260713,https://data.worldbank.org/indicator/SP.POP.TOTL?locations=BO,BOL,midyear_estimate,available,World Bank fallback: reviewed Wikipedia global lists do not provide a complete exact-year annual series.
BO,BO,Bolivia,2021,11937360,worldbank-SP.POP.TOTL-20260713,https://data.worldbank.org/indicator/SP.POP.TOTL?locations=BO,BOL,midyear_estimate,available,World Bank fallback: reviewed Wikipedia global lists do not provide a complete exact-year annual series.
BO,BO,Bolivia,2024,12413315,worldbank-SP.POP.TOTL-20260713,https://data.worldbank.org/indicator/SP.POP.TOTL?locations=BO,BOL,midyear_estimate,available,World Bank fallback: reviewed Wikipedia global lists do not provide a complete exact-year annual series.
IS,IS,Iceland,2006,303782,worldbank-SP.POP.TOTL-20260713,https://data.worldbank.org/indicator/SP.POP.TOTL?locations=IS,ISL,midyear_estimate,available,World Bank fallback: reviewed Wikipedia global lists do not provide a complete exact-year annual series.
IS,IS,Iceland,2009,318499,worldbank-SP.POP.TOTL-20260713,https://data.worldbank.org/indicator/SP.POP.TOTL?locations=IS,ISL,midyear_estimate,available,World Bank fallback: reviewed Wikipedia global lists do not provide a complete exact-year annual series.
IS,IS,Iceland,2012,320716,worldbank-SP.POP.TOTL-20260713,https://data.worldbank.org/indicator/SP.POP.TOTL?locations=IS,ISL,midyear_estimate,available,World Bank fallback: reviewed Wikipedia global lists do not provide a complete exact-year annual series.
IS,IS,Iceland,2015,330815,worldbank-SP.POP.TOTL-20260713,https://data.worldbank.org/indicator/SP.POP.TOTL?locations=IS,ISL,midyear_estimate,available,World Bank fallback: reviewed Wikipedia global lists do not provide a complete exact-year annual series.
IS,IS,Iceland,2018,352721,worldbank-SP.POP.TOTL-20260713,https://data.worldbank.org/indicator/SP.POP.TOTL?locations=IS,ISL,midyear_estimate,available,World Bank fallback: reviewed Wikipedia global lists do not provide a complete exact-year annual series.
IS,IS,Iceland,2021,372520,worldbank-SP.POP.TOTL-20260713,https://data.worldbank.org/indicator/SP.POP.TOTL?locations=IS,ISL,midyear_estimate,available,World Bank fallback: reviewed Wikipedia global lists do not provide a complete exact-year annual series.
IS,IS,Iceland,2024,386506,worldbank-SP.POP.TOTL-20260713,https://data.worldbank.org/indicator/SP.POP.TOTL?locations=IS,ISL,midyear_estimate,available,World Bank fallback: reviewed Wikipedia global lists do not provide a complete exact-year annual series.
IE,IE,Ireland,2006,4273591,worldbank-SP.POP.TOTL-20260713,https://data.worldbank.org/indicator/SP.POP.TOTL?locations=IE,IRL,midyear_estimate,available,World Bank fallback: reviewed Wikipedia global lists do not provide a complete exact-year annual series.
IE,IE,Ireland,2009,4535375,worldbank-SP.POP.TOTL-20260713,https://data.worldbank.org/indicator/SP.POP.TOTL?locations=IE,IRL,midyear_estimate,available,World Bank fallback: reviewed Wikipedia global lists do not provide a complete exact-year annual series.
IE,IE,Ireland,2012,4599533,worldbank-SP.POP.TOTL-20260713,https://data.worldbank.org/indicator/SP.POP.TOTL?locations=IE,IRL,midyear_estimate,available,World Bank fallback: reviewed Wikipedia global lists do not provide a complete exact-year annual series.
IE,IE,Ireland,2015,4701957,worldbank-SP.POP.TOTL-20260713,https://data.worldbank.org/indicator/SP.POP.TOTL?locations=IE,IRL,midyear_estimate,available,World Bank fallback: reviewed Wikipedia global lists do not provide a complete exact-year annual series.
IE,IE,Ireland,2018,4898022,worldbank-SP.POP.TOTL-20260713,https://data.worldbank.org/indicator/SP.POP.TOTL?locations=IE,IRL,midyear_estimate,available,World Bank fallback: reviewed Wikipedia global lists do not provide a complete exact-year annual series.
IE,IE,Ireland,2021,5110585,worldbank-SP.POP.TOTL-20260713,https://data.worldbank.org/indicator/SP.POP.TOTL?locations=IE,IRL,midyear_estimate,available,World Bank fallback: reviewed Wikipedia global lists do not provide a complete exact-year annual series.
IE,IE,Ireland,2024,5395790,worldbank-SP.POP.TOTL-20260713,https://data.worldbank.org/indicator/SP.POP.TOTL?locations=IE,IRL,midyear_estimate,available,World Bank fallback: reviewed Wikipedia global lists do not provide a complete exact-year annual series.
AD,AD,Andorra,2006,79585,worldbank-SP.POP.TOTL-20260713,https://data.worldbank.org/indicator/SP.POP.TOTL?locations=AD,AND,midyear_estimate,available,World Bank fallback: reviewed Wikipedia global lists do not provide a complete exact-year annual series.
AD,AD,Andorra,2009,83888,worldbank-SP.POP.TOTL-20260713,https://data.worldbank.org/indicator/SP.POP.TOTL?locations=AD,AND,midyear_estimate,available,World Bank fallback: reviewed Wikipedia global lists do not provide a complete exact-year annual series.
AD,AD,Andorra,2012,76834,worldbank-SP.POP.TOTL-20260713,https://data.worldbank.org/indicator/SP.POP.TOTL?locations=AD,AND,midyear_estimate,available,World Bank fallback: reviewed Wikipedia global lists do not provide a complete exact-year annual series.
AD,AD,Andorra,2015,72174,worldbank-SP.POP.TOTL-20260713,https://data.worldbank.org/indicator/SP.POP.TOTL?locations=AD,AND,midyear_estimate,available,World Bank fallback: reviewed Wikipedia global lists do not provide a complete exact-year annual series.
AD,AD,Andorra,2018,75162,worldbank-SP.POP.TOTL-20260713,https://data.worldbank.org/indicator/SP.POP.TOTL?locations=AD,AND,midyear_estimate,available,World Bank fallback: reviewed Wikipedia global lists do not provide a complete exact-year annual series.
AD,AD,Andorra,2021,78364,worldbank-SP.POP.TOTL-20260713,https://data.worldbank.org/indicator/SP.POP.TOTL?locations=AD,AND,midyear_estimate,available,World Bank fallback: reviewed Wikipedia global lists do not provide a complete exact-year annual series.
AD,AD,Andorra,2024,81938,worldbank-SP.POP.TOTL-20260713,https://data.worldbank.org/indicator/SP.POP.TOTL?locations=AD,AND,midyear_estimate,available,World Bank fallback: reviewed Wikipedia global lists do not provide a complete exact-year annual series.
IT,IT,Italy,2006,58399861,worldbank-SP.POP.TOTL-20260713,https://data.worldbank.org/indicator/SP.POP.TOTL?locations=IT,ITA,midyear_estimate,available,World Bank fallback: reviewed Wikipedia global lists do not provide a complete exact-year annual series.
IT,IT,Italy,2009,59555454,worldbank-SP.POP.TOTL-20260713,https://data.worldbank.org/indicator/SP.POP.TOTL?locations=IT,ITA,midyear_estimate,available,World Bank fallback: reviewed Wikipedia global lists do not provide a complete exact-year annual series.
IT,IT,Italy,2012,60191247,worldbank-SP.POP.TOTL-20260713,https://data.worldbank.org/indicator/SP.POP.TOTL?locations=IT,ITA,midyear_estimate,available,World Bank fallback: reviewed Wikipedia global lists do not provide a complete exact-year annual series.
IT,IT,Italy,2015,60229605,worldbank-SP.POP.TOTL-20260713,https://data.worldbank.org/indicator/SP.POP.TOTL?locations=IT,ITA,midyear_estimate,available,World Bank fallback: reviewed Wikipedia global lists do not provide a complete exact-year annual series.
IT,IT,Italy,2018,59877221,worldbank-SP.POP.TOTL-20260713,https://data.worldbank.org/indicator/SP.POP.TOTL?locations=IT,ITA,midyear_estimate,available,World Bank fallback: reviewed Wikipedia global lists do not provide a complete exact-year annual series.
IT,IT,Italy,2021,59133173,worldbank-SP.POP.TOTL-20260713,https://data.worldbank.org/indicator/SP.POP.TOTL?locations=IT,ITA,midyear_estimate,available,World Bank fallback: reviewed Wikipedia global lists do not provide a complete exact-year annual series.
IT,IT,Italy,2024,58952704,worldbank-SP.POP.TOTL-20260713,https://data.worldbank.org/indicator/SP.POP.TOTL?locations=IT,ITA,midyear_estimate,available,World Bank fallback: reviewed Wikipedia global lists do not provide a complete exact-year annual series.
GB,GB,United Kingdom,2006,60846820,worldbank-SP.POP.TOTL-20260713,https://data.worldbank.org/indicator/SP.POP.TOTL?locations=GB,GBR,midyear_estimate,available,World Bank fallback: reviewed Wikipedia global lists do not provide a complete exact-year annual series.
GB,GB,United Kingdom,2009,62276270,worldbank-SP.POP.TOTL-20260713,https://data.worldbank.org/indicator/SP.POP.TOTL?locations=GB,GBR,midyear_estimate,available,World Bank fallback: reviewed Wikipedia global lists do not provide a complete exact-year annual series.
GB,GB,United Kingdom,2012,63711000,worldbank-SP.POP.TOTL-20260713,https://data.worldbank.org/indicator/SP.POP.TOTL?locations=GB,GBR,midyear_estimate,available,World Bank fallback: reviewed Wikipedia global lists do not provide a complete exact-year annual series.
GB,GB,United Kingdom,2015,65087000,worldbank-SP.POP.TOTL-20260713,https://data.worldbank.org/indicator/SP.POP.TOTL?locations=GB,GBR,midyear_estimate,available,World Bank fallback: reviewed Wikipedia global lists do not provide a complete exact-year annual series.
GB,GB,United Kingdom,2018,66287000,worldbank-SP.POP.TOTL-20260713,https://data.worldbank.org/indicator/SP.POP.TOTL?locations=GB,GBR,midyear_estimate,available,World Bank fallback: reviewed Wikipedia global lists do not provide a complete exact-year annual series.
GB,GB,United Kingdom,2021,66978000,worldbank-SP.POP.TOTL-20260713,https://data.worldbank.org/indicator/SP.POP.TOTL?locations=GB,GBR,midyear_estimate,available,World Bank fallback: reviewed Wikipedia global lists do not provide a complete exact-year annual series.
GB,GB,United Kingdom,2024,69281000,worldbank-SP.POP.TOTL-20260713,https://data.worldbank.org/indicator/SP.POP.TOTL?locations=GB,GBR,midyear_estimate,available,World Bank fallback: reviewed Wikipedia global lists do not provide a complete exact-year annual series.
AT,AT,Austria,2006,8268641,worldbank-SP.POP.TOTL-20260713,https://data.worldbank.org/indicator/SP.POP.TOTL?locations=AT,AUT,midyear_estimate,available,World Bank fallback: reviewed Wikipedia global lists do not provide a complete exact-year annual series.
AT,AT,Austria,2009,8343323,worldbank-SP.POP.TOTL-20260713,https://data.worldbank.org/indicator/SP.POP.TOTL?locations=AT,AUT,midyear_estimate,available,World Bank fallback: reviewed Wikipedia global lists do not provide a complete exact-year annual series.
AT,AT,Austria,2012,8429991,worldbank-SP.POP.TOTL-20260713,https://data.worldbank.org/indicator/SP.POP.TOTL?locations=AT,AUT,midyear_estimate,available,World Bank fallback: reviewed Wikipedia global lists do not provide a complete exact-year annual series.
AT,AT,Austria,2015,8642699,worldbank-SP.POP.TOTL-20260713,https://data.worldbank.org/indicator/SP.POP.TOTL?locations=AT,AUT,midyear_estimate,available,World Bank fallback: reviewed Wikipedia global lists do not provide a complete exact-year annual series.
AT,AT,Austria,2018,8840521,worldbank-SP.POP.TOTL-20260713,https://data.worldbank.org/indicator/SP.POP.TOTL?locations=AT,AUT,midyear_estimate,available,World Bank fallback: reviewed Wikipedia global lists do not provide a complete exact-year annual series.
AT,AT,Austria,2021,8955797,worldbank-SP.POP.TOTL-20260713,https://data.worldbank.org/indicator/SP.POP.TOTL?locations=AT,AUT,midyear_estimate,available,World Bank fallback: reviewed Wikipedia global lists do not provide a complete exact-year annual series.
AT,AT,Austria,2024,9177982,worldbank-SP.POP.TOTL-20260713,https://data.worldbank.org/indicator/SP.POP.TOTL?locations=AT,AUT,midyear_estimate,available,World Bank fallback: reviewed Wikipedia global lists do not provide a complete exact-year annual series.
NL,NL,Netherlands,2006,16346101,worldbank-SP.POP.TOTL-20260713,https://data.worldbank.org/indicator/SP.POP.TOTL?locations=NL,NLD,midyear_estimate,available,World Bank fallback: reviewed Wikipedia global lists do not provide a complete exact-year annual series.
NL,NL,Netherlands,2009,16530388,worldbank-SP.POP.TOTL-20260713,https://data.worldbank.org/indicator/SP.POP.TOTL?locations=NL,NLD,midyear_estimate,available,World Bank fallback: reviewed Wikipedia global lists do not provide a complete exact-year annual series.
NL,NL,Netherlands,2012,16754962,worldbank-SP.POP.TOTL-20260713,https://data.worldbank.org/indicator/SP.POP.TOTL?locations=NL,NLD,midyear_estimate,available,World Bank fallback: reviewed Wikipedia global lists do not provide a complete exact-year annual series.
NL,NL,Netherlands,2015,16939923,worldbank-SP.POP.TOTL-20260713,https://data.worldbank.org/indicator/SP.POP.TOTL?locations=NL,NLD,midyear_estimate,available,World Bank fallback: reviewed Wikipedia global lists do not provide a complete exact-year annual series.
NL,NL,Netherlands,2018,17231624,worldbank-SP.POP.TOTL-20260713,https://data.worldbank.org/indicator/SP.POP.TOTL?locations=NL,NLD,midyear_estimate,available,World Bank fallback: reviewed Wikipedia global lists do not provide a complete exact-year annual series.
NL,NL,Netherlands,2021,17533044,worldbank-SP.POP.TOTL-20260713,https://data.worldbank.org/indicator/SP.POP.TOTL?locations=NL,NLD,midyear_estimate,available,World Bank fallback: reviewed Wikipedia global lists do not provide a complete exact-year annual series.
NL,NL,Netherlands,2024,17993485,worldbank-SP.POP.TOTL-20260713,https://data.worldbank.org/indicator/SP.POP.TOTL?locations=NL,NLD,midyear_estimate,available,World Bank fallback: reviewed Wikipedia global lists do not provide a complete exact-year annual series.
CY,CY,Cyprus,2006,1054418,worldbank-SP.POP.TOTL-20260713,https://data.worldbank.org/indicator/SP.POP.TOTL?locations=CY,CYP,midyear_estimate,available,World Bank fallback: reviewed Wikipedia global lists do not provide a complete exact-year annual series.
CY,CY,Cyprus,2009,1109371,worldbank-SP.POP.TOTL-20260713,https://data.worldbank.org/indicator/SP.POP.TOTL?locations=CY,CYP,midyear_estimate,available,World Bank fallback: reviewed Wikipedia global lists do not provide a complete exact-year annual series.
CY,CY,Cyprus,2012,1165397,worldbank-SP.POP.TOTL-20260713,https://data.worldbank.org/indicator/SP.POP.TOTL?locations=CY,CYP,midyear_estimate,available,World Bank fallback: reviewed Wikipedia global lists do not provide a complete exact-year annual series.
CY,CY,Cyprus,2015,1219502,worldbank-SP.POP.TOTL-20260713,https://data.worldbank.org/indicator/SP.POP.TOTL?locations=CY,CYP,midyear_estimate,available,World Bank fallback: reviewed Wikipedia global lists do not provide a complete exact-year annual series.
CY,CY,Cyprus,2018,1270737,worldbank-SP.POP.TOTL-20260713,https://data.worldbank.org/indicator/SP.POP.TOTL?locations=CY,CYP,midyear_estimate,available,World Bank fallback: reviewed Wikipedia global lists do not provide a complete exact-year annual series.
CY,CY,Cyprus,2021,1317309,worldbank-SP.POP.TOTL-20260713,https://data.worldbank.org/indicator/SP.POP.TOTL?locations=CY,CYP,midyear_estimate,available,World Bank fallback: reviewed Wikipedia global lists do not provide a complete exact-year annual series.
CY,CY,Cyprus,2024,1358282,worldbank-SP.POP.TOTL-20260713,https://data.worldbank.org/indicator/SP.POP.TOTL?locations=CY,CYP,midyear_estimate,available,World Bank fallback: reviewed Wikipedia global lists do not provide a complete exact-year annual series.
GR,GR,Greece,2006,11020362,worldbank-SP.POP.TOTL-20260713,https://data.worldbank.org/indicator/SP.POP.TOTL?locations=GR,GRC,midyear_estimate,available,World Bank fallback: reviewed Wikipedia global lists do not provide a complete exact-year annual series.
GR,GR,Greece,2009,11107017,worldbank-SP.POP.TOTL-20260713,https://data.worldbank.org/indicator/SP.POP.TOTL?locations=GR,GRC,midyear_estimate,available,World Bank fallback: reviewed Wikipedia global lists do not provide a complete exact-year annual series.
GR,GR,Greece,2012,11045011,worldbank-SP.POP.TOTL-20260713,https://data.worldbank.org/indicator/SP.POP.TOTL?locations=GR,GRC,midyear_estimate,available,World Bank fallback: reviewed Wikipedia global lists do not provide a complete exact-year annual series.
GR,GR,Greece,2015,10820883,worldbank-SP.POP.TOTL-20260713,https://data.worldbank.org/indicator/SP.POP.TOTL?locations=GR,GRC,midyear_estimate,available,World Bank fallback: reviewed Wikipedia global lists do not provide a complete exact-year annual series.
GR,GR,Greece,2018,10732882,worldbank-SP.POP.TOTL-20260713,https://data.worldbank.org/indicator/SP.POP.TOTL?locations=GR,GRC,midyear_estimate,available,World Bank fallback: reviewed Wikipedia global lists do not provide a complete exact-year annual series.
GR,GR,Greece,2021,10570130,worldbank-SP.POP.TOTL-20260713,https://data.worldbank.org/indicator/SP.POP.TOTL?locations=GR,GRC,midyear_estimate,available,World Bank fallback: reviewed Wikipedia global lists do not provide a complete exact-year annual series.
GR,GR,Greece,2024,10405134,worldbank-SP.POP.TOTL-20260713,https://data.worldbank.org/indicator/SP.POP.TOTL?locations=GR,GRC,midyear_estimate,available,World Bank fallback: reviewed Wikipedia global lists do not provide a complete exact-year annual series.
SM,SM,San Marino,2006,30184,worldbank-SP.POP.TOTL-20260713,https://data.worldbank.org/indicator/SP.POP.TOTL?locations=SM,SMR,midyear_estimate,available,World Bank fallback: reviewed Wikipedia global lists do not provide a complete exact-year annual series.
SM,SM,San Marino,2009,33066,worldbank-SP.POP.TOTL-20260713,https://data.worldbank.org/indicator/SP.POP.TOTL?locations=SM,SMR,midyear_estimate,available,World Bank fallback: reviewed Wikipedia global lists do not provide a complete exact-year annual series.
SM,SM,San Marino,2012,33469,worldbank-SP.POP.TOTL-20260713,https://data.worldbank.org/indicator/SP.POP.TOTL?locations=SM,SMR,midyear_estimate,available,World Bank fallback: reviewed Wikipedia global lists do not provide a complete exact-year annual series.
SM,SM,San Marino,2015,32897,worldbank-SP.POP.TOTL-20260713,https://data.worldbank.org/indicator/SP.POP.TOTL?locations=SM,SMR,midyear_estimate,available,World Bank fallback: reviewed Wikipedia global lists do not provide a complete exact-year annual series.
SM,SM,San Marino,2018,34522,worldbank-SP.POP.TOTL-20260713,https://data.worldbank.org/indicator/SP.POP.TOTL?locations=SM,SMR,midyear_estimate,available,World Bank fallback: reviewed Wikipedia global lists do not provide a complete exact-year annual series.
SM,SM,San Marino,2021,34252,worldbank-SP.POP.TOTL-20260713,https://data.worldbank.org/indicator/SP.POP.TOTL?locations=SM,SMR,midyear_estimate,available,World Bank fallback: reviewed Wikipedia global lists do not provide a complete exact-year annual series.
SM,SM,San Marino,2024,33977,worldbank-SP.POP.TOTL-20260713,https://data.worldbank.org/indicator/SP.POP.TOTL?locations=SM,SMR,midyear_estimate,available,World Bank fallback: reviewed Wikipedia global lists do not provide a complete exact-year annual series.
CH,CH,Switzerland,2006,7483934,worldbank-SP.POP.TOTL-20260713,https://data.worldbank.org/indicator/SP.POP.TOTL?locations=CH,CHE,midyear_estimate,available,World Bank fallback: reviewed Wikipedia global lists do not provide a complete exact-year annual series.
CH,CH,Switzerland,2009,7743831,worldbank-SP.POP.TOTL-20260713,https://data.worldbank.org/indicator/SP.POP.TOTL?locations=CH,CHE,midyear_estimate,available,World Bank fallback: reviewed Wikipedia global lists do not provide a complete exact-year annual series.
CH,CH,Switzerland,2012,7996861,worldbank-SP.POP.TOTL-20260713,https://data.worldbank.org/indicator/SP.POP.TOTL?locations=CH,CHE,midyear_estimate,available,World Bank fallback: reviewed Wikipedia global lists do not provide a complete exact-year annual series.
CH,CH,Switzerland,2015,8282396,worldbank-SP.POP.TOTL-20260713,https://data.worldbank.org/indicator/SP.POP.TOTL?locations=CH,CHE,midyear_estimate,available,World Bank fallback: reviewed Wikipedia global lists do not provide a complete exact-year annual series.
CH,CH,Switzerland,2018,8514329,worldbank-SP.POP.TOTL-20260713,https://data.worldbank.org/indicator/SP.POP.TOTL?locations=CH,CHE,midyear_estimate,available,World Bank fallback: reviewed Wikipedia global lists do not provide a complete exact-year annual series.
CH,CH,Switzerland,2021,8704546,worldbank-SP.POP.TOTL-20260713,https://data.worldbank.org/indicator/SP.POP.TOTL?locations=CH,CHE,midyear_estimate,available,World Bank fallback: reviewed Wikipedia global lists do not provide a complete exact-year annual series.
CH,CH,Switzerland,2024,9005582,worldbank-SP.POP.TOTL-20260713,https://data.worldbank.org/indicator/SP.POP.TOTL?locations=CH,CHE,midyear_estimate,available,World Bank fallback: reviewed Wikipedia global lists do not provide a complete exact-year annual series.
SE,SE,Sweden,2006,9080505,worldbank-SP.POP.TOTL-20260713,https://data.worldbank.org/indicator/SP.POP.TOTL?locations=SE,SWE,midyear_estimate,available,World Bank fallback: reviewed Wikipedia global lists do not provide a complete exact-year annual series.
SE,SE,Sweden,2009,9298515,worldbank-SP.POP.TOTL-20260713,https://data.worldbank.org/indicator/SP.POP.TOTL?locations=SE,SWE,midyear_estimate,available,World Bank fallback: reviewed Wikipedia global lists do not provide a complete exact-year annual series.
SE,SE,Sweden,2012,9519374,worldbank-SP.POP.TOTL-20260713,https://data.worldbank.org/indicator/SP.POP.TOTL?locations=SE,SWE,midyear_estimate,available,World Bank fallback: reviewed Wikipedia global lists do not provide a complete exact-year annual series.
SE,SE,Sweden,2015,9799186,worldbank-SP.POP.TOTL-20260713,https://data.worldbank.org/indicator/SP.POP.TOTL?locations=SE,SWE,midyear_estimate,available,World Bank fallback: reviewed Wikipedia global lists do not provide a complete exact-year annual series.
SE,SE,Sweden,2018,10175214,worldbank-SP.POP.TOTL-20260713,https://data.worldbank.org/indicator/SP.POP.TOTL?locations=SE,SWE,midyear_estimate,available,World Bank fallback: reviewed Wikipedia global lists do not provide a complete exact-year annual series.
SE,SE,Sweden,2021,10415811,worldbank-SP.POP.TOTL-20260713,https://data.worldbank.org/indicator/SP.POP.TOTL?locations=SE,SWE,midyear_estimate,available,World Bank fallback: reviewed Wikipedia global lists do not provide a complete exact-year annual series.
SE,SE,Sweden,2024,10569709,worldbank-SP.POP.TOTL-20260713,https://data.worldbank.org/indicator/SP.POP.TOTL?locations=SE,SWE,midyear_estimate,available,World Bank fallback: reviewed Wikipedia global lists do not provide a complete exact-year annual series.
ES,ES,Spain,2006,44397319,worldbank-SP.POP.TOTL-20260713,https://data.worldbank.org/indicator/SP.POP.TOTL?locations=ES,ESP,midyear_estimate,available,World Bank fallback: reviewed Wikipedia global lists do not provide a complete exact-year annual series.
ES,ES,Spain,2009,46362946,worldbank-SP.POP.TOTL-20260713,https://data.worldbank.org/indicator/SP.POP.TOTL?locations=ES,ESP,midyear_estimate,available,World Bank fallback: reviewed Wikipedia global lists do not provide a complete exact-year annual series.
ES,ES,Spain,2012,46773055,worldbank-SP.POP.TOTL-20260713,https://data.worldbank.org/indicator/SP.POP.TOTL?locations=ES,ESP,midyear_estimate,available,World Bank fallback: reviewed Wikipedia global lists do not provide a complete exact-year annual series.
ES,ES,Spain,2015,46422303,worldbank-SP.POP.TOTL-20260713,https://data.worldbank.org/indicator/SP.POP.TOTL?locations=ES,ESP,midyear_estimate,available,World Bank fallback: reviewed Wikipedia global lists do not provide a complete exact-year annual series.
ES,ES,Spain,2018,46782011,worldbank-SP.POP.TOTL-20260713,https://data.worldbank.org/indicator/SP.POP.TOTL?locations=ES,ESP,midyear_estimate,available,World Bank fallback: reviewed Wikipedia global lists do not provide a complete exact-year annual series.
ES,ES,Spain,2021,47443821,worldbank-SP.POP.TOTL-20260713,https://data.worldbank.org/indicator/SP.POP.TOTL?locations=ES,ESP,midyear_estimate,available,World Bank fallback: reviewed Wikipedia global lists do not provide a complete exact-year annual series.
ES,ES,Spain,2024,48848840,worldbank-SP.POP.TOTL-20260713,https://data.worldbank.org/indicator/SP.POP.TOTL?locations=ES,ESP,midyear_estimate,available,World Bank fallback: reviewed Wikipedia global lists do not provide a complete exact-year annual series.
DK,DK,Denmark,2006,5437272,worldbank-SP.POP.TOTL-20260713,https://data.worldbank.org/indicator/SP.POP.TOTL?locations=DK,DNK,midyear_estimate,available,World Bank fallback: reviewed Wikipedia global lists do not provide a complete exact-year annual series.
DK,DK,Denmark,2009,5523095,worldbank-SP.POP.TOTL-20260713,https://data.worldbank.org/indicator/SP.POP.TOTL?locations=DK,DNK,midyear_estimate,available,World Bank fallback: reviewed Wikipedia global lists do not provide a complete exact-year annual series.
DK,DK,Denmark,2012,5591572,worldbank-SP.POP.TOTL-20260713,https://data.worldbank.org/indicator/SP.POP.TOTL?locations=DK,DNK,midyear_estimate,available,World Bank fallback: reviewed Wikipedia global lists do not provide a complete exact-year annual series.
DK,DK,Denmark,2015,5683483,worldbank-SP.POP.TOTL-20260713,https://data.worldbank.org/indicator/SP.POP.TOTL?locations=DK,DNK,midyear_estimate,available,World Bank fallback: reviewed Wikipedia global lists do not provide a complete exact-year annual series.
DK,DK,Denmark,2018,5793636,worldbank-SP.POP.TOTL-20260713,https://data.worldbank.org/indicator/SP.POP.TOTL?locations=DK,DNK,midyear_estimate,available,World Bank fallback: reviewed Wikipedia global lists do not provide a complete exact-year annual series.
DK,DK,Denmark,2021,5856733,worldbank-SP.POP.TOTL-20260713,https://data.worldbank.org/indicator/SP.POP.TOTL?locations=DK,DNK,midyear_estimate,available,World Bank fallback: reviewed Wikipedia global lists do not provide a complete exact-year annual series.
DK,DK,Denmark,2024,5976992,worldbank-SP.POP.TOTL-20260713,https://data.worldbank.org/indicator/SP.POP.TOTL?locations=DK,DNK,midyear_estimate,available,World Bank fallback: reviewed Wikipedia global lists do not provide a complete exact-year annual series.
DE,DE,Germany,2006,82376451,worldbank-SP.POP.TOTL-20260713,https://data.worldbank.org/indicator/SP.POP.TOTL?locations=DE,DEU,midyear_estimate,available,World Bank fallback: reviewed Wikipedia global lists do not provide a complete exact-year annual series.
DE,DE,Germany,2009,81902307,worldbank-SP.POP.TOTL-20260713,https://data.worldbank.org/indicator/SP.POP.TOTL?locations=DE,DEU,midyear_estimate,available,World Bank fallback: reviewed Wikipedia global lists do not provide a complete exact-year annual series.
DE,DE,Germany,2012,80425823,worldbank-SP.POP.TOTL-20260713,https://data.worldbank.org/indicator/SP.POP.TOTL?locations=DE,DEU,midyear_estimate,available,World Bank fallback: reviewed Wikipedia global lists do not provide a complete exact-year annual series.
DE,DE,Germany,2015,81686611,worldbank-SP.POP.TOTL-20260713,https://data.worldbank.org/indicator/SP.POP.TOTL?locations=DE,DEU,midyear_estimate,available,World Bank fallback: reviewed Wikipedia global lists do not provide a complete exact-year annual series.
DE,DE,Germany,2018,82905782,worldbank-SP.POP.TOTL-20260713,https://data.worldbank.org/indicator/SP.POP.TOTL?locations=DE,DEU,midyear_estimate,available,World Bank fallback: reviewed Wikipedia global lists do not provide a complete exact-year annual series.
DE,DE,Germany,2021,83196078,worldbank-SP.POP.TOTL-20260713,https://data.worldbank.org/indicator/SP.POP.TOTL?locations=DE,DEU,midyear_estimate,available,World Bank fallback: reviewed Wikipedia global lists do not provide a complete exact-year annual series.
DE,DE,Germany,2024,83516593,worldbank-SP.POP.TOTL-20260713,https://data.worldbank.org/indicator/SP.POP.TOTL?locations=DE,DEU,midyear_estimate,available,World Bank fallback: reviewed Wikipedia global lists do not provide a complete exact-year annual series.
NO,NO,Norway,2006,4660677,worldbank-SP.POP.TOTL-20260713,https://data.worldbank.org/indicator/SP.POP.TOTL?locations=NO,NOR,midyear_estimate,available,World Bank fallback: reviewed Wikipedia global lists do not provide a complete exact-year annual series.
NO,NO,Norway,2009,4828726,worldbank-SP.POP.TOTL-20260713,https://data.worldbank.org/indicator/SP.POP.TOTL?locations=NO,NOR,midyear_estimate,available,World Bank fallback: reviewed Wikipedia global lists do not provide a complete exact-year annual series.
NO,NO,Norway,2012,5018573,worldbank-SP.POP.TOTL-20260713,https://data.worldbank.org/indicator/SP.POP.TOTL?locations=NO,NOR,midyear_estimate,available,World Bank fallback: reviewed Wikipedia global lists do not provide a complete exact-year annual series.
NO,NO,Norway,2015,5188607,worldbank-SP.POP.TOTL-20260713,https://data.worldbank.org/indicator/SP.POP.TOTL?locations=NO,NOR,midyear_estimate,available,World Bank fallback: reviewed Wikipedia global lists do not provide a complete exact-year annual series.
NO,NO,Norway,2018,5311916,worldbank-SP.POP.TOTL-20260713,https://data.worldbank.org/indicator/SP.POP.TOTL?locations=NO,NOR,midyear_estimate,available,World Bank fallback: reviewed Wikipedia global lists do not provide a complete exact-year annual series.
NO,NO,Norway,2021,5408320,worldbank-SP.POP.TOTL-20260713,https://data.worldbank.org/indicator/SP.POP.TOTL?locations=NO,NOR,midyear_estimate,available,World Bank fallback: reviewed Wikipedia global lists do not provide a complete exact-year annual series.
NO,NO,Norway,2024,5572279,worldbank-SP.POP.TOTL-20260713,https://data.worldbank.org/indicator/SP.POP.TOTL?locations=NO,NOR,midyear_estimate,available,World Bank fallback: reviewed Wikipedia global lists do not provide a complete exact-year annual series.
VA,VA,Vatican City,2006,,,,,,unavailable,"No audited comparable same-year population denominator. No interpolation, nearest-year substitution or zero filling."
VA,VA,Vatican City,2009,,,,,,unavailable,"No audited comparable same-year population denominator. No interpolation, nearest-year substitution or zero filling."
VA,VA,Vatican City,2012,,,,,,unavailable,"No audited comparable same-year population denominator. No interpolation, nearest-year substitution or zero filling."
VA,VA,Vatican City,2015,,,,,,unavailable,"No audited comparable same-year population denominator. No interpolation, nearest-year substitution or zero filling."
VA,VA,Vatican City,2018,,,,,,unavailable,"No audited comparable same-year population denominator. No interpolation, nearest-year substitution or zero filling."
VA,VA,Vatican City,2021,,,,,,unavailable,"No audited comparable same-year population denominator. No interpolation, nearest-year substitution or zero filling."
VA,VA,Vatican City,2024,,,,,,unavailable,"No audited comparable same-year population denominator. No interpolation, nearest-year substitution or zero filling."
FI,FI,Finland,2006,5266268,worldbank-SP.POP.TOTL-20260713,https://data.worldbank.org/indicator/SP.POP.TOTL?locations=FI,FIN,midyear_estimate,available,World Bank fallback: reviewed Wikipedia global lists do not provide a complete exact-year annual series.
FI,FI,Finland,2009,5338871,worldbank-SP.POP.TOTL-20260713,https://data.worldbank.org/indicator/SP.POP.TOTL?locations=FI,FIN,midyear_estimate,available,World Bank fallback: reviewed Wikipedia global lists do not provide a complete exact-year annual series.
FI,FI,Finland,2012,5413971,worldbank-SP.POP.TOTL-20260713,https://data.worldbank.org/indicator/SP.POP.TOTL?locations=FI,FIN,midyear_estimate,available,World Bank fallback: reviewed Wikipedia global lists do not provide a complete exact-year annual series.
FI,FI,Finland,2015,5479531,worldbank-SP.POP.TOTL-20260713,https://data.worldbank.org/indicator/SP.POP.TOTL?locations=FI,FIN,midyear_estimate,available,World Bank fallback: reviewed Wikipedia global lists do not provide a complete exact-year annual series.
FI,FI,Finland,2018,5515525,worldbank-SP.POP.TOTL-20260713,https://data.worldbank.org/indicator/SP.POP.TOTL?locations=FI,FIN,midyear_estimate,available,World Bank fallback: reviewed Wikipedia global lists do not provide a complete exact-year annual series.
FI,FI,Finland,2021,5541017,worldbank-SP.POP.TOTL-20260713,https://data.worldbank.org/indicator/SP.POP.TOTL?locations=FI,FIN,midyear_estimate,available,World Bank fallback: reviewed Wikipedia global lists do not provide a complete exact-year annual series.
FI,FI,Finland,2024,5619911,worldbank-SP.POP.TOTL-20260713,https://data.worldbank.org/indicator/SP.POP.TOTL?locations=FI,FIN,midyear_estimate,available,World Bank fallback: reviewed Wikipedia global lists do not provide a complete exact-year annual series.
FR,FR,France,2006,63622342,worldbank-SP.POP.TOTL-20260713,https://data.worldbank.org/indicator/SP.POP.TOTL?locations=FR,FRA,midyear_estimate,available,World Bank fallback: reviewed Wikipedia global lists do not provide a complete exact-year annual series.
FR,FR,France,2009,64706436,worldbank-SP.POP.TOTL-20260713,https://data.worldbank.org/indicator/SP.POP.TOTL?locations=FR,FRA,midyear_estimate,available,World Bank fallback: reviewed Wikipedia global lists do not provide a complete exact-year annual series.
FR,FR,France,2012,65657659,worldbank-SP.POP.TOTL-20260713,https://data.worldbank.org/indicator/SP.POP.TOTL?locations=FR,FRA,midyear_estimate,available,World Bank fallback: reviewed Wikipedia global lists do not provide a complete exact-year annual series.
FR,FR,France,2015,66548272,worldbank-SP.POP.TOTL-20260713,https://data.worldbank.org/indicator/SP.POP.TOTL?locations=FR,FRA,midyear_estimate,available,World Bank fallback: reviewed Wikipedia global lists do not provide a complete exact-year annual series.
FR,FR,France,2018,67158348,worldbank-SP.POP.TOTL-20260713,https://data.worldbank.org/indicator/SP.POP.TOTL?locations=FR,FRA,midyear_estimate,available,World Bank fallback: reviewed Wikipedia global lists do not provide a complete exact-year annual series.
FR,FR,France,2021,67842811,worldbank-SP.POP.TOTL-20260713,https://data.worldbank.org/indicator/SP.POP.TOTL?locations=FR,FRA,midyear_estimate,available,World Bank fallback: reviewed Wikipedia global lists do not provide a complete exact-year annual series.
FR,FR,France,2024,68551653,worldbank-SP.POP.TOTL-20260713,https://data.worldbank.org/indicator/SP.POP.TOTL?locations=FR,FRA,midyear_estimate,available,World Bank fallback: reviewed Wikipedia global lists do not provide a complete exact-year annual series.
BE,BE,Belgium,2006,10547958,worldbank-SP.POP.TOTL-20260713,https://data.worldbank.org/indicator/SP.POP.TOTL?locations=BE,BEL,midyear_estimate,available,World Bank fallback: reviewed Wikipedia global lists do not provide a complete exact-year annual series.
BE,BE,Belgium,2009,10796493,worldbank-SP.POP.TOTL-20260713,https://data.worldbank.org/indicator/SP.POP.TOTL?locations=BE,BEL,midyear_estimate,available,World Bank fallback: reviewed Wikipedia global lists do not provide a complete exact-year annual series.
BE,BE,Belgium,2012,11106932,worldbank-SP.POP.TOTL-20260713,https://data.worldbank.org/indicator/SP.POP.TOTL?locations=BE,BEL,midyear_estimate,available,World Bank fallback: reviewed Wikipedia global lists do not provide a complete exact-year annual series.
BE,BE,Belgium,2015,11274196,worldbank-SP.POP.TOTL-20260713,https://data.worldbank.org/indicator/SP.POP.TOTL?locations=BE,BEL,midyear_estimate,available,World Bank fallback: reviewed Wikipedia global lists do not provide a complete exact-year annual series.
BE,BE,Belgium,2018,11427054,worldbank-SP.POP.TOTL-20260713,https://data.worldbank.org/indicator/SP.POP.TOTL?locations=BE,BEL,midyear_estimate,available,World Bank fallback: reviewed Wikipedia global lists do not provide a complete exact-year annual series.
BE,BE,Belgium,2021,11586195,worldbank-SP.POP.TOTL-20260713,https://data.worldbank.org/indicator/SP.POP.TOTL?locations=BE,BEL,midyear_estimate,available,World Bank fallback: reviewed Wikipedia global lists do not provide a complete exact-year annual series.
BE,BE,Belgium,2024,11858610,worldbank-SP.POP.TOTL-20260713,https://data.worldbank.org/indicator/SP.POP.TOTL?locations=BE,BEL,midyear_estimate,available,World Bank fallback: reviewed Wikipedia global lists do not provide a complete exact-year annual series.
PT,PT,Portugal,2006,10522288,worldbank-SP.POP.TOTL-20260713,https://data.worldbank.org/indicator/SP.POP.TOTL?locations=PT,PRT,midyear_estimate,available,World Bank fallback: reviewed Wikipedia global lists do not provide a complete exact-year annual series.
PT,PT,Portugal,2009,10568247,worldbank-SP.POP.TOTL-20260713,https://data.worldbank.org/indicator/SP.POP.TOTL?locations=PT,PRT,midyear_estimate,available,World Bank fallback: reviewed Wikipedia global lists do not provide a complete exact-year annual series.
PT,PT,Portugal,2012,10514844,worldbank-SP.POP.TOTL-20260713,https://data.worldbank.org/indicator/SP.POP.TOTL?locations=PT,PRT,midyear_estimate,available,World Bank fallback: reviewed Wikipedia global lists do not provide a complete exact-year annual series.
PT,PT,Portugal,2015,10358076,worldbank-SP.POP.TOTL-20260713,https://data.worldbank.org/indicator/SP.POP.TOTL?locations=PT,PRT,midyear_estimate,available,World Bank fallback: reviewed Wikipedia global lists do not provide a complete exact-year annual series.
PT,PT,Portugal,2018,10283822,worldbank-SP.POP.TOTL-20260713,https://data.worldbank.org/indicator/SP.POP.TOTL?locations=PT,PRT,midyear_estimate,available,World Bank fallback: reviewed Wikipedia global lists do not provide a complete exact-year annual series.
PT,PT,Portugal,2021,10361831,worldbank-SP.POP.TOTL-20260713,https://data.worldbank.org/indicator/SP.POP.TOTL?locations=PT,PRT,midyear_estimate,available,World Bank fallback: reviewed Wikipedia global lists do not provide a complete exact-year annual series.
PT,PT,Portugal,2024,10694681,worldbank-SP.POP.TOTL-20260713,https://data.worldbank.org/indicator/SP.POP.TOTL?locations=PT,PRT,midyear_estimate,available,World Bank fallback: reviewed Wikipedia global lists do not provide a complete exact-year annual series.
MT,MT,Malta,2006,405308,worldbank-SP.POP.TOTL-20260713,https://data.worldbank.org/indicator/SP.POP.TOTL?locations=MT,MLT,midyear_estimate,available,World Bank fallback: reviewed Wikipedia global lists do not provide a complete exact-year annual series.
MT,MT,Malta,2009,412477,worldbank-SP.POP.TOTL-20260713,https://data.worldbank.org/indicator/SP.POP.TOTL?locations=MT,MLT,midyear_estimate,available,World Bank fallback: reviewed Wikipedia global lists do not provide a complete exact-year annual series.
MT,MT,Malta,2012,420028,worldbank-SP.POP.TOTL-20260713,https://data.worldbank.org/indicator/SP.POP.TOTL?locations=MT,MLT,midyear_estimate,available,World Bank fallback: reviewed Wikipedia global lists do not provide a complete exact-year annual series.
MT,MT,Malta,2015,444220,worldbank-SP.POP.TOTL-20260713,https://data.worldbank.org/indicator/SP.POP.TOTL?locations=MT,MLT,midyear_estimate,available,World Bank fallback: reviewed Wikipedia global lists do not provide a complete exact-year annual series.
MT,MT,Malta,2018,483903,worldbank-SP.POP.TOTL-20260713,https://data.worldbank.org/indicator/SP.POP.TOTL?locations=MT,MLT,midyear_estimate,available,World Bank fallback: reviewed Wikipedia global lists do not provide a complete exact-year annual series.
MT,MT,Malta,2021,518150,worldbank-SP.POP.TOTL-20260713,https://data.worldbank.org/indicator/SP.POP.TOTL?locations=MT,MLT,midyear_estimate,available,World Bank fallback: reviewed Wikipedia global lists do not provide a complete exact-year annual series.
MT,MT,Malta,2024,568847,worldbank-SP.POP.TOTL-20260713,https://data.worldbank.org/indicator/SP.POP.TOTL?locations=MT,MLT,midyear_estimate,available,World Bank fallback: reviewed Wikipedia global lists do not provide a complete exact-year annual series.
MC,MC,Monaco,2006,32057,worldbank-SP.POP.TOTL-20260713,https://data.worldbank.org/indicator/SP.POP.TOTL?locations=MC,MCO,midyear_estimate,available,World Bank fallback: reviewed Wikipedia global lists do not provide a complete exact-year annual series.
MC,MC,Monaco,2009,32364,worldbank-SP.POP.TOTL-20260713,https://data.worldbank.org/indicator/SP.POP.TOTL?locations=MC,MCO,midyear_estimate,available,World Bank fallback: reviewed Wikipedia global lists do not provide a complete exact-year annual series.
MC,MC,Monaco,2012,34711,worldbank-SP.POP.TOTL-20260713,https://data.worldbank.org/indicator/SP.POP.TOTL?locations=MC,MCO,midyear_estimate,available,World Bank fallback: reviewed Wikipedia global lists do not provide a complete exact-year annual series.
MC,MC,Monaco,2015,36757,worldbank-SP.POP.TOTL-20260713,https://data.worldbank.org/indicator/SP.POP.TOTL?locations=MC,MCO,midyear_estimate,available,World Bank fallback: reviewed Wikipedia global lists do not provide a complete exact-year annual series.
MC,MC,Monaco,2018,38154,worldbank-SP.POP.TOTL-20260713,https://data.worldbank.org/indicator/SP.POP.TOTL?locations=MC,MCO,midyear_estimate,available,World Bank fallback: reviewed Wikipedia global lists do not provide a complete exact-year annual series.
MC,MC,Monaco,2021,38527,worldbank-SP.POP.TOTL-20260713,https://data.worldbank.org/indicator/SP.POP.TOTL?locations=MC,MCO,midyear_estimate,available,World Bank fallback: reviewed Wikipedia global lists do not provide a complete exact-year annual series.
MC,MC,Monaco,2024,38631,worldbank-SP.POP.TOTL-20260713,https://data.worldbank.org/indicator/SP.POP.TOTL?locations=MC,MCO,midyear_estimate,available,World Bank fallback: reviewed Wikipedia global lists do not provide a complete exact-year annual series.
LI,LI,Liechtenstein,2006,35037,worldbank-SP.POP.TOTL-20260713,https://data.worldbank.org/indicator/SP.POP.TOTL?locations=LI,LIE,midyear_estimate,available,World Bank fallback: reviewed Wikipedia global lists do not provide a complete exact-year annual series.
LI,LI,Liechtenstein,2009,35742,worldbank-SP.POP.TOTL-20260713,https://data.worldbank.org/indicator/SP.POP.TOTL?locations=LI,LIE,midyear_estimate,available,World Bank fallback: reviewed Wikipedia global lists do not provide a complete exact-year annual series.
LI,LI,Liechtenstein,2012,36657,worldbank-SP.POP.TOTL-20260713,https://data.worldbank.org/indicator/SP.POP.TOTL?locations=LI,LIE,midyear_estimate,available,World Bank fallback: reviewed Wikipedia global lists do not provide a complete exact-year annual series.
LI,LI,Liechtenstein,2015,37494,worldbank-SP.POP.TOTL-20260713,https://data.worldbank.org/indicator/SP.POP.TOTL?locations=LI,LIE,midyear_estimate,available,World Bank fallback: reviewed Wikipedia global lists do not provide a complete exact-year annual series.
LI,LI,Liechtenstein,2018,38246,worldbank-SP.POP.TOTL-20260713,https://data.worldbank.org/indicator/SP.POP.TOTL?locations=LI,LIE,midyear_estimate,available,World Bank fallback: reviewed Wikipedia global lists do not provide a complete exact-year annual series.
LI,LI,Liechtenstein,2021,39182,worldbank-SP.POP.TOTL-20260713,https://data.worldbank.org/indicator/SP.POP.TOTL?locations=LI,LIE,midyear_estimate,available,World Bank fallback: reviewed Wikipedia global lists do not provide a complete exact-year annual series.
LI,LI,Liechtenstein,2024,40450,worldbank-SP.POP.TOTL-20260713,https://data.worldbank.org/indicator/SP.POP.TOTL?locations=LI,LIE,midyear_estimate,available,World Bank fallback: reviewed Wikipedia global lists do not provide a complete exact-year annual series.
LU,LU,Luxembourg,2006,472637,worldbank-SP.POP.TOTL-20260713,https://data.worldbank.org/indicator/SP.POP.TOTL?locations=LU,LUX,midyear_estimate,available,World Bank fallback: reviewed Wikipedia global lists do not provide a complete exact-year annual series.
LU,LU,Luxembourg,2009,497783,worldbank-SP.POP.TOTL-20260713,https://data.worldbank.org/indicator/SP.POP.TOTL?locations=LU,LUX,midyear_estimate,available,World Bank fallback: reviewed Wikipedia global lists do not provide a complete exact-year annual series.
LU,LU,Luxembourg,2012,530946,worldbank-SP.POP.TOTL-20260713,https://data.worldbank.org/indicator/SP.POP.TOTL?locations=LU,LUX,midyear_estimate,available,World Bank fallback: reviewed Wikipedia global lists do not provide a complete exact-year annual series.
LU,LU,Luxembourg,2015,569604,worldbank-SP.POP.TOTL-20260713,https://data.worldbank.org/indicator/SP.POP.TOTL?locations=LU,LUX,midyear_estimate,available,World Bank fallback: reviewed Wikipedia global lists do not provide a complete exact-year annual series.
LU,LU,Luxembourg,2018,607950,worldbank-SP.POP.TOTL-20260713,https://data.worldbank.org/indicator/SP.POP.TOTL?locations=LU,LUX,midyear_estimate,available,World Bank fallback: reviewed Wikipedia global lists do not provide a complete exact-year annual series.
LU,LU,Luxembourg,2021,640064,worldbank-SP.POP.TOTL-20260713,https://data.worldbank.org/indicator/SP.POP.TOTL?locations=LU,LUX,midyear_estimate,available,World Bank fallback: reviewed Wikipedia global lists do not provide a complete exact-year annual series.
LU,LU,Luxembourg,2024,677012,worldbank-SP.POP.TOTL-20260713,https://data.worldbank.org/indicator/SP.POP.TOTL?locations=LU,LUX,midyear_estimate,available,World Bank fallback: reviewed Wikipedia global lists do not provide a complete exact-year annual series.
AZ,AZ,Azerbaijan,2006,8484550,worldbank-SP.POP.TOTL-20260713,https://data.worldbank.org/indicator/SP.POP.TOTL?locations=AZ,AZE,midyear_estimate,available,World Bank fallback: reviewed Wikipedia global lists do not provide a complete exact-year annual series.
AZ,AZ,Azerbaijan,2009,8947243,worldbank-SP.POP.TOTL-20260713,https://data.worldbank.org/indicator/SP.POP.TOTL?locations=AZ,AZE,midyear_estimate,available,World Bank fallback: reviewed Wikipedia global lists do not provide a complete exact-year annual series.
AZ,AZ,Azerbaijan,2012,9295784,worldbank-SP.POP.TOTL-20260713,https://data.worldbank.org/indicator/SP.POP.TOTL?locations=AZ,AZE,midyear_estimate,available,World Bank fallback: reviewed Wikipedia global lists do not provide a complete exact-year annual series.
AZ,AZ,Azerbaijan,2015,9649341,worldbank-SP.POP.TOTL-20260713,https://data.worldbank.org/indicator/SP.POP.TOTL?locations=AZ,AZE,midyear_estimate,available,World Bank fallback: reviewed Wikipedia global lists do not provide a complete exact-year annual series.
AZ,AZ,Azerbaijan,2018,9939771,worldbank-SP.POP.TOTL-20260713,https://data.worldbank.org/indicator/SP.POP.TOTL?locations=AZ,AZE,midyear_estimate,available,World Bank fallback: reviewed Wikipedia global lists do not provide a complete exact-year annual series.
AZ,AZ,Azerbaijan,2021,10137750,worldbank-SP.POP.TOTL-20260713,https://data.worldbank.org/indicator/SP.POP.TOTL?locations=AZ,AZE,midyear_estimate,available,World Bank fallback: reviewed Wikipedia global lists do not provide a complete exact-year annual series.
AZ,AZ,Azerbaijan,2024,10202830,worldbank-SP.POP.TOTL-20260713,https://data.worldbank.org/indicator/SP.POP.TOTL?locations=AZ,AZE,midyear_estimate,available,World Bank fallback: reviewed Wikipedia global lists do not provide a complete exact-year annual series.
AL,AL,Albania,2006,2992547,worldbank-SP.POP.TOTL-20260713,https://data.worldbank.org/indicator/SP.POP.TOTL?locations=AL,ALB,midyear_estimate,available,World Bank fallback: reviewed Wikipedia global lists do not provide a complete exact-year annual series.
AL,AL,Albania,2009,2927519,worldbank-SP.POP.TOTL-20260713,https://data.worldbank.org/indicator/SP.POP.TOTL?locations=AL,ALB,midyear_estimate,available,World Bank fallback: reviewed Wikipedia global lists do not provide a complete exact-year annual series.
AL,AL,Albania,2012,2860708,worldbank-SP.POP.TOTL-20260713,https://data.worldbank.org/indicator/SP.POP.TOTL?locations=AL,ALB,midyear_estimate,available,World Bank fallback: reviewed Wikipedia global lists do not provide a complete exact-year annual series.
AL,AL,Albania,2015,2731293,worldbank-SP.POP.TOTL-20260713,https://data.worldbank.org/indicator/SP.POP.TOTL?locations=AL,ALB,midyear_estimate,available,World Bank fallback: reviewed Wikipedia global lists do not provide a complete exact-year annual series.
AL,AL,Albania,2018,2607733,worldbank-SP.POP.TOTL-20260713,https://data.worldbank.org/indicator/SP.POP.TOTL?locations=AL,ALB,midyear_estimate,available,World Bank fallback: reviewed Wikipedia global lists do not provide a complete exact-year annual series.
AL,AL,Albania,2021,2489762,worldbank-SP.POP.TOTL-20260713,https://data.worldbank.org/indicator/SP.POP.TOTL?locations=AL,ALB,midyear_estimate,available,World Bank fallback: reviewed Wikipedia global lists do not provide a complete exact-year annual series.
AL,AL,Albania,2024,2377128,worldbank-SP.POP.TOTL-20260713,https://data.worldbank.org/indicator/SP.POP.TOTL?locations=AL,ALB,midyear_estimate,available,World Bank fallback: reviewed Wikipedia global lists do not provide a complete exact-year annual series.
AM,AM,Armenia,2006,3127100,worldbank-SP.POP.TOTL-20260713,https://data.worldbank.org/indicator/SP.POP.TOTL?locations=AM,ARM,midyear_estimate,available,World Bank fallback: reviewed Wikipedia global lists do not provide a complete exact-year annual series.
AM,AM,Armenia,2009,3066000,worldbank-SP.POP.TOTL-20260713,https://data.worldbank.org/indicator/SP.POP.TOTL?locations=AM,ARM,midyear_estimate,available,World Bank fallback: reviewed Wikipedia global lists do not provide a complete exact-year annual series.
AM,AM,Armenia,2012,3024100,worldbank-SP.POP.TOTL-20260713,https://data.worldbank.org/indicator/SP.POP.TOTL?locations=AM,ARM,midyear_estimate,available,World Bank fallback: reviewed Wikipedia global lists do not provide a complete exact-year annual series.
AM,AM,Armenia,2015,3004600,worldbank-SP.POP.TOTL-20260713,https://data.worldbank.org/indicator/SP.POP.TOTL?locations=AM,ARM,midyear_estimate,available,World Bank fallback: reviewed Wikipedia global lists do not provide a complete exact-year annual series.
AM,AM,Armenia,2018,2969000,worldbank-SP.POP.TOTL-20260713,https://data.worldbank.org/indicator/SP.POP.TOTL?locations=AM,ARM,midyear_estimate,available,World Bank fallback: reviewed Wikipedia global lists do not provide a complete exact-year annual series.
AM,AM,Armenia,2021,2962300,worldbank-SP.POP.TOTL-20260713,https://data.worldbank.org/indicator/SP.POP.TOTL?locations=AM,ARM,midyear_estimate,available,World Bank fallback: reviewed Wikipedia global lists do not provide a complete exact-year annual series.
AM,AM,Armenia,2024,3033500,worldbank-SP.POP.TOTL-20260713,https://data.worldbank.org/indicator/SP.POP.TOTL?locations=AM,ARM,midyear_estimate,available,World Bank fallback: reviewed Wikipedia global lists do not provide a complete exact-year annual series.
UA,UA,Ukraine,2006,47278694,worldbank-SP.POP.TOTL-20260713,https://data.worldbank.org/indicator/SP.POP.TOTL?locations=UA,UKR,midyear_estimate,available,World Bank fallback: reviewed Wikipedia global lists do not provide a complete exact-year annual series.
UA,UA,Ukraine,2009,46623731,worldbank-SP.POP.TOTL-20260713,https://data.worldbank.org/indicator/SP.POP.TOTL?locations=UA,UKR,midyear_estimate,available,World Bank fallback: reviewed Wikipedia global lists do not provide a complete exact-year annual series.
UA,UA,Ukraine,2012,46210056,worldbank-SP.POP.TOTL-20260713,https://data.worldbank.org/indicator/SP.POP.TOTL?locations=UA,UKR,midyear_estimate,available,World Bank fallback: reviewed Wikipedia global lists do not provide a complete exact-year annual series.
UA,UA,Ukraine,2015,45784896,worldbank-SP.POP.TOTL-20260713,https://data.worldbank.org/indicator/SP.POP.TOTL?locations=UA,UKR,midyear_estimate,available,World Bank fallback: reviewed Wikipedia global lists do not provide a complete exact-year annual series.
UA,UA,Ukraine,2018,45208907,worldbank-SP.POP.TOTL-20260713,https://data.worldbank.org/indicator/SP.POP.TOTL?locations=UA,UKR,midyear_estimate,available,World Bank fallback: reviewed Wikipedia global lists do not provide a complete exact-year annual series.
UA,UA,Ukraine,2021,44298640,worldbank-SP.POP.TOTL-20260713,https://data.worldbank.org/indicator/SP.POP.TOTL?locations=UA,UKR,midyear_estimate,available,World Bank fallback: reviewed Wikipedia global lists do not provide a complete exact-year annual series.
UA,UA,Ukraine,2024,37860221,worldbank-SP.POP.TOTL-20260713,https://data.worldbank.org/indicator/SP.POP.TOTL?locations=UA,UKR,midyear_estimate,available,World Bank fallback: reviewed Wikipedia global lists do not provide a complete exact-year annual series.
UZ,UZ,Uzbekistan,2006,26699043,worldbank-SP.POP.TOTL-20260713,https://data.worldbank.org/indicator/SP.POP.TOTL?locations=UZ,UZB,midyear_estimate,available,World Bank fallback: reviewed Wikipedia global lists do not provide a complete exact-year annual series.
UZ,UZ,Uzbekistan,2009,27939328,worldbank-SP.POP.TOTL-20260713,https://data.worldbank.org/indicator/SP.POP.TOTL?locations=UZ,UZB,midyear_estimate,available,World Bank fallback: reviewed Wikipedia global lists do not provide a complete exact-year annual series.
UZ,UZ,Uzbekistan,2012,29261903,worldbank-SP.POP.TOTL-20260713,https://data.worldbank.org/indicator/SP.POP.TOTL?locations=UZ,UZB,midyear_estimate,available,World Bank fallback: reviewed Wikipedia global lists do not provide a complete exact-year annual series.
UZ,UZ,Uzbekistan,2015,30749346,worldbank-SP.POP.TOTL-20260713,https://data.worldbank.org/indicator/SP.POP.TOTL?locations=UZ,UZB,midyear_estimate,available,World Bank fallback: reviewed Wikipedia global lists do not provide a complete exact-year annual series.
UZ,UZ,Uzbekistan,2018,32373490,worldbank-SP.POP.TOTL-20260713,https://data.worldbank.org/indicator/SP.POP.TOTL?locations=UZ,UZB,midyear_estimate,available,World Bank fallback: reviewed Wikipedia global lists do not provide a complete exact-year annual series.
UZ,UZ,Uzbekistan,2021,34243696,worldbank-SP.POP.TOTL-20260713,https://data.worldbank.org/indicator/SP.POP.TOTL?locations=UZ,UZB,midyear_estimate,available,World Bank fallback: reviewed Wikipedia global lists do not provide a complete exact-year annual series.
UZ,UZ,Uzbekistan,2024,36361859,worldbank-SP.POP.TOTL-20260713,https://data.worldbank.org/indicator/SP.POP.TOTL?locations=UZ,UZB,midyear_estimate,available,World Bank fallback: reviewed Wikipedia global lists do not provide a complete exact-year annual series.
EE,EE,Estonia,2006,1346810,worldbank-SP.POP.TOTL-20260713,https://data.worldbank.org/indicator/SP.POP.TOTL?locations=EE,EST,midyear_estimate,available,World Bank fallback: reviewed Wikipedia global lists do not provide a complete exact-year annual series.
EE,EE,Estonia,2009,1334515,worldbank-SP.POP.TOTL-20260713,https://data.worldbank.org/indicator/SP.POP.TOTL?locations=EE,EST,midyear_estimate,available,World Bank fallback: reviewed Wikipedia global lists do not provide a complete exact-year annual series.
EE,EE,Estonia,2012,1322696,worldbank-SP.POP.TOTL-20260713,https://data.worldbank.org/indicator/SP.POP.TOTL?locations=EE,EST,midyear_estimate,available,World Bank fallback: reviewed Wikipedia global lists do not provide a complete exact-year annual series.
EE,EE,Estonia,2015,1315407,worldbank-SP.POP.TOTL-20260713,https://data.worldbank.org/indicator/SP.POP.TOTL?locations=EE,EST,midyear_estimate,available,World Bank fallback: reviewed Wikipedia global lists do not provide a complete exact-year annual series.
EE,EE,Estonia,2018,1321977,worldbank-SP.POP.TOTL-20260713,https://data.worldbank.org/indicator/SP.POP.TOTL?locations=EE,EST,midyear_estimate,available,World Bank fallback: reviewed Wikipedia global lists do not provide a complete exact-year annual series.
EE,EE,Estonia,2021,1330932,worldbank-SP.POP.TOTL-20260713,https://data.worldbank.org/indicator/SP.POP.TOTL?locations=EE,EST,midyear_estimate,available,World Bank fallback: reviewed Wikipedia global lists do not provide a complete exact-year annual series.
EE,EE,Estonia,2024,1372341,worldbank-SP.POP.TOTL-20260713,https://data.worldbank.org/indicator/SP.POP.TOTL?locations=EE,EST,midyear_estimate,available,World Bank fallback: reviewed Wikipedia global lists do not provide a complete exact-year annual series.
KZ,KZ,Kazakhstan,2006,16103716,worldbank-SP.POP.TOTL-20260713,https://data.worldbank.org/indicator/SP.POP.TOTL?locations=KZ,KAZ,midyear_estimate,available,World Bank fallback: reviewed Wikipedia global lists do not provide a complete exact-year annual series.
KZ,KZ,Kazakhstan,2009,16619846,worldbank-SP.POP.TOTL-20260713,https://data.worldbank.org/indicator/SP.POP.TOTL?locations=KZ,KAZ,midyear_estimate,available,World Bank fallback: reviewed Wikipedia global lists do not provide a complete exact-year annual series.
KZ,KZ,Kazakhstan,2012,17306106,worldbank-SP.POP.TOTL-20260713,https://data.worldbank.org/indicator/SP.POP.TOTL?locations=KZ,KAZ,midyear_estimate,available,World Bank fallback: reviewed Wikipedia global lists do not provide a complete exact-year annual series.
KZ,KZ,Kazakhstan,2015,18084169,worldbank-SP.POP.TOTL-20260713,https://data.worldbank.org/indicator/SP.POP.TOTL?locations=KZ,KAZ,midyear_estimate,available,World Bank fallback: reviewed Wikipedia global lists do not provide a complete exact-year annual series.
KZ,KZ,Kazakhstan,2018,18932727,worldbank-SP.POP.TOTL-20260713,https://data.worldbank.org/indicator/SP.POP.TOTL?locations=KZ,KAZ,midyear_estimate,available,World Bank fallback: reviewed Wikipedia global lists do not provide a complete exact-year annual series.
KZ,KZ,Kazakhstan,2021,19743603,worldbank-SP.POP.TOTL-20260713,https://data.worldbank.org/indicator/SP.POP.TOTL?locations=KZ,KAZ,midyear_estimate,available,World Bank fallback: reviewed Wikipedia global lists do not provide a complete exact-year annual series.
KZ,KZ,Kazakhstan,2024,20592571,worldbank-SP.POP.TOTL-20260713,https://data.worldbank.org/indicator/SP.POP.TOTL?locations=KZ,KAZ,midyear_estimate,available,World Bank fallback: reviewed Wikipedia global lists do not provide a complete exact-year annual series.
MK,MK,North Macedonia,2006,1994287,worldbank-SP.POP.TOTL-20260713,https://data.worldbank.org/indicator/SP.POP.TOTL?locations=MK,MKD,midyear_estimate,available,World Bank fallback: reviewed Wikipedia global lists do not provide a complete exact-year annual series.
MK,MK,North Macedonia,2009,1958782,worldbank-SP.POP.TOTL-20260713,https://data.worldbank.org/indicator/SP.POP.TOTL?locations=MK,MKD,midyear_estimate,available,World Bank fallback: reviewed Wikipedia global lists do not provide a complete exact-year annual series.
MK,MK,North Macedonia,2012,1929821,worldbank-SP.POP.TOTL-20260713,https://data.worldbank.org/indicator/SP.POP.TOTL?locations=MK,MKD,midyear_estimate,available,World Bank fallback: reviewed Wikipedia global lists do not provide a complete exact-year annual series.
MK,MK,North Macedonia,2015,1912430,worldbank-SP.POP.TOTL-20260713,https://data.worldbank.org/indicator/SP.POP.TOTL?locations=MK,MKD,midyear_estimate,available,World Bank fallback: reviewed Wikipedia global lists do not provide a complete exact-year annual series.
MK,MK,North Macedonia,2018,1889051,worldbank-SP.POP.TOTL-20260713,https://data.worldbank.org/indicator/SP.POP.TOTL?locations=MK,MKD,midyear_estimate,available,World Bank fallback: reviewed Wikipedia global lists do not provide a complete exact-year annual series.
MK,MK,North Macedonia,2021,1837114,worldbank-SP.POP.TOTL-20260713,https://data.worldbank.org/indicator/SP.POP.TOTL?locations=MK,MKD,midyear_estimate,available,World Bank fallback: reviewed Wikipedia global lists do not provide a complete exact-year annual series.
MK,MK,North Macedonia,2024,1824359,worldbank-SP.POP.TOTL-20260713,https://data.worldbank.org/indicator/SP.POP.TOTL?locations=MK,MKD,midyear_estimate,available,World Bank fallback: reviewed Wikipedia global lists do not provide a complete exact-year annual series.
KG,KG,Kyrgyzstan,2006,5218373,worldbank-SP.POP.TOTL-20260713,https://data.worldbank.org/indicator/SP.POP.TOTL?locations=KG,KGZ,midyear_estimate,available,World Bank fallback: reviewed Wikipedia global lists do not provide a complete exact-year annual series.
KG,KG,Kyrgyzstan,2009,5389643,worldbank-SP.POP.TOTL-20260713,https://data.worldbank.org/indicator/SP.POP.TOTL?locations=KG,KGZ,midyear_estimate,available,World Bank fallback: reviewed Wikipedia global lists do not provide a complete exact-year annual series.
KG,KG,Kyrgyzstan,2012,5652076,worldbank-SP.POP.TOTL-20260713,https://data.worldbank.org/indicator/SP.POP.TOTL?locations=KG,KGZ,midyear_estimate,available,World Bank fallback: reviewed Wikipedia global lists do not provide a complete exact-year annual series.
KG,KG,Kyrgyzstan,2015,6040036,worldbank-SP.POP.TOTL-20260713,https://data.worldbank.org/indicator/SP.POP.TOTL?locations=KG,KGZ,midyear_estimate,available,World Bank fallback: reviewed Wikipedia global lists do not provide a complete exact-year annual series.
KG,KG,Kyrgyzstan,2018,6444079,worldbank-SP.POP.TOTL-20260713,https://data.worldbank.org/indicator/SP.POP.TOTL?locations=KG,KGZ,midyear_estimate,available,World Bank fallback: reviewed Wikipedia global lists do not provide a complete exact-year annual series.
KG,KG,Kyrgyzstan,2021,6851224,worldbank-SP.POP.TOTL-20260713,https://data.worldbank.org/indicator/SP.POP.TOTL?locations=KG,KGZ,midyear_estimate,available,World Bank fallback: reviewed Wikipedia global lists do not provide a complete exact-year annual series.
KG,KG,Kyrgyzstan,2024,7221868,worldbank-SP.POP.TOTL-20260713,https://data.worldbank.org/indicator/SP.POP.TOTL?locations=KG,KGZ,midyear_estimate,available,World Bank fallback: reviewed Wikipedia global lists do not provide a complete exact-year annual series.
HR,HR,Croatia,2006,4311159,worldbank-SP.POP.TOTL-20260713,https://data.worldbank.org/indicator/SP.POP.TOTL?locations=HR,HRV,midyear_estimate,available,World Bank fallback: reviewed Wikipedia global lists do not provide a complete exact-year annual series.
HR,HR,Croatia,2009,4305181,worldbank-SP.POP.TOTL-20260713,https://data.worldbank.org/indicator/SP.POP.TOTL?locations=HR,HRV,midyear_estimate,available,World Bank fallback: reviewed Wikipedia global lists do not provide a complete exact-year annual series.
HR,HR,Croatia,2012,4260368,worldbank-SP.POP.TOTL-20260713,https://data.worldbank.org/indicator/SP.POP.TOTL?locations=HR,HRV,midyear_estimate,available,World Bank fallback: reviewed Wikipedia global lists do not provide a complete exact-year annual series.
HR,HR,Croatia,2015,4151725,worldbank-SP.POP.TOTL-20260713,https://data.worldbank.org/indicator/SP.POP.TOTL?locations=HR,HRV,midyear_estimate,available,World Bank fallback: reviewed Wikipedia global lists do not provide a complete exact-year annual series.
HR,HR,Croatia,2018,3988775,worldbank-SP.POP.TOTL-20260713,https://data.worldbank.org/indicator/SP.POP.TOTL?locations=HR,HRV,midyear_estimate,available,World Bank fallback: reviewed Wikipedia global lists do not provide a complete exact-year annual series.
HR,HR,Croatia,2021,3878981,worldbank-SP.POP.TOTL-20260713,https://data.worldbank.org/indicator/SP.POP.TOTL?locations=HR,HRV,midyear_estimate,available,World Bank fallback: reviewed Wikipedia global lists do not provide a complete exact-year annual series.
HR,HR,Croatia,2024,3866200,worldbank-SP.POP.TOTL-20260713,https://data.worldbank.org/indicator/SP.POP.TOTL?locations=HR,HRV,midyear_estimate,available,World Bank fallback: reviewed Wikipedia global lists do not provide a complete exact-year annual series.
XK,XK,Kosovo,2006,1813079,worldbank-SP.POP.TOTL-20260713,https://data.worldbank.org/indicator/SP.POP.TOTL?locations=XK,XKX,midyear_estimate,available,World Bank fallback: reviewed Wikipedia global lists do not provide a complete exact-year annual series.
XK,XK,Kosovo,2009,1794681,worldbank-SP.POP.TOTL-20260713,https://data.worldbank.org/indicator/SP.POP.TOTL?locations=XK,XKX,midyear_estimate,available,World Bank fallback: reviewed Wikipedia global lists do not provide a complete exact-year annual series.
XK,XK,Kosovo,2012,1807126,worldbank-SP.POP.TOTL-20260713,https://data.worldbank.org/indicator/SP.POP.TOTL?locations=XK,XKX,midyear_estimate,available,World Bank fallback: reviewed Wikipedia global lists do not provide a complete exact-year annual series.
XK,XK,Kosovo,2015,1788274,worldbank-SP.POP.TOTL-20260713,https://data.worldbank.org/indicator/SP.POP.TOTL?locations=XK,XKX,midyear_estimate,available,World Bank fallback: reviewed Wikipedia global lists do not provide a complete exact-year annual series.
XK,XK,Kosovo,2018,1797086,worldbank-SP.POP.TOTL-20260713,https://data.worldbank.org/indicator/SP.POP.TOTL?locations=XK,XKX,midyear_estimate,available,World Bank fallback: reviewed Wikipedia global lists do not provide a complete exact-year annual series.
XK,XK,Kosovo,2021,1786079,worldbank-SP.POP.TOTL-20260713,https://data.worldbank.org/indicator/SP.POP.TOTL?locations=XK,XKX,midyear_estimate,available,World Bank fallback: reviewed Wikipedia global lists do not provide a complete exact-year annual series.
XK,XK,Kosovo,2024,1594353,worldbank-SP.POP.TOTL-20260713,https://data.worldbank.org/indicator/SP.POP.TOTL?locations=XK,XKX,midyear_estimate,available,World Bank fallback: reviewed Wikipedia global lists do not provide a complete exact-year annual series.
GE,GE,Georgia,2006,3880347,worldbank-SP.POP.TOTL-20260713,https://data.worldbank.org/indicator/SP.POP.TOTL?locations=GE,GEO,midyear_estimate,available,World Bank fallback: reviewed Wikipedia global lists do not provide a complete exact-year annual series.
GE,GE,Georgia,2009,3814419,worldbank-SP.POP.TOTL-20260713,https://data.worldbank.org/indicator/SP.POP.TOTL?locations=GE,GEO,midyear_estimate,available,World Bank fallback: reviewed Wikipedia global lists do not provide a complete exact-year annual series.
GE,GE,Georgia,2012,3728874,worldbank-SP.POP.TOTL-20260713,https://data.worldbank.org/indicator/SP.POP.TOTL?locations=GE,GEO,midyear_estimate,available,World Bank fallback: reviewed Wikipedia global lists do not provide a complete exact-year annual series.
GE,GE,Georgia,2015,3725276,worldbank-SP.POP.TOTL-20260713,https://data.worldbank.org/indicator/SP.POP.TOTL?locations=GE,GEO,midyear_estimate,available,World Bank fallback: reviewed Wikipedia global lists do not provide a complete exact-year annual series.
GE,GE,Georgia,2018,3726549,worldbank-SP.POP.TOTL-20260713,https://data.worldbank.org/indicator/SP.POP.TOTL?locations=GE,GEO,midyear_estimate,available,World Bank fallback: reviewed Wikipedia global lists do not provide a complete exact-year annual series.
GE,GE,Georgia,2021,3708610,worldbank-SP.POP.TOTL-20260713,https://data.worldbank.org/indicator/SP.POP.TOTL?locations=GE,GEO,midyear_estimate,available,World Bank fallback: reviewed Wikipedia global lists do not provide a complete exact-year annual series.
GE,GE,Georgia,2024,3812518,worldbank-SP.POP.TOTL-20260713,https://data.worldbank.org/indicator/SP.POP.TOTL?locations=GE,GEO,midyear_estimate,available,World Bank fallback: reviewed Wikipedia global lists do not provide a complete exact-year annual series.
SK,SK,Slovakia,2006,5373054,worldbank-SP.POP.TOTL-20260713,https://data.worldbank.org/indicator/SP.POP.TOTL?locations=SK,SVK,midyear_estimate,available,World Bank fallback: reviewed Wikipedia global lists do not provide a complete exact-year annual series.
SK,SK,Slovakia,2009,5386406,worldbank-SP.POP.TOTL-20260713,https://data.worldbank.org/indicator/SP.POP.TOTL?locations=SK,SVK,midyear_estimate,available,World Bank fallback: reviewed Wikipedia global lists do not provide a complete exact-year annual series.
SK,SK,Slovakia,2012,5407579,worldbank-SP.POP.TOTL-20260713,https://data.worldbank.org/indicator/SP.POP.TOTL?locations=SK,SVK,midyear_estimate,available,World Bank fallback: reviewed Wikipedia global lists do not provide a complete exact-year annual series.
SK,SK,Slovakia,2015,5423801,worldbank-SP.POP.TOTL-20260713,https://data.worldbank.org/indicator/SP.POP.TOTL?locations=SK,SVK,midyear_estimate,available,World Bank fallback: reviewed Wikipedia global lists do not provide a complete exact-year annual series.
SK,SK,Slovakia,2018,5446771,worldbank-SP.POP.TOTL-20260713,https://data.worldbank.org/indicator/SP.POP.TOTL?locations=SK,SVK,midyear_estimate,available,World Bank fallback: reviewed Wikipedia global lists do not provide a complete exact-year annual series.
SK,SK,Slovakia,2021,5447247,worldbank-SP.POP.TOTL-20260713,https://data.worldbank.org/indicator/SP.POP.TOTL?locations=SK,SVK,midyear_estimate,available,World Bank fallback: reviewed Wikipedia global lists do not provide a complete exact-year annual series.
SK,SK,Slovakia,2024,5422069,worldbank-SP.POP.TOTL-20260713,https://data.worldbank.org/indicator/SP.POP.TOTL?locations=SK,SVK,midyear_estimate,available,World Bank fallback: reviewed Wikipedia global lists do not provide a complete exact-year annual series.
SI,SI,Slovenia,2006,2006868,worldbank-SP.POP.TOTL-20260713,https://data.worldbank.org/indicator/SP.POP.TOTL?locations=SI,SVN,midyear_estimate,available,World Bank fallback: reviewed Wikipedia global lists do not provide a complete exact-year annual series.
SI,SI,Slovenia,2009,2039669,worldbank-SP.POP.TOTL-20260713,https://data.worldbank.org/indicator/SP.POP.TOTL?locations=SI,SVN,midyear_estimate,available,World Bank fallback: reviewed Wikipedia global lists do not provide a complete exact-year annual series.
SI,SI,Slovenia,2012,2057159,worldbank-SP.POP.TOTL-20260713,https://data.worldbank.org/indicator/SP.POP.TOTL?locations=SI,SVN,midyear_estimate,available,World Bank fallback: reviewed Wikipedia global lists do not provide a complete exact-year annual series.
SI,SI,Slovenia,2015,2063531,worldbank-SP.POP.TOTL-20260713,https://data.worldbank.org/indicator/SP.POP.TOTL?locations=SI,SVN,midyear_estimate,available,World Bank fallback: reviewed Wikipedia global lists do not provide a complete exact-year annual series.
SI,SI,Slovenia,2018,2073894,worldbank-SP.POP.TOTL-20260713,https://data.worldbank.org/indicator/SP.POP.TOTL?locations=SI,SVN,midyear_estimate,available,World Bank fallback: reviewed Wikipedia global lists do not provide a complete exact-year annual series.
SI,SI,Slovenia,2021,2108079,worldbank-SP.POP.TOTL-20260713,https://data.worldbank.org/indicator/SP.POP.TOTL?locations=SI,SVN,midyear_estimate,available,World Bank fallback: reviewed Wikipedia global lists do not provide a complete exact-year annual series.
SI,SI,Slovenia,2024,2127400,worldbank-SP.POP.TOTL-20260713,https://data.worldbank.org/indicator/SP.POP.TOTL?locations=SI,SVN,midyear_estimate,available,World Bank fallback: reviewed Wikipedia global lists do not provide a complete exact-year annual series.
RS,RS,Serbia,2006,7411569,worldbank-SP.POP.TOTL-20260713,https://data.worldbank.org/indicator/SP.POP.TOTL?locations=RS,SRB,midyear_estimate,available,World Bank fallback: reviewed Wikipedia global lists do not provide a complete exact-year annual series.
RS,RS,Serbia,2009,7320807,worldbank-SP.POP.TOTL-20260713,https://data.worldbank.org/indicator/SP.POP.TOTL?locations=RS,SRB,midyear_estimate,available,World Bank fallback: reviewed Wikipedia global lists do not provide a complete exact-year annual series.
RS,RS,Serbia,2012,7201497,worldbank-SP.POP.TOTL-20260713,https://data.worldbank.org/indicator/SP.POP.TOTL?locations=RS,SRB,midyear_estimate,available,World Bank fallback: reviewed Wikipedia global lists do not provide a complete exact-year annual series.
RS,RS,Serbia,2015,7095383,worldbank-SP.POP.TOTL-20260713,https://data.worldbank.org/indicator/SP.POP.TOTL?locations=RS,SRB,midyear_estimate,available,World Bank fallback: reviewed Wikipedia global lists do not provide a complete exact-year annual series.
RS,RS,Serbia,2018,6982604,worldbank-SP.POP.TOTL-20260713,https://data.worldbank.org/indicator/SP.POP.TOTL?locations=RS,SRB,midyear_estimate,available,World Bank fallback: reviewed Wikipedia global lists do not provide a complete exact-year annual series.
RS,RS,Serbia,2021,6834326,worldbank-SP.POP.TOTL-20260713,https://data.worldbank.org/indicator/SP.POP.TOTL?locations=RS,SRB,midyear_estimate,available,World Bank fallback: reviewed Wikipedia global lists do not provide a complete exact-year annual series.
RS,RS,Serbia,2024,6586476,worldbank-SP.POP.TOTL-20260713,https://data.worldbank.org/indicator/SP.POP.TOTL?locations=RS,SRB,midyear_estimate,available,World Bank fallback: reviewed Wikipedia global lists do not provide a complete exact-year annual series.
TJ,TJ,Tajikistan,2006,7057566,worldbank-SP.POP.TOTL-20260713,https://data.worldbank.org/indicator/SP.POP.TOTL?locations=TJ,TJK,midyear_estimate,available,World Bank fallback: reviewed Wikipedia global lists do not provide a complete exact-year annual series.
TJ,TJ,Tajikistan,2009,7490230,worldbank-SP.POP.TOTL-20260713,https://data.worldbank.org/indicator/SP.POP.TOTL?locations=TJ,TJK,midyear_estimate,available,World Bank fallback: reviewed Wikipedia global lists do not provide a complete exact-year annual series.
TJ,TJ,Tajikistan,2012,8014084,worldbank-SP.POP.TOTL-20260713,https://data.worldbank.org/indicator/SP.POP.TOTL?locations=TJ,TJK,midyear_estimate,available,World Bank fallback: reviewed Wikipedia global lists do not provide a complete exact-year annual series.
TJ,TJ,Tajikistan,2015,8643840,worldbank-SP.POP.TOTL-20260713,https://data.worldbank.org/indicator/SP.POP.TOTL?locations=TJ,TJK,midyear_estimate,available,World Bank fallback: reviewed Wikipedia global lists do not provide a complete exact-year annual series.
TJ,TJ,Tajikistan,2018,9307333,worldbank-SP.POP.TOTL-20260713,https://data.worldbank.org/indicator/SP.POP.TOTL?locations=TJ,TJK,midyear_estimate,available,World Bank fallback: reviewed Wikipedia global lists do not provide a complete exact-year annual series.
TJ,TJ,Tajikistan,2021,9966908,worldbank-SP.POP.TOTL-20260713,https://data.worldbank.org/indicator/SP.POP.TOTL?locations=TJ,TJK,midyear_estimate,available,World Bank fallback: reviewed Wikipedia global lists do not provide a complete exact-year annual series.
TJ,TJ,Tajikistan,2024,10590927,worldbank-SP.POP.TOTL-20260713,https://data.worldbank.org/indicator/SP.POP.TOTL?locations=TJ,TJK,midyear_estimate,available,World Bank fallback: reviewed Wikipedia global lists do not provide a complete exact-year annual series.
CZ,CZ,Czechia,2006,10238905,worldbank-SP.POP.TOTL-20260713,https://data.worldbank.org/indicator/SP.POP.TOTL?locations=CZ,CZE,midyear_estimate,available,World Bank fallback: reviewed Wikipedia global lists do not provide a complete exact-year annual series.
CZ,CZ,Czechia,2009,10443936,worldbank-SP.POP.TOTL-20260713,https://data.worldbank.org/indicator/SP.POP.TOTL?locations=CZ,CZE,midyear_estimate,available,World Bank fallback: reviewed Wikipedia global lists do not provide a complete exact-year annual series.
CZ,CZ,Czechia,2012,10510785,worldbank-SP.POP.TOTL-20260713,https://data.worldbank.org/indicator/SP.POP.TOTL?locations=CZ,CZE,midyear_estimate,available,World Bank fallback: reviewed Wikipedia global lists do not provide a complete exact-year annual series.
CZ,CZ,Czechia,2015,10546059,worldbank-SP.POP.TOTL-20260713,https://data.worldbank.org/indicator/SP.POP.TOTL?locations=CZ,CZE,midyear_estimate,available,World Bank fallback: reviewed Wikipedia global lists do not provide a complete exact-year annual series.
CZ,CZ,Czechia,2018,10629928,worldbank-SP.POP.TOTL-20260713,https://data.worldbank.org/indicator/SP.POP.TOTL?locations=CZ,CZE,midyear_estimate,available,World Bank fallback: reviewed Wikipedia global lists do not provide a complete exact-year annual series.
CZ,CZ,Czechia,2021,10505772,worldbank-SP.POP.TOTL-20260713,https://data.worldbank.org/indicator/SP.POP.TOTL?locations=CZ,CZE,midyear_estimate,available,World Bank fallback: reviewed Wikipedia global lists do not provide a complete exact-year annual series.
CZ,CZ,Czechia,2024,10905028,worldbank-SP.POP.TOTL-20260713,https://data.worldbank.org/indicator/SP.POP.TOTL?locations=CZ,CZE,midyear_estimate,available,World Bank fallback: reviewed Wikipedia global lists do not provide a complete exact-year annual series.
TM,TM,Turkmenistan,2006,5147105,worldbank-SP.POP.TOTL-20260713,https://data.worldbank.org/indicator/SP.POP.TOTL?locations=TM,TKM,midyear_estimate,available,World Bank fallback: reviewed Wikipedia global lists do not provide a complete exact-year annual series.
TM,TM,Turkmenistan,2009,5451592,worldbank-SP.POP.TOTL-20260713,https://data.worldbank.org/indicator/SP.POP.TOTL?locations=TM,TKM,midyear_estimate,available,World Bank fallback: reviewed Wikipedia global lists do not provide a complete exact-year annual series.
TM,TM,Turkmenistan,2012,5808546,worldbank-SP.POP.TOTL-20260713,https://data.worldbank.org/indicator/SP.POP.TOTL?locations=TM,TKM,midyear_estimate,available,World Bank fallback: reviewed Wikipedia global lists do not provide a complete exact-year annual series.
TM,TM,Turkmenistan,2015,6215770,worldbank-SP.POP.TOTL-20260713,https://data.worldbank.org/indicator/SP.POP.TOTL?locations=TM,TKM,midyear_estimate,available,World Bank fallback: reviewed Wikipedia global lists do not provide a complete exact-year annual series.
TM,TM,Turkmenistan,2018,6655524,worldbank-SP.POP.TOTL-20260713,https://data.worldbank.org/indicator/SP.POP.TOTL?locations=TM,TKM,midyear_estimate,available,World Bank fallback: reviewed Wikipedia global lists do not provide a complete exact-year annual series.
TM,TM,Turkmenistan,2021,7092043,worldbank-SP.POP.TOTL-20260713,https://data.worldbank.org/indicator/SP.POP.TOTL?locations=TM,TKM,midyear_estimate,available,World Bank fallback: reviewed Wikipedia global lists do not provide a complete exact-year annual series.
TM,TM,Turkmenistan,2024,7494498,worldbank-SP.POP.TOTL-20260713,https://data.worldbank.org/indicator/SP.POP.TOTL?locations=TM,TKM,midyear_estimate,available,World Bank fallback: reviewed Wikipedia global lists do not provide a complete exact-year annual series.
HU,HU,Hungary,2006,10071370,worldbank-SP.POP.TOTL-20260713,https://data.worldbank.org/indicator/SP.POP.TOTL?locations=HU,HUN,midyear_estimate,available,World Bank fallback: reviewed Wikipedia global lists do not provide a complete exact-year annual series.
HU,HU,Hungary,2009,10022650,worldbank-SP.POP.TOTL-20260713,https://data.worldbank.org/indicator/SP.POP.TOTL?locations=HU,HUN,midyear_estimate,available,World Bank fallback: reviewed Wikipedia global lists do not provide a complete exact-year annual series.
HU,HU,Hungary,2012,9920362,worldbank-SP.POP.TOTL-20260713,https://data.worldbank.org/indicator/SP.POP.TOTL?locations=HU,HUN,midyear_estimate,available,World Bank fallback: reviewed Wikipedia global lists do not provide a complete exact-year annual series.
HU,HU,Hungary,2015,9797755,worldbank-SP.POP.TOTL-20260713,https://data.worldbank.org/indicator/SP.POP.TOTL?locations=HU,HUN,midyear_estimate,available,World Bank fallback: reviewed Wikipedia global lists do not provide a complete exact-year annual series.
HU,HU,Hungary,2018,9706964,worldbank-SP.POP.TOTL-20260713,https://data.worldbank.org/indicator/SP.POP.TOTL?locations=HU,HUN,midyear_estimate,available,World Bank fallback: reviewed Wikipedia global lists do not provide a complete exact-year annual series.
HU,HU,Hungary,2021,9630932,worldbank-SP.POP.TOTL-20260713,https://data.worldbank.org/indicator/SP.POP.TOTL?locations=HU,HUN,midyear_estimate,available,World Bank fallback: reviewed Wikipedia global lists do not provide a complete exact-year annual series.
HU,HU,Hungary,2024,9562065,worldbank-SP.POP.TOTL-20260713,https://data.worldbank.org/indicator/SP.POP.TOTL?locations=HU,HUN,midyear_estimate,available,World Bank fallback: reviewed Wikipedia global lists do not provide a complete exact-year annual series.
BG,BG,Bulgaria,2006,7601022,worldbank-SP.POP.TOTL-20260713,https://data.worldbank.org/indicator/SP.POP.TOTL?locations=BG,BGR,midyear_estimate,available,World Bank fallback: reviewed Wikipedia global lists do not provide a complete exact-year annual series.
BG,BG,Bulgaria,2009,7444443,worldbank-SP.POP.TOTL-20260713,https://data.worldbank.org/indicator/SP.POP.TOTL?locations=BG,BGR,midyear_estimate,available,World Bank fallback: reviewed Wikipedia global lists do not provide a complete exact-year annual series.
BG,BG,Bulgaria,2012,7305888,worldbank-SP.POP.TOTL-20260713,https://data.worldbank.org/indicator/SP.POP.TOTL?locations=BG,BGR,midyear_estimate,available,World Bank fallback: reviewed Wikipedia global lists do not provide a complete exact-year annual series.
BG,BG,Bulgaria,2015,6984225,worldbank-SP.POP.TOTL-20260713,https://data.worldbank.org/indicator/SP.POP.TOTL?locations=BG,BGR,midyear_estimate,available,World Bank fallback: reviewed Wikipedia global lists do not provide a complete exact-year annual series.
BG,BG,Bulgaria,2018,6710798,worldbank-SP.POP.TOTL-20260713,https://data.worldbank.org/indicator/SP.POP.TOTL?locations=BG,BGR,midyear_estimate,available,World Bank fallback: reviewed Wikipedia global lists do not provide a complete exact-year annual series.
BG,BG,Bulgaria,2021,6507301,worldbank-SP.POP.TOTL-20260713,https://data.worldbank.org/indicator/SP.POP.TOTL?locations=BG,BGR,midyear_estimate,available,World Bank fallback: reviewed Wikipedia global lists do not provide a complete exact-year annual series.
BG,BG,Bulgaria,2024,6441421,worldbank-SP.POP.TOTL-20260713,https://data.worldbank.org/indicator/SP.POP.TOTL?locations=BG,BGR,midyear_estimate,available,World Bank fallback: reviewed Wikipedia global lists do not provide a complete exact-year annual series.
BY,BY,Belarus,2006,9604924,worldbank-SP.POP.TOTL-20260713,https://data.worldbank.org/indicator/SP.POP.TOTL?locations=BY,BLR,midyear_estimate,available,World Bank fallback: reviewed Wikipedia global lists do not provide a complete exact-year annual series.
BY,BY,Belarus,2009,9504583,worldbank-SP.POP.TOTL-20260713,https://data.worldbank.org/indicator/SP.POP.TOTL?locations=BY,BLR,midyear_estimate,available,World Bank fallback: reviewed Wikipedia global lists do not provide a complete exact-year annual series.
BY,BY,Belarus,2012,9446836,worldbank-SP.POP.TOTL-20260713,https://data.worldbank.org/indicator/SP.POP.TOTL?locations=BY,BLR,midyear_estimate,available,World Bank fallback: reviewed Wikipedia global lists do not provide a complete exact-year annual series.
BY,BY,Belarus,2015,9461076,worldbank-SP.POP.TOTL-20260713,https://data.worldbank.org/indicator/SP.POP.TOTL?locations=BY,BLR,midyear_estimate,available,World Bank fallback: reviewed Wikipedia global lists do not provide a complete exact-year annual series.
BY,BY,Belarus,2018,9438785,worldbank-SP.POP.TOTL-20260713,https://data.worldbank.org/indicator/SP.POP.TOTL?locations=BY,BLR,midyear_estimate,available,World Bank fallback: reviewed Wikipedia global lists do not provide a complete exact-year annual series.
BY,BY,Belarus,2021,9302585,worldbank-SP.POP.TOTL-20260713,https://data.worldbank.org/indicator/SP.POP.TOTL?locations=BY,BLR,midyear_estimate,available,World Bank fallback: reviewed Wikipedia global lists do not provide a complete exact-year annual series.
BY,BY,Belarus,2024,9132629,worldbank-SP.POP.TOTL-20260713,https://data.worldbank.org/indicator/SP.POP.TOTL?locations=BY,BLR,midyear_estimate,available,World Bank fallback: reviewed Wikipedia global lists do not provide a complete exact-year annual series.
PL,PL,Poland,2006,38141267,worldbank-SP.POP.TOTL-20260713,https://data.worldbank.org/indicator/SP.POP.TOTL?locations=PL,POL,midyear_estimate,available,World Bank fallback: reviewed Wikipedia global lists do not provide a complete exact-year annual series.
PL,PL,Poland,2009,38151603,worldbank-SP.POP.TOTL-20260713,https://data.worldbank.org/indicator/SP.POP.TOTL?locations=PL,POL,midyear_estimate,available,World Bank fallback: reviewed Wikipedia global lists do not provide a complete exact-year annual series.
PL,PL,Poland,2012,38063164,worldbank-SP.POP.TOTL-20260713,https://data.worldbank.org/indicator/SP.POP.TOTL?locations=PL,POL,midyear_estimate,available,World Bank fallback: reviewed Wikipedia global lists do not provide a complete exact-year annual series.
PL,PL,Poland,2015,37986412,worldbank-SP.POP.TOTL-20260713,https://data.worldbank.org/indicator/SP.POP.TOTL?locations=PL,POL,midyear_estimate,available,World Bank fallback: reviewed Wikipedia global lists do not provide a complete exact-year annual series.
PL,PL,Poland,2018,37974750,worldbank-SP.POP.TOTL-20260713,https://data.worldbank.org/indicator/SP.POP.TOTL?locations=PL,POL,midyear_estimate,available,World Bank fallback: reviewed Wikipedia global lists do not provide a complete exact-year annual series.
PL,PL,Poland,2021,36981559,worldbank-SP.POP.TOTL-20260713,https://data.worldbank.org/indicator/SP.POP.TOTL?locations=PL,POL,midyear_estimate,available,World Bank fallback: reviewed Wikipedia global lists do not provide a complete exact-year annual series.
PL,PL,Poland,2024,36559233,worldbank-SP.POP.TOTL-20260713,https://data.worldbank.org/indicator/SP.POP.TOTL?locations=PL,POL,midyear_estimate,available,World Bank fallback: reviewed Wikipedia global lists do not provide a complete exact-year annual series.
BA,BA,Bosnia & Herzegovina,2006,4063272,worldbank-SP.POP.TOTL-20260713,https://data.worldbank.org/indicator/SP.POP.TOTL?locations=BA,BIH,midyear_estimate,available,World Bank fallback: reviewed Wikipedia global lists do not provide a complete exact-year annual series.
BA,BA,Bosnia & Herzegovina,2009,3879794,worldbank-SP.POP.TOTL-20260713,https://data.worldbank.org/indicator/SP.POP.TOTL?locations=BA,BIH,midyear_estimate,available,World Bank fallback: reviewed Wikipedia global lists do not provide a complete exact-year annual series.
BA,BA,Bosnia & Herzegovina,2012,3670113,worldbank-SP.POP.TOTL-20260713,https://data.worldbank.org/indicator/SP.POP.TOTL?locations=BA,BIH,midyear_estimate,available,World Bank fallback: reviewed Wikipedia global lists do not provide a complete exact-year annual series.
BA,BA,Bosnia & Herzegovina,2015,3518541,worldbank-SP.POP.TOTL-20260713,https://data.worldbank.org/indicator/SP.POP.TOTL?locations=BA,BIH,midyear_estimate,available,World Bank fallback: reviewed Wikipedia global lists do not provide a complete exact-year annual series.
BA,BA,Bosnia & Herzegovina,2018,3387000,worldbank-SP.POP.TOTL-20260713,https://data.worldbank.org/indicator/SP.POP.TOTL?locations=BA,BIH,midyear_estimate,available,World Bank fallback: reviewed Wikipedia global lists do not provide a complete exact-year annual series.
BA,BA,Bosnia & Herzegovina,2021,3244907,worldbank-SP.POP.TOTL-20260713,https://data.worldbank.org/indicator/SP.POP.TOTL?locations=BA,BIH,midyear_estimate,available,World Bank fallback: reviewed Wikipedia global lists do not provide a complete exact-year annual series.
BA,BA,Bosnia & Herzegovina,2024,3164253,worldbank-SP.POP.TOTL-20260713,https://data.worldbank.org/indicator/SP.POP.TOTL?locations=BA,BIH,midyear_estimate,available,World Bank fallback: reviewed Wikipedia global lists do not provide a complete exact-year annual series.
MD,MD,Moldova,2006,2880967,worldbank-SP.POP.TOTL-20260713,https://data.worldbank.org/indicator/SP.POP.TOTL?locations=MD,MDA,midyear_estimate,available,World Bank fallback: reviewed Wikipedia global lists do not provide a complete exact-year annual series.
MD,MD,Moldova,2009,2865213,worldbank-SP.POP.TOTL-20260713,https://data.worldbank.org/indicator/SP.POP.TOTL?locations=MD,MDA,midyear_estimate,available,World Bank fallback: reviewed Wikipedia global lists do not provide a complete exact-year annual series.
MD,MD,Moldova,2012,2860324,worldbank-SP.POP.TOTL-20260713,https://data.worldbank.org/indicator/SP.POP.TOTL?locations=MD,MDA,midyear_estimate,available,World Bank fallback: reviewed Wikipedia global lists do not provide a complete exact-year annual series.
MD,MD,Moldova,2015,2835978,worldbank-SP.POP.TOTL-20260713,https://data.worldbank.org/indicator/SP.POP.TOTL?locations=MD,MDA,midyear_estimate,available,World Bank fallback: reviewed Wikipedia global lists do not provide a complete exact-year annual series.
MD,MD,Moldova,2018,2707203,worldbank-SP.POP.TOTL-20260713,https://data.worldbank.org/indicator/SP.POP.TOTL?locations=MD,MDA,midyear_estimate,available,World Bank fallback: reviewed Wikipedia global lists do not provide a complete exact-year annual series.
MD,MD,Moldova,2021,2595809,worldbank-SP.POP.TOTL-20260713,https://data.worldbank.org/indicator/SP.POP.TOTL?locations=MD,MDA,midyear_estimate,available,World Bank fallback: reviewed Wikipedia global lists do not provide a complete exact-year annual series.
MD,MD,Moldova,2024,2402306,worldbank-SP.POP.TOTL-20260713,https://data.worldbank.org/indicator/SP.POP.TOTL?locations=MD,MDA,midyear_estimate,available,World Bank fallback: reviewed Wikipedia global lists do not provide a complete exact-year annual series.
ME,ME,Montenegro,2006,615025,worldbank-SP.POP.TOTL-20260713,https://data.worldbank.org/indicator/SP.POP.TOTL?locations=ME,MNE,midyear_estimate,available,World Bank fallback: reviewed Wikipedia global lists do not provide a complete exact-year annual series.
ME,ME,Montenegro,2009,618294,worldbank-SP.POP.TOTL-20260713,https://data.worldbank.org/indicator/SP.POP.TOTL?locations=ME,MNE,midyear_estimate,available,World Bank fallback: reviewed Wikipedia global lists do not provide a complete exact-year annual series.
ME,ME,Montenegro,2012,621418,worldbank-SP.POP.TOTL-20260713,https://data.worldbank.org/indicator/SP.POP.TOTL?locations=ME,MNE,midyear_estimate,available,World Bank fallback: reviewed Wikipedia global lists do not provide a complete exact-year annual series.
ME,ME,Montenegro,2015,624651,worldbank-SP.POP.TOTL-20260713,https://data.worldbank.org/indicator/SP.POP.TOTL?locations=ME,MNE,midyear_estimate,available,World Bank fallback: reviewed Wikipedia global lists do not provide a complete exact-year annual series.
ME,ME,Montenegro,2018,626438,worldbank-SP.POP.TOTL-20260713,https://data.worldbank.org/indicator/SP.POP.TOTL?locations=ME,MNE,midyear_estimate,available,World Bank fallback: reviewed Wikipedia global lists do not provide a complete exact-year annual series.
ME,ME,Montenegro,2021,625053,worldbank-SP.POP.TOTL-20260713,https://data.worldbank.org/indicator/SP.POP.TOTL?locations=ME,MNE,midyear_estimate,available,World Bank fallback: reviewed Wikipedia global lists do not provide a complete exact-year annual series.
ME,ME,Montenegro,2024,623525,worldbank-SP.POP.TOTL-20260713,https://data.worldbank.org/indicator/SP.POP.TOTL?locations=ME,MNE,midyear_estimate,available,World Bank fallback: reviewed Wikipedia global lists do not provide a complete exact-year annual series.
LV,LV,Latvia,2006,2218357,worldbank-SP.POP.TOTL-20260713,https://data.worldbank.org/indicator/SP.POP.TOTL?locations=LV,LVA,midyear_estimate,available,World Bank fallback: reviewed Wikipedia global lists do not provide a complete exact-year annual series.
LV,LV,Latvia,2009,2141669,worldbank-SP.POP.TOTL-20260713,https://data.worldbank.org/indicator/SP.POP.TOTL?locations=LV,LVA,midyear_estimate,available,World Bank fallback: reviewed Wikipedia global lists do not provide a complete exact-year annual series.
LV,LV,Latvia,2012,2034319,worldbank-SP.POP.TOTL-20260713,https://data.worldbank.org/indicator/SP.POP.TOTL?locations=LV,LVA,midyear_estimate,available,World Bank fallback: reviewed Wikipedia global lists do not provide a complete exact-year annual series.
LV,LV,Latvia,2015,1977527,worldbank-SP.POP.TOTL-20260713,https://data.worldbank.org/indicator/SP.POP.TOTL?locations=LV,LVA,midyear_estimate,available,World Bank fallback: reviewed Wikipedia global lists do not provide a complete exact-year annual series.
LV,LV,Latvia,2018,1927174,worldbank-SP.POP.TOTL-20260713,https://data.worldbank.org/indicator/SP.POP.TOTL?locations=LV,LVA,midyear_estimate,available,World Bank fallback: reviewed Wikipedia global lists do not provide a complete exact-year annual series.
LV,LV,Latvia,2021,1884490,worldbank-SP.POP.TOTL-20260713,https://data.worldbank.org/indicator/SP.POP.TOTL?locations=LV,LVA,midyear_estimate,available,World Bank fallback: reviewed Wikipedia global lists do not provide a complete exact-year annual series.
LV,LV,Latvia,2024,1866124,worldbank-SP.POP.TOTL-20260713,https://data.worldbank.org/indicator/SP.POP.TOTL?locations=LV,LVA,midyear_estimate,available,World Bank fallback: reviewed Wikipedia global lists do not provide a complete exact-year annual series.
LT,LT,Lithuania,2006,3269909,worldbank-SP.POP.TOTL-20260713,https://data.worldbank.org/indicator/SP.POP.TOTL?locations=LT,LTU,midyear_estimate,available,World Bank fallback: reviewed Wikipedia global lists do not provide a complete exact-year annual series.
LT,LT,Lithuania,2009,3162916,worldbank-SP.POP.TOTL-20260713,https://data.worldbank.org/indicator/SP.POP.TOTL?locations=LT,LTU,midyear_estimate,available,World Bank fallback: reviewed Wikipedia global lists do not provide a complete exact-year annual series.
LT,LT,Lithuania,2012,2989139,worldbank-SP.POP.TOTL-20260713,https://data.worldbank.org/indicator/SP.POP.TOTL?locations=LT,LTU,midyear_estimate,available,World Bank fallback: reviewed Wikipedia global lists do not provide a complete exact-year annual series.
LT,LT,Lithuania,2015,2911109,worldbank-SP.POP.TOTL-20260713,https://data.worldbank.org/indicator/SP.POP.TOTL?locations=LT,LTU,midyear_estimate,available,World Bank fallback: reviewed Wikipedia global lists do not provide a complete exact-year annual series.
LT,LT,Lithuania,2018,2819200,worldbank-SP.POP.TOTL-20260713,https://data.worldbank.org/indicator/SP.POP.TOTL?locations=LT,LTU,midyear_estimate,available,World Bank fallback: reviewed Wikipedia global lists do not provide a complete exact-year annual series.
LT,LT,Lithuania,2021,2808380,worldbank-SP.POP.TOTL-20260713,https://data.worldbank.org/indicator/SP.POP.TOTL?locations=LT,LTU,midyear_estimate,available,World Bank fallback: reviewed Wikipedia global lists do not provide a complete exact-year annual series.
LT,LT,Lithuania,2024,2888278,worldbank-SP.POP.TOTL-20260713,https://data.worldbank.org/indicator/SP.POP.TOTL?locations=LT,LTU,midyear_estimate,available,World Bank fallback: reviewed Wikipedia global lists do not provide a complete exact-year annual series.
RO,RO,Romania,2006,21193760,worldbank-SP.POP.TOTL-20260713,https://data.worldbank.org/indicator/SP.POP.TOTL?locations=RO,ROU,midyear_estimate,available,World Bank fallback: reviewed Wikipedia global lists do not provide a complete exact-year annual series.
RO,RO,Romania,2009,20367487,worldbank-SP.POP.TOTL-20260713,https://data.worldbank.org/indicator/SP.POP.TOTL?locations=RO,ROU,midyear_estimate,available,World Bank fallback: reviewed Wikipedia global lists do not provide a complete exact-year annual series.
RO,RO,Romania,2012,20058035,worldbank-SP.POP.TOTL-20260713,https://data.worldbank.org/indicator/SP.POP.TOTL?locations=RO,ROU,midyear_estimate,available,World Bank fallback: reviewed Wikipedia global lists do not provide a complete exact-year annual series.
RO,RO,Romania,2015,19815616,worldbank-SP.POP.TOTL-20260713,https://data.worldbank.org/indicator/SP.POP.TOTL?locations=RO,ROU,midyear_estimate,available,World Bank fallback: reviewed Wikipedia global lists do not provide a complete exact-year annual series.
RO,RO,Romania,2018,19473970,worldbank-SP.POP.TOTL-20260713,https://data.worldbank.org/indicator/SP.POP.TOTL?locations=RO,ROU,midyear_estimate,available,World Bank fallback: reviewed Wikipedia global lists do not provide a complete exact-year annual series.
RO,RO,Romania,2021,19122059,worldbank-SP.POP.TOTL-20260713,https://data.worldbank.org/indicator/SP.POP.TOTL?locations=RO,ROU,midyear_estimate,available,World Bank fallback: reviewed Wikipedia global lists do not provide a complete exact-year annual series.
RO,RO,Romania,2024,19051804,worldbank-SP.POP.TOTL-20260713,https://data.worldbank.org/indicator/SP.POP.TOTL?locations=RO,ROU,midyear_estimate,available,World Bank fallback: reviewed Wikipedia global lists do not provide a complete exact-year annual series.
RU,RU,Russia,2006,143049637,worldbank-SP.POP.TOTL-20260713,https://data.worldbank.org/indicator/SP.POP.TOTL?locations=RU,RUS,midyear_estimate,available,World Bank fallback: reviewed Wikipedia global lists do not provide a complete exact-year annual series.
RU,RU,Russia,2009,142785348,worldbank-SP.POP.TOTL-20260713,https://data.worldbank.org/indicator/SP.POP.TOTL?locations=RU,RUS,midyear_estimate,available,World Bank fallback: reviewed Wikipedia global lists do not provide a complete exact-year annual series.
RU,RU,Russia,2012,143378447,worldbank-SP.POP.TOTL-20260713,https://data.worldbank.org/indicator/SP.POP.TOTL?locations=RU,RUS,midyear_estimate,available,World Bank fallback: reviewed Wikipedia global lists do not provide a complete exact-year annual series.
RU,RU,Russia,2015,144640716,worldbank-SP.POP.TOTL-20260713,https://data.worldbank.org/indicator/SP.POP.TOTL?locations=RU,RUS,midyear_estimate,available,World Bank fallback: reviewed Wikipedia global lists do not provide a complete exact-year annual series.
RU,RU,Russia,2018,145398106,worldbank-SP.POP.TOTL-20260713,https://data.worldbank.org/indicator/SP.POP.TOTL?locations=RU,RUS,midyear_estimate,available,World Bank fallback: reviewed Wikipedia global lists do not provide a complete exact-year annual series.
RU,RU,Russia,2021,144746762,worldbank-SP.POP.TOTL-20260713,https://data.worldbank.org/indicator/SP.POP.TOTL?locations=RU,RUS,midyear_estimate,available,World Bank fallback: reviewed Wikipedia global lists do not provide a complete exact-year annual series.
RU,RU,Russia,2024,143669648,worldbank-SP.POP.TOTL-20260713,https://data.worldbank.org/indicator/SP.POP.TOTL?locations=RU,RUS,midyear_estimate,available,World Bank fallback: reviewed Wikipedia global lists do not provide a complete exact-year annual series.
AF,AF,Afghanistan,2006,25424094,worldbank-SP.POP.TOTL-20260713,https://data.worldbank.org/indicator/SP.POP.TOTL?locations=AF,AFG,midyear_estimate,available,World Bank fallback: reviewed Wikipedia global lists do not provide a complete exact-year annual series.
AF,AF,Afghanistan,2009,27466101,worldbank-SP.POP.TOTL-20260713,https://data.worldbank.org/indicator/SP.POP.TOTL?locations=AF,AFG,midyear_estimate,available,World Bank fallback: reviewed Wikipedia global lists do not provide a complete exact-year annual series.
AF,AF,Afghanistan,2012,30560034,worldbank-SP.POP.TOTL-20260713,https://data.worldbank.org/indicator/SP.POP.TOTL?locations=AF,AFG,midyear_estimate,available,World Bank fallback: reviewed Wikipedia global lists do not provide a complete exact-year annual series.
AF,AF,Afghanistan,2015,33831764,worldbank-SP.POP.TOTL-20260713,https://data.worldbank.org/indicator/SP.POP.TOTL?locations=AF,AFG,midyear_estimate,available,World Bank fallback: reviewed Wikipedia global lists do not provide a complete exact-year annual series.
AF,AF,Afghanistan,2018,36743039,worldbank-SP.POP.TOTL-20260713,https://data.worldbank.org/indicator/SP.POP.TOTL?locations=AF,AFG,midyear_estimate,available,World Bank fallback: reviewed Wikipedia global lists do not provide a complete exact-year annual series.
AF,AF,Afghanistan,2021,40000412,worldbank-SP.POP.TOTL-20260713,https://data.worldbank.org/indicator/SP.POP.TOTL?locations=AF,AFG,midyear_estimate,available,World Bank fallback: reviewed Wikipedia global lists do not provide a complete exact-year annual series.
AF,AF,Afghanistan,2024,42647492,worldbank-SP.POP.TOTL-20260713,https://data.worldbank.org/indicator/SP.POP.TOTL?locations=AF,AFG,midyear_estimate,available,World Bank fallback: reviewed Wikipedia global lists do not provide a complete exact-year annual series.
AE,AE,United Arab Emirates,2006,5009100,worldbank-SP.POP.TOTL-20260713,https://data.worldbank.org/indicator/SP.POP.TOTL?locations=AE,ARE,midyear_estimate,available,World Bank fallback: reviewed Wikipedia global lists do not provide a complete exact-year annual series.
AE,AE,United Arab Emirates,2009,6707058,worldbank-SP.POP.TOTL-20260713,https://data.worldbank.org/indicator/SP.POP.TOTL?locations=AE,ARE,midyear_estimate,available,World Bank fallback: reviewed Wikipedia global lists do not provide a complete exact-year annual series.
AE,AE,United Arab Emirates,2012,7391448,worldbank-SP.POP.TOTL-20260713,https://data.worldbank.org/indicator/SP.POP.TOTL?locations=AE,ARE,midyear_estimate,available,World Bank fallback: reviewed Wikipedia global lists do not provide a complete exact-year annual series.
AE,AE,United Arab Emirates,2015,8505237,worldbank-SP.POP.TOTL-20260713,https://data.worldbank.org/indicator/SP.POP.TOTL?locations=AE,ARE,midyear_estimate,available,World Bank fallback: reviewed Wikipedia global lists do not provide a complete exact-year annual series.
AE,AE,United Arab Emirates,2018,9346701,worldbank-SP.POP.TOTL-20260713,https://data.worldbank.org/indicator/SP.POP.TOTL?locations=AE,ARE,midyear_estimate,available,World Bank fallback: reviewed Wikipedia global lists do not provide a complete exact-year annual series.
AE,AE,United Arab Emirates,2021,9575152,worldbank-SP.POP.TOTL-20260713,https://data.worldbank.org/indicator/SP.POP.TOTL?locations=AE,ARE,midyear_estimate,available,World Bank fallback: reviewed Wikipedia global lists do not provide a complete exact-year annual series.
AE,AE,United Arab Emirates,2024,10986400,worldbank-SP.POP.TOTL-20260713,https://data.worldbank.org/indicator/SP.POP.TOTL?locations=AE,ARE,midyear_estimate,available,World Bank fallback: reviewed Wikipedia global lists do not provide a complete exact-year annual series.
YE,YE,Yemen,2006,23543083,worldbank-SP.POP.TOTL-20260713,https://data.worldbank.org/indicator/SP.POP.TOTL?locations=YE,YEM,midyear_estimate,available,World Bank fallback: reviewed Wikipedia global lists do not provide a complete exact-year annual series.
YE,YE,Yemen,2009,25927724,worldbank-SP.POP.TOTL-20260713,https://data.worldbank.org/indicator/SP.POP.TOTL?locations=YE,YEM,midyear_estimate,available,World Bank fallback: reviewed Wikipedia global lists do not provide a complete exact-year annual series.
YE,YE,Yemen,2012,28433647,worldbank-SP.POP.TOTL-20260713,https://data.worldbank.org/indicator/SP.POP.TOTL?locations=YE,YEM,midyear_estimate,available,World Bank fallback: reviewed Wikipedia global lists do not provide a complete exact-year annual series.
YE,YE,Yemen,2015,31159379,worldbank-SP.POP.TOTL-20260713,https://data.worldbank.org/indicator/SP.POP.TOTL?locations=YE,YEM,midyear_estimate,available,World Bank fallback: reviewed Wikipedia global lists do not provide a complete exact-year annual series.
YE,YE,Yemen,2018,34085182,worldbank-SP.POP.TOTL-20260713,https://data.worldbank.org/indicator/SP.POP.TOTL?locations=YE,YEM,midyear_estimate,available,World Bank fallback: reviewed Wikipedia global lists do not provide a complete exact-year annual series.
YE,YE,Yemen,2021,37140230,worldbank-SP.POP.TOTL-20260713,https://data.worldbank.org/indicator/SP.POP.TOTL?locations=YE,YEM,midyear_estimate,available,World Bank fallback: reviewed Wikipedia global lists do not provide a complete exact-year annual series.
YE,YE,Yemen,2024,40583164,worldbank-SP.POP.TOTL-20260713,https://data.worldbank.org/indicator/SP.POP.TOTL?locations=YE,YEM,midyear_estimate,available,World Bank fallback: reviewed Wikipedia global lists do not provide a complete exact-year annual series.
IL,IL,Israel,2006,7053700,worldbank-SP.POP.TOTL-20260713,https://data.worldbank.org/indicator/SP.POP.TOTL?locations=IL,ISR,midyear_estimate,available,World Bank fallback: reviewed Wikipedia global lists do not provide a complete exact-year annual series.
IL,IL,Israel,2009,7485600,worldbank-SP.POP.TOTL-20260713,https://data.worldbank.org/indicator/SP.POP.TOTL?locations=IL,ISR,midyear_estimate,available,World Bank fallback: reviewed Wikipedia global lists do not provide a complete exact-year annual series.
IL,IL,Israel,2012,7910500,worldbank-SP.POP.TOTL-20260713,https://data.worldbank.org/indicator/SP.POP.TOTL?locations=IL,ISR,midyear_estimate,available,World Bank fallback: reviewed Wikipedia global lists do not provide a complete exact-year annual series.
IL,IL,Israel,2015,8380100,worldbank-SP.POP.TOTL-20260713,https://data.worldbank.org/indicator/SP.POP.TOTL?locations=IL,ISR,midyear_estimate,available,World Bank fallback: reviewed Wikipedia global lists do not provide a complete exact-year annual series.
IL,IL,Israel,2018,8882800,worldbank-SP.POP.TOTL-20260713,https://data.worldbank.org/indicator/SP.POP.TOTL?locations=IL,ISR,midyear_estimate,available,World Bank fallback: reviewed Wikipedia global lists do not provide a complete exact-year annual series.
IL,IL,Israel,2021,9371400,worldbank-SP.POP.TOTL-20260713,https://data.worldbank.org/indicator/SP.POP.TOTL?locations=IL,ISR,midyear_estimate,available,World Bank fallback: reviewed Wikipedia global lists do not provide a complete exact-year annual series.
IL,IL,Israel,2024,10002200,worldbank-SP.POP.TOTL-20260713,https://data.worldbank.org/indicator/SP.POP.TOTL?locations=IL,ISR,midyear_estimate,available,World Bank fallback: reviewed Wikipedia global lists do not provide a complete exact-year annual series.
IQ,IQ,Iraq,2006,28616515,worldbank-SP.POP.TOTL-20260713,https://data.worldbank.org/indicator/SP.POP.TOTL?locations=IQ,IRQ,midyear_estimate,available,World Bank fallback: reviewed Wikipedia global lists do not provide a complete exact-year annual series.
IQ,IQ,Iraq,2009,30058206,worldbank-SP.POP.TOTL-20260713,https://data.worldbank.org/indicator/SP.POP.TOTL?locations=IQ,IRQ,midyear_estimate,available,World Bank fallback: reviewed Wikipedia global lists do not provide a complete exact-year annual series.
IQ,IQ,Iraq,2012,33654842,worldbank-SP.POP.TOTL-20260713,https://data.worldbank.org/indicator/SP.POP.TOTL?locations=IQ,IRQ,midyear_estimate,available,World Bank fallback: reviewed Wikipedia global lists do not provide a complete exact-year annual series.
IQ,IQ,Iraq,2015,37560535,worldbank-SP.POP.TOTL-20260713,https://data.worldbank.org/indicator/SP.POP.TOTL?locations=IQ,IRQ,midyear_estimate,available,World Bank fallback: reviewed Wikipedia global lists do not provide a complete exact-year annual series.
IQ,IQ,Iraq,2018,40265624,worldbank-SP.POP.TOTL-20260713,https://data.worldbank.org/indicator/SP.POP.TOTL?locations=IQ,IRQ,midyear_estimate,available,World Bank fallback: reviewed Wikipedia global lists do not provide a complete exact-year annual series.
IQ,IQ,Iraq,2021,43071211,worldbank-SP.POP.TOTL-20260713,https://data.worldbank.org/indicator/SP.POP.TOTL?locations=IQ,IRQ,midyear_estimate,available,World Bank fallback: reviewed Wikipedia global lists do not provide a complete exact-year annual series.
IQ,IQ,Iraq,2024,46042015,worldbank-SP.POP.TOTL-20260713,https://data.worldbank.org/indicator/SP.POP.TOTL?locations=IQ,IRQ,midyear_estimate,available,World Bank fallback: reviewed Wikipedia global lists do not provide a complete exact-year annual series.
IR,IR,Iran,2006,73392747,worldbank-SP.POP.TOTL-20260713,https://data.worldbank.org/indicator/SP.POP.TOTL?locations=IR,IRN,midyear_estimate,available,World Bank fallback: reviewed Wikipedia global lists do not provide a complete exact-year annual series.
IR,IR,Iran,2009,76457825,worldbank-SP.POP.TOTL-20260713,https://data.worldbank.org/indicator/SP.POP.TOTL?locations=IR,IRN,midyear_estimate,available,World Bank fallback: reviewed Wikipedia global lists do not provide a complete exact-year annual series.
IR,IR,Iran,2012,79370580,worldbank-SP.POP.TOTL-20260713,https://data.worldbank.org/indicator/SP.POP.TOTL?locations=IR,IRN,midyear_estimate,available,World Bank fallback: reviewed Wikipedia global lists do not provide a complete exact-year annual series.
IR,IR,Iran,2015,82619362,worldbank-SP.POP.TOTL-20260713,https://data.worldbank.org/indicator/SP.POP.TOTL?locations=IR,IRN,midyear_estimate,available,World Bank fallback: reviewed Wikipedia global lists do not provide a complete exact-year annual series.
IR,IR,Iran,2018,86117998,worldbank-SP.POP.TOTL-20260713,https://data.worldbank.org/indicator/SP.POP.TOTL?locations=IR,IRN,midyear_estimate,available,World Bank fallback: reviewed Wikipedia global lists do not provide a complete exact-year annual series.
IR,IR,Iran,2021,88455488,worldbank-SP.POP.TOTL-20260713,https://data.worldbank.org/indicator/SP.POP.TOTL?locations=IR,IRN,midyear_estimate,available,World Bank fallback: reviewed Wikipedia global lists do not provide a complete exact-year annual series.
IR,IR,Iran,2024,91567738,worldbank-SP.POP.TOTL-20260713,https://data.worldbank.org/indicator/SP.POP.TOTL?locations=IR,IRN,midyear_estimate,available,World Bank fallback: reviewed Wikipedia global lists do not provide a complete exact-year annual series.
OM,OM,Oman,2006,2514795,worldbank-SP.POP.TOTL-20260713,https://data.worldbank.org/indicator/SP.POP.TOTL?locations=OM,OMN,midyear_estimate,available,World Bank fallback: reviewed Wikipedia global lists do not provide a complete exact-year annual series.
OM,OM,Oman,2009,2684659,worldbank-SP.POP.TOTL-20260713,https://data.worldbank.org/indicator/SP.POP.TOTL?locations=OM,OMN,midyear_estimate,available,World Bank fallback: reviewed Wikipedia global lists do not provide a complete exact-year annual series.
OM,OM,Oman,2012,3547106,worldbank-SP.POP.TOTL-20260713,https://data.worldbank.org/indicator/SP.POP.TOTL?locations=OM,OMN,midyear_estimate,available,World Bank fallback: reviewed Wikipedia global lists do not provide a complete exact-year annual series.
OM,OM,Oman,2015,4184895,worldbank-SP.POP.TOTL-20260713,https://data.worldbank.org/indicator/SP.POP.TOTL?locations=OM,OMN,midyear_estimate,available,World Bank fallback: reviewed Wikipedia global lists do not provide a complete exact-year annual series.
OM,OM,Oman,2018,4597877,worldbank-SP.POP.TOTL-20260713,https://data.worldbank.org/indicator/SP.POP.TOTL?locations=OM,OMN,midyear_estimate,available,World Bank fallback: reviewed Wikipedia global lists do not provide a complete exact-year annual series.
OM,OM,Oman,2021,4500424,worldbank-SP.POP.TOTL-20260713,https://data.worldbank.org/indicator/SP.POP.TOTL?locations=OM,OMN,midyear_estimate,available,World Bank fallback: reviewed Wikipedia global lists do not provide a complete exact-year annual series.
OM,OM,Oman,2024,5281538,worldbank-SP.POP.TOTL-20260713,https://data.worldbank.org/indicator/SP.POP.TOTL?locations=OM,OMN,midyear_estimate,available,World Bank fallback: reviewed Wikipedia global lists do not provide a complete exact-year annual series.
QA,QA,Qatar,2006,972831,worldbank-SP.POP.TOTL-20260713,https://data.worldbank.org/indicator/SP.POP.TOTL?locations=QA,QAT,midyear_estimate,available,World Bank fallback: reviewed Wikipedia global lists do not provide a complete exact-year annual series.
QA,QA,Qatar,2009,1608903,worldbank-SP.POP.TOTL-20260713,https://data.worldbank.org/indicator/SP.POP.TOTL?locations=QA,QAT,midyear_estimate,available,World Bank fallback: reviewed Wikipedia global lists do not provide a complete exact-year annual series.
QA,QA,Qatar,2012,1722438,worldbank-SP.POP.TOTL-20260713,https://data.worldbank.org/indicator/SP.POP.TOTL?locations=QA,QAT,midyear_estimate,available,World Bank fallback: reviewed Wikipedia global lists do not provide a complete exact-year annual series.
QA,QA,Qatar,2015,2344557,worldbank-SP.POP.TOTL-20260713,https://data.worldbank.org/indicator/SP.POP.TOTL?locations=QA,QAT,midyear_estimate,available,World Bank fallback: reviewed Wikipedia global lists do not provide a complete exact-year annual series.
QA,QA,Qatar,2018,2580734,worldbank-SP.POP.TOTL-20260713,https://data.worldbank.org/indicator/SP.POP.TOTL?locations=QA,QAT,midyear_estimate,available,World Bank fallback: reviewed Wikipedia global lists do not provide a complete exact-year annual series.
QA,QA,Qatar,2021,2504910,worldbank-SP.POP.TOTL-20260713,https://data.worldbank.org/indicator/SP.POP.TOTL?locations=QA,QAT,midyear_estimate,available,World Bank fallback: reviewed Wikipedia global lists do not provide a complete exact-year annual series.
QA,QA,Qatar,2024,2857822,worldbank-SP.POP.TOTL-20260713,https://data.worldbank.org/indicator/SP.POP.TOTL?locations=QA,QAT,midyear_estimate,available,World Bank fallback: reviewed Wikipedia global lists do not provide a complete exact-year annual series.
KW,KW,Kuwait,2006,2364733,worldbank-SP.POP.TOTL-20260713,https://data.worldbank.org/indicator/SP.POP.TOTL?locations=KW,KWT,midyear_estimate,available,World Bank fallback: reviewed Wikipedia global lists do not provide a complete exact-year annual series.
KW,KW,Kuwait,2009,2795484,worldbank-SP.POP.TOTL-20260713,https://data.worldbank.org/indicator/SP.POP.TOTL?locations=KW,KWT,midyear_estimate,available,World Bank fallback: reviewed Wikipedia global lists do not provide a complete exact-year annual series.
KW,KW,Kuwait,2012,3337109,worldbank-SP.POP.TOTL-20260713,https://data.worldbank.org/indicator/SP.POP.TOTL?locations=KW,KWT,midyear_estimate,available,World Bank fallback: reviewed Wikipedia global lists do not provide a complete exact-year annual series.
KW,KW,Kuwait,2015,3834574,worldbank-SP.POP.TOTL-20260713,https://data.worldbank.org/indicator/SP.POP.TOTL?locations=KW,KWT,midyear_estimate,available,World Bank fallback: reviewed Wikipedia global lists do not provide a complete exact-year annual series.
KW,KW,Kuwait,2018,4323515,worldbank-SP.POP.TOTL-20260713,https://data.worldbank.org/indicator/SP.POP.TOTL?locations=KW,KWT,midyear_estimate,available,World Bank fallback: reviewed Wikipedia global lists do not provide a complete exact-year annual series.
KW,KW,Kuwait,2021,4360865,worldbank-SP.POP.TOTL-20260713,https://data.worldbank.org/indicator/SP.POP.TOTL?locations=KW,KWT,midyear_estimate,available,World Bank fallback: reviewed Wikipedia global lists do not provide a complete exact-year annual series.
KW,KW,Kuwait,2024,4897263,worldbank-SP.POP.TOTL-20260713,https://data.worldbank.org/indicator/SP.POP.TOTL?locations=KW,KWT,midyear_estimate,available,World Bank fallback: reviewed Wikipedia global lists do not provide a complete exact-year annual series.
SA,SA,Saudi Arabia,2006,21459144,worldbank-SP.POP.TOTL-20260713,https://data.worldbank.org/indicator/SP.POP.TOTL?locations=SA,SAU,midyear_estimate,available,World Bank fallback: reviewed Wikipedia global lists do not provide a complete exact-year annual series.
SA,SA,Saudi Arabia,2009,24217654,worldbank-SP.POP.TOTL-20260713,https://data.worldbank.org/indicator/SP.POP.TOTL?locations=SA,SAU,midyear_estimate,available,World Bank fallback: reviewed Wikipedia global lists do not provide a complete exact-year annual series.
SA,SA,Saudi Arabia,2012,26168861,worldbank-SP.POP.TOTL-20260713,https://data.worldbank.org/indicator/SP.POP.TOTL?locations=SA,SAU,midyear_estimate,available,World Bank fallback: reviewed Wikipedia global lists do not provide a complete exact-year annual series.
SA,SA,Saudi Arabia,2015,29816382,worldbank-SP.POP.TOTL-20260713,https://data.worldbank.org/indicator/SP.POP.TOTL?locations=SA,SAU,midyear_estimate,available,World Bank fallback: reviewed Wikipedia global lists do not provide a complete exact-year annual series.
SA,SA,Saudi Arabia,2018,30196281,worldbank-SP.POP.TOTL-20260713,https://data.worldbank.org/indicator/SP.POP.TOTL?locations=SA,SAU,midyear_estimate,available,World Bank fallback: reviewed Wikipedia global lists do not provide a complete exact-year annual series.
SA,SA,Saudi Arabia,2021,30784383,worldbank-SP.POP.TOTL-20260713,https://data.worldbank.org/indicator/SP.POP.TOTL?locations=SA,SAU,midyear_estimate,available,World Bank fallback: reviewed Wikipedia global lists do not provide a complete exact-year annual series.
SA,SA,Saudi Arabia,2024,35300280,worldbank-SP.POP.TOTL-20260713,https://data.worldbank.org/indicator/SP.POP.TOTL?locations=SA,SAU,midyear_estimate,available,World Bank fallback: reviewed Wikipedia global lists do not provide a complete exact-year annual series.
SY,SY,Syria,2006,19637022,worldbank-SP.POP.TOTL-20260713,https://data.worldbank.org/indicator/SP.POP.TOTL?locations=SY,SYR,midyear_estimate,available,World Bank fallback: reviewed Wikipedia global lists do not provide a complete exact-year annual series.
SY,SY,Syria,2009,21976969,worldbank-SP.POP.TOTL-20260713,https://data.worldbank.org/indicator/SP.POP.TOTL?locations=SY,SYR,midyear_estimate,available,World Bank fallback: reviewed Wikipedia global lists do not provide a complete exact-year annual series.
SY,SY,Syria,2012,22759763,worldbank-SP.POP.TOTL-20260713,https://data.worldbank.org/indicator/SP.POP.TOTL?locations=SY,SYR,midyear_estimate,available,World Bank fallback: reviewed Wikipedia global lists do not provide a complete exact-year annual series.
SY,SY,Syria,2015,19424618,worldbank-SP.POP.TOTL-20260713,https://data.worldbank.org/indicator/SP.POP.TOTL?locations=SY,SYR,midyear_estimate,available,World Bank fallback: reviewed Wikipedia global lists do not provide a complete exact-year annual series.
SY,SY,Syria,2018,19577845,worldbank-SP.POP.TOTL-20260713,https://data.worldbank.org/indicator/SP.POP.TOTL?locations=SY,SYR,midyear_estimate,available,World Bank fallback: reviewed Wikipedia global lists do not provide a complete exact-year annual series.
SY,SY,Syria,2021,21628839,worldbank-SP.POP.TOTL-20260713,https://data.worldbank.org/indicator/SP.POP.TOTL?locations=SY,SYR,midyear_estimate,available,World Bank fallback: reviewed Wikipedia global lists do not provide a complete exact-year annual series.
SY,SY,Syria,2024,24672760,worldbank-SP.POP.TOTL-20260713,https://data.worldbank.org/indicator/SP.POP.TOTL?locations=SY,SYR,midyear_estimate,available,World Bank fallback: reviewed Wikipedia global lists do not provide a complete exact-year annual series.
TR,TR,Türkiye,2006,70045349,worldbank-SP.POP.TOTL-20260713,https://data.worldbank.org/indicator/SP.POP.TOTL?locations=TR,TUR,midyear_estimate,available,World Bank fallback: reviewed Wikipedia global lists do not provide a complete exact-year annual series.
TR,TR,Türkiye,2009,72039206,worldbank-SP.POP.TOTL-20260713,https://data.worldbank.org/indicator/SP.POP.TOTL?locations=TR,TUR,midyear_estimate,available,World Bank fallback: reviewed Wikipedia global lists do not provide a complete exact-year annual series.
TR,TR,Türkiye,2012,75175827,worldbank-SP.POP.TOTL-20260713,https://data.worldbank.org/indicator/SP.POP.TOTL?locations=TR,TUR,midyear_estimate,available,World Bank fallback: reviewed Wikipedia global lists do not provide a complete exact-year annual series.
TR,TR,Türkiye,2015,78218479,worldbank-SP.POP.TOTL-20260713,https://data.worldbank.org/indicator/SP.POP.TOTL?locations=TR,TUR,midyear_estimate,available,World Bank fallback: reviewed Wikipedia global lists do not provide a complete exact-year annual series.
TR,TR,Türkiye,2018,81407204,worldbank-SP.POP.TOTL-20260713,https://data.worldbank.org/indicator/SP.POP.TOTL?locations=TR,TUR,midyear_estimate,available,World Bank fallback: reviewed Wikipedia global lists do not provide a complete exact-year annual series.
TR,TR,Türkiye,2021,84147318,worldbank-SP.POP.TOTL-20260713,https://data.worldbank.org/indicator/SP.POP.TOTL?locations=TR,TUR,midyear_estimate,available,World Bank fallback: reviewed Wikipedia global lists do not provide a complete exact-year annual series.
TR,TR,Türkiye,2024,85518661,worldbank-SP.POP.TOTL-20260713,https://data.worldbank.org/indicator/SP.POP.TOTL?locations=TR,TUR,midyear_estimate,available,World Bank fallback: reviewed Wikipedia global lists do not provide a complete exact-year annual series.
BH,BH,Bahrain,2006,960424,worldbank-SP.POP.TOTL-20260713,https://data.worldbank.org/indicator/SP.POP.TOTL?locations=BH,BHR,midyear_estimate,available,World Bank fallback: reviewed Wikipedia global lists do not provide a complete exact-year annual series.
BH,BH,Bahrain,2009,1178415,worldbank-SP.POP.TOTL-20260713,https://data.worldbank.org/indicator/SP.POP.TOTL?locations=BH,BHR,midyear_estimate,available,World Bank fallback: reviewed Wikipedia global lists do not provide a complete exact-year annual series.
BH,BH,Bahrain,2012,1208964,worldbank-SP.POP.TOTL-20260713,https://data.worldbank.org/indicator/SP.POP.TOTL?locations=BH,BHR,midyear_estimate,available,World Bank fallback: reviewed Wikipedia global lists do not provide a complete exact-year annual series.
BH,BH,Bahrain,2015,1370322,worldbank-SP.POP.TOTL-20260713,https://data.worldbank.org/indicator/SP.POP.TOTL?locations=BH,BHR,midyear_estimate,available,World Bank fallback: reviewed Wikipedia global lists do not provide a complete exact-year annual series.
BH,BH,Bahrain,2018,1503091,worldbank-SP.POP.TOTL-20260713,https://data.worldbank.org/indicator/SP.POP.TOTL?locations=BH,BHR,midyear_estimate,available,World Bank fallback: reviewed Wikipedia global lists do not provide a complete exact-year annual series.
BH,BH,Bahrain,2021,1504365,worldbank-SP.POP.TOTL-20260713,https://data.worldbank.org/indicator/SP.POP.TOTL?locations=BH,BHR,midyear_estimate,available,World Bank fallback: reviewed Wikipedia global lists do not provide a complete exact-year annual series.
BH,BH,Bahrain,2024,1588670,worldbank-SP.POP.TOTL-20260713,https://data.worldbank.org/indicator/SP.POP.TOTL?locations=BH,BHR,midyear_estimate,available,World Bank fallback: reviewed Wikipedia global lists do not provide a complete exact-year annual series.
PS,PS,Palestinian Territories,2006,3406334,worldbank-SP.POP.TOTL-20260713,https://data.worldbank.org/indicator/SP.POP.TOTL?locations=PS,PSE,midyear_estimate,available,World Bank fallback: reviewed Wikipedia global lists do not provide a complete exact-year annual series.
PS,PS,Palestinian Territories,2009,3689099,worldbank-SP.POP.TOTL-20260713,https://data.worldbank.org/indicator/SP.POP.TOTL?locations=PS,PSE,midyear_estimate,available,World Bank fallback: reviewed Wikipedia global lists do not provide a complete exact-year annual series.
PS,PS,Palestinian Territories,2012,3979998,worldbank-SP.POP.TOTL-20260713,https://data.worldbank.org/indicator/SP.POP.TOTL?locations=PS,PSE,midyear_estimate,available,World Bank fallback: reviewed Wikipedia global lists do not provide a complete exact-year annual series.
PS,PS,Palestinian Territories,2015,4270092,worldbank-SP.POP.TOTL-20260713,https://data.worldbank.org/indicator/SP.POP.TOTL?locations=PS,PSE,midyear_estimate,available,World Bank fallback: reviewed Wikipedia global lists do not provide a complete exact-year annual series.
PS,PS,Palestinian Territories,2018,4569087,worldbank-SP.POP.TOTL-20260713,https://data.worldbank.org/indicator/SP.POP.TOTL?locations=PS,PSE,midyear_estimate,available,World Bank fallback: reviewed Wikipedia global lists do not provide a complete exact-year annual series.
PS,PS,Palestinian Territories,2021,4922749,worldbank-SP.POP.TOTL-20260713,https://data.worldbank.org/indicator/SP.POP.TOTL?locations=PS,PSE,midyear_estimate,available,World Bank fallback: reviewed Wikipedia global lists do not provide a complete exact-year annual series.
PS,PS,Palestinian Territories,2024,5289152,worldbank-SP.POP.TOTL-20260713,https://data.worldbank.org/indicator/SP.POP.TOTL?locations=PS,PSE,midyear_estimate,available,World Bank fallback: reviewed Wikipedia global lists do not provide a complete exact-year annual series.
JO,JO,Jordan,2006,6427371,worldbank-SP.POP.TOTL-20260713,https://data.worldbank.org/indicator/SP.POP.TOTL?locations=JO,JOR,midyear_estimate,available,World Bank fallback: reviewed Wikipedia global lists do not provide a complete exact-year annual series.
JO,JO,Jordan,2009,7141753,worldbank-SP.POP.TOTL-20260713,https://data.worldbank.org/indicator/SP.POP.TOTL?locations=JO,JOR,midyear_estimate,available,World Bank fallback: reviewed Wikipedia global lists do not provide a complete exact-year annual series.
JO,JO,Jordan,2012,7587127,worldbank-SP.POP.TOTL-20260713,https://data.worldbank.org/indicator/SP.POP.TOTL?locations=JO,JOR,midyear_estimate,available,World Bank fallback: reviewed Wikipedia global lists do not provide a complete exact-year annual series.
JO,JO,Jordan,2015,9544729,worldbank-SP.POP.TOTL-20260713,https://data.worldbank.org/indicator/SP.POP.TOTL?locations=JO,JOR,midyear_estimate,available,World Bank fallback: reviewed Wikipedia global lists do not provide a complete exact-year annual series.
JO,JO,Jordan,2018,10462306,worldbank-SP.POP.TOTL-20260713,https://data.worldbank.org/indicator/SP.POP.TOTL?locations=JO,JOR,midyear_estimate,available,World Bank fallback: reviewed Wikipedia global lists do not provide a complete exact-year annual series.
JO,JO,Jordan,2021,11066356,worldbank-SP.POP.TOTL-20260713,https://data.worldbank.org/indicator/SP.POP.TOTL?locations=JO,JOR,midyear_estimate,available,World Bank fallback: reviewed Wikipedia global lists do not provide a complete exact-year annual series.
JO,JO,Jordan,2024,11552876,worldbank-SP.POP.TOTL-20260713,https://data.worldbank.org/indicator/SP.POP.TOTL?locations=JO,JOR,midyear_estimate,available,World Bank fallback: reviewed Wikipedia global lists do not provide a complete exact-year annual series.
LB,LB,Lebanon,2006,4751136,worldbank-SP.POP.TOTL-20260713,https://data.worldbank.org/indicator/SP.POP.TOTL?locations=LB,LBN,midyear_estimate,available,World Bank fallback: reviewed Wikipedia global lists do not provide a complete exact-year annual series.
LB,LB,Lebanon,2009,4992287,worldbank-SP.POP.TOTL-20260713,https://data.worldbank.org/indicator/SP.POP.TOTL?locations=LB,LBN,midyear_estimate,available,World Bank fallback: reviewed Wikipedia global lists do not provide a complete exact-year annual series.
LB,LB,Lebanon,2012,5235742,worldbank-SP.POP.TOTL-20260713,https://data.worldbank.org/indicator/SP.POP.TOTL?locations=LB,LBN,midyear_estimate,available,World Bank fallback: reviewed Wikipedia global lists do not provide a complete exact-year annual series.
LB,LB,Lebanon,2015,6472469,worldbank-SP.POP.TOTL-20260713,https://data.worldbank.org/indicator/SP.POP.TOTL?locations=LB,LBN,midyear_estimate,available,World Bank fallback: reviewed Wikipedia global lists do not provide a complete exact-year annual series.
LB,LB,Lebanon,2018,5984119,worldbank-SP.POP.TOTL-20260713,https://data.worldbank.org/indicator/SP.POP.TOTL?locations=LB,LBN,midyear_estimate,available,World Bank fallback: reviewed Wikipedia global lists do not provide a complete exact-year annual series.
LB,LB,Lebanon,2021,5718122,worldbank-SP.POP.TOTL-20260713,https://data.worldbank.org/indicator/SP.POP.TOTL?locations=LB,LBN,midyear_estimate,available,World Bank fallback: reviewed Wikipedia global lists do not provide a complete exact-year annual series.
LB,LB,Lebanon,2024,5805962,worldbank-SP.POP.TOTL-20260713,https://data.worldbank.org/indicator/SP.POP.TOTL?locations=LB,LBN,midyear_estimate,available,World Bank fallback: reviewed Wikipedia global lists do not provide a complete exact-year annual series.
DZ,DZ,Algeria,2006,33623506,worldbank-SP.POP.TOTL-20260713,https://data.worldbank.org/indicator/SP.POP.TOTL?locations=DZ,DZA,midyear_estimate,available,World Bank fallback: reviewed Wikipedia global lists do not provide a complete exact-year annual series.
DZ,DZ,Algeria,2009,35490445,worldbank-SP.POP.TOTL-20260713,https://data.worldbank.org/indicator/SP.POP.TOTL?locations=DZ,DZA,midyear_estimate,available,World Bank fallback: reviewed Wikipedia global lists do not provide a complete exact-year annual series.
DZ,DZ,Algeria,2012,37646166,worldbank-SP.POP.TOTL-20260713,https://data.worldbank.org/indicator/SP.POP.TOTL?locations=DZ,DZA,midyear_estimate,available,World Bank fallback: reviewed Wikipedia global lists do not provide a complete exact-year annual series.
DZ,DZ,Algeria,2015,40019529,worldbank-SP.POP.TOTL-20260713,https://data.worldbank.org/indicator/SP.POP.TOTL?locations=DZ,DZA,midyear_estimate,available,World Bank fallback: reviewed Wikipedia global lists do not provide a complete exact-year annual series.
DZ,DZ,Algeria,2018,42505035,worldbank-SP.POP.TOTL-20260713,https://data.worldbank.org/indicator/SP.POP.TOTL?locations=DZ,DZA,midyear_estimate,available,World Bank fallback: reviewed Wikipedia global lists do not provide a complete exact-year annual series.
DZ,DZ,Algeria,2021,44761099,worldbank-SP.POP.TOTL-20260713,https://data.worldbank.org/indicator/SP.POP.TOTL?locations=DZ,DZA,midyear_estimate,available,World Bank fallback: reviewed Wikipedia global lists do not provide a complete exact-year annual series.
DZ,DZ,Algeria,2024,46814308,worldbank-SP.POP.TOTL-20260713,https://data.worldbank.org/indicator/SP.POP.TOTL?locations=DZ,DZA,midyear_estimate,available,World Bank fallback: reviewed Wikipedia global lists do not provide a complete exact-year annual series.
EG,EG,Egypt,2006,82700403,worldbank-SP.POP.TOTL-20260713,https://data.worldbank.org/indicator/SP.POP.TOTL?locations=EG,EGY,midyear_estimate,available,World Bank fallback: reviewed Wikipedia global lists do not provide a complete exact-year annual series.
EG,EG,Egypt,2009,87501636,worldbank-SP.POP.TOTL-20260713,https://data.worldbank.org/indicator/SP.POP.TOTL?locations=EG,EGY,midyear_estimate,available,World Bank fallback: reviewed Wikipedia global lists do not provide a complete exact-year annual series.
EG,EG,Egypt,2012,93161001,worldbank-SP.POP.TOTL-20260713,https://data.worldbank.org/indicator/SP.POP.TOTL?locations=EG,EGY,midyear_estimate,available,World Bank fallback: reviewed Wikipedia global lists do not provide a complete exact-year annual series.
EG,EG,Egypt,2015,99597342,worldbank-SP.POP.TOTL-20260713,https://data.worldbank.org/indicator/SP.POP.TOTL?locations=EG,EGY,midyear_estimate,available,World Bank fallback: reviewed Wikipedia global lists do not provide a complete exact-year annual series.
EG,EG,Egypt,2018,105682094,worldbank-SP.POP.TOTL-20260713,https://data.worldbank.org/indicator/SP.POP.TOTL?locations=EG,EGY,midyear_estimate,available,World Bank fallback: reviewed Wikipedia global lists do not provide a complete exact-year annual series.
EG,EG,Egypt,2021,110957008,worldbank-SP.POP.TOTL-20260713,https://data.worldbank.org/indicator/SP.POP.TOTL?locations=EG,EGY,midyear_estimate,available,World Bank fallback: reviewed Wikipedia global lists do not provide a complete exact-year annual series.
EG,EG,Egypt,2024,116538258,worldbank-SP.POP.TOTL-20260713,https://data.worldbank.org/indicator/SP.POP.TOTL?locations=EG,EGY,midyear_estimate,available,World Bank fallback: reviewed Wikipedia global lists do not provide a complete exact-year annual series.
SD,SD,Sudan,2006,31992435,worldbank-SP.POP.TOTL-20260713,https://data.worldbank.org/indicator/SP.POP.TOTL?locations=SD,SDN,midyear_estimate,available,World Bank fallback: reviewed Wikipedia global lists do not provide a complete exact-year annual series.
SD,SD,Sudan,2009,34569113,worldbank-SP.POP.TOTL-20260713,https://data.worldbank.org/indicator/SP.POP.TOTL?locations=SD,SDN,midyear_estimate,available,World Bank fallback: reviewed Wikipedia global lists do not provide a complete exact-year annual series.
SD,SD,Sudan,2012,36923178,worldbank-SP.POP.TOTL-20260713,https://data.worldbank.org/indicator/SP.POP.TOTL?locations=SD,SDN,midyear_estimate,available,World Bank fallback: reviewed Wikipedia global lists do not provide a complete exact-year annual series.
SD,SD,Sudan,2015,40024431,worldbank-SP.POP.TOTL-20260713,https://data.worldbank.org/indicator/SP.POP.TOTL?locations=SD,SDN,midyear_estimate,available,World Bank fallback: reviewed Wikipedia global lists do not provide a complete exact-year annual series.
SD,SD,Sudan,2018,44230596,worldbank-SP.POP.TOTL-20260713,https://data.worldbank.org/indicator/SP.POP.TOTL?locations=SD,SDN,midyear_estimate,available,World Bank fallback: reviewed Wikipedia global lists do not provide a complete exact-year annual series.
SD,SD,Sudan,2021,48066924,worldbank-SP.POP.TOTL-20260713,https://data.worldbank.org/indicator/SP.POP.TOTL?locations=SD,SDN,midyear_estimate,available,World Bank fallback: reviewed Wikipedia global lists do not provide a complete exact-year annual series.
SD,SD,Sudan,2024,50448963,worldbank-SP.POP.TOTL-20260713,https://data.worldbank.org/indicator/SP.POP.TOTL?locations=SD,SDN,midyear_estimate,available,World Bank fallback: reviewed Wikipedia global lists do not provide a complete exact-year annual series.
TN,TN,Tunisia,2006,10346410,worldbank-SP.POP.TOTL-20260713,https://data.worldbank.org/indicator/SP.POP.TOTL?locations=TN,TUN,midyear_estimate,available,World Bank fallback: reviewed Wikipedia global lists do not provide a complete exact-year annual series.
TN,TN,Tunisia,2009,10650681,worldbank-SP.POP.TOTL-20260713,https://data.worldbank.org/indicator/SP.POP.TOTL?locations=TN,TUN,midyear_estimate,available,World Bank fallback: reviewed Wikipedia global lists do not provide a complete exact-year annual series.
TN,TN,Tunisia,2012,11009647,worldbank-SP.POP.TOTL-20260713,https://data.worldbank.org/indicator/SP.POP.TOTL?locations=TN,TUN,midyear_estimate,available,World Bank fallback: reviewed Wikipedia global lists do not provide a complete exact-year annual series.
TN,TN,Tunisia,2015,11402264,worldbank-SP.POP.TOTL-20260713,https://data.worldbank.org/indicator/SP.POP.TOTL?locations=TN,TUN,midyear_estimate,available,World Bank fallback: reviewed Wikipedia global lists do not provide a complete exact-year annual series.
TN,TN,Tunisia,2018,11765514,worldbank-SP.POP.TOTL-20260713,https://data.worldbank.org/indicator/SP.POP.TOTL?locations=TN,TUN,midyear_estimate,available,World Bank fallback: reviewed Wikipedia global lists do not provide a complete exact-year annual series.
TN,TN,Tunisia,2021,12048622,worldbank-SP.POP.TOTL-20260713,https://data.worldbank.org/indicator/SP.POP.TOTL?locations=TN,TUN,midyear_estimate,available,World Bank fallback: reviewed Wikipedia global lists do not provide a complete exact-year annual series.
TN,TN,Tunisia,2024,12277109,worldbank-SP.POP.TOTL-20260713,https://data.worldbank.org/indicator/SP.POP.TOTL?locations=TN,TUN,midyear_estimate,available,World Bank fallback: reviewed Wikipedia global lists do not provide a complete exact-year annual series.
MA,MA,Morocco,2006,30771178,worldbank-SP.POP.TOTL-20260713,https://data.worldbank.org/indicator/SP.POP.TOTL?locations=MA,MAR,midyear_estimate,available,World Bank fallback: reviewed Wikipedia global lists do not provide a complete exact-year annual series.
MA,MA,Morocco,2009,32030778,worldbank-SP.POP.TOTL-20260713,https://data.worldbank.org/indicator/SP.POP.TOTL?locations=MA,MAR,midyear_estimate,available,World Bank fallback: reviewed Wikipedia global lists do not provide a complete exact-year annual series.
MA,MA,Morocco,2012,33355241,worldbank-SP.POP.TOTL-20260713,https://data.worldbank.org/indicator/SP.POP.TOTL?locations=MA,MAR,midyear_estimate,available,World Bank fallback: reviewed Wikipedia global lists do not provide a complete exact-year annual series.
MA,MA,Morocco,2015,34607588,worldbank-SP.POP.TOTL-20260713,https://data.worldbank.org/indicator/SP.POP.TOTL?locations=MA,MAR,midyear_estimate,available,World Bank fallback: reviewed Wikipedia global lists do not provide a complete exact-year annual series.
MA,MA,Morocco,2018,35839760,worldbank-SP.POP.TOTL-20260713,https://data.worldbank.org/indicator/SP.POP.TOTL?locations=MA,MAR,midyear_estimate,available,World Bank fallback: reviewed Wikipedia global lists do not provide a complete exact-year annual series.
MA,MA,Morocco,2021,36954442,worldbank-SP.POP.TOTL-20260713,https://data.worldbank.org/indicator/SP.POP.TOTL?locations=MA,MAR,midyear_estimate,available,World Bank fallback: reviewed Wikipedia global lists do not provide a complete exact-year annual series.
MA,MA,Morocco,2024,38081173,worldbank-SP.POP.TOTL-20260713,https://data.worldbank.org/indicator/SP.POP.TOTL?locations=MA,MAR,midyear_estimate,available,World Bank fallback: reviewed Wikipedia global lists do not provide a complete exact-year annual series.
LY,LY,Libya,2006,5980211,worldbank-SP.POP.TOTL-20260713,https://data.worldbank.org/indicator/SP.POP.TOTL?locations=LY,LBY,midyear_estimate,available,World Bank fallback: reviewed Wikipedia global lists do not provide a complete exact-year annual series.
LY,LY,Libya,2009,6366686,worldbank-SP.POP.TOTL-20260713,https://data.worldbank.org/indicator/SP.POP.TOTL?locations=LY,LBY,midyear_estimate,available,World Bank fallback: reviewed Wikipedia global lists do not provide a complete exact-year annual series.
LY,LY,Libya,2012,6179328,worldbank-SP.POP.TOTL-20260713,https://data.worldbank.org/indicator/SP.POP.TOTL?locations=LY,LBY,midyear_estimate,available,World Bank fallback: reviewed Wikipedia global lists do not provide a complete exact-year annual series.
LY,LY,Libya,2015,6531819,worldbank-SP.POP.TOTL-20260713,https://data.worldbank.org/indicator/SP.POP.TOTL?locations=LY,LBY,midyear_estimate,available,World Bank fallback: reviewed Wikipedia global lists do not provide a complete exact-year annual series.
LY,LY,Libya,2018,6849055,worldbank-SP.POP.TOTL-20260713,https://data.worldbank.org/indicator/SP.POP.TOTL?locations=LY,LBY,midyear_estimate,available,World Bank fallback: reviewed Wikipedia global lists do not provide a complete exact-year annual series.
LY,LY,Libya,2021,7135175,worldbank-SP.POP.TOTL-20260713,https://data.worldbank.org/indicator/SP.POP.TOTL?locations=LY,LBY,midyear_estimate,available,World Bank fallback: reviewed Wikipedia global lists do not provide a complete exact-year annual series.
LY,LY,Libya,2024,7381023,worldbank-SP.POP.TOTL-20260713,https://data.worldbank.org/indicator/SP.POP.TOTL?locations=LY,LBY,midyear_estimate,available,World Bank fallback: reviewed Wikipedia global lists do not provide a complete exact-year annual series.
AO,AO,Angola,2006,20015279,worldbank-SP.POP.TOTL-20260713,https://data.worldbank.org/indicator/SP.POP.TOTL?locations=AO,AGO,midyear_estimate,available,World Bank fallback: reviewed Wikipedia global lists do not provide a complete exact-year annual series.
AO,AO,Angola,2009,22414773,worldbank-SP.POP.TOTL-20260713,https://data.worldbank.org/indicator/SP.POP.TOTL?locations=AO,AGO,midyear_estimate,available,World Bank fallback: reviewed Wikipedia global lists do not provide a complete exact-year annual series.
AO,AO,Angola,2012,25177394,worldbank-SP.POP.TOTL-20260713,https://data.worldbank.org/indicator/SP.POP.TOTL?locations=AO,AGO,midyear_estimate,available,World Bank fallback: reviewed Wikipedia global lists do not provide a complete exact-year annual series.
AO,AO,Angola,2015,28157798,worldbank-SP.POP.TOTL-20260713,https://data.worldbank.org/indicator/SP.POP.TOTL?locations=AO,AGO,midyear_estimate,available,World Bank fallback: reviewed Wikipedia global lists do not provide a complete exact-year annual series.
AO,AO,Angola,2018,31297155,worldbank-SP.POP.TOTL-20260713,https://data.worldbank.org/indicator/SP.POP.TOTL?locations=AO,AGO,midyear_estimate,available,World Bank fallback: reviewed Wikipedia global lists do not provide a complete exact-year annual series.
AO,AO,Angola,2021,34532429,worldbank-SP.POP.TOTL-20260713,https://data.worldbank.org/indicator/SP.POP.TOTL?locations=AO,AGO,midyear_estimate,available,World Bank fallback: reviewed Wikipedia global lists do not provide a complete exact-year annual series.
AO,AO,Angola,2024,37885849,worldbank-SP.POP.TOTL-20260713,https://data.worldbank.org/indicator/SP.POP.TOTL?locations=AO,AGO,midyear_estimate,available,World Bank fallback: reviewed Wikipedia global lists do not provide a complete exact-year annual series.
UG,UG,Uganda,2006,28794003,worldbank-SP.POP.TOTL-20260713,https://data.worldbank.org/indicator/SP.POP.TOTL?locations=UG,UGA,midyear_estimate,available,World Bank fallback: reviewed Wikipedia global lists do not provide a complete exact-year annual series.
UG,UG,Uganda,2009,31451151,worldbank-SP.POP.TOTL-20260713,https://data.worldbank.org/indicator/SP.POP.TOTL?locations=UG,UGA,midyear_estimate,available,World Bank fallback: reviewed Wikipedia global lists do not provide a complete exact-year annual series.
UG,UG,Uganda,2012,34337438,worldbank-SP.POP.TOTL-20260713,https://data.worldbank.org/indicator/SP.POP.TOTL?locations=UG,UGA,midyear_estimate,available,World Bank fallback: reviewed Wikipedia global lists do not provide a complete exact-year annual series.
UG,UG,Uganda,2015,37531446,worldbank-SP.POP.TOTL-20260713,https://data.worldbank.org/indicator/SP.POP.TOTL?locations=UG,UGA,midyear_estimate,available,World Bank fallback: reviewed Wikipedia global lists do not provide a complete exact-year annual series.
UG,UG,Uganda,2018,41565831,worldbank-SP.POP.TOTL-20260713,https://data.worldbank.org/indicator/SP.POP.TOTL?locations=UG,UGA,midyear_estimate,available,World Bank fallback: reviewed Wikipedia global lists do not provide a complete exact-year annual series.
UG,UG,Uganda,2021,45910930,worldbank-SP.POP.TOTL-20260713,https://data.worldbank.org/indicator/SP.POP.TOTL?locations=UG,UGA,midyear_estimate,available,World Bank fallback: reviewed Wikipedia global lists do not provide a complete exact-year annual series.
UG,UG,Uganda,2024,50015092,worldbank-SP.POP.TOTL-20260713,https://data.worldbank.org/indicator/SP.POP.TOTL?locations=UG,UGA,midyear_estimate,available,World Bank fallback: reviewed Wikipedia global lists do not provide a complete exact-year annual series.
SZ,SZ,Eswatini,2006,1084436,worldbank-SP.POP.TOTL-20260713,https://data.worldbank.org/indicator/SP.POP.TOTL?locations=SZ,SWZ,midyear_estimate,available,World Bank fallback: reviewed Wikipedia global lists do not provide a complete exact-year annual series.
SZ,SZ,Eswatini,2009,1105153,worldbank-SP.POP.TOTL-20260713,https://data.worldbank.org/indicator/SP.POP.TOTL?locations=SZ,SWZ,midyear_estimate,available,World Bank fallback: reviewed Wikipedia global lists do not provide a complete exact-year annual series.
SZ,SZ,Eswatini,2012,1123863,worldbank-SP.POP.TOTL-20260713,https://data.worldbank.org/indicator/SP.POP.TOTL?locations=SZ,SWZ,midyear_estimate,available,World Bank fallback: reviewed Wikipedia global lists do not provide a complete exact-year annual series.
SZ,SZ,Eswatini,2015,1142813,worldbank-SP.POP.TOTL-20260713,https://data.worldbank.org/indicator/SP.POP.TOTL?locations=SZ,SWZ,midyear_estimate,available,World Bank fallback: reviewed Wikipedia global lists do not provide a complete exact-year annual series.
SZ,SZ,Eswatini,2018,1168929,worldbank-SP.POP.TOTL-20260713,https://data.worldbank.org/indicator/SP.POP.TOTL?locations=SZ,SWZ,midyear_estimate,available,World Bank fallback: reviewed Wikipedia global lists do not provide a complete exact-year annual series.
SZ,SZ,Eswatini,2021,1206593,worldbank-SP.POP.TOTL-20260713,https://data.worldbank.org/indicator/SP.POP.TOTL?locations=SZ,SWZ,midyear_estimate,available,World Bank fallback: reviewed Wikipedia global lists do not provide a complete exact-year annual series.
SZ,SZ,Eswatini,2024,1242822,worldbank-SP.POP.TOTL-20260713,https://data.worldbank.org/indicator/SP.POP.TOTL?locations=SZ,SWZ,midyear_estimate,available,World Bank fallback: reviewed Wikipedia global lists do not provide a complete exact-year annual series.
ET,ET,Ethiopia,2006,80703490,worldbank-SP.POP.TOTL-20260713,https://data.worldbank.org/indicator/SP.POP.TOTL?locations=ET,ETH,midyear_estimate,available,World Bank fallback: reviewed Wikipedia global lists do not provide a complete exact-year annual series.
ET,ET,Ethiopia,2009,88007636,worldbank-SP.POP.TOTL-20260713,https://data.worldbank.org/indicator/SP.POP.TOTL?locations=ET,ETH,midyear_estimate,available,World Bank fallback: reviewed Wikipedia global lists do not provide a complete exact-year annual series.
ET,ET,Ethiopia,2012,95798767,worldbank-SP.POP.TOTL-20260713,https://data.worldbank.org/indicator/SP.POP.TOTL?locations=ET,ETH,midyear_estimate,available,World Bank fallback: reviewed Wikipedia global lists do not provide a complete exact-year annual series.
ET,ET,Ethiopia,2015,103867135,worldbank-SP.POP.TOTL-20260713,https://data.worldbank.org/indicator/SP.POP.TOTL?locations=ET,ETH,midyear_estimate,available,World Bank fallback: reviewed Wikipedia global lists do not provide a complete exact-year annual series.
ET,ET,Ethiopia,2018,112664152,worldbank-SP.POP.TOTL-20260713,https://data.worldbank.org/indicator/SP.POP.TOTL?locations=ET,ETH,midyear_estimate,available,World Bank fallback: reviewed Wikipedia global lists do not provide a complete exact-year annual series.
ET,ET,Ethiopia,2021,122138588,worldbank-SP.POP.TOTL-20260713,https://data.worldbank.org/indicator/SP.POP.TOTL?locations=ET,ETH,midyear_estimate,available,World Bank fallback: reviewed Wikipedia global lists do not provide a complete exact-year annual series.
ET,ET,Ethiopia,2024,132059767,worldbank-SP.POP.TOTL-20260713,https://data.worldbank.org/indicator/SP.POP.TOTL?locations=ET,ETH,midyear_estimate,available,World Bank fallback: reviewed Wikipedia global lists do not provide a complete exact-year annual series.
ER,ER,Eritrea,2006,2703502,worldbank-SP.POP.TOTL-20260713,https://data.worldbank.org/indicator/SP.POP.TOTL?locations=ER,ERI,midyear_estimate,available,World Bank fallback: reviewed Wikipedia global lists do not provide a complete exact-year annual series.
ER,ER,Eritrea,2009,2887885,worldbank-SP.POP.TOTL-20260713,https://data.worldbank.org/indicator/SP.POP.TOTL?locations=ER,ERI,midyear_estimate,available,World Bank fallback: reviewed Wikipedia global lists do not provide a complete exact-year annual series.
ER,ER,Eritrea,2012,3036988,worldbank-SP.POP.TOTL-20260713,https://data.worldbank.org/indicator/SP.POP.TOTL?locations=ER,ERI,midyear_estimate,available,World Bank fallback: reviewed Wikipedia global lists do not provide a complete exact-year annual series.
ER,ER,Eritrea,2015,3105546,worldbank-SP.POP.TOTL-20260713,https://data.worldbank.org/indicator/SP.POP.TOTL?locations=ER,ERI,midyear_estimate,available,World Bank fallback: reviewed Wikipedia global lists do not provide a complete exact-year annual series.
ER,ER,Eritrea,2018,3192760,worldbank-SP.POP.TOTL-20260713,https://data.worldbank.org/indicator/SP.POP.TOTL?locations=ER,ERI,midyear_estimate,available,World Bank fallback: reviewed Wikipedia global lists do not provide a complete exact-year annual series.
ER,ER,Eritrea,2021,3350183,worldbank-SP.POP.TOTL-20260713,https://data.worldbank.org/indicator/SP.POP.TOTL?locations=ER,ERI,midyear_estimate,available,World Bank fallback: reviewed Wikipedia global lists do not provide a complete exact-year annual series.
ER,ER,Eritrea,2024,3535603,worldbank-SP.POP.TOTL-20260713,https://data.worldbank.org/indicator/SP.POP.TOTL?locations=ER,ERI,midyear_estimate,available,World Bank fallback: reviewed Wikipedia global lists do not provide a complete exact-year annual series.
GH,GH,Ghana,2006,23040702,worldbank-SP.POP.TOTL-20260713,https://data.worldbank.org/indicator/SP.POP.TOTL?locations=GH,GHA,midyear_estimate,available,World Bank fallback: reviewed Wikipedia global lists do not provide a complete exact-year annual series.
GH,GH,Ghana,2009,24862664,worldbank-SP.POP.TOTL-20260713,https://data.worldbank.org/indicator/SP.POP.TOTL?locations=GH,GHA,midyear_estimate,available,World Bank fallback: reviewed Wikipedia global lists do not provide a complete exact-year annual series.
GH,GH,Ghana,2012,26734268,worldbank-SP.POP.TOTL-20260713,https://data.worldbank.org/indicator/SP.POP.TOTL?locations=GH,GHA,midyear_estimate,available,World Bank fallback: reviewed Wikipedia global lists do not provide a complete exact-year annual series.
GH,GH,Ghana,2015,28696068,worldbank-SP.POP.TOTL-20260713,https://data.worldbank.org/indicator/SP.POP.TOTL?locations=GH,GHA,midyear_estimate,available,World Bank fallback: reviewed Wikipedia global lists do not provide a complete exact-year annual series.
GH,GH,Ghana,2018,30637585,worldbank-SP.POP.TOTL-20260713,https://data.worldbank.org/indicator/SP.POP.TOTL?locations=GH,GHA,midyear_estimate,available,World Bank fallback: reviewed Wikipedia global lists do not provide a complete exact-year annual series.
GH,GH,Ghana,2021,32518665,worldbank-SP.POP.TOTL-20260713,https://data.worldbank.org/indicator/SP.POP.TOTL?locations=GH,GHA,midyear_estimate,available,World Bank fallback: reviewed Wikipedia global lists do not provide a complete exact-year annual series.
GH,GH,Ghana,2024,34427414,worldbank-SP.POP.TOTL-20260713,https://data.worldbank.org/indicator/SP.POP.TOTL?locations=GH,GHA,midyear_estimate,available,World Bank fallback: reviewed Wikipedia global lists do not provide a complete exact-year annual series.
CV,CV,Cape Verde,2006,490728,worldbank-SP.POP.TOTL-20260713,https://data.worldbank.org/indicator/SP.POP.TOTL?locations=CV,CPV,midyear_estimate,available,World Bank fallback: reviewed Wikipedia global lists do not provide a complete exact-year annual series.
CV,CV,Cape Verde,2009,506141,worldbank-SP.POP.TOTL-20260713,https://data.worldbank.org/indicator/SP.POP.TOTL?locations=CV,CPV,midyear_estimate,available,World Bank fallback: reviewed Wikipedia global lists do not provide a complete exact-year annual series.
CV,CV,Cape Verde,2012,511955,worldbank-SP.POP.TOTL-20260713,https://data.worldbank.org/indicator/SP.POP.TOTL?locations=CV,CPV,midyear_estimate,available,World Bank fallback: reviewed Wikipedia global lists do not provide a complete exact-year annual series.
CV,CV,Cape Verde,2015,512394,worldbank-SP.POP.TOTL-20260713,https://data.worldbank.org/indicator/SP.POP.TOTL?locations=CV,CPV,midyear_estimate,available,World Bank fallback: reviewed Wikipedia global lists do not provide a complete exact-year annual series.
CV,CV,Cape Verde,2018,513415,worldbank-SP.POP.TOTL-20260713,https://data.worldbank.org/indicator/SP.POP.TOTL?locations=CV,CPV,midyear_estimate,available,World Bank fallback: reviewed Wikipedia global lists do not provide a complete exact-year annual series.
CV,CV,Cape Verde,2021,516649,worldbank-SP.POP.TOTL-20260713,https://data.worldbank.org/indicator/SP.POP.TOTL?locations=CV,CPV,midyear_estimate,available,World Bank fallback: reviewed Wikipedia global lists do not provide a complete exact-year annual series.
CV,CV,Cape Verde,2024,524877,worldbank-SP.POP.TOTL-20260713,https://data.worldbank.org/indicator/SP.POP.TOTL?locations=CV,CPV,midyear_estimate,available,World Bank fallback: reviewed Wikipedia global lists do not provide a complete exact-year annual series.
GA,GA,Gabon,2006,1508337,worldbank-SP.POP.TOTL-20260713,https://data.worldbank.org/indicator/SP.POP.TOTL?locations=GA,GAB,midyear_estimate,available,World Bank fallback: reviewed Wikipedia global lists do not provide a complete exact-year annual series.
GA,GA,Gabon,2009,1661556,worldbank-SP.POP.TOTL-20260713,https://data.worldbank.org/indicator/SP.POP.TOTL?locations=GA,GAB,midyear_estimate,available,World Bank fallback: reviewed Wikipedia global lists do not provide a complete exact-year annual series.
GA,GA,Gabon,2012,1846889,worldbank-SP.POP.TOTL-20260713,https://data.worldbank.org/indicator/SP.POP.TOTL?locations=GA,GAB,midyear_estimate,available,World Bank fallback: reviewed Wikipedia global lists do not provide a complete exact-year annual series.
GA,GA,Gabon,2015,2040989,worldbank-SP.POP.TOTL-20260713,https://data.worldbank.org/indicator/SP.POP.TOTL?locations=GA,GAB,midyear_estimate,available,World Bank fallback: reviewed Wikipedia global lists do not provide a complete exact-year annual series.
GA,GA,Gabon,2018,2212318,worldbank-SP.POP.TOTL-20260713,https://data.worldbank.org/indicator/SP.POP.TOTL?locations=GA,GAB,midyear_estimate,available,World Bank fallback: reviewed Wikipedia global lists do not provide a complete exact-year annual series.
GA,GA,Gabon,2021,2376722,worldbank-SP.POP.TOTL-20260713,https://data.worldbank.org/indicator/SP.POP.TOTL?locations=GA,GAB,midyear_estimate,available,World Bank fallback: reviewed Wikipedia global lists do not provide a complete exact-year annual series.
GA,GA,Gabon,2024,2538952,worldbank-SP.POP.TOTL-20260713,https://data.worldbank.org/indicator/SP.POP.TOTL?locations=GA,GAB,midyear_estimate,available,World Bank fallback: reviewed Wikipedia global lists do not provide a complete exact-year annual series.
CM,CM,Cameroon,2006,17550407,worldbank-SP.POP.TOTL-20260713,https://data.worldbank.org/indicator/SP.POP.TOTL?locations=CM,CMR,midyear_estimate,available,World Bank fallback: reviewed Wikipedia global lists do not provide a complete exact-year annual series.
CM,CM,Cameroon,2009,19113974,worldbank-SP.POP.TOTL-20260713,https://data.worldbank.org/indicator/SP.POP.TOTL?locations=CM,CMR,midyear_estimate,available,World Bank fallback: reviewed Wikipedia global lists do not provide a complete exact-year annual series.
CM,CM,Cameroon,2012,20809529,worldbank-SP.POP.TOTL-20260713,https://data.worldbank.org/indicator/SP.POP.TOTL?locations=CM,CMR,midyear_estimate,available,World Bank fallback: reviewed Wikipedia global lists do not provide a complete exact-year annual series.
CM,CM,Cameroon,2015,22763414,worldbank-SP.POP.TOTL-20260713,https://data.worldbank.org/indicator/SP.POP.TOTL?locations=CM,CMR,midyear_estimate,available,World Bank fallback: reviewed Wikipedia global lists do not provide a complete exact-year annual series.
CM,CM,Cameroon,2018,24806383,worldbank-SP.POP.TOTL-20260713,https://data.worldbank.org/indicator/SP.POP.TOTL?locations=CM,CMR,midyear_estimate,available,World Bank fallback: reviewed Wikipedia global lists do not provide a complete exact-year annual series.
CM,CM,Cameroon,2021,26915758,worldbank-SP.POP.TOTL-20260713,https://data.worldbank.org/indicator/SP.POP.TOTL?locations=CM,CMR,midyear_estimate,available,World Bank fallback: reviewed Wikipedia global lists do not provide a complete exact-year annual series.
CM,CM,Cameroon,2024,29123744,worldbank-SP.POP.TOTL-20260713,https://data.worldbank.org/indicator/SP.POP.TOTL?locations=CM,CMR,midyear_estimate,available,World Bank fallback: reviewed Wikipedia global lists do not provide a complete exact-year annual series.
GM,GM,Gambia,2006,1715275,worldbank-SP.POP.TOTL-20260713,https://data.worldbank.org/indicator/SP.POP.TOTL?locations=GM,GMB,midyear_estimate,available,World Bank fallback: reviewed Wikipedia global lists do not provide a complete exact-year annual series.
GM,GM,Gambia,2009,1871422,worldbank-SP.POP.TOTL-20260713,https://data.worldbank.org/indicator/SP.POP.TOTL?locations=GM,GMB,midyear_estimate,available,World Bank fallback: reviewed Wikipedia global lists do not provide a complete exact-year annual series.
GM,GM,Gambia,2012,2043094,worldbank-SP.POP.TOTL-20260713,https://data.worldbank.org/indicator/SP.POP.TOTL?locations=GM,GMB,midyear_estimate,available,World Bank fallback: reviewed Wikipedia global lists do not provide a complete exact-year annual series.
GM,GM,Gambia,2015,2224529,worldbank-SP.POP.TOTL-20260713,https://data.worldbank.org/indicator/SP.POP.TOTL?locations=GM,GMB,midyear_estimate,available,World Bank fallback: reviewed Wikipedia global lists do not provide a complete exact-year annual series.
GM,GM,Gambia,2018,2399632,worldbank-SP.POP.TOTL-20260713,https://data.worldbank.org/indicator/SP.POP.TOTL?locations=GM,GMB,midyear_estimate,available,World Bank fallback: reviewed Wikipedia global lists do not provide a complete exact-year annual series.
GM,GM,Gambia,2021,2576010,worldbank-SP.POP.TOTL-20260713,https://data.worldbank.org/indicator/SP.POP.TOTL?locations=GM,GMB,midyear_estimate,available,World Bank fallback: reviewed Wikipedia global lists do not provide a complete exact-year annual series.
GM,GM,Gambia,2024,2759988,worldbank-SP.POP.TOTL-20260713,https://data.worldbank.org/indicator/SP.POP.TOTL?locations=GM,GMB,midyear_estimate,available,World Bank fallback: reviewed Wikipedia global lists do not provide a complete exact-year annual series.
GN,GN,Guinea,2006,9441171,worldbank-SP.POP.TOTL-20260713,https://data.worldbank.org/indicator/SP.POP.TOTL?locations=GN,GIN,midyear_estimate,available,World Bank fallback: reviewed Wikipedia global lists do not provide a complete exact-year annual series.
GN,GN,Guinea,2009,10143534,worldbank-SP.POP.TOTL-20260713,https://data.worldbank.org/indicator/SP.POP.TOTL?locations=GN,GIN,midyear_estimate,available,World Bank fallback: reviewed Wikipedia global lists do not provide a complete exact-year annual series.
GN,GN,Guinea,2012,10921581,worldbank-SP.POP.TOTL-20260713,https://data.worldbank.org/indicator/SP.POP.TOTL?locations=GN,GIN,midyear_estimate,available,World Bank fallback: reviewed Wikipedia global lists do not provide a complete exact-year annual series.
GN,GN,Guinea,2015,11767070,worldbank-SP.POP.TOTL-20260713,https://data.worldbank.org/indicator/SP.POP.TOTL?locations=GN,GIN,midyear_estimate,available,World Bank fallback: reviewed Wikipedia global lists do not provide a complete exact-year annual series.
GN,GN,Guinea,2018,12704774,worldbank-SP.POP.TOTL-20260713,https://data.worldbank.org/indicator/SP.POP.TOTL?locations=GN,GIN,midyear_estimate,available,World Bank fallback: reviewed Wikipedia global lists do not provide a complete exact-year annual series.
GN,GN,Guinea,2021,13710513,worldbank-SP.POP.TOTL-20260713,https://data.worldbank.org/indicator/SP.POP.TOTL?locations=GN,GIN,midyear_estimate,available,World Bank fallback: reviewed Wikipedia global lists do not provide a complete exact-year annual series.
GN,GN,Guinea,2024,14754785,worldbank-SP.POP.TOTL-20260713,https://data.worldbank.org/indicator/SP.POP.TOTL?locations=GN,GIN,midyear_estimate,available,World Bank fallback: reviewed Wikipedia global lists do not provide a complete exact-year annual series.
GW,GW,Guinea-Bissau,2006,1415303,worldbank-SP.POP.TOTL-20260713,https://data.worldbank.org/indicator/SP.POP.TOTL?locations=GW,GNB,midyear_estimate,available,World Bank fallback: reviewed Wikipedia global lists do not provide a complete exact-year annual series.
GW,GW,Guinea-Bissau,2009,1526377,worldbank-SP.POP.TOTL-20260713,https://data.worldbank.org/indicator/SP.POP.TOTL?locations=GW,GNB,midyear_estimate,available,World Bank fallback: reviewed Wikipedia global lists do not provide a complete exact-year annual series.
GW,GW,Guinea-Bissau,2012,1651417,worldbank-SP.POP.TOTL-20260713,https://data.worldbank.org/indicator/SP.POP.TOTL?locations=GW,GNB,midyear_estimate,available,World Bank fallback: reviewed Wikipedia global lists do not provide a complete exact-year annual series.
GW,GW,Guinea-Bissau,2015,1786457,worldbank-SP.POP.TOTL-20260713,https://data.worldbank.org/indicator/SP.POP.TOTL?locations=GW,GNB,midyear_estimate,available,World Bank fallback: reviewed Wikipedia global lists do not provide a complete exact-year annual series.
GW,GW,Guinea-Bissau,2018,1922168,worldbank-SP.POP.TOTL-20260713,https://data.worldbank.org/indicator/SP.POP.TOTL?locations=GW,GNB,midyear_estimate,available,World Bank fallback: reviewed Wikipedia global lists do not provide a complete exact-year annual series.
GW,GW,Guinea-Bissau,2021,2058841,worldbank-SP.POP.TOTL-20260713,https://data.worldbank.org/indicator/SP.POP.TOTL?locations=GW,GNB,midyear_estimate,available,World Bank fallback: reviewed Wikipedia global lists do not provide a complete exact-year annual series.
GW,GW,Guinea-Bissau,2024,2201352,worldbank-SP.POP.TOTL-20260713,https://data.worldbank.org/indicator/SP.POP.TOTL?locations=GW,GNB,midyear_estimate,available,World Bank fallback: reviewed Wikipedia global lists do not provide a complete exact-year annual series.
KE,KE,Kenya,2006,36904008,worldbank-SP.POP.TOTL-20260713,https://data.worldbank.org/indicator/SP.POP.TOTL?locations=KE,KEN,midyear_estimate,available,World Bank fallback: reviewed Wikipedia global lists do not provide a complete exact-year annual series.
KE,KE,Kenya,2009,40408891,worldbank-SP.POP.TOTL-20260713,https://data.worldbank.org/indicator/SP.POP.TOTL?locations=KE,KEN,midyear_estimate,available,World Bank fallback: reviewed Wikipedia global lists do not provide a complete exact-year annual series.
KE,KE,Kenya,2012,43888303,worldbank-SP.POP.TOTL-20260713,https://data.worldbank.org/indicator/SP.POP.TOTL?locations=KE,KEN,midyear_estimate,available,World Bank fallback: reviewed Wikipedia global lists do not provide a complete exact-year annual series.
KE,KE,Kenya,2015,47088526,worldbank-SP.POP.TOTL-20260713,https://data.worldbank.org/indicator/SP.POP.TOTL?locations=KE,KEN,midyear_estimate,available,World Bank fallback: reviewed Wikipedia global lists do not provide a complete exact-year annual series.
KE,KE,Kenya,2018,50207107,worldbank-SP.POP.TOTL-20260713,https://data.worldbank.org/indicator/SP.POP.TOTL?locations=KE,KEN,midyear_estimate,available,World Bank fallback: reviewed Wikipedia global lists do not provide a complete exact-year annual series.
KE,KE,Kenya,2021,53219166,worldbank-SP.POP.TOTL-20260713,https://data.worldbank.org/indicator/SP.POP.TOTL?locations=KE,KEN,midyear_estimate,available,World Bank fallback: reviewed Wikipedia global lists do not provide a complete exact-year annual series.
KE,KE,Kenya,2024,56432944,worldbank-SP.POP.TOTL-20260713,https://data.worldbank.org/indicator/SP.POP.TOTL?locations=KE,KEN,midyear_estimate,available,World Bank fallback: reviewed Wikipedia global lists do not provide a complete exact-year annual series.
CI,CI,Côte d’Ivoire,2006,20546802,worldbank-SP.POP.TOTL-20260713,https://data.worldbank.org/indicator/SP.POP.TOTL?locations=CI,CIV,midyear_estimate,available,World Bank fallback: reviewed Wikipedia global lists do not provide a complete exact-year annual series.
CI,CI,Côte d’Ivoire,2009,21997940,worldbank-SP.POP.TOTL-20260713,https://data.worldbank.org/indicator/SP.POP.TOTL?locations=CI,CIV,midyear_estimate,available,World Bank fallback: reviewed Wikipedia global lists do not provide a complete exact-year annual series.
CI,CI,Côte d’Ivoire,2012,23467078,worldbank-SP.POP.TOTL-20260713,https://data.worldbank.org/indicator/SP.POP.TOTL?locations=CI,CIV,midyear_estimate,available,World Bank fallback: reviewed Wikipedia global lists do not provide a complete exact-year annual series.
CI,CI,Côte d’Ivoire,2015,25246342,worldbank-SP.POP.TOTL-20260713,https://data.worldbank.org/indicator/SP.POP.TOTL?locations=CI,CIV,midyear_estimate,available,World Bank fallback: reviewed Wikipedia global lists do not provide a complete exact-year annual series.
CI,CI,Côte d’Ivoire,2018,27464173,worldbank-SP.POP.TOTL-20260713,https://data.worldbank.org/indicator/SP.POP.TOTL?locations=CI,CIV,midyear_estimate,available,World Bank fallback: reviewed Wikipedia global lists do not provide a complete exact-year annual series.
CI,CI,Côte d’Ivoire,2021,29639736,worldbank-SP.POP.TOTL-20260713,https://data.worldbank.org/indicator/SP.POP.TOTL?locations=CI,CIV,midyear_estimate,available,World Bank fallback: reviewed Wikipedia global lists do not provide a complete exact-year annual series.
CI,CI,Côte d’Ivoire,2024,31934230,worldbank-SP.POP.TOTL-20260713,https://data.worldbank.org/indicator/SP.POP.TOTL?locations=CI,CIV,midyear_estimate,available,World Bank fallback: reviewed Wikipedia global lists do not provide a complete exact-year annual series.
KM,KM,Comoros,2006,604753,worldbank-SP.POP.TOTL-20260713,https://data.worldbank.org/indicator/SP.POP.TOTL?locations=KM,COM,midyear_estimate,available,World Bank fallback: reviewed Wikipedia global lists do not provide a complete exact-year annual series.
KM,KM,Comoros,2009,641947,worldbank-SP.POP.TOTL-20260713,https://data.worldbank.org/indicator/SP.POP.TOTL?locations=KM,COM,midyear_estimate,available,World Bank fallback: reviewed Wikipedia global lists do not provide a complete exact-year annual series.
KM,KM,Comoros,2012,681630,worldbank-SP.POP.TOTL-20260713,https://data.worldbank.org/indicator/SP.POP.TOTL?locations=KM,COM,midyear_estimate,available,World Bank fallback: reviewed Wikipedia global lists do not provide a complete exact-year annual series.
KM,KM,Comoros,2015,726682,worldbank-SP.POP.TOTL-20260713,https://data.worldbank.org/indicator/SP.POP.TOTL?locations=KM,COM,midyear_estimate,available,World Bank fallback: reviewed Wikipedia global lists do not provide a complete exact-year annual series.
KM,KM,Comoros,2018,771590,worldbank-SP.POP.TOTL-20260713,https://data.worldbank.org/indicator/SP.POP.TOTL?locations=KM,COM,midyear_estimate,available,World Bank fallback: reviewed Wikipedia global lists do not provide a complete exact-year annual series.
KM,KM,Comoros,2021,818174,worldbank-SP.POP.TOTL-20260713,https://data.worldbank.org/indicator/SP.POP.TOTL?locations=KM,COM,midyear_estimate,available,World Bank fallback: reviewed Wikipedia global lists do not provide a complete exact-year annual series.
KM,KM,Comoros,2024,866628,worldbank-SP.POP.TOTL-20260713,https://data.worldbank.org/indicator/SP.POP.TOTL?locations=KM,COM,midyear_estimate,available,World Bank fallback: reviewed Wikipedia global lists do not provide a complete exact-year annual series.
CG,CG,Congo - Brazzaville,2006,3837409,worldbank-SP.POP.TOTL-20260713,https://data.worldbank.org/indicator/SP.POP.TOTL?locations=CG,COG,midyear_estimate,available,World Bank fallback: reviewed Wikipedia global lists do not provide a complete exact-year annual series.
CG,CG,Congo - Brazzaville,2009,4281219,worldbank-SP.POP.TOTL-20260713,https://data.worldbank.org/indicator/SP.POP.TOTL?locations=CG,COG,midyear_estimate,available,World Bank fallback: reviewed Wikipedia global lists do not provide a complete exact-year annual series.
CG,CG,Congo - Brazzaville,2012,4740450,worldbank-SP.POP.TOTL-20260713,https://data.worldbank.org/indicator/SP.POP.TOTL?locations=CG,COG,midyear_estimate,available,World Bank fallback: reviewed Wikipedia global lists do not provide a complete exact-year annual series.
CG,CG,Congo - Brazzaville,2015,5097581,worldbank-SP.POP.TOTL-20260713,https://data.worldbank.org/indicator/SP.POP.TOTL?locations=CG,COG,midyear_estimate,available,World Bank fallback: reviewed Wikipedia global lists do not provide a complete exact-year annual series.
CG,CG,Congo - Brazzaville,2018,5483118,worldbank-SP.POP.TOTL-20260713,https://data.worldbank.org/indicator/SP.POP.TOTL?locations=CG,COG,midyear_estimate,available,World Bank fallback: reviewed Wikipedia global lists do not provide a complete exact-year annual series.
CG,CG,Congo - Brazzaville,2021,5892183,worldbank-SP.POP.TOTL-20260713,https://data.worldbank.org/indicator/SP.POP.TOTL?locations=CG,COG,midyear_estimate,available,World Bank fallback: reviewed Wikipedia global lists do not provide a complete exact-year annual series.
CG,CG,Congo - Brazzaville,2024,6332961,worldbank-SP.POP.TOTL-20260713,https://data.worldbank.org/indicator/SP.POP.TOTL?locations=CG,COG,midyear_estimate,available,World Bank fallback: reviewed Wikipedia global lists do not provide a complete exact-year annual series.
CD,CD,Congo - Kinshasa,2006,60615908,worldbank-SP.POP.TOTL-20260713,https://data.worldbank.org/indicator/SP.POP.TOTL?locations=CD,COD,midyear_estimate,available,World Bank fallback: reviewed Wikipedia global lists do not provide a complete exact-year annual series.
CD,CD,Congo - Kinshasa,2009,66412044,worldbank-SP.POP.TOTL-20260713,https://data.worldbank.org/indicator/SP.POP.TOTL?locations=CD,COD,midyear_estimate,available,World Bank fallback: reviewed Wikipedia global lists do not provide a complete exact-year annual series.
CD,CD,Congo - Kinshasa,2012,73254618,worldbank-SP.POP.TOTL-20260713,https://data.worldbank.org/indicator/SP.POP.TOTL?locations=CD,COD,midyear_estimate,available,World Bank fallback: reviewed Wikipedia global lists do not provide a complete exact-year annual series.
CD,CD,Congo - Kinshasa,2015,81035531,worldbank-SP.POP.TOTL-20260713,https://data.worldbank.org/indicator/SP.POP.TOTL?locations=CD,COD,midyear_estimate,available,World Bank fallback: reviewed Wikipedia global lists do not provide a complete exact-year annual series.
CD,CD,Congo - Kinshasa,2018,90047644,worldbank-SP.POP.TOTL-20260713,https://data.worldbank.org/indicator/SP.POP.TOTL?locations=CD,COD,midyear_estimate,available,World Bank fallback: reviewed Wikipedia global lists do not provide a complete exact-year annual series.
CD,CD,Congo - Kinshasa,2021,99148932,worldbank-SP.POP.TOTL-20260713,https://data.worldbank.org/indicator/SP.POP.TOTL?locations=CD,COD,midyear_estimate,available,World Bank fallback: reviewed Wikipedia global lists do not provide a complete exact-year annual series.
CD,CD,Congo - Kinshasa,2024,109276265,worldbank-SP.POP.TOTL-20260713,https://data.worldbank.org/indicator/SP.POP.TOTL?locations=CD,COD,midyear_estimate,available,World Bank fallback: reviewed Wikipedia global lists do not provide a complete exact-year annual series.
ST,ST,São Tomé & Príncipe,2006,165638,worldbank-SP.POP.TOTL-20260713,https://data.worldbank.org/indicator/SP.POP.TOTL?locations=ST,STP,midyear_estimate,available,World Bank fallback: reviewed Wikipedia global lists do not provide a complete exact-year annual series.
ST,ST,São Tomé & Príncipe,2009,177853,worldbank-SP.POP.TOTL-20260713,https://data.worldbank.org/indicator/SP.POP.TOTL?locations=ST,STP,midyear_estimate,available,World Bank fallback: reviewed Wikipedia global lists do not provide a complete exact-year annual series.
ST,ST,São Tomé & Príncipe,2012,189439,worldbank-SP.POP.TOTL-20260713,https://data.worldbank.org/indicator/SP.POP.TOTL?locations=ST,STP,midyear_estimate,available,World Bank fallback: reviewed Wikipedia global lists do not provide a complete exact-year annual series.
ST,ST,São Tomé & Príncipe,2015,200291,worldbank-SP.POP.TOTL-20260713,https://data.worldbank.org/indicator/SP.POP.TOTL?locations=ST,STP,midyear_estimate,available,World Bank fallback: reviewed Wikipedia global lists do not provide a complete exact-year annual series.
ST,ST,São Tomé & Príncipe,2018,210187,worldbank-SP.POP.TOTL-20260713,https://data.worldbank.org/indicator/SP.POP.TOTL?locations=ST,STP,midyear_estimate,available,World Bank fallback: reviewed Wikipedia global lists do not provide a complete exact-year annual series.
ST,ST,São Tomé & Príncipe,2021,221961,worldbank-SP.POP.TOTL-20260713,https://data.worldbank.org/indicator/SP.POP.TOTL?locations=ST,STP,midyear_estimate,available,World Bank fallback: reviewed Wikipedia global lists do not provide a complete exact-year annual series.
ST,ST,São Tomé & Príncipe,2024,235536,worldbank-SP.POP.TOTL-20260713,https://data.worldbank.org/indicator/SP.POP.TOTL?locations=ST,STP,midyear_estimate,available,World Bank fallback: reviewed Wikipedia global lists do not provide a complete exact-year annual series.
ZM,ZM,Zambia,2006,12129553,worldbank-SP.POP.TOTL-20260713,https://data.worldbank.org/indicator/SP.POP.TOTL?locations=ZM,ZMB,midyear_estimate,available,World Bank fallback: reviewed Wikipedia global lists do not provide a complete exact-year annual series.
ZM,ZM,Zambia,2009,13490389,worldbank-SP.POP.TOTL-20260713,https://data.worldbank.org/indicator/SP.POP.TOTL?locations=ZM,ZMB,midyear_estimate,available,World Bank fallback: reviewed Wikipedia global lists do not provide a complete exact-year annual series.
ZM,ZM,Zambia,2012,14913629,worldbank-SP.POP.TOTL-20260713,https://data.worldbank.org/indicator/SP.POP.TOTL?locations=ZM,ZMB,midyear_estimate,available,World Bank fallback: reviewed Wikipedia global lists do not provide a complete exact-year annual series.
ZM,ZM,Zambia,2015,16399089,worldbank-SP.POP.TOTL-20260713,https://data.worldbank.org/indicator/SP.POP.TOTL?locations=ZM,ZMB,midyear_estimate,available,World Bank fallback: reviewed Wikipedia global lists do not provide a complete exact-year annual series.
ZM,ZM,Zambia,2018,17973569,worldbank-SP.POP.TOTL-20260713,https://data.worldbank.org/indicator/SP.POP.TOTL?locations=ZM,ZMB,midyear_estimate,available,World Bank fallback: reviewed Wikipedia global lists do not provide a complete exact-year annual series.
ZM,ZM,Zambia,2021,19603607,worldbank-SP.POP.TOTL-20260713,https://data.worldbank.org/indicator/SP.POP.TOTL?locations=ZM,ZMB,midyear_estimate,available,World Bank fallback: reviewed Wikipedia global lists do not provide a complete exact-year annual series.
ZM,ZM,Zambia,2024,21314956,worldbank-SP.POP.TOTL-20260713,https://data.worldbank.org/indicator/SP.POP.TOTL?locations=ZM,ZMB,midyear_estimate,available,World Bank fallback: reviewed Wikipedia global lists do not provide a complete exact-year annual series.
SL,SL,Sierra Leone,2006,5624466,worldbank-SP.POP.TOTL-20260713,https://data.worldbank.org/indicator/SP.POP.TOTL?locations=SL,SLE,midyear_estimate,available,World Bank fallback: reviewed Wikipedia global lists do not provide a complete exact-year annual series.
SL,SL,Sierra Leone,2009,6055646,worldbank-SP.POP.TOTL-20260713,https://data.worldbank.org/indicator/SP.POP.TOTL?locations=SL,SLE,midyear_estimate,available,World Bank fallback: reviewed Wikipedia global lists do not provide a complete exact-year annual series.
SL,SL,Sierra Leone,2012,6551080,worldbank-SP.POP.TOTL-20260713,https://data.worldbank.org/indicator/SP.POP.TOTL?locations=SL,SLE,midyear_estimate,available,World Bank fallback: reviewed Wikipedia global lists do not provide a complete exact-year annual series.
SL,SL,Sierra Leone,2015,7037655,worldbank-SP.POP.TOTL-20260713,https://data.worldbank.org/indicator/SP.POP.TOTL?locations=SL,SLE,midyear_estimate,available,World Bank fallback: reviewed Wikipedia global lists do not provide a complete exact-year annual series.
SL,SL,Sierra Leone,2018,7554563,worldbank-SP.POP.TOTL-20260713,https://data.worldbank.org/indicator/SP.POP.TOTL?locations=SL,SLE,midyear_estimate,available,World Bank fallback: reviewed Wikipedia global lists do not provide a complete exact-year annual series.
SL,SL,Sierra Leone,2021,8094602,worldbank-SP.POP.TOTL-20260713,https://data.worldbank.org/indicator/SP.POP.TOTL?locations=SL,SLE,midyear_estimate,available,World Bank fallback: reviewed Wikipedia global lists do not provide a complete exact-year annual series.
SL,SL,Sierra Leone,2024,8642022,worldbank-SP.POP.TOTL-20260713,https://data.worldbank.org/indicator/SP.POP.TOTL?locations=SL,SLE,midyear_estimate,available,World Bank fallback: reviewed Wikipedia global lists do not provide a complete exact-year annual series.
DJ,DJ,Djibouti,2006,855764,worldbank-SP.POP.TOTL-20260713,https://data.worldbank.org/indicator/SP.POP.TOTL?locations=DJ,DJI,midyear_estimate,available,World Bank fallback: reviewed Wikipedia global lists do not provide a complete exact-year annual series.
DJ,DJ,Djibouti,2009,911527,worldbank-SP.POP.TOTL-20260713,https://data.worldbank.org/indicator/SP.POP.TOTL?locations=DJ,DJI,midyear_estimate,available,World Bank fallback: reviewed Wikipedia global lists do not provide a complete exact-year annual series.
DJ,DJ,Djibouti,2012,966747,worldbank-SP.POP.TOTL-20260713,https://data.worldbank.org/indicator/SP.POP.TOTL?locations=DJ,DJI,midyear_estimate,available,World Bank fallback: reviewed Wikipedia global lists do not provide a complete exact-year annual series.
DJ,DJ,Djibouti,2015,1020313,worldbank-SP.POP.TOTL-20260713,https://data.worldbank.org/indicator/SP.POP.TOTL?locations=DJ,DJI,midyear_estimate,available,World Bank fallback: reviewed Wikipedia global lists do not provide a complete exact-year annual series.
DJ,DJ,Djibouti,2018,1071882,worldbank-SP.POP.TOTL-20260713,https://data.worldbank.org/indicator/SP.POP.TOTL?locations=DJ,DJI,midyear_estimate,available,World Bank fallback: reviewed Wikipedia global lists do not provide a complete exact-year annual series.
DJ,DJ,Djibouti,2021,1121248,worldbank-SP.POP.TOTL-20260713,https://data.worldbank.org/indicator/SP.POP.TOTL?locations=DJ,DJI,midyear_estimate,available,World Bank fallback: reviewed Wikipedia global lists do not provide a complete exact-year annual series.
DJ,DJ,Djibouti,2024,1168722,worldbank-SP.POP.TOTL-20260713,https://data.worldbank.org/indicator/SP.POP.TOTL?locations=DJ,DJI,midyear_estimate,available,World Bank fallback: reviewed Wikipedia global lists do not provide a complete exact-year annual series.
ZW,ZW,Zimbabwe,2006,12636445,worldbank-SP.POP.TOTL-20260713,https://data.worldbank.org/indicator/SP.POP.TOTL?locations=ZW,ZWE,midyear_estimate,available,World Bank fallback: reviewed Wikipedia global lists do not provide a complete exact-year annual series.
ZW,ZW,Zimbabwe,2009,13142790,worldbank-SP.POP.TOTL-20260713,https://data.worldbank.org/indicator/SP.POP.TOTL?locations=ZW,ZWE,midyear_estimate,available,World Bank fallback: reviewed Wikipedia global lists do not provide a complete exact-year annual series.
ZW,ZW,Zimbabwe,2012,13817887,worldbank-SP.POP.TOTL-20260713,https://data.worldbank.org/indicator/SP.POP.TOTL?locations=ZW,ZWE,midyear_estimate,available,World Bank fallback: reviewed Wikipedia global lists do not provide a complete exact-year annual series.
ZW,ZW,Zimbabwe,2015,14399013,worldbank-SP.POP.TOTL-20260713,https://data.worldbank.org/indicator/SP.POP.TOTL?locations=ZW,ZWE,midyear_estimate,available,World Bank fallback: reviewed Wikipedia global lists do not provide a complete exact-year annual series.
ZW,ZW,Zimbabwe,2018,15034452,worldbank-SP.POP.TOTL-20260713,https://data.worldbank.org/indicator/SP.POP.TOTL?locations=ZW,ZWE,midyear_estimate,available,World Bank fallback: reviewed Wikipedia global lists do not provide a complete exact-year annual series.
ZW,ZW,Zimbabwe,2021,15797210,worldbank-SP.POP.TOTL-20260713,https://data.worldbank.org/indicator/SP.POP.TOTL?locations=ZW,ZWE,midyear_estimate,available,World Bank fallback: reviewed Wikipedia global lists do not provide a complete exact-year annual series.
ZW,ZW,Zimbabwe,2024,16634373,worldbank-SP.POP.TOTL-20260713,https://data.worldbank.org/indicator/SP.POP.TOTL?locations=ZW,ZWE,midyear_estimate,available,World Bank fallback: reviewed Wikipedia global lists do not provide a complete exact-year annual series.
SC,SC,Seychelles,2006,84600,worldbank-SP.POP.TOTL-20260713,https://data.worldbank.org/indicator/SP.POP.TOTL?locations=SC,SYC,midyear_estimate,available,World Bank fallback: reviewed Wikipedia global lists do not provide a complete exact-year annual series.
SC,SC,Seychelles,2009,87298,worldbank-SP.POP.TOTL-20260713,https://data.worldbank.org/indicator/SP.POP.TOTL?locations=SC,SYC,midyear_estimate,available,World Bank fallback: reviewed Wikipedia global lists do not provide a complete exact-year annual series.
SC,SC,Seychelles,2012,88303,worldbank-SP.POP.TOTL-20260713,https://data.worldbank.org/indicator/SP.POP.TOTL?locations=SC,SYC,midyear_estimate,available,World Bank fallback: reviewed Wikipedia global lists do not provide a complete exact-year annual series.
SC,SC,Seychelles,2015,93419,worldbank-SP.POP.TOTL-20260713,https://data.worldbank.org/indicator/SP.POP.TOTL?locations=SC,SYC,midyear_estimate,available,World Bank fallback: reviewed Wikipedia global lists do not provide a complete exact-year annual series.
SC,SC,Seychelles,2018,96762,worldbank-SP.POP.TOTL-20260713,https://data.worldbank.org/indicator/SP.POP.TOTL?locations=SC,SYC,midyear_estimate,available,World Bank fallback: reviewed Wikipedia global lists do not provide a complete exact-year annual series.
SC,SC,Seychelles,2021,99258,worldbank-SP.POP.TOTL-20260713,https://data.worldbank.org/indicator/SP.POP.TOTL?locations=SC,SYC,midyear_estimate,available,World Bank fallback: reviewed Wikipedia global lists do not provide a complete exact-year annual series.
SC,SC,Seychelles,2024,121354,worldbank-SP.POP.TOTL-20260713,https://data.worldbank.org/indicator/SP.POP.TOTL?locations=SC,SYC,midyear_estimate,available,World Bank fallback: reviewed Wikipedia global lists do not provide a complete exact-year annual series.
GQ,GQ,Equatorial Guinea,2006,990343,worldbank-SP.POP.TOTL-20260713,https://data.worldbank.org/indicator/SP.POP.TOTL?locations=GQ,GNQ,midyear_estimate,available,World Bank fallback: reviewed Wikipedia global lists do not provide a complete exact-year annual series.
GQ,GQ,Equatorial Guinea,2009,1135673,worldbank-SP.POP.TOTL-20260713,https://data.worldbank.org/indicator/SP.POP.TOTL?locations=GQ,GNQ,midyear_estimate,available,World Bank fallback: reviewed Wikipedia global lists do not provide a complete exact-year annual series.
GQ,GQ,Equatorial Guinea,2012,1293483,worldbank-SP.POP.TOTL-20260713,https://data.worldbank.org/indicator/SP.POP.TOTL?locations=GQ,GNQ,midyear_estimate,available,World Bank fallback: reviewed Wikipedia global lists do not provide a complete exact-year annual series.
GQ,GQ,Equatorial Guinea,2015,1453923,worldbank-SP.POP.TOTL-20260713,https://data.worldbank.org/indicator/SP.POP.TOTL?locations=GQ,GNQ,midyear_estimate,available,World Bank fallback: reviewed Wikipedia global lists do not provide a complete exact-year annual series.
GQ,GQ,Equatorial Guinea,2018,1616422,worldbank-SP.POP.TOTL-20260713,https://data.worldbank.org/indicator/SP.POP.TOTL?locations=GQ,GNQ,midyear_estimate,available,World Bank fallback: reviewed Wikipedia global lists do not provide a complete exact-year annual series.
GQ,GQ,Equatorial Guinea,2021,1758786,worldbank-SP.POP.TOTL-20260713,https://data.worldbank.org/indicator/SP.POP.TOTL?locations=GQ,GNQ,midyear_estimate,available,World Bank fallback: reviewed Wikipedia global lists do not provide a complete exact-year annual series.
GQ,GQ,Equatorial Guinea,2024,1892516,worldbank-SP.POP.TOTL-20260713,https://data.worldbank.org/indicator/SP.POP.TOTL?locations=GQ,GNQ,midyear_estimate,available,World Bank fallback: reviewed Wikipedia global lists do not provide a complete exact-year annual series.
SN,SN,Senegal,2006,11500094,worldbank-SP.POP.TOTL-20260713,https://data.worldbank.org/indicator/SP.POP.TOTL?locations=SN,SEN,midyear_estimate,available,World Bank fallback: reviewed Wikipedia global lists do not provide a complete exact-year annual series.
SN,SN,Senegal,2009,12337389,worldbank-SP.POP.TOTL-20260713,https://data.worldbank.org/indicator/SP.POP.TOTL?locations=SN,SEN,midyear_estimate,available,World Bank fallback: reviewed Wikipedia global lists do not provide a complete exact-year annual series.
SN,SN,Senegal,2012,13310495,worldbank-SP.POP.TOTL-20260713,https://data.worldbank.org/indicator/SP.POP.TOTL?locations=SN,SEN,midyear_estimate,available,World Bank fallback: reviewed Wikipedia global lists do not provide a complete exact-year annual series.
SN,SN,Senegal,2015,14593331,worldbank-SP.POP.TOTL-20260713,https://data.worldbank.org/indicator/SP.POP.TOTL?locations=SN,SEN,midyear_estimate,available,World Bank fallback: reviewed Wikipedia global lists do not provide a complete exact-year annual series.
SN,SN,Senegal,2018,15914498,worldbank-SP.POP.TOTL-20260713,https://data.worldbank.org/indicator/SP.POP.TOTL?locations=SN,SEN,midyear_estimate,available,World Bank fallback: reviewed Wikipedia global lists do not provide a complete exact-year annual series.
SN,SN,Senegal,2021,17220867,worldbank-SP.POP.TOTL-20260713,https://data.worldbank.org/indicator/SP.POP.TOTL?locations=SN,SEN,midyear_estimate,available,World Bank fallback: reviewed Wikipedia global lists do not provide a complete exact-year annual series.
SN,SN,Senegal,2024,18501984,worldbank-SP.POP.TOTL-20260713,https://data.worldbank.org/indicator/SP.POP.TOTL?locations=SN,SEN,midyear_estimate,available,World Bank fallback: reviewed Wikipedia global lists do not provide a complete exact-year annual series.
SO,SO,Somalia,2006,10975502,worldbank-SP.POP.TOTL-20260713,https://data.worldbank.org/indicator/SP.POP.TOTL?locations=SO,SOM,midyear_estimate,available,World Bank fallback: reviewed Wikipedia global lists do not provide a complete exact-year annual series.
SO,SO,Somalia,2009,11961201,worldbank-SP.POP.TOTL-20260713,https://data.worldbank.org/indicator/SP.POP.TOTL?locations=SO,SOM,midyear_estimate,available,World Bank fallback: reviewed Wikipedia global lists do not provide a complete exact-year annual series.
SO,SO,Somalia,2012,12461160,worldbank-SP.POP.TOTL-20260713,https://data.worldbank.org/indicator/SP.POP.TOTL?locations=SO,SOM,midyear_estimate,available,World Bank fallback: reviewed Wikipedia global lists do not provide a complete exact-year annual series.
SO,SO,Somalia,2015,13806963,worldbank-SP.POP.TOTL-20260713,https://data.worldbank.org/indicator/SP.POP.TOTL?locations=SO,SOM,midyear_estimate,available,World Bank fallback: reviewed Wikipedia global lists do not provide a complete exact-year annual series.
SO,SO,Somalia,2018,15452487,worldbank-SP.POP.TOTL-20260713,https://data.worldbank.org/indicator/SP.POP.TOTL?locations=SO,SOM,midyear_estimate,available,World Bank fallback: reviewed Wikipedia global lists do not provide a complete exact-year annual series.
SO,SO,Somalia,2021,17271431,worldbank-SP.POP.TOTL-20260713,https://data.worldbank.org/indicator/SP.POP.TOTL?locations=SO,SOM,midyear_estimate,available,World Bank fallback: reviewed Wikipedia global lists do not provide a complete exact-year annual series.
SO,SO,Somalia,2024,19009151,worldbank-SP.POP.TOTL-20260713,https://data.worldbank.org/indicator/SP.POP.TOTL?locations=SO,SOM,midyear_estimate,available,World Bank fallback: reviewed Wikipedia global lists do not provide a complete exact-year annual series.
TZ,TZ,Tanzania,2006,40294902,worldbank-SP.POP.TOTL-20260713,https://data.worldbank.org/indicator/SP.POP.TOTL?locations=TZ,TZA,midyear_estimate,available,World Bank fallback: reviewed Wikipedia global lists do not provide a complete exact-year annual series.
TZ,TZ,Tanzania,2009,43633982,worldbank-SP.POP.TOTL-20260713,https://data.worldbank.org/indicator/SP.POP.TOTL?locations=TZ,TZA,midyear_estimate,available,World Bank fallback: reviewed Wikipedia global lists do not provide a complete exact-year annual series.
TZ,TZ,Tanzania,2012,47374260,worldbank-SP.POP.TOTL-20260713,https://data.worldbank.org/indicator/SP.POP.TOTL?locations=TZ,TZA,midyear_estimate,available,World Bank fallback: reviewed Wikipedia global lists do not provide a complete exact-year annual series.
TZ,TZ,Tanzania,2015,52020962,worldbank-SP.POP.TOTL-20260713,https://data.worldbank.org/indicator/SP.POP.TOTL?locations=TZ,TZA,midyear_estimate,available,World Bank fallback: reviewed Wikipedia global lists do not provide a complete exact-year annual series.
TZ,TZ,Tanzania,2018,57437145,worldbank-SP.POP.TOTL-20260713,https://data.worldbank.org/indicator/SP.POP.TOTL?locations=TZ,TZA,midyear_estimate,available,World Bank fallback: reviewed Wikipedia global lists do not provide a complete exact-year annual series.
TZ,TZ,Tanzania,2021,62830412,worldbank-SP.POP.TOTL-20260713,https://data.worldbank.org/indicator/SP.POP.TOTL?locations=TZ,TZA,midyear_estimate,available,World Bank fallback: reviewed Wikipedia global lists do not provide a complete exact-year annual series.
TZ,TZ,Tanzania,2024,68560157,worldbank-SP.POP.TOTL-20260713,https://data.worldbank.org/indicator/SP.POP.TOTL?locations=TZ,TZA,midyear_estimate,available,World Bank fallback: reviewed Wikipedia global lists do not provide a complete exact-year annual series.
TD,TD,Chad,2006,10706424,worldbank-SP.POP.TOTL-20260713,https://data.worldbank.org/indicator/SP.POP.TOTL?locations=TD,TCD,midyear_estimate,available,World Bank fallback: reviewed Wikipedia global lists do not provide a complete exact-year annual series.
TD,TD,Chad,2009,11893754,worldbank-SP.POP.TOTL-20260713,https://data.worldbank.org/indicator/SP.POP.TOTL?locations=TD,TCD,midyear_estimate,available,World Bank fallback: reviewed Wikipedia global lists do not provide a complete exact-year annual series.
TD,TD,Chad,2012,13210998,worldbank-SP.POP.TOTL-20260713,https://data.worldbank.org/indicator/SP.POP.TOTL?locations=TD,TCD,midyear_estimate,available,World Bank fallback: reviewed Wikipedia global lists do not provide a complete exact-year annual series.
TD,TD,Chad,2015,14647621,worldbank-SP.POP.TOTL-20260713,https://data.worldbank.org/indicator/SP.POP.TOTL?locations=TD,TCD,midyear_estimate,available,World Bank fallback: reviewed Wikipedia global lists do not provide a complete exact-year annual series.
TD,TD,Chad,2018,16156531,worldbank-SP.POP.TOTL-20260713,https://data.worldbank.org/indicator/SP.POP.TOTL?locations=TD,TCD,midyear_estimate,available,World Bank fallback: reviewed Wikipedia global lists do not provide a complete exact-year annual series.
TD,TD,Chad,2021,17828273,worldbank-SP.POP.TOTL-20260713,https://data.worldbank.org/indicator/SP.POP.TOTL?locations=TD,TCD,midyear_estimate,available,World Bank fallback: reviewed Wikipedia global lists do not provide a complete exact-year annual series.
TD,TD,Chad,2024,20299123,worldbank-SP.POP.TOTL-20260713,https://data.worldbank.org/indicator/SP.POP.TOTL?locations=TD,TCD,midyear_estimate,available,World Bank fallback: reviewed Wikipedia global lists do not provide a complete exact-year annual series.
CF,CF,Central African Republic,2006,4377579,worldbank-SP.POP.TOTL-20260713,https://data.worldbank.org/indicator/SP.POP.TOTL?locations=CF,CAF,midyear_estimate,available,World Bank fallback: reviewed Wikipedia global lists do not provide a complete exact-year annual series.
CF,CF,Central African Republic,2009,4529047,worldbank-SP.POP.TOTL-20260713,https://data.worldbank.org/indicator/SP.POP.TOTL?locations=CF,CAF,midyear_estimate,available,World Bank fallback: reviewed Wikipedia global lists do not provide a complete exact-year annual series.
CF,CF,Central African Republic,2012,4610848,worldbank-SP.POP.TOTL-20260713,https://data.worldbank.org/indicator/SP.POP.TOTL?locations=CF,CAF,midyear_estimate,available,World Bank fallback: reviewed Wikipedia global lists do not provide a complete exact-year annual series.
CF,CF,Central African Republic,2015,4629320,worldbank-SP.POP.TOTL-20260713,https://data.worldbank.org/indicator/SP.POP.TOTL?locations=CF,CAF,midyear_estimate,available,World Bank fallback: reviewed Wikipedia global lists do not provide a complete exact-year annual series.
CF,CF,Central African Republic,2018,4878657,worldbank-SP.POP.TOTL-20260713,https://data.worldbank.org/indicator/SP.POP.TOTL?locations=CF,CAF,midyear_estimate,available,World Bank fallback: reviewed Wikipedia global lists do not provide a complete exact-year annual series.
CF,CF,Central African Republic,2021,5112100,worldbank-SP.POP.TOTL-20260713,https://data.worldbank.org/indicator/SP.POP.TOTL?locations=CF,CAF,midyear_estimate,available,World Bank fallback: reviewed Wikipedia global lists do not provide a complete exact-year annual series.
CF,CF,Central African Republic,2024,5330690,worldbank-SP.POP.TOTL-20260713,https://data.worldbank.org/indicator/SP.POP.TOTL?locations=CF,CAF,midyear_estimate,available,World Bank fallback: reviewed Wikipedia global lists do not provide a complete exact-year annual series.
TG,TG,Togo,2006,5569664,worldbank-SP.POP.TOTL-20260713,https://data.worldbank.org/indicator/SP.POP.TOTL?locations=TG,TGO,midyear_estimate,available,World Bank fallback: reviewed Wikipedia global lists do not provide a complete exact-year annual series.
TG,TG,Togo,2009,6130946,worldbank-SP.POP.TOTL-20260713,https://data.worldbank.org/indicator/SP.POP.TOTL?locations=TG,TGO,midyear_estimate,available,World Bank fallback: reviewed Wikipedia global lists do not provide a complete exact-year annual series.
TG,TG,Togo,2012,6653718,worldbank-SP.POP.TOTL-20260713,https://data.worldbank.org/indicator/SP.POP.TOTL?locations=TG,TGO,midyear_estimate,available,World Bank fallback: reviewed Wikipedia global lists do not provide a complete exact-year annual series.
TG,TG,Togo,2015,7071502,worldbank-SP.POP.TOTL-20260713,https://data.worldbank.org/indicator/SP.POP.TOTL?locations=TG,TGO,midyear_estimate,available,World Bank fallback: reviewed Wikipedia global lists do not provide a complete exact-year annual series.
TG,TG,Togo,2018,7458206,worldbank-SP.POP.TOTL-20260713,https://data.worldbank.org/indicator/SP.POP.TOTL?locations=TG,TGO,midyear_estimate,available,World Bank fallback: reviewed Wikipedia global lists do not provide a complete exact-year annual series.
TG,TG,Togo,2021,7936176,worldbank-SP.POP.TOTL-20260713,https://data.worldbank.org/indicator/SP.POP.TOTL?locations=TG,TGO,midyear_estimate,available,World Bank fallback: reviewed Wikipedia global lists do not provide a complete exact-year annual series.
TG,TG,Togo,2024,8406558,worldbank-SP.POP.TOTL-20260713,https://data.worldbank.org/indicator/SP.POP.TOTL?locations=TG,TGO,midyear_estimate,available,World Bank fallback: reviewed Wikipedia global lists do not provide a complete exact-year annual series.
NG,NG,Nigeria,2006,149077334,worldbank-SP.POP.TOTL-20260713,https://data.worldbank.org/indicator/SP.POP.TOTL?locations=NG,NGA,midyear_estimate,available,World Bank fallback: reviewed Wikipedia global lists do not provide a complete exact-year annual series.
NG,NG,Nigeria,2009,162049464,worldbank-SP.POP.TOTL-20260713,https://data.worldbank.org/indicator/SP.POP.TOTL?locations=NG,NGA,midyear_estimate,available,World Bank fallback: reviewed Wikipedia global lists do not provide a complete exact-year annual series.
NG,NG,Nigeria,2012,176200625,worldbank-SP.POP.TOTL-20260713,https://data.worldbank.org/indicator/SP.POP.TOTL?locations=NG,NGA,midyear_estimate,available,World Bank fallback: reviewed Wikipedia global lists do not provide a complete exact-year annual series.
NG,NG,Nigeria,2015,190671878,worldbank-SP.POP.TOTL-20260713,https://data.worldbank.org/indicator/SP.POP.TOTL?locations=NG,NGA,midyear_estimate,available,World Bank fallback: reviewed Wikipedia global lists do not provide a complete exact-year annual series.
NG,NG,Nigeria,2018,204938755,worldbank-SP.POP.TOTL-20260713,https://data.worldbank.org/indicator/SP.POP.TOTL?locations=NG,NGA,midyear_estimate,available,World Bank fallback: reviewed Wikipedia global lists do not provide a complete exact-year annual series.
NG,NG,Nigeria,2021,218529286,worldbank-SP.POP.TOTL-20260713,https://data.worldbank.org/indicator/SP.POP.TOTL?locations=NG,NGA,midyear_estimate,available,World Bank fallback: reviewed Wikipedia global lists do not provide a complete exact-year annual series.
NG,NG,Nigeria,2024,232679478,worldbank-SP.POP.TOTL-20260713,https://data.worldbank.org/indicator/SP.POP.TOTL?locations=NG,NGA,midyear_estimate,available,World Bank fallback: reviewed Wikipedia global lists do not provide a complete exact-year annual series.
NA,NA,Namibia,2006,1991888,worldbank-SP.POP.TOTL-20260713,https://data.worldbank.org/indicator/SP.POP.TOTL?locations=NA,NAM,midyear_estimate,available,World Bank fallback: reviewed Wikipedia global lists do not provide a complete exact-year annual series.
NA,NA,Namibia,2009,2077394,worldbank-SP.POP.TOTL-20260713,https://data.worldbank.org/indicator/SP.POP.TOTL?locations=NA,NAM,midyear_estimate,available,World Bank fallback: reviewed Wikipedia global lists do not provide a complete exact-year annual series.
NA,NA,Namibia,2012,2194654,worldbank-SP.POP.TOTL-20260713,https://data.worldbank.org/indicator/SP.POP.TOTL?locations=NA,NAM,midyear_estimate,available,World Bank fallback: reviewed Wikipedia global lists do not provide a complete exact-year annual series.
NA,NA,Namibia,2015,2374300,worldbank-SP.POP.TOTL-20260713,https://data.worldbank.org/indicator/SP.POP.TOTL?locations=NA,NAM,midyear_estimate,available,World Bank fallback: reviewed Wikipedia global lists do not provide a complete exact-year annual series.
NA,NA,Namibia,2018,2577327,worldbank-SP.POP.TOTL-20260713,https://data.worldbank.org/indicator/SP.POP.TOTL?locations=NA,NAM,midyear_estimate,available,World Bank fallback: reviewed Wikipedia global lists do not provide a complete exact-year annual series.
NA,NA,Namibia,2021,2810548,worldbank-SP.POP.TOTL-20260713,https://data.worldbank.org/indicator/SP.POP.TOTL?locations=NA,NAM,midyear_estimate,available,World Bank fallback: reviewed Wikipedia global lists do not provide a complete exact-year annual series.
NA,NA,Namibia,2024,3030131,worldbank-SP.POP.TOTL-20260713,https://data.worldbank.org/indicator/SP.POP.TOTL?locations=NA,NAM,midyear_estimate,available,World Bank fallback: reviewed Wikipedia global lists do not provide a complete exact-year annual series.
NE,NE,Niger,2006,14268581,worldbank-SP.POP.TOTL-20260713,https://data.worldbank.org/indicator/SP.POP.TOTL?locations=NE,NER,midyear_estimate,available,World Bank fallback: reviewed Wikipedia global lists do not provide a complete exact-year annual series.
NE,NE,Niger,2009,15943675,worldbank-SP.POP.TOTL-20260713,https://data.worldbank.org/indicator/SP.POP.TOTL?locations=NE,NER,midyear_estimate,available,World Bank fallback: reviewed Wikipedia global lists do not provide a complete exact-year annual series.
NE,NE,Niger,2012,17836769,worldbank-SP.POP.TOTL-20260713,https://data.worldbank.org/indicator/SP.POP.TOTL?locations=NE,NER,midyear_estimate,available,World Bank fallback: reviewed Wikipedia global lists do not provide a complete exact-year annual series.
NE,NE,Niger,2015,19939498,worldbank-SP.POP.TOTL-20260713,https://data.worldbank.org/indicator/SP.POP.TOTL?locations=NE,NER,midyear_estimate,available,World Bank fallback: reviewed Wikipedia global lists do not provide a complete exact-year annual series.
NE,NE,Niger,2018,22188069,worldbank-SP.POP.TOTL-20260713,https://data.worldbank.org/indicator/SP.POP.TOTL?locations=NE,NER,midyear_estimate,available,World Bank fallback: reviewed Wikipedia global lists do not provide a complete exact-year annual series.
NE,NE,Niger,2021,24502140,worldbank-SP.POP.TOTL-20260713,https://data.worldbank.org/indicator/SP.POP.TOTL?locations=NE,NER,midyear_estimate,available,World Bank fallback: reviewed Wikipedia global lists do not provide a complete exact-year annual series.
NE,NE,Niger,2024,27032412,worldbank-SP.POP.TOTL-20260713,https://data.worldbank.org/indicator/SP.POP.TOTL?locations=NE,NER,midyear_estimate,available,World Bank fallback: reviewed Wikipedia global lists do not provide a complete exact-year annual series.
HV,BF,Burkina Faso,2006,14373707,worldbank-SP.POP.TOTL-20260713,https://data.worldbank.org/indicator/SP.POP.TOTL?locations=BF,BFA,midyear_estimate,available,World Bank fallback: reviewed Wikipedia global lists do not provide a complete exact-year annual series. Legacy JF code mapped to ISO BF.
HV,BF,Burkina Faso,2009,15710066,worldbank-SP.POP.TOTL-20260713,https://data.worldbank.org/indicator/SP.POP.TOTL?locations=BF,BFA,midyear_estimate,available,World Bank fallback: reviewed Wikipedia global lists do not provide a complete exact-year annual series. Legacy JF code mapped to ISO BF.
HV,BF,Burkina Faso,2012,17172287,worldbank-SP.POP.TOTL-20260713,https://data.worldbank.org/indicator/SP.POP.TOTL?locations=BF,BFA,midyear_estimate,available,World Bank fallback: reviewed Wikipedia global lists do not provide a complete exact-year annual series. Legacy JF code mapped to ISO BF.
HV,BF,Burkina Faso,2015,18777487,worldbank-SP.POP.TOTL-20260713,https://data.worldbank.org/indicator/SP.POP.TOTL?locations=BF,BFA,midyear_estimate,available,World Bank fallback: reviewed Wikipedia global lists do not provide a complete exact-year annual series. Legacy JF code mapped to ISO BF.
HV,BF,Burkina Faso,2018,20438288,worldbank-SP.POP.TOTL-20260713,https://data.worldbank.org/indicator/SP.POP.TOTL?locations=BF,BFA,midyear_estimate,available,World Bank fallback: reviewed Wikipedia global lists do not provide a complete exact-year annual series. Legacy JF code mapped to ISO BF.
HV,BF,Burkina Faso,2021,21995243,worldbank-SP.POP.TOTL-20260713,https://data.worldbank.org/indicator/SP.POP.TOTL?locations=BF,BFA,midyear_estimate,available,World Bank fallback: reviewed Wikipedia global lists do not provide a complete exact-year annual series. Legacy JF code mapped to ISO BF.
HV,BF,Burkina Faso,2024,23548781,worldbank-SP.POP.TOTL-20260713,https://data.worldbank.org/indicator/SP.POP.TOTL?locations=BF,BFA,midyear_estimate,available,World Bank fallback: reviewed Wikipedia global lists do not provide a complete exact-year annual series. Legacy JF code mapped to ISO BF.
BI,BI,Burundi,2006,7865547,worldbank-SP.POP.TOTL-20260713,https://data.worldbank.org/indicator/SP.POP.TOTL?locations=BI,BDI,midyear_estimate,available,World Bank fallback: reviewed Wikipedia global lists do not provide a complete exact-year annual series.
BI,BI,Burundi,2009,8947646,worldbank-SP.POP.TOTL-20260713,https://data.worldbank.org/indicator/SP.POP.TOTL?locations=BI,BDI,midyear_estimate,available,World Bank fallback: reviewed Wikipedia global lists do not provide a complete exact-year annual series.
BI,BI,Burundi,2012,10071028,worldbank-SP.POP.TOTL-20260713,https://data.worldbank.org/indicator/SP.POP.TOTL?locations=BI,BDI,midyear_estimate,available,World Bank fallback: reviewed Wikipedia global lists do not provide a complete exact-year annual series.
BI,BI,Burundi,2015,11047580,worldbank-SP.POP.TOTL-20260713,https://data.worldbank.org/indicator/SP.POP.TOTL?locations=BI,BDI,midyear_estimate,available,World Bank fallback: reviewed Wikipedia global lists do not provide a complete exact-year annual series.
BI,BI,Burundi,2018,11859446,worldbank-SP.POP.TOTL-20260713,https://data.worldbank.org/indicator/SP.POP.TOTL?locations=BI,BDI,midyear_estimate,available,World Bank fallback: reviewed Wikipedia global lists do not provide a complete exact-year annual series.
BI,BI,Burundi,2021,12965481,worldbank-SP.POP.TOTL-20260713,https://data.worldbank.org/indicator/SP.POP.TOTL?locations=BI,BDI,midyear_estimate,available,World Bank fallback: reviewed Wikipedia global lists do not provide a complete exact-year annual series.
BI,BI,Burundi,2024,14047786,worldbank-SP.POP.TOTL-20260713,https://data.worldbank.org/indicator/SP.POP.TOTL?locations=BI,BDI,midyear_estimate,available,World Bank fallback: reviewed Wikipedia global lists do not provide a complete exact-year annual series.
DY,BJ,Benin,2006,8693242,worldbank-SP.POP.TOTL-20260713,https://data.worldbank.org/indicator/SP.POP.TOTL?locations=BJ,BEN,midyear_estimate,available,World Bank fallback: reviewed Wikipedia global lists do not provide a complete exact-year annual series. Legacy JF code mapped to ISO BJ.
DY,BJ,Benin,2009,9509423,worldbank-SP.POP.TOTL-20260713,https://data.worldbank.org/indicator/SP.POP.TOTL?locations=BJ,BEN,midyear_estimate,available,World Bank fallback: reviewed Wikipedia global lists do not provide a complete exact-year annual series. Legacy JF code mapped to ISO BJ.
DY,BJ,Benin,2012,10397657,worldbank-SP.POP.TOTL-20260713,https://data.worldbank.org/indicator/SP.POP.TOTL?locations=BJ,BEN,midyear_estimate,available,World Bank fallback: reviewed Wikipedia global lists do not provide a complete exact-year annual series. Legacy JF code mapped to ISO BJ.
DY,BJ,Benin,2015,11360681,worldbank-SP.POP.TOTL-20260713,https://data.worldbank.org/indicator/SP.POP.TOTL?locations=BJ,BEN,midyear_estimate,available,World Bank fallback: reviewed Wikipedia global lists do not provide a complete exact-year annual series. Legacy JF code mapped to ISO BJ.
DY,BJ,Benin,2018,12383347,worldbank-SP.POP.TOTL-20260713,https://data.worldbank.org/indicator/SP.POP.TOTL?locations=BJ,BEN,midyear_estimate,available,World Bank fallback: reviewed Wikipedia global lists do not provide a complete exact-year annual series. Legacy JF code mapped to ISO BJ.
DY,BJ,Benin,2021,13413417,worldbank-SP.POP.TOTL-20260713,https://data.worldbank.org/indicator/SP.POP.TOTL?locations=BJ,BEN,midyear_estimate,available,World Bank fallback: reviewed Wikipedia global lists do not provide a complete exact-year annual series. Legacy JF code mapped to ISO BJ.
DY,BJ,Benin,2024,14462724,worldbank-SP.POP.TOTL-20260713,https://data.worldbank.org/indicator/SP.POP.TOTL?locations=BJ,BEN,midyear_estimate,available,World Bank fallback: reviewed Wikipedia global lists do not provide a complete exact-year annual series. Legacy JF code mapped to ISO BJ.
BW,BW,Botswana,2006,1874516,worldbank-SP.POP.TOTL-20260713,https://data.worldbank.org/indicator/SP.POP.TOTL?locations=BW,BWA,midyear_estimate,available,World Bank fallback: reviewed Wikipedia global lists do not provide a complete exact-year annual series.
BW,BW,Botswana,2009,1990673,worldbank-SP.POP.TOTL-20260713,https://data.worldbank.org/indicator/SP.POP.TOTL?locations=BW,BWA,midyear_estimate,available,World Bank fallback: reviewed Wikipedia global lists do not provide a complete exact-year annual series.
BW,BW,Botswana,2012,2108617,worldbank-SP.POP.TOTL-20260713,https://data.worldbank.org/indicator/SP.POP.TOTL?locations=BW,BWA,midyear_estimate,available,World Bank fallback: reviewed Wikipedia global lists do not provide a complete exact-year annual series.
BW,BW,Botswana,2015,2203273,worldbank-SP.POP.TOTL-20260713,https://data.worldbank.org/indicator/SP.POP.TOTL?locations=BW,BWA,midyear_estimate,available,World Bank fallback: reviewed Wikipedia global lists do not provide a complete exact-year annual series.
BW,BW,Botswana,2018,2299141,worldbank-SP.POP.TOTL-20260713,https://data.worldbank.org/indicator/SP.POP.TOTL?locations=BW,BWA,midyear_estimate,available,World Bank fallback: reviewed Wikipedia global lists do not provide a complete exact-year annual series.
BW,BW,Botswana,2021,2401441,worldbank-SP.POP.TOTL-20260713,https://data.worldbank.org/indicator/SP.POP.TOTL?locations=BW,BWA,midyear_estimate,available,World Bank fallback: reviewed Wikipedia global lists do not provide a complete exact-year annual series.
BW,BW,Botswana,2024,2521139,worldbank-SP.POP.TOTL-20260713,https://data.worldbank.org/indicator/SP.POP.TOTL?locations=BW,BWA,midyear_estimate,available,World Bank fallback: reviewed Wikipedia global lists do not provide a complete exact-year annual series.
MG,MG,Madagascar,2006,19730909,worldbank-SP.POP.TOTL-20260713,https://data.worldbank.org/indicator/SP.POP.TOTL?locations=MG,MDG,midyear_estimate,available,World Bank fallback: reviewed Wikipedia global lists do not provide a complete exact-year annual series.
MG,MG,Madagascar,2009,21547280,worldbank-SP.POP.TOTL-20260713,https://data.worldbank.org/indicator/SP.POP.TOTL?locations=MG,MDG,midyear_estimate,available,World Bank fallback: reviewed Wikipedia global lists do not provide a complete exact-year annual series.
MG,MG,Madagascar,2012,23462438,worldbank-SP.POP.TOTL-20260713,https://data.worldbank.org/indicator/SP.POP.TOTL?locations=MG,MDG,midyear_estimate,available,World Bank fallback: reviewed Wikipedia global lists do not provide a complete exact-year annual series.
MG,MG,Madagascar,2015,25426702,worldbank-SP.POP.TOTL-20260713,https://data.worldbank.org/indicator/SP.POP.TOTL?locations=MG,MDG,midyear_estimate,available,World Bank fallback: reviewed Wikipedia global lists do not provide a complete exact-year annual series.
MG,MG,Madagascar,2018,27494926,worldbank-SP.POP.TOTL-20260713,https://data.worldbank.org/indicator/SP.POP.TOTL?locations=MG,MDG,midyear_estimate,available,World Bank fallback: reviewed Wikipedia global lists do not provide a complete exact-year annual series.
MG,MG,Madagascar,2021,29691083,worldbank-SP.POP.TOTL-20260713,https://data.worldbank.org/indicator/SP.POP.TOTL?locations=MG,MDG,midyear_estimate,available,World Bank fallback: reviewed Wikipedia global lists do not provide a complete exact-year annual series.
MG,MG,Madagascar,2024,31964956,worldbank-SP.POP.TOTL-20260713,https://data.worldbank.org/indicator/SP.POP.TOTL?locations=MG,MDG,midyear_estimate,available,World Bank fallback: reviewed Wikipedia global lists do not provide a complete exact-year annual series.
MW,MW,Malawi,2006,13198701,worldbank-SP.POP.TOTL-20260713,https://data.worldbank.org/indicator/SP.POP.TOTL?locations=MW,MWI,midyear_estimate,available,World Bank fallback: reviewed Wikipedia global lists do not provide a complete exact-year annual series.
MW,MW,Malawi,2009,14395788,worldbank-SP.POP.TOTL-20260713,https://data.worldbank.org/indicator/SP.POP.TOTL?locations=MW,MWI,midyear_estimate,available,World Bank fallback: reviewed Wikipedia global lists do not provide a complete exact-year annual series.
MW,MW,Malawi,2012,15709577,worldbank-SP.POP.TOTL-20260713,https://data.worldbank.org/indicator/SP.POP.TOTL?locations=MW,MWI,midyear_estimate,available,World Bank fallback: reviewed Wikipedia global lists do not provide a complete exact-year annual series.
MW,MW,Malawi,2015,17085587,worldbank-SP.POP.TOTL-20260713,https://data.worldbank.org/indicator/SP.POP.TOTL?locations=MW,MWI,midyear_estimate,available,World Bank fallback: reviewed Wikipedia global lists do not provide a complete exact-year annual series.
MW,MW,Malawi,2018,18528081,worldbank-SP.POP.TOTL-20260713,https://data.worldbank.org/indicator/SP.POP.TOTL?locations=MW,MWI,midyear_estimate,available,World Bank fallback: reviewed Wikipedia global lists do not provide a complete exact-year annual series.
MW,MW,Malawi,2021,20047258,worldbank-SP.POP.TOTL-20260713,https://data.worldbank.org/indicator/SP.POP.TOTL?locations=MW,MWI,midyear_estimate,available,World Bank fallback: reviewed Wikipedia global lists do not provide a complete exact-year annual series.
MW,MW,Malawi,2024,21655286,worldbank-SP.POP.TOTL-20260713,https://data.worldbank.org/indicator/SP.POP.TOTL?locations=MW,MWI,midyear_estimate,available,World Bank fallback: reviewed Wikipedia global lists do not provide a complete exact-year annual series.
ML,ML,Mali,2006,13990139,worldbank-SP.POP.TOTL-20260713,https://data.worldbank.org/indicator/SP.POP.TOTL?locations=ML,MLI,midyear_estimate,available,World Bank fallback: reviewed Wikipedia global lists do not provide a complete exact-year annual series.
ML,ML,Mali,2009,15435539,worldbank-SP.POP.TOTL-20260713,https://data.worldbank.org/indicator/SP.POP.TOTL?locations=ML,MLI,midyear_estimate,available,World Bank fallback: reviewed Wikipedia global lists do not provide a complete exact-year annual series.
ML,ML,Mali,2012,16957033,worldbank-SP.POP.TOTL-20260713,https://data.worldbank.org/indicator/SP.POP.TOTL?locations=ML,MLI,midyear_estimate,available,World Bank fallback: reviewed Wikipedia global lists do not provide a complete exact-year annual series.
ML,ML,Mali,2015,18593022,worldbank-SP.POP.TOTL-20260713,https://data.worldbank.org/indicator/SP.POP.TOTL?locations=ML,MLI,midyear_estimate,available,World Bank fallback: reviewed Wikipedia global lists do not provide a complete exact-year annual series.
ML,ML,Mali,2018,20442030,worldbank-SP.POP.TOTL-20260713,https://data.worldbank.org/indicator/SP.POP.TOTL?locations=ML,MLI,midyear_estimate,available,World Bank fallback: reviewed Wikipedia global lists do not provide a complete exact-year annual series.
ML,ML,Mali,2021,22388630,worldbank-SP.POP.TOTL-20260713,https://data.worldbank.org/indicator/SP.POP.TOTL?locations=ML,MLI,midyear_estimate,available,World Bank fallback: reviewed Wikipedia global lists do not provide a complete exact-year annual series.
ML,ML,Mali,2024,24478595,worldbank-SP.POP.TOTL-20260713,https://data.worldbank.org/indicator/SP.POP.TOTL?locations=ML,MLI,midyear_estimate,available,World Bank fallback: reviewed Wikipedia global lists do not provide a complete exact-year annual series.
ZA,ZA,South Africa,2006,49998277,worldbank-SP.POP.TOTL-20260713,https://data.worldbank.org/indicator/SP.POP.TOTL?locations=ZA,ZAF,midyear_estimate,available,World Bank fallback: reviewed Wikipedia global lists do not provide a complete exact-year annual series.
ZA,ZA,South Africa,2009,51728516,worldbank-SP.POP.TOTL-20260713,https://data.worldbank.org/indicator/SP.POP.TOTL?locations=ZA,ZAF,midyear_estimate,available,World Bank fallback: reviewed Wikipedia global lists do not provide a complete exact-year annual series.
ZA,ZA,South Africa,2012,53782567,worldbank-SP.POP.TOTL-20260713,https://data.worldbank.org/indicator/SP.POP.TOTL?locations=ZA,ZAF,midyear_estimate,available,World Bank fallback: reviewed Wikipedia global lists do not provide a complete exact-year annual series.
ZA,ZA,South Africa,2015,56723537,worldbank-SP.POP.TOTL-20260713,https://data.worldbank.org/indicator/SP.POP.TOTL?locations=ZA,ZAF,midyear_estimate,available,World Bank fallback: reviewed Wikipedia global lists do not provide a complete exact-year annual series.
ZA,ZA,South Africa,2018,58613001,worldbank-SP.POP.TOTL-20260713,https://data.worldbank.org/indicator/SP.POP.TOTL?locations=ZA,ZAF,midyear_estimate,available,World Bank fallback: reviewed Wikipedia global lists do not provide a complete exact-year annual series.
ZA,ZA,South Africa,2021,61502603,worldbank-SP.POP.TOTL-20260713,https://data.worldbank.org/indicator/SP.POP.TOTL?locations=ZA,ZAF,midyear_estimate,available,World Bank fallback: reviewed Wikipedia global lists do not provide a complete exact-year annual series.
ZA,ZA,South Africa,2024,64007187,worldbank-SP.POP.TOTL-20260713,https://data.worldbank.org/indicator/SP.POP.TOTL?locations=ZA,ZAF,midyear_estimate,available,World Bank fallback: reviewed Wikipedia global lists do not provide a complete exact-year annual series.
SS,SS,South Sudan,2006,7976526,worldbank-SP.POP.TOTL-20260713,https://data.worldbank.org/indicator/SP.POP.TOTL?locations=SS,SSD,midyear_estimate,available,World Bank fallback: reviewed Wikipedia global lists do not provide a complete exact-year annual series.
SS,SS,South Sudan,2009,9243556,worldbank-SP.POP.TOTL-20260713,https://data.worldbank.org/indicator/SP.POP.TOTL?locations=SS,SSD,midyear_estimate,available,World Bank fallback: reviewed Wikipedia global lists do not provide a complete exact-year annual series.
SS,SS,South Sudan,2012,10756240,worldbank-SP.POP.TOTL-20260713,https://data.worldbank.org/indicator/SP.POP.TOTL?locations=SS,SSD,midyear_estimate,available,World Bank fallback: reviewed Wikipedia global lists do not provide a complete exact-year annual series.
SS,SS,South Sudan,2015,11107561,worldbank-SP.POP.TOTL-20260713,https://data.worldbank.org/indicator/SP.POP.TOTL?locations=SS,SSD,midyear_estimate,available,World Bank fallback: reviewed Wikipedia global lists do not provide a complete exact-year annual series.
SS,SS,South Sudan,2018,10122977,worldbank-SP.POP.TOTL-20260713,https://data.worldbank.org/indicator/SP.POP.TOTL?locations=SS,SSD,midyear_estimate,available,World Bank fallback: reviewed Wikipedia global lists do not provide a complete exact-year annual series.
SS,SS,South Sudan,2021,10865780,worldbank-SP.POP.TOTL-20260713,https://data.worldbank.org/indicator/SP.POP.TOTL?locations=SS,SSD,midyear_estimate,available,World Bank fallback: reviewed Wikipedia global lists do not provide a complete exact-year annual series.
SS,SS,South Sudan,2024,11943408,worldbank-SP.POP.TOTL-20260713,https://data.worldbank.org/indicator/SP.POP.TOTL?locations=SS,SSD,midyear_estimate,available,World Bank fallback: reviewed Wikipedia global lists do not provide a complete exact-year annual series.
MU,MU,Mauritius,2006,1233996,worldbank-SP.POP.TOTL-20260713,https://data.worldbank.org/indicator/SP.POP.TOTL?locations=MU,MUS,midyear_estimate,available,World Bank fallback: reviewed Wikipedia global lists do not provide a complete exact-year annual series.
MU,MU,Mauritius,2009,1247429,worldbank-SP.POP.TOTL-20260713,https://data.worldbank.org/indicator/SP.POP.TOTL?locations=MU,MUS,midyear_estimate,available,World Bank fallback: reviewed Wikipedia global lists do not provide a complete exact-year annual series.
MU,MU,Mauritius,2012,1255882,worldbank-SP.POP.TOTL-20260713,https://data.worldbank.org/indicator/SP.POP.TOTL?locations=MU,MUS,midyear_estimate,available,World Bank fallback: reviewed Wikipedia global lists do not provide a complete exact-year annual series.
MU,MU,Mauritius,2015,1262879,worldbank-SP.POP.TOTL-20260713,https://data.worldbank.org/indicator/SP.POP.TOTL?locations=MU,MUS,midyear_estimate,available,World Bank fallback: reviewed Wikipedia global lists do not provide a complete exact-year annual series.
MU,MU,Mauritius,2018,1265577,worldbank-SP.POP.TOTL-20260713,https://data.worldbank.org/indicator/SP.POP.TOTL?locations=MU,MUS,midyear_estimate,available,World Bank fallback: reviewed Wikipedia global lists do not provide a complete exact-year annual series.
MU,MU,Mauritius,2021,1266334,worldbank-SP.POP.TOTL-20260713,https://data.worldbank.org/indicator/SP.POP.TOTL?locations=MU,MUS,midyear_estimate,available,World Bank fallback: reviewed Wikipedia global lists do not provide a complete exact-year annual series.
MU,MU,Mauritius,2024,1245779,worldbank-SP.POP.TOTL-20260713,https://data.worldbank.org/indicator/SP.POP.TOTL?locations=MU,MUS,midyear_estimate,available,World Bank fallback: reviewed Wikipedia global lists do not provide a complete exact-year annual series.
MR,MR,Mauritania,2006,3013660,worldbank-SP.POP.TOTL-20260713,https://data.worldbank.org/indicator/SP.POP.TOTL?locations=MR,MRT,midyear_estimate,available,World Bank fallback: reviewed Wikipedia global lists do not provide a complete exact-year annual series.
MR,MR,Mauritania,2009,3284448,worldbank-SP.POP.TOTL-20260713,https://data.worldbank.org/indicator/SP.POP.TOTL?locations=MR,MRT,midyear_estimate,available,World Bank fallback: reviewed Wikipedia global lists do not provide a complete exact-year annual series.
MR,MR,Mauritania,2012,3619034,worldbank-SP.POP.TOTL-20260713,https://data.worldbank.org/indicator/SP.POP.TOTL?locations=MR,MRT,midyear_estimate,available,World Bank fallback: reviewed Wikipedia global lists do not provide a complete exact-year annual series.
MR,MR,Mauritania,2015,3965959,worldbank-SP.POP.TOTL-20260713,https://data.worldbank.org/indicator/SP.POP.TOTL?locations=MR,MRT,midyear_estimate,available,World Bank fallback: reviewed Wikipedia global lists do not provide a complete exact-year annual series.
MR,MR,Mauritania,2018,4337685,worldbank-SP.POP.TOTL-20260713,https://data.worldbank.org/indicator/SP.POP.TOTL?locations=MR,MRT,midyear_estimate,available,World Bank fallback: reviewed Wikipedia global lists do not provide a complete exact-year annual series.
MR,MR,Mauritania,2021,4734874,worldbank-SP.POP.TOTL-20260713,https://data.worldbank.org/indicator/SP.POP.TOTL?locations=MR,MRT,midyear_estimate,available,World Bank fallback: reviewed Wikipedia global lists do not provide a complete exact-year annual series.
MR,MR,Mauritania,2024,5169395,worldbank-SP.POP.TOTL-20260713,https://data.worldbank.org/indicator/SP.POP.TOTL?locations=MR,MRT,midyear_estimate,available,World Bank fallback: reviewed Wikipedia global lists do not provide a complete exact-year annual series.
MZ,MZ,Mozambique,2006,20787087,worldbank-SP.POP.TOTL-20260713,https://data.worldbank.org/indicator/SP.POP.TOTL?locations=MZ,MOZ,midyear_estimate,available,World Bank fallback: reviewed Wikipedia global lists do not provide a complete exact-year annual series.
MZ,MZ,Mozambique,2009,22391745,worldbank-SP.POP.TOTL-20260713,https://data.worldbank.org/indicator/SP.POP.TOTL?locations=MZ,MOZ,midyear_estimate,available,World Bank fallback: reviewed Wikipedia global lists do not provide a complete exact-year annual series.
MZ,MZ,Mozambique,2012,24337846,worldbank-SP.POP.TOTL-20260713,https://data.worldbank.org/indicator/SP.POP.TOTL?locations=MZ,MOZ,midyear_estimate,available,World Bank fallback: reviewed Wikipedia global lists do not provide a complete exact-year annual series.
MZ,MZ,Mozambique,2015,26547572,worldbank-SP.POP.TOTL-20260713,https://data.worldbank.org/indicator/SP.POP.TOTL?locations=MZ,MOZ,midyear_estimate,available,World Bank fallback: reviewed Wikipedia global lists do not provide a complete exact-year annual series.
MZ,MZ,Mozambique,2018,29018644,worldbank-SP.POP.TOTL-20260713,https://data.worldbank.org/indicator/SP.POP.TOTL?locations=MZ,MOZ,midyear_estimate,available,World Bank fallback: reviewed Wikipedia global lists do not provide a complete exact-year annual series.
MZ,MZ,Mozambique,2021,31707800,worldbank-SP.POP.TOTL-20260713,https://data.worldbank.org/indicator/SP.POP.TOTL?locations=MZ,MOZ,midyear_estimate,available,World Bank fallback: reviewed Wikipedia global lists do not provide a complete exact-year annual series.
MZ,MZ,Mozambique,2024,34631766,worldbank-SP.POP.TOTL-20260713,https://data.worldbank.org/indicator/SP.POP.TOTL?locations=MZ,MOZ,midyear_estimate,available,World Bank fallback: reviewed Wikipedia global lists do not provide a complete exact-year annual series.
LR,LR,Liberia,2006,3490787,worldbank-SP.POP.TOTL-20260713,https://data.worldbank.org/indicator/SP.POP.TOTL?locations=LR,LBR,midyear_estimate,available,World Bank fallback: reviewed Wikipedia global lists do not provide a complete exact-year annual series.
LR,LR,Liberia,2009,3943028,worldbank-SP.POP.TOTL-20260713,https://data.worldbank.org/indicator/SP.POP.TOTL?locations=LR,LBR,midyear_estimate,available,World Bank fallback: reviewed Wikipedia global lists do not provide a complete exact-year annual series.
LR,LR,Liberia,2012,4373043,worldbank-SP.POP.TOTL-20260713,https://data.worldbank.org/indicator/SP.POP.TOTL?locations=LR,LBR,midyear_estimate,available,World Bank fallback: reviewed Wikipedia global lists do not provide a complete exact-year annual series.
LR,LR,Liberia,2015,4659431,worldbank-SP.POP.TOTL-20260713,https://data.worldbank.org/indicator/SP.POP.TOTL?locations=LR,LBR,midyear_estimate,available,World Bank fallback: reviewed Wikipedia global lists do not provide a complete exact-year annual series.
LR,LR,Liberia,2018,4944726,worldbank-SP.POP.TOTL-20260713,https://data.worldbank.org/indicator/SP.POP.TOTL?locations=LR,LBR,midyear_estimate,available,World Bank fallback: reviewed Wikipedia global lists do not provide a complete exact-year annual series.
LR,LR,Liberia,2021,5259323,worldbank-SP.POP.TOTL-20260713,https://data.worldbank.org/indicator/SP.POP.TOTL?locations=LR,LBR,midyear_estimate,available,World Bank fallback: reviewed Wikipedia global lists do not provide a complete exact-year annual series.
LR,LR,Liberia,2024,5612817,worldbank-SP.POP.TOTL-20260713,https://data.worldbank.org/indicator/SP.POP.TOTL?locations=LR,LBR,midyear_estimate,available,World Bank fallback: reviewed Wikipedia global lists do not provide a complete exact-year annual series.
RW,RW,Rwanda,2006,9299246,worldbank-SP.POP.TOTL-20260713,https://data.worldbank.org/indicator/SP.POP.TOTL?locations=RW,RWA,midyear_estimate,available,World Bank fallback: reviewed Wikipedia global lists do not provide a complete exact-year annual series.
RW,RW,Rwanda,2009,10060432,worldbank-SP.POP.TOTL-20260713,https://data.worldbank.org/indicator/SP.POP.TOTL?locations=RW,RWA,midyear_estimate,available,World Bank fallback: reviewed Wikipedia global lists do not provide a complete exact-year annual series.
RW,RW,Rwanda,2012,10829901,worldbank-SP.POP.TOTL-20260713,https://data.worldbank.org/indicator/SP.POP.TOTL?locations=RW,RWA,midyear_estimate,available,World Bank fallback: reviewed Wikipedia global lists do not provide a complete exact-year annual series.
RW,RW,Rwanda,2015,11640022,worldbank-SP.POP.TOTL-20260713,https://data.worldbank.org/indicator/SP.POP.TOTL?locations=RW,RWA,midyear_estimate,available,World Bank fallback: reviewed Wikipedia global lists do not provide a complete exact-year annual series.
RW,RW,Rwanda,2018,12487996,worldbank-SP.POP.TOTL-20260713,https://data.worldbank.org/indicator/SP.POP.TOTL?locations=RW,RWA,midyear_estimate,available,World Bank fallback: reviewed Wikipedia global lists do not provide a complete exact-year annual series.
RW,RW,Rwanda,2021,13355260,worldbank-SP.POP.TOTL-20260713,https://data.worldbank.org/indicator/SP.POP.TOTL?locations=RW,RWA,midyear_estimate,available,World Bank fallback: reviewed Wikipedia global lists do not provide a complete exact-year annual series.
RW,RW,Rwanda,2024,14256567,worldbank-SP.POP.TOTL-20260713,https://data.worldbank.org/indicator/SP.POP.TOTL?locations=RW,RWA,midyear_estimate,available,World Bank fallback: reviewed Wikipedia global lists do not provide a complete exact-year annual series.
LS,LS,Lesotho,2006,1945063,worldbank-SP.POP.TOTL-20260713,https://data.worldbank.org/indicator/SP.POP.TOTL?locations=LS,LSO,midyear_estimate,available,World Bank fallback: reviewed Wikipedia global lists do not provide a complete exact-year annual series.
LS,LS,Lesotho,2009,1980883,worldbank-SP.POP.TOTL-20260713,https://data.worldbank.org/indicator/SP.POP.TOTL?locations=LS,LSO,midyear_estimate,available,World Bank fallback: reviewed Wikipedia global lists do not provide a complete exact-year annual series.
LS,LS,Lesotho,2012,2034354,worldbank-SP.POP.TOTL-20260713,https://data.worldbank.org/indicator/SP.POP.TOTL?locations=LS,LSO,midyear_estimate,available,World Bank fallback: reviewed Wikipedia global lists do not provide a complete exact-year annual series.
LS,LS,Lesotho,2015,2104611,worldbank-SP.POP.TOTL-20260713,https://data.worldbank.org/indicator/SP.POP.TOTL?locations=LS,LSO,midyear_estimate,available,World Bank fallback: reviewed Wikipedia global lists do not provide a complete exact-year annual series.
LS,LS,Lesotho,2018,2183603,worldbank-SP.POP.TOTL-20260713,https://data.worldbank.org/indicator/SP.POP.TOTL?locations=LS,LSO,midyear_estimate,available,World Bank fallback: reviewed Wikipedia global lists do not provide a complete exact-year annual series.
LS,LS,Lesotho,2021,2261542,worldbank-SP.POP.TOTL-20260713,https://data.worldbank.org/indicator/SP.POP.TOTL?locations=LS,LSO,midyear_estimate,available,World Bank fallback: reviewed Wikipedia global lists do not provide a complete exact-year annual series.
LS,LS,Lesotho,2024,2337423,worldbank-SP.POP.TOTL-20260713,https://data.worldbank.org/indicator/SP.POP.TOTL?locations=LS,LSO,midyear_estimate,available,World Bank fallback: reviewed Wikipedia global lists do not provide a complete exact-year annual series.
