survey_year,area_id,source_id,source_row,area_name,region,measure,value,unit,missing
2006,KR,jf-survey-2006,韓国,South Korea,East Asia,institutions,3579,institutions,False
2006,KR,jf-survey-2006,韓国,South Korea,East Asia,teachers,7432,persons,False
2006,KR,jf-survey-2006,韓国,South Korea,East Asia,learners,910957,persons,False
2006,KR,jf-survey-2006,韓国,South Korea,East Asia,school,769034,persons,False
2006,KR,jf-survey-2006,韓国,South Korea,East Asia,multipleStage,,persons,True
2006,KR,jf-survey-2006,韓国,South Korea,East Asia,primary,,persons,True
2006,KR,jf-survey-2006,韓国,South Korea,East Asia,secondary,,persons,True
2006,KR,jf-survey-2006,韓国,South Korea,East Asia,higher,58727,persons,False
2006,KR,jf-survey-2006,韓国,South Korea,East Asia,other,83196,persons,False
2006,TW,jf-survey-2006,＜台湾＞,Taiwan,East Asia,institutions,513,institutions,False
2006,TW,jf-survey-2006,＜台湾＞,Taiwan,East Asia,teachers,2791,persons,False
2006,TW,jf-survey-2006,＜台湾＞,Taiwan,East Asia,learners,191367,persons,False
2006,TW,jf-survey-2006,＜台湾＞,Taiwan,East Asia,school,58198,persons,False
2006,TW,jf-survey-2006,＜台湾＞,Taiwan,East Asia,multipleStage,,persons,True
2006,TW,jf-survey-2006,＜台湾＞,Taiwan,East Asia,primary,,persons,True
2006,TW,jf-survey-2006,＜台湾＞,Taiwan,East Asia,secondary,,persons,True
2006,TW,jf-survey-2006,＜台湾＞,Taiwan,East Asia,higher,118541,persons,False
2006,TW,jf-survey-2006,＜台湾＞,Taiwan,East Asia,other,14628,persons,False
2006,CN,jf-survey-2006,中国,China,East Asia,institutions,1544,institutions,False
2006,CN,jf-survey-2006,中国,China,East Asia,teachers,12907,persons,False
2006,CN,jf-survey-2006,中国,China,East Asia,learners,684366,persons,False
2006,CN,jf-survey-2006,中国,China,East Asia,school,76020,persons,False
2006,CN,jf-survey-2006,中国,China,East Asia,multipleStage,,persons,True
2006,CN,jf-survey-2006,中国,China,East Asia,primary,,persons,True
2006,CN,jf-survey-2006,中国,China,East Asia,secondary,,persons,True
2006,CN,jf-survey-2006,中国,China,East Asia,higher,407603,persons,False
2006,CN,jf-survey-2006,中国,China,East Asia,other,200743,persons,False
2006,HK,jf-survey-2006,＜香港＞,Hong Kong SAR China,East Asia,institutions,112,institutions,False
2006,HK,jf-survey-2006,＜香港＞,Hong Kong SAR China,East Asia,teachers,704,persons,False
2006,HK,jf-survey-2006,＜香港＞,Hong Kong SAR China,East Asia,learners,32959,persons,False
2006,HK,jf-survey-2006,＜香港＞,Hong Kong SAR China,East Asia,school,3614,persons,False
2006,HK,jf-survey-2006,＜香港＞,Hong Kong SAR China,East Asia,multipleStage,,persons,True
2006,HK,jf-survey-2006,＜香港＞,Hong Kong SAR China,East Asia,primary,,persons,True
2006,HK,jf-survey-2006,＜香港＞,Hong Kong SAR China,East Asia,secondary,,persons,True
2006,HK,jf-survey-2006,＜香港＞,Hong Kong SAR China,East Asia,higher,4971,persons,False
2006,HK,jf-survey-2006,＜香港＞,Hong Kong SAR China,East Asia,other,24374,persons,False
2006,MO,jf-survey-2006,＜マカオ＞,Macao SAR China,East Asia,institutions,7,institutions,False
2006,MO,jf-survey-2006,＜マカオ＞,Macao SAR China,East Asia,teachers,69,persons,False
2006,MO,jf-survey-2006,＜マカオ＞,Macao SAR China,East Asia,learners,1246,persons,False
2006,MO,jf-survey-2006,＜マカオ＞,Macao SAR China,East Asia,school,,persons,True
2006,MO,jf-survey-2006,＜マカオ＞,Macao SAR China,East Asia,multipleStage,,persons,True
2006,MO,jf-survey-2006,＜マカオ＞,Macao SAR China,East Asia,primary,,persons,True
2006,MO,jf-survey-2006,＜マカオ＞,Macao SAR China,East Asia,secondary,,persons,True
2006,MO,jf-survey-2006,＜マカオ＞,Macao SAR China,East Asia,higher,540,persons,False
2006,MO,jf-survey-2006,＜マカオ＞,Macao SAR China,East Asia,other,706,persons,False
2006,MN,jf-survey-2006,モンゴル,Mongolia,East Asia,institutions,90,institutions,False
2006,MN,jf-survey-2006,モンゴル,Mongolia,East Asia,teachers,354,persons,False
2006,MN,jf-survey-2006,モンゴル,Mongolia,East Asia,learners,12620,persons,False
2006,MN,jf-survey-2006,モンゴル,Mongolia,East Asia,school,5339,persons,False
2006,MN,jf-survey-2006,モンゴル,Mongolia,East Asia,multipleStage,,persons,True
2006,MN,jf-survey-2006,モンゴル,Mongolia,East Asia,primary,,persons,True
2006,MN,jf-survey-2006,モンゴル,Mongolia,East Asia,secondary,,persons,True
2006,MN,jf-survey-2006,モンゴル,Mongolia,East Asia,higher,5368,persons,False
2006,MN,jf-survey-2006,モンゴル,Mongolia,East Asia,other,1913,persons,False
2006,ID,jf-survey-2006,インドネシア,Indonesia,Southeast Asia,institutions,1084,institutions,False
2006,ID,jf-survey-2006,インドネシア,Indonesia,Southeast Asia,teachers,2651,persons,False
2006,ID,jf-survey-2006,インドネシア,Indonesia,Southeast Asia,learners,272719,persons,False
2006,ID,jf-survey-2006,インドネシア,Indonesia,Southeast Asia,school,244304,persons,False
2006,ID,jf-survey-2006,インドネシア,Indonesia,Southeast Asia,multipleStage,,persons,True
2006,ID,jf-survey-2006,インドネシア,Indonesia,Southeast Asia,primary,,persons,True
2006,ID,jf-survey-2006,インドネシア,Indonesia,Southeast Asia,secondary,,persons,True
2006,ID,jf-survey-2006,インドネシア,Indonesia,Southeast Asia,higher,17777,persons,False
2006,ID,jf-survey-2006,インドネシア,Indonesia,Southeast Asia,other,10638,persons,False
2006,KH,jf-survey-2006,カンボジア,Cambodia,Southeast Asia,institutions,25,institutions,False
2006,KH,jf-survey-2006,カンボジア,Cambodia,Southeast Asia,teachers,166,persons,False
2006,KH,jf-survey-2006,カンボジア,Cambodia,Southeast Asia,learners,5431,persons,False
2006,KH,jf-survey-2006,カンボジア,Cambodia,Southeast Asia,school,817,persons,False
2006,KH,jf-survey-2006,カンボジア,Cambodia,Southeast Asia,multipleStage,,persons,True
2006,KH,jf-survey-2006,カンボジア,Cambodia,Southeast Asia,primary,,persons,True
2006,KH,jf-survey-2006,カンボジア,Cambodia,Southeast Asia,secondary,,persons,True
2006,KH,jf-survey-2006,カンボジア,Cambodia,Southeast Asia,higher,759,persons,False
2006,KH,jf-survey-2006,カンボジア,Cambodia,Southeast Asia,other,3855,persons,False
2006,SG,jf-survey-2006,シンガポール,Singapore,Southeast Asia,institutions,29,institutions,False
2006,SG,jf-survey-2006,シンガポール,Singapore,Southeast Asia,teachers,144,persons,False
2006,SG,jf-survey-2006,シンガポール,Singapore,Southeast Asia,learners,12076,persons,False
2006,SG,jf-survey-2006,シンガポール,Singapore,Southeast Asia,school,1755,persons,False
2006,SG,jf-survey-2006,シンガポール,Singapore,Southeast Asia,multipleStage,,persons,True
2006,SG,jf-survey-2006,シンガポール,Singapore,Southeast Asia,primary,,persons,True
2006,SG,jf-survey-2006,シンガポール,Singapore,Southeast Asia,secondary,,persons,True
2006,SG,jf-survey-2006,シンガポール,Singapore,Southeast Asia,higher,5708,persons,False
2006,SG,jf-survey-2006,シンガポール,Singapore,Southeast Asia,other,4613,persons,False
2006,TH,jf-survey-2006,タイ,Thailand,Southeast Asia,institutions,385,institutions,False
2006,TH,jf-survey-2006,タイ,Thailand,Southeast Asia,teachers,1153,persons,False
2006,TH,jf-survey-2006,タイ,Thailand,Southeast Asia,learners,71083,persons,False
2006,TH,jf-survey-2006,タイ,Thailand,Southeast Asia,school,31679,persons,False
2006,TH,jf-survey-2006,タイ,Thailand,Southeast Asia,multipleStage,,persons,True
2006,TH,jf-survey-2006,タイ,Thailand,Southeast Asia,primary,,persons,True
2006,TH,jf-survey-2006,タイ,Thailand,Southeast Asia,secondary,,persons,True
2006,TH,jf-survey-2006,タイ,Thailand,Southeast Asia,higher,21634,persons,False
2006,TH,jf-survey-2006,タイ,Thailand,Southeast Asia,other,17770,persons,False
2006,PH,jf-survey-2006,フィリピン,Philippines,Southeast Asia,institutions,155,institutions,False
2006,PH,jf-survey-2006,フィリピン,Philippines,Southeast Asia,teachers,400,persons,False
2006,PH,jf-survey-2006,フィリピン,Philippines,Southeast Asia,learners,18199,persons,False
2006,PH,jf-survey-2006,フィリピン,Philippines,Southeast Asia,school,2251,persons,False
2006,PH,jf-survey-2006,フィリピン,Philippines,Southeast Asia,multipleStage,,persons,True
2006,PH,jf-survey-2006,フィリピン,Philippines,Southeast Asia,primary,,persons,True
2006,PH,jf-survey-2006,フィリピン,Philippines,Southeast Asia,secondary,,persons,True
2006,PH,jf-survey-2006,フィリピン,Philippines,Southeast Asia,higher,9398,persons,False
2006,PH,jf-survey-2006,フィリピン,Philippines,Southeast Asia,other,6550,persons,False
2006,BN,jf-survey-2006,ブルネイ,Brunei,Southeast Asia,institutions,2,institutions,False
2006,BN,jf-survey-2006,ブルネイ,Brunei,Southeast Asia,teachers,6,persons,False
2006,BN,jf-survey-2006,ブルネイ,Brunei,Southeast Asia,learners,349,persons,False
2006,BN,jf-survey-2006,ブルネイ,Brunei,Southeast Asia,school,,persons,True
2006,BN,jf-survey-2006,ブルネイ,Brunei,Southeast Asia,multipleStage,,persons,True
2006,BN,jf-survey-2006,ブルネイ,Brunei,Southeast Asia,primary,,persons,True
2006,BN,jf-survey-2006,ブルネイ,Brunei,Southeast Asia,secondary,,persons,True
2006,BN,jf-survey-2006,ブルネイ,Brunei,Southeast Asia,higher,99,persons,False
2006,BN,jf-survey-2006,ブルネイ,Brunei,Southeast Asia,other,250,persons,False
2006,VN,jf-survey-2006,ベトナム,Vietnam,Southeast Asia,institutions,110,institutions,False
2006,VN,jf-survey-2006,ベトナム,Vietnam,Southeast Asia,teachers,1037,persons,False
2006,VN,jf-survey-2006,ベトナム,Vietnam,Southeast Asia,learners,29982,persons,False
2006,VN,jf-survey-2006,ベトナム,Vietnam,Southeast Asia,school,1888,persons,False
2006,VN,jf-survey-2006,ベトナム,Vietnam,Southeast Asia,multipleStage,,persons,True
2006,VN,jf-survey-2006,ベトナム,Vietnam,Southeast Asia,primary,,persons,True
2006,VN,jf-survey-2006,ベトナム,Vietnam,Southeast Asia,secondary,,persons,True
2006,VN,jf-survey-2006,ベトナム,Vietnam,Southeast Asia,higher,10446,persons,False
2006,VN,jf-survey-2006,ベトナム,Vietnam,Southeast Asia,other,17648,persons,False
2006,MY,jf-survey-2006,マレーシア,Malaysia,Southeast Asia,institutions,142,institutions,False
2006,MY,jf-survey-2006,マレーシア,Malaysia,Southeast Asia,teachers,437,persons,False
2006,MY,jf-survey-2006,マレーシア,Malaysia,Southeast Asia,learners,22920,persons,False
2006,MY,jf-survey-2006,マレーシア,Malaysia,Southeast Asia,school,8984,persons,False
2006,MY,jf-survey-2006,マレーシア,Malaysia,Southeast Asia,multipleStage,,persons,True
2006,MY,jf-survey-2006,マレーシア,Malaysia,Southeast Asia,primary,,persons,True
2006,MY,jf-survey-2006,マレーシア,Malaysia,Southeast Asia,secondary,,persons,True
2006,MY,jf-survey-2006,マレーシア,Malaysia,Southeast Asia,higher,7804,persons,False
2006,MY,jf-survey-2006,マレーシア,Malaysia,Southeast Asia,other,6132,persons,False
2006,MM,jf-survey-2006,ミャンマー,Myanmar (Burma),Southeast Asia,institutions,35,institutions,False
2006,MM,jf-survey-2006,ミャンマー,Myanmar (Burma),Southeast Asia,teachers,164,persons,False
2006,MM,jf-survey-2006,ミャンマー,Myanmar (Burma),Southeast Asia,learners,6976,persons,False
2006,MM,jf-survey-2006,ミャンマー,Myanmar (Burma),Southeast Asia,school,,persons,True
2006,MM,jf-survey-2006,ミャンマー,Myanmar (Burma),Southeast Asia,multipleStage,,persons,True
2006,MM,jf-survey-2006,ミャンマー,Myanmar (Burma),Southeast Asia,primary,,persons,True
2006,MM,jf-survey-2006,ミャンマー,Myanmar (Burma),Southeast Asia,secondary,,persons,True
2006,MM,jf-survey-2006,ミャンマー,Myanmar (Burma),Southeast Asia,higher,1382,persons,False
2006,MM,jf-survey-2006,ミャンマー,Myanmar (Burma),Southeast Asia,other,5594,persons,False
2006,LA,jf-survey-2006,ラオス,Laos,Southeast Asia,institutions,7,institutions,False
2006,LA,jf-survey-2006,ラオス,Laos,Southeast Asia,teachers,24,persons,False
2006,LA,jf-survey-2006,ラオス,Laos,Southeast Asia,learners,437,persons,False
2006,LA,jf-survey-2006,ラオス,Laos,Southeast Asia,school,40,persons,False
2006,LA,jf-survey-2006,ラオス,Laos,Southeast Asia,multipleStage,,persons,True
2006,LA,jf-survey-2006,ラオス,Laos,Southeast Asia,primary,,persons,True
2006,LA,jf-survey-2006,ラオス,Laos,Southeast Asia,secondary,,persons,True
2006,LA,jf-survey-2006,ラオス,Laos,Southeast Asia,higher,47,persons,False
2006,LA,jf-survey-2006,ラオス,Laos,Southeast Asia,other,350,persons,False
2006,IN,jf-survey-2006,インド,India,South Asia,institutions,106,institutions,False
2006,IN,jf-survey-2006,インド,India,South Asia,teachers,369,persons,False
2006,IN,jf-survey-2006,インド,India,South Asia,learners,11011,persons,False
2006,IN,jf-survey-2006,インド,India,South Asia,school,1001,persons,False
2006,IN,jf-survey-2006,インド,India,South Asia,multipleStage,,persons,True
2006,IN,jf-survey-2006,インド,India,South Asia,primary,,persons,True
2006,IN,jf-survey-2006,インド,India,South Asia,secondary,,persons,True
2006,IN,jf-survey-2006,インド,India,South Asia,higher,1444,persons,False
2006,IN,jf-survey-2006,インド,India,South Asia,other,8566,persons,False
2006,LK,jf-survey-2006,スリランカ,Sri Lanka,South Asia,institutions,53,institutions,False
2006,LK,jf-survey-2006,スリランカ,Sri Lanka,South Asia,teachers,116,persons,False
2006,LK,jf-survey-2006,スリランカ,Sri Lanka,South Asia,learners,9133,persons,False
2006,LK,jf-survey-2006,スリランカ,Sri Lanka,South Asia,school,7339,persons,False
2006,LK,jf-survey-2006,スリランカ,Sri Lanka,South Asia,multipleStage,,persons,True
2006,LK,jf-survey-2006,スリランカ,Sri Lanka,South Asia,primary,,persons,True
2006,LK,jf-survey-2006,スリランカ,Sri Lanka,South Asia,secondary,,persons,True
2006,LK,jf-survey-2006,スリランカ,Sri Lanka,South Asia,higher,360,persons,False
2006,LK,jf-survey-2006,スリランカ,Sri Lanka,South Asia,other,1434,persons,False
2006,NP,jf-survey-2006,ネパール,Nepal,South Asia,institutions,22,institutions,False
2006,NP,jf-survey-2006,ネパール,Nepal,South Asia,teachers,141,persons,False
2006,NP,jf-survey-2006,ネパール,Nepal,South Asia,learners,1731,persons,False
2006,NP,jf-survey-2006,ネパール,Nepal,South Asia,school,18,persons,False
2006,NP,jf-survey-2006,ネパール,Nepal,South Asia,multipleStage,,persons,True
2006,NP,jf-survey-2006,ネパール,Nepal,South Asia,primary,,persons,True
2006,NP,jf-survey-2006,ネパール,Nepal,South Asia,secondary,,persons,True
2006,NP,jf-survey-2006,ネパール,Nepal,South Asia,higher,450,persons,False
2006,NP,jf-survey-2006,ネパール,Nepal,South Asia,other,1263,persons,False
2006,PK,jf-survey-2006,パキスタン,Pakistan,South Asia,institutions,3,institutions,False
2006,PK,jf-survey-2006,パキスタン,Pakistan,South Asia,teachers,12,persons,False
2006,PK,jf-survey-2006,パキスタン,Pakistan,South Asia,learners,93,persons,False
2006,PK,jf-survey-2006,パキスタン,Pakistan,South Asia,school,,persons,True
2006,PK,jf-survey-2006,パキスタン,Pakistan,South Asia,multipleStage,,persons,True
2006,PK,jf-survey-2006,パキスタン,Pakistan,South Asia,primary,,persons,True
2006,PK,jf-survey-2006,パキスタン,Pakistan,South Asia,secondary,,persons,True
2006,PK,jf-survey-2006,パキスタン,Pakistan,South Asia,higher,27,persons,False
2006,PK,jf-survey-2006,パキスタン,Pakistan,South Asia,other,66,persons,False
2006,BD,jf-survey-2006,バングラデシュ,Bangladesh,South Asia,institutions,8,institutions,False
2006,BD,jf-survey-2006,バングラデシュ,Bangladesh,South Asia,teachers,27,persons,False
2006,BD,jf-survey-2006,バングラデシュ,Bangladesh,South Asia,learners,2169,persons,False
2006,BD,jf-survey-2006,バングラデシュ,Bangladesh,South Asia,school,60,persons,False
2006,BD,jf-survey-2006,バングラデシュ,Bangladesh,South Asia,multipleStage,,persons,True
2006,BD,jf-survey-2006,バングラデシュ,Bangladesh,South Asia,primary,,persons,True
2006,BD,jf-survey-2006,バングラデシュ,Bangladesh,South Asia,secondary,,persons,True
2006,BD,jf-survey-2006,バングラデシュ,Bangladesh,South Asia,higher,300,persons,False
2006,BD,jf-survey-2006,バングラデシュ,Bangladesh,South Asia,other,1809,persons,False
2006,BT,jf-survey-2006,ブータン,Bhutan,South Asia,institutions,1,institutions,False
2006,BT,jf-survey-2006,ブータン,Bhutan,South Asia,teachers,1,persons,False
2006,BT,jf-survey-2006,ブータン,Bhutan,South Asia,learners,40,persons,False
2006,BT,jf-survey-2006,ブータン,Bhutan,South Asia,school,,persons,True
2006,BT,jf-survey-2006,ブータン,Bhutan,South Asia,multipleStage,,persons,True
2006,BT,jf-survey-2006,ブータン,Bhutan,South Asia,primary,,persons,True
2006,BT,jf-survey-2006,ブータン,Bhutan,South Asia,secondary,,persons,True
2006,BT,jf-survey-2006,ブータン,Bhutan,South Asia,higher,,persons,True
2006,BT,jf-survey-2006,ブータン,Bhutan,South Asia,other,40,persons,False
2006,MV,jf-survey-2006,モルディブ,Maldives,South Asia,institutions,1,institutions,False
2006,MV,jf-survey-2006,モルディブ,Maldives,South Asia,teachers,2,persons,False
2006,MV,jf-survey-2006,モルディブ,Maldives,South Asia,learners,67,persons,False
2006,MV,jf-survey-2006,モルディブ,Maldives,South Asia,school,,persons,True
2006,MV,jf-survey-2006,モルディブ,Maldives,South Asia,multipleStage,,persons,True
2006,MV,jf-survey-2006,モルディブ,Maldives,South Asia,primary,,persons,True
2006,MV,jf-survey-2006,モルディブ,Maldives,South Asia,secondary,,persons,True
2006,MV,jf-survey-2006,モルディブ,Maldives,South Asia,higher,67,persons,False
2006,MV,jf-survey-2006,モルディブ,Maldives,South Asia,other,,persons,True
2006,AU,jf-survey-2006,オーストラリア,Australia,Oceania,institutions,1692,institutions,False
2006,AU,jf-survey-2006,オーストラリア,Australia,Oceania,teachers,2935,persons,False
2006,AU,jf-survey-2006,オーストラリア,Australia,Oceania,learners,366165,persons,False
2006,AU,jf-survey-2006,オーストラリア,Australia,Oceania,school,352629,persons,False
2006,AU,jf-survey-2006,オーストラリア,Australia,Oceania,multipleStage,,persons,True
2006,AU,jf-survey-2006,オーストラリア,Australia,Oceania,primary,,persons,True
2006,AU,jf-survey-2006,オーストラリア,Australia,Oceania,secondary,,persons,True
2006,AU,jf-survey-2006,オーストラリア,Australia,Oceania,higher,9395,persons,False
2006,AU,jf-survey-2006,オーストラリア,Australia,Oceania,other,4141,persons,False
2006,MP,jf-survey-2006,＜北マリアナ諸島＞（米）,Northern Mariana Islands,Oceania,institutions,3,institutions,False
2006,MP,jf-survey-2006,＜北マリアナ諸島＞（米）,Northern Mariana Islands,Oceania,teachers,19,persons,False
2006,MP,jf-survey-2006,＜北マリアナ諸島＞（米）,Northern Mariana Islands,Oceania,learners,202,persons,False
2006,MP,jf-survey-2006,＜北マリアナ諸島＞（米）,Northern Mariana Islands,Oceania,school,142,persons,False
2006,MP,jf-survey-2006,＜北マリアナ諸島＞（米）,Northern Mariana Islands,Oceania,multipleStage,,persons,True
2006,MP,jf-survey-2006,＜北マリアナ諸島＞（米）,Northern Mariana Islands,Oceania,primary,,persons,True
2006,MP,jf-survey-2006,＜北マリアナ諸島＞（米）,Northern Mariana Islands,Oceania,secondary,,persons,True
2006,MP,jf-survey-2006,＜北マリアナ諸島＞（米）,Northern Mariana Islands,Oceania,higher,,persons,True
2006,MP,jf-survey-2006,＜北マリアナ諸島＞（米）,Northern Mariana Islands,Oceania,other,60,persons,False
2006,KI,jf-survey-2006,キリバス,Kiribati,Oceania,institutions,1,institutions,False
2006,KI,jf-survey-2006,キリバス,Kiribati,Oceania,teachers,3,persons,False
2006,KI,jf-survey-2006,キリバス,Kiribati,Oceania,learners,38,persons,False
2006,KI,jf-survey-2006,キリバス,Kiribati,Oceania,school,,persons,True
2006,KI,jf-survey-2006,キリバス,Kiribati,Oceania,multipleStage,,persons,True
2006,KI,jf-survey-2006,キリバス,Kiribati,Oceania,primary,,persons,True
2006,KI,jf-survey-2006,キリバス,Kiribati,Oceania,secondary,,persons,True
2006,KI,jf-survey-2006,キリバス,Kiribati,Oceania,higher,,persons,True
2006,KI,jf-survey-2006,キリバス,Kiribati,Oceania,other,38,persons,False
2006,GU,jf-survey-2006,＜グアム＞（米）,Guam,Oceania,institutions,5,institutions,False
2006,GU,jf-survey-2006,＜グアム＞（米）,Guam,Oceania,teachers,9,persons,False
2006,GU,jf-survey-2006,＜グアム＞（米）,Guam,Oceania,learners,1120,persons,False
2006,GU,jf-survey-2006,＜グアム＞（米）,Guam,Oceania,school,1040,persons,False
2006,GU,jf-survey-2006,＜グアム＞（米）,Guam,Oceania,multipleStage,,persons,True
2006,GU,jf-survey-2006,＜グアム＞（米）,Guam,Oceania,primary,,persons,True
2006,GU,jf-survey-2006,＜グアム＞（米）,Guam,Oceania,secondary,,persons,True
2006,GU,jf-survey-2006,＜グアム＞（米）,Guam,Oceania,higher,80,persons,False
2006,GU,jf-survey-2006,＜グアム＞（米）,Guam,Oceania,other,,persons,True
2006,WS,jf-survey-2006,サモア,Samoa,Oceania,institutions,1,institutions,False
2006,WS,jf-survey-2006,サモア,Samoa,Oceania,teachers,2,persons,False
2006,WS,jf-survey-2006,サモア,Samoa,Oceania,learners,44,persons,False
2006,WS,jf-survey-2006,サモア,Samoa,Oceania,school,,persons,True
2006,WS,jf-survey-2006,サモア,Samoa,Oceania,multipleStage,,persons,True
2006,WS,jf-survey-2006,サモア,Samoa,Oceania,primary,,persons,True
2006,WS,jf-survey-2006,サモア,Samoa,Oceania,secondary,,persons,True
2006,WS,jf-survey-2006,サモア,Samoa,Oceania,higher,44,persons,False
2006,WS,jf-survey-2006,サモア,Samoa,Oceania,other,,persons,True
2006,TO,jf-survey-2006,トンガ,Tonga,Oceania,institutions,6,institutions,False
2006,TO,jf-survey-2006,トンガ,Tonga,Oceania,teachers,8,persons,False
2006,TO,jf-survey-2006,トンガ,Tonga,Oceania,learners,263,persons,False
2006,TO,jf-survey-2006,トンガ,Tonga,Oceania,school,233,persons,False
2006,TO,jf-survey-2006,トンガ,Tonga,Oceania,multipleStage,,persons,True
2006,TO,jf-survey-2006,トンガ,Tonga,Oceania,primary,,persons,True
2006,TO,jf-survey-2006,トンガ,Tonga,Oceania,secondary,,persons,True
2006,TO,jf-survey-2006,トンガ,Tonga,Oceania,higher,30,persons,False
2006,TO,jf-survey-2006,トンガ,Tonga,Oceania,other,,persons,True
2006,NC,jf-survey-2006,＜ニューカレドニア＞（仏）,New Caledonia,Oceania,institutions,10,institutions,False
2006,NC,jf-survey-2006,＜ニューカレドニア＞（仏）,New Caledonia,Oceania,teachers,13,persons,False
2006,NC,jf-survey-2006,＜ニューカレドニア＞（仏）,New Caledonia,Oceania,learners,989,persons,False
2006,NC,jf-survey-2006,＜ニューカレドニア＞（仏）,New Caledonia,Oceania,school,954,persons,False
2006,NC,jf-survey-2006,＜ニューカレドニア＞（仏）,New Caledonia,Oceania,multipleStage,,persons,True
2006,NC,jf-survey-2006,＜ニューカレドニア＞（仏）,New Caledonia,Oceania,primary,,persons,True
2006,NC,jf-survey-2006,＜ニューカレドニア＞（仏）,New Caledonia,Oceania,secondary,,persons,True
2006,NC,jf-survey-2006,＜ニューカレドニア＞（仏）,New Caledonia,Oceania,higher,35,persons,False
2006,NC,jf-survey-2006,＜ニューカレドニア＞（仏）,New Caledonia,Oceania,other,,persons,True
2006,NZ,jf-survey-2006,ニュージーランド,New Zealand,Oceania,institutions,251,institutions,False
2006,NZ,jf-survey-2006,ニュージーランド,New Zealand,Oceania,teachers,449,persons,False
2006,NZ,jf-survey-2006,ニュージーランド,New Zealand,Oceania,learners,29904,persons,False
2006,NZ,jf-survey-2006,ニュージーランド,New Zealand,Oceania,school,27369,persons,False
2006,NZ,jf-survey-2006,ニュージーランド,New Zealand,Oceania,multipleStage,,persons,True
2006,NZ,jf-survey-2006,ニュージーランド,New Zealand,Oceania,primary,,persons,True
2006,NZ,jf-survey-2006,ニュージーランド,New Zealand,Oceania,secondary,,persons,True
2006,NZ,jf-survey-2006,ニュージーランド,New Zealand,Oceania,higher,2230,persons,False
2006,NZ,jf-survey-2006,ニュージーランド,New Zealand,Oceania,other,305,persons,False
2006,VU,jf-survey-2006,バヌアツ,Vanuatu,Oceania,institutions,3,institutions,False
2006,VU,jf-survey-2006,バヌアツ,Vanuatu,Oceania,teachers,3,persons,False
2006,VU,jf-survey-2006,バヌアツ,Vanuatu,Oceania,learners,447,persons,False
2006,VU,jf-survey-2006,バヌアツ,Vanuatu,Oceania,school,447,persons,False
2006,VU,jf-survey-2006,バヌアツ,Vanuatu,Oceania,multipleStage,,persons,True
2006,VU,jf-survey-2006,バヌアツ,Vanuatu,Oceania,primary,,persons,True
2006,VU,jf-survey-2006,バヌアツ,Vanuatu,Oceania,secondary,,persons,True
2006,VU,jf-survey-2006,バヌアツ,Vanuatu,Oceania,higher,,persons,True
2006,VU,jf-survey-2006,バヌアツ,Vanuatu,Oceania,other,,persons,True
2006,PG,jf-survey-2006,パプアニューギニア,Papua New Guinea,Oceania,institutions,5,institutions,False
2006,PG,jf-survey-2006,パプアニューギニア,Papua New Guinea,Oceania,teachers,5,persons,False
2006,PG,jf-survey-2006,パプアニューギニア,Papua New Guinea,Oceania,learners,244,persons,False
2006,PG,jf-survey-2006,パプアニューギニア,Papua New Guinea,Oceania,school,150,persons,False
2006,PG,jf-survey-2006,パプアニューギニア,Papua New Guinea,Oceania,multipleStage,,persons,True
2006,PG,jf-survey-2006,パプアニューギニア,Papua New Guinea,Oceania,primary,,persons,True
2006,PG,jf-survey-2006,パプアニューギニア,Papua New Guinea,Oceania,secondary,,persons,True
2006,PG,jf-survey-2006,パプアニューギニア,Papua New Guinea,Oceania,higher,94,persons,False
2006,PG,jf-survey-2006,パプアニューギニア,Papua New Guinea,Oceania,other,,persons,True
2006,PW,jf-survey-2006,パラオ,Palau,Oceania,institutions,3,institutions,False
2006,PW,jf-survey-2006,パラオ,Palau,Oceania,teachers,4,persons,False
2006,PW,jf-survey-2006,パラオ,Palau,Oceania,learners,185,persons,False
2006,PW,jf-survey-2006,パラオ,Palau,Oceania,school,129,persons,False
2006,PW,jf-survey-2006,パラオ,Palau,Oceania,multipleStage,,persons,True
2006,PW,jf-survey-2006,パラオ,Palau,Oceania,primary,,persons,True
2006,PW,jf-survey-2006,パラオ,Palau,Oceania,secondary,,persons,True
2006,PW,jf-survey-2006,パラオ,Palau,Oceania,higher,56,persons,False
2006,PW,jf-survey-2006,パラオ,Palau,Oceania,other,,persons,True
2006,FJ,jf-survey-2006,フィジー,Fiji,Oceania,institutions,4,institutions,False
2006,FJ,jf-survey-2006,フィジー,Fiji,Oceania,teachers,4,persons,False
2006,FJ,jf-survey-2006,フィジー,Fiji,Oceania,learners,246,persons,False
2006,FJ,jf-survey-2006,フィジー,Fiji,Oceania,school,226,persons,False
2006,FJ,jf-survey-2006,フィジー,Fiji,Oceania,multipleStage,,persons,True
2006,FJ,jf-survey-2006,フィジー,Fiji,Oceania,primary,,persons,True
2006,FJ,jf-survey-2006,フィジー,Fiji,Oceania,secondary,,persons,True
2006,FJ,jf-survey-2006,フィジー,Fiji,Oceania,higher,20,persons,False
2006,FJ,jf-survey-2006,フィジー,Fiji,Oceania,other,,persons,True
2006,PF,jf-survey-2006,＜仏領ポリネシア＞（仏）,French Polynesia,Oceania,institutions,1,institutions,False
2006,PF,jf-survey-2006,＜仏領ポリネシア＞（仏）,French Polynesia,Oceania,teachers,1,persons,False
2006,PF,jf-survey-2006,＜仏領ポリネシア＞（仏）,French Polynesia,Oceania,learners,52,persons,False
2006,PF,jf-survey-2006,＜仏領ポリネシア＞（仏）,French Polynesia,Oceania,school,,persons,True
2006,PF,jf-survey-2006,＜仏領ポリネシア＞（仏）,French Polynesia,Oceania,multipleStage,,persons,True
2006,PF,jf-survey-2006,＜仏領ポリネシア＞（仏）,French Polynesia,Oceania,primary,,persons,True
2006,PF,jf-survey-2006,＜仏領ポリネシア＞（仏）,French Polynesia,Oceania,secondary,,persons,True
2006,PF,jf-survey-2006,＜仏領ポリネシア＞（仏）,French Polynesia,Oceania,higher,52,persons,False
2006,PF,jf-survey-2006,＜仏領ポリネシア＞（仏）,French Polynesia,Oceania,other,,persons,True
2006,MH,jf-survey-2006,マーシャル諸島,Marshall Islands,Oceania,institutions,2,institutions,False
2006,MH,jf-survey-2006,マーシャル諸島,Marshall Islands,Oceania,teachers,2,persons,False
2006,MH,jf-survey-2006,マーシャル諸島,Marshall Islands,Oceania,learners,205,persons,False
2006,MH,jf-survey-2006,マーシャル諸島,Marshall Islands,Oceania,school,180,persons,False
2006,MH,jf-survey-2006,マーシャル諸島,Marshall Islands,Oceania,multipleStage,,persons,True
2006,MH,jf-survey-2006,マーシャル諸島,Marshall Islands,Oceania,primary,,persons,True
2006,MH,jf-survey-2006,マーシャル諸島,Marshall Islands,Oceania,secondary,,persons,True
2006,MH,jf-survey-2006,マーシャル諸島,Marshall Islands,Oceania,higher,25,persons,False
2006,MH,jf-survey-2006,マーシャル諸島,Marshall Islands,Oceania,other,,persons,True
2006,FM,jf-survey-2006,ミクロネシア,Micronesia,Oceania,institutions,6,institutions,False
2006,FM,jf-survey-2006,ミクロネシア,Micronesia,Oceania,teachers,7,persons,False
2006,FM,jf-survey-2006,ミクロネシア,Micronesia,Oceania,learners,311,persons,False
2006,FM,jf-survey-2006,ミクロネシア,Micronesia,Oceania,school,311,persons,False
2006,FM,jf-survey-2006,ミクロネシア,Micronesia,Oceania,multipleStage,,persons,True
2006,FM,jf-survey-2006,ミクロネシア,Micronesia,Oceania,primary,,persons,True
2006,FM,jf-survey-2006,ミクロネシア,Micronesia,Oceania,secondary,,persons,True
2006,FM,jf-survey-2006,ミクロネシア,Micronesia,Oceania,higher,0,persons,False
2006,FM,jf-survey-2006,ミクロネシア,Micronesia,Oceania,other,,persons,True
2006,CA,jf-survey-2006,カナダ,Canada,North America,institutions,214,institutions,False
2006,CA,jf-survey-2006,カナダ,Canada,North America,teachers,649,persons,False
2006,CA,jf-survey-2006,カナダ,Canada,North America,learners,23834,persons,False
2006,CA,jf-survey-2006,カナダ,Canada,North America,school,11043,persons,False
2006,CA,jf-survey-2006,カナダ,Canada,North America,multipleStage,,persons,True
2006,CA,jf-survey-2006,カナダ,Canada,North America,primary,,persons,True
2006,CA,jf-survey-2006,カナダ,Canada,North America,secondary,,persons,True
2006,CA,jf-survey-2006,カナダ,Canada,North America,higher,8508,persons,False
2006,CA,jf-survey-2006,カナダ,Canada,North America,other,4283,persons,False
2006,US,jf-survey-2006,米国,United States,North America,institutions,1092,institutions,False
2006,US,jf-survey-2006,米国,United States,North America,teachers,3217,persons,False
2006,US,jf-survey-2006,米国,United States,North America,learners,117969,persons,False
2006,US,jf-survey-2006,米国,United States,North America,school,58181,persons,False
2006,US,jf-survey-2006,米国,United States,North America,multipleStage,,persons,True
2006,US,jf-survey-2006,米国,United States,North America,primary,,persons,True
2006,US,jf-survey-2006,米国,United States,North America,secondary,,persons,True
2006,US,jf-survey-2006,米国,United States,North America,higher,45263,persons,False
2006,US,jf-survey-2006,米国,United States,North America,other,14525,persons,False
2006,SV,jf-survey-2006,エルサルバドル,El Salvador,Central America,institutions,3,institutions,False
2006,SV,jf-survey-2006,エルサルバドル,El Salvador,Central America,teachers,4,persons,False
2006,SV,jf-survey-2006,エルサルバドル,El Salvador,Central America,learners,302,persons,False
2006,SV,jf-survey-2006,エルサルバドル,El Salvador,Central America,school,,persons,True
2006,SV,jf-survey-2006,エルサルバドル,El Salvador,Central America,multipleStage,,persons,True
2006,SV,jf-survey-2006,エルサルバドル,El Salvador,Central America,primary,,persons,True
2006,SV,jf-survey-2006,エルサルバドル,El Salvador,Central America,secondary,,persons,True
2006,SV,jf-survey-2006,エルサルバドル,El Salvador,Central America,higher,250,persons,False
2006,SV,jf-survey-2006,エルサルバドル,El Salvador,Central America,other,52,persons,False
2006,CU,jf-survey-2006,キューバ,Cuba,Central America,institutions,3,institutions,False
2006,CU,jf-survey-2006,キューバ,Cuba,Central America,teachers,8,persons,False
2006,CU,jf-survey-2006,キューバ,Cuba,Central America,learners,106,persons,False
2006,CU,jf-survey-2006,キューバ,Cuba,Central America,school,,persons,True
2006,CU,jf-survey-2006,キューバ,Cuba,Central America,multipleStage,,persons,True
2006,CU,jf-survey-2006,キューバ,Cuba,Central America,primary,,persons,True
2006,CU,jf-survey-2006,キューバ,Cuba,Central America,secondary,,persons,True
2006,CU,jf-survey-2006,キューバ,Cuba,Central America,higher,55,persons,False
2006,CU,jf-survey-2006,キューバ,Cuba,Central America,other,51,persons,False
2006,GT,jf-survey-2006,グアテマラ,Guatemala,Central America,institutions,1,institutions,False
2006,GT,jf-survey-2006,グアテマラ,Guatemala,Central America,teachers,2,persons,False
2006,GT,jf-survey-2006,グアテマラ,Guatemala,Central America,learners,110,persons,False
2006,GT,jf-survey-2006,グアテマラ,Guatemala,Central America,school,,persons,True
2006,GT,jf-survey-2006,グアテマラ,Guatemala,Central America,multipleStage,,persons,True
2006,GT,jf-survey-2006,グアテマラ,Guatemala,Central America,primary,,persons,True
2006,GT,jf-survey-2006,グアテマラ,Guatemala,Central America,secondary,,persons,True
2006,GT,jf-survey-2006,グアテマラ,Guatemala,Central America,higher,,persons,True
2006,GT,jf-survey-2006,グアテマラ,Guatemala,Central America,other,110,persons,False
2006,CR,jf-survey-2006,コスタリカ,Costa Rica,Central America,institutions,7,institutions,False
2006,CR,jf-survey-2006,コスタリカ,Costa Rica,Central America,teachers,14,persons,False
2006,CR,jf-survey-2006,コスタリカ,Costa Rica,Central America,learners,482,persons,False
2006,CR,jf-survey-2006,コスタリカ,Costa Rica,Central America,school,100,persons,False
2006,CR,jf-survey-2006,コスタリカ,Costa Rica,Central America,multipleStage,,persons,True
2006,CR,jf-survey-2006,コスタリカ,Costa Rica,Central America,primary,,persons,True
2006,CR,jf-survey-2006,コスタリカ,Costa Rica,Central America,secondary,,persons,True
2006,CR,jf-survey-2006,コスタリカ,Costa Rica,Central America,higher,254,persons,False
2006,CR,jf-survey-2006,コスタリカ,Costa Rica,Central America,other,128,persons,False
2006,JM,jf-survey-2006,ジャマイカ,Jamaica,Central America,institutions,3,institutions,False
2006,JM,jf-survey-2006,ジャマイカ,Jamaica,Central America,teachers,5,persons,False
2006,JM,jf-survey-2006,ジャマイカ,Jamaica,Central America,learners,140,persons,False
2006,JM,jf-survey-2006,ジャマイカ,Jamaica,Central America,school,,persons,True
2006,JM,jf-survey-2006,ジャマイカ,Jamaica,Central America,multipleStage,,persons,True
2006,JM,jf-survey-2006,ジャマイカ,Jamaica,Central America,primary,,persons,True
2006,JM,jf-survey-2006,ジャマイカ,Jamaica,Central America,secondary,,persons,True
2006,JM,jf-survey-2006,ジャマイカ,Jamaica,Central America,higher,118,persons,False
2006,JM,jf-survey-2006,ジャマイカ,Jamaica,Central America,other,22,persons,False
2006,DO,jf-survey-2006,ドミニカ共和国,Dominican Republic,Central America,institutions,3,institutions,False
2006,DO,jf-survey-2006,ドミニカ共和国,Dominican Republic,Central America,teachers,21,persons,False
2006,DO,jf-survey-2006,ドミニカ共和国,Dominican Republic,Central America,learners,304,persons,False
2006,DO,jf-survey-2006,ドミニカ共和国,Dominican Republic,Central America,school,,persons,True
2006,DO,jf-survey-2006,ドミニカ共和国,Dominican Republic,Central America,multipleStage,,persons,True
2006,DO,jf-survey-2006,ドミニカ共和国,Dominican Republic,Central America,primary,,persons,True
2006,DO,jf-survey-2006,ドミニカ共和国,Dominican Republic,Central America,secondary,,persons,True
2006,DO,jf-survey-2006,ドミニカ共和国,Dominican Republic,Central America,higher,,persons,True
2006,DO,jf-survey-2006,ドミニカ共和国,Dominican Republic,Central America,other,304,persons,False
2006,TT,jf-survey-2006,トリニダード・トバゴ,Trinidad & Tobago,Central America,institutions,1,institutions,False
2006,TT,jf-survey-2006,トリニダード・トバゴ,Trinidad & Tobago,Central America,teachers,2,persons,False
2006,TT,jf-survey-2006,トリニダード・トバゴ,Trinidad & Tobago,Central America,learners,49,persons,False
2006,TT,jf-survey-2006,トリニダード・トバゴ,Trinidad & Tobago,Central America,school,,persons,True
2006,TT,jf-survey-2006,トリニダード・トバゴ,Trinidad & Tobago,Central America,multipleStage,,persons,True
2006,TT,jf-survey-2006,トリニダード・トバゴ,Trinidad & Tobago,Central America,primary,,persons,True
2006,TT,jf-survey-2006,トリニダード・トバゴ,Trinidad & Tobago,Central America,secondary,,persons,True
2006,TT,jf-survey-2006,トリニダード・トバゴ,Trinidad & Tobago,Central America,higher,49,persons,False
2006,TT,jf-survey-2006,トリニダード・トバゴ,Trinidad & Tobago,Central America,other,,persons,True
2006,NI,jf-survey-2006,ニカラグア,Nicaragua,Central America,institutions,1,institutions,False
2006,NI,jf-survey-2006,ニカラグア,Nicaragua,Central America,teachers,1,persons,False
2006,NI,jf-survey-2006,ニカラグア,Nicaragua,Central America,learners,22,persons,False
2006,NI,jf-survey-2006,ニカラグア,Nicaragua,Central America,school,,persons,True
2006,NI,jf-survey-2006,ニカラグア,Nicaragua,Central America,multipleStage,,persons,True
2006,NI,jf-survey-2006,ニカラグア,Nicaragua,Central America,primary,,persons,True
2006,NI,jf-survey-2006,ニカラグア,Nicaragua,Central America,secondary,,persons,True
2006,NI,jf-survey-2006,ニカラグア,Nicaragua,Central America,higher,,persons,True
2006,NI,jf-survey-2006,ニカラグア,Nicaragua,Central America,other,22,persons,False
2006,PA,jf-survey-2006,パナマ,Panama,Central America,institutions,2,institutions,False
2006,PA,jf-survey-2006,パナマ,Panama,Central America,teachers,3,persons,False
2006,PA,jf-survey-2006,パナマ,Panama,Central America,learners,74,persons,False
2006,PA,jf-survey-2006,パナマ,Panama,Central America,school,,persons,True
2006,PA,jf-survey-2006,パナマ,Panama,Central America,multipleStage,,persons,True
2006,PA,jf-survey-2006,パナマ,Panama,Central America,primary,,persons,True
2006,PA,jf-survey-2006,パナマ,Panama,Central America,secondary,,persons,True
2006,PA,jf-survey-2006,パナマ,Panama,Central America,higher,32,persons,False
2006,PA,jf-survey-2006,パナマ,Panama,Central America,other,42,persons,False
2006,HN,jf-survey-2006,ホンジュラス,Honduras,Central America,institutions,3,institutions,False
2006,HN,jf-survey-2006,ホンジュラス,Honduras,Central America,teachers,6,persons,False
2006,HN,jf-survey-2006,ホンジュラス,Honduras,Central America,learners,146,persons,False
2006,HN,jf-survey-2006,ホンジュラス,Honduras,Central America,school,,persons,True
2006,HN,jf-survey-2006,ホンジュラス,Honduras,Central America,multipleStage,,persons,True
2006,HN,jf-survey-2006,ホンジュラス,Honduras,Central America,primary,,persons,True
2006,HN,jf-survey-2006,ホンジュラス,Honduras,Central America,secondary,,persons,True
2006,HN,jf-survey-2006,ホンジュラス,Honduras,Central America,higher,101,persons,False
2006,HN,jf-survey-2006,ホンジュラス,Honduras,Central America,other,45,persons,False
2006,MX,jf-survey-2006,メキシコ,Mexico,Central America,institutions,79,institutions,False
2006,MX,jf-survey-2006,メキシコ,Mexico,Central America,teachers,257,persons,False
2006,MX,jf-survey-2006,メキシコ,Mexico,Central America,learners,6351,persons,False
2006,MX,jf-survey-2006,メキシコ,Mexico,Central America,school,1112,persons,False
2006,MX,jf-survey-2006,メキシコ,Mexico,Central America,multipleStage,,persons,True
2006,MX,jf-survey-2006,メキシコ,Mexico,Central America,primary,,persons,True
2006,MX,jf-survey-2006,メキシコ,Mexico,Central America,secondary,,persons,True
2006,MX,jf-survey-2006,メキシコ,Mexico,Central America,higher,1754,persons,False
2006,MX,jf-survey-2006,メキシコ,Mexico,Central America,other,3485,persons,False
2006,AR,jf-survey-2006,アルゼンチン,Argentina,South America,institutions,43,institutions,False
2006,AR,jf-survey-2006,アルゼンチン,Argentina,South America,teachers,261,persons,False
2006,AR,jf-survey-2006,アルゼンチン,Argentina,South America,learners,4800,persons,False
2006,AR,jf-survey-2006,アルゼンチン,Argentina,South America,school,649,persons,False
2006,AR,jf-survey-2006,アルゼンチン,Argentina,South America,multipleStage,,persons,True
2006,AR,jf-survey-2006,アルゼンチン,Argentina,South America,primary,,persons,True
2006,AR,jf-survey-2006,アルゼンチン,Argentina,South America,secondary,,persons,True
2006,AR,jf-survey-2006,アルゼンチン,Argentina,South America,higher,270,persons,False
2006,AR,jf-survey-2006,アルゼンチン,Argentina,South America,other,3881,persons,False
2006,UY,jf-survey-2006,ウルグアイ,Uruguay,South America,institutions,3,institutions,False
2006,UY,jf-survey-2006,ウルグアイ,Uruguay,South America,teachers,7,persons,False
2006,UY,jf-survey-2006,ウルグアイ,Uruguay,South America,learners,148,persons,False
2006,UY,jf-survey-2006,ウルグアイ,Uruguay,South America,school,,persons,True
2006,UY,jf-survey-2006,ウルグアイ,Uruguay,South America,multipleStage,,persons,True
2006,UY,jf-survey-2006,ウルグアイ,Uruguay,South America,primary,,persons,True
2006,UY,jf-survey-2006,ウルグアイ,Uruguay,South America,secondary,,persons,True
2006,UY,jf-survey-2006,ウルグアイ,Uruguay,South America,higher,70,persons,False
2006,UY,jf-survey-2006,ウルグアイ,Uruguay,South America,other,78,persons,False
2006,EC,jf-survey-2006,エクアドル,Ecuador,South America,institutions,3,institutions,False
2006,EC,jf-survey-2006,エクアドル,Ecuador,South America,teachers,4,persons,False
2006,EC,jf-survey-2006,エクアドル,Ecuador,South America,learners,121,persons,False
2006,EC,jf-survey-2006,エクアドル,Ecuador,South America,school,,persons,True
2006,EC,jf-survey-2006,エクアドル,Ecuador,South America,multipleStage,,persons,True
2006,EC,jf-survey-2006,エクアドル,Ecuador,South America,primary,,persons,True
2006,EC,jf-survey-2006,エクアドル,Ecuador,South America,secondary,,persons,True
2006,EC,jf-survey-2006,エクアドル,Ecuador,South America,higher,121,persons,False
2006,EC,jf-survey-2006,エクアドル,Ecuador,South America,other,,persons,True
2006,CO,jf-survey-2006,コロンビア,Colombia,South America,institutions,26,institutions,False
2006,CO,jf-survey-2006,コロンビア,Colombia,South America,teachers,67,persons,False
2006,CO,jf-survey-2006,コロンビア,Colombia,South America,learners,1917,persons,False
2006,CO,jf-survey-2006,コロンビア,Colombia,South America,school,246,persons,False
2006,CO,jf-survey-2006,コロンビア,Colombia,South America,multipleStage,,persons,True
2006,CO,jf-survey-2006,コロンビア,Colombia,South America,primary,,persons,True
2006,CO,jf-survey-2006,コロンビア,Colombia,South America,secondary,,persons,True
2006,CO,jf-survey-2006,コロンビア,Colombia,South America,higher,1186,persons,False
2006,CO,jf-survey-2006,コロンビア,Colombia,South America,other,485,persons,False
2006,CL,jf-survey-2006,チリ,Chile,South America,institutions,11,institutions,False
2006,CL,jf-survey-2006,チリ,Chile,South America,teachers,27,persons,False
2006,CL,jf-survey-2006,チリ,Chile,South America,learners,636,persons,False
2006,CL,jf-survey-2006,チリ,Chile,South America,school,25,persons,False
2006,CL,jf-survey-2006,チリ,Chile,South America,multipleStage,,persons,True
2006,CL,jf-survey-2006,チリ,Chile,South America,primary,,persons,True
2006,CL,jf-survey-2006,チリ,Chile,South America,secondary,,persons,True
2006,CL,jf-survey-2006,チリ,Chile,South America,higher,418,persons,False
2006,CL,jf-survey-2006,チリ,Chile,South America,other,193,persons,False
2006,PY,jf-survey-2006,パラグアイ,Paraguay,South America,institutions,17,institutions,False
2006,PY,jf-survey-2006,パラグアイ,Paraguay,South America,teachers,104,persons,False
2006,PY,jf-survey-2006,パラグアイ,Paraguay,South America,learners,3211,persons,False
2006,PY,jf-survey-2006,パラグアイ,Paraguay,South America,school,2100,persons,False
2006,PY,jf-survey-2006,パラグアイ,Paraguay,South America,multipleStage,,persons,True
2006,PY,jf-survey-2006,パラグアイ,Paraguay,South America,primary,,persons,True
2006,PY,jf-survey-2006,パラグアイ,Paraguay,South America,secondary,,persons,True
2006,PY,jf-survey-2006,パラグアイ,Paraguay,South America,higher,,persons,True
2006,PY,jf-survey-2006,パラグアイ,Paraguay,South America,other,1111,persons,False
2006,BR,jf-survey-2006,ブラジル,Brazil,South America,institutions,544,institutions,False
2006,BR,jf-survey-2006,ブラジル,Brazil,South America,teachers,1213,persons,False
2006,BR,jf-survey-2006,ブラジル,Brazil,South America,learners,21631,persons,False
2006,BR,jf-survey-2006,ブラジル,Brazil,South America,school,3538,persons,False
2006,BR,jf-survey-2006,ブラジル,Brazil,South America,multipleStage,,persons,True
2006,BR,jf-survey-2006,ブラジル,Brazil,South America,primary,,persons,True
2006,BR,jf-survey-2006,ブラジル,Brazil,South America,secondary,,persons,True
2006,BR,jf-survey-2006,ブラジル,Brazil,South America,higher,1560,persons,False
2006,BR,jf-survey-2006,ブラジル,Brazil,South America,other,16533,persons,False
2006,VE,jf-survey-2006,ベネズエラ,Venezuela,South America,institutions,8,institutions,False
2006,VE,jf-survey-2006,ベネズエラ,Venezuela,South America,teachers,15,persons,False
2006,VE,jf-survey-2006,ベネズエラ,Venezuela,South America,learners,386,persons,False
2006,VE,jf-survey-2006,ベネズエラ,Venezuela,South America,school,,persons,True
2006,VE,jf-survey-2006,ベネズエラ,Venezuela,South America,multipleStage,,persons,True
2006,VE,jf-survey-2006,ベネズエラ,Venezuela,South America,primary,,persons,True
2006,VE,jf-survey-2006,ベネズエラ,Venezuela,South America,secondary,,persons,True
2006,VE,jf-survey-2006,ベネズエラ,Venezuela,South America,higher,83,persons,False
2006,VE,jf-survey-2006,ベネズエラ,Venezuela,South America,other,303,persons,False
2006,PE,jf-survey-2006,ペルー,Peru,South America,institutions,17,institutions,False
2006,PE,jf-survey-2006,ペルー,Peru,South America,teachers,81,persons,False
2006,PE,jf-survey-2006,ペルー,Peru,South America,learners,2669,persons,False
2006,PE,jf-survey-2006,ペルー,Peru,South America,school,1717,persons,False
2006,PE,jf-survey-2006,ペルー,Peru,South America,multipleStage,,persons,True
2006,PE,jf-survey-2006,ペルー,Peru,South America,primary,,persons,True
2006,PE,jf-survey-2006,ペルー,Peru,South America,secondary,,persons,True
2006,PE,jf-survey-2006,ペルー,Peru,South America,higher,57,persons,False
2006,PE,jf-survey-2006,ペルー,Peru,South America,other,895,persons,False
2006,BO,jf-survey-2006,ボリビア,Bolivia,South America,institutions,7,institutions,False
2006,BO,jf-survey-2006,ボリビア,Bolivia,South America,teachers,43,persons,False
2006,BO,jf-survey-2006,ボリビア,Bolivia,South America,learners,626,persons,False
2006,BO,jf-survey-2006,ボリビア,Bolivia,South America,school,296,persons,False
2006,BO,jf-survey-2006,ボリビア,Bolivia,South America,multipleStage,,persons,True
2006,BO,jf-survey-2006,ボリビア,Bolivia,South America,primary,,persons,True
2006,BO,jf-survey-2006,ボリビア,Bolivia,South America,secondary,,persons,True
2006,BO,jf-survey-2006,ボリビア,Bolivia,South America,higher,,persons,True
2006,BO,jf-survey-2006,ボリビア,Bolivia,South America,other,330,persons,False
2006,IS,jf-survey-2006,アイスランド,Iceland,Western Europe,institutions,4,institutions,False
2006,IS,jf-survey-2006,アイスランド,Iceland,Western Europe,teachers,5,persons,False
2006,IS,jf-survey-2006,アイスランド,Iceland,Western Europe,learners,74,persons,False
2006,IS,jf-survey-2006,アイスランド,Iceland,Western Europe,school,30,persons,False
2006,IS,jf-survey-2006,アイスランド,Iceland,Western Europe,multipleStage,,persons,True
2006,IS,jf-survey-2006,アイスランド,Iceland,Western Europe,primary,,persons,True
2006,IS,jf-survey-2006,アイスランド,Iceland,Western Europe,secondary,,persons,True
2006,IS,jf-survey-2006,アイスランド,Iceland,Western Europe,higher,27,persons,False
2006,IS,jf-survey-2006,アイスランド,Iceland,Western Europe,other,17,persons,False
2006,IE,jf-survey-2006,アイルランド,Ireland,Western Europe,institutions,47,institutions,False
2006,IE,jf-survey-2006,アイルランド,Ireland,Western Europe,teachers,51,persons,False
2006,IE,jf-survey-2006,アイルランド,Ireland,Western Europe,learners,1793,persons,False
2006,IE,jf-survey-2006,アイルランド,Ireland,Western Europe,school,1528,persons,False
2006,IE,jf-survey-2006,アイルランド,Ireland,Western Europe,multipleStage,,persons,True
2006,IE,jf-survey-2006,アイルランド,Ireland,Western Europe,primary,,persons,True
2006,IE,jf-survey-2006,アイルランド,Ireland,Western Europe,secondary,,persons,True
2006,IE,jf-survey-2006,アイルランド,Ireland,Western Europe,higher,230,persons,False
2006,IE,jf-survey-2006,アイルランド,Ireland,Western Europe,other,35,persons,False
2006,AD,jf-survey-2006,アンドラ,Andorra,Western Europe,institutions,1,institutions,False
2006,AD,jf-survey-2006,アンドラ,Andorra,Western Europe,teachers,1,persons,False
2006,AD,jf-survey-2006,アンドラ,Andorra,Western Europe,learners,8,persons,False
2006,AD,jf-survey-2006,アンドラ,Andorra,Western Europe,school,,persons,True
2006,AD,jf-survey-2006,アンドラ,Andorra,Western Europe,multipleStage,,persons,True
2006,AD,jf-survey-2006,アンドラ,Andorra,Western Europe,primary,,persons,True
2006,AD,jf-survey-2006,アンドラ,Andorra,Western Europe,secondary,,persons,True
2006,AD,jf-survey-2006,アンドラ,Andorra,Western Europe,higher,,persons,True
2006,AD,jf-survey-2006,アンドラ,Andorra,Western Europe,other,8,persons,False
2006,IT,jf-survey-2006,イタリア,Italy,Western Europe,institutions,42,institutions,False
2006,IT,jf-survey-2006,イタリア,Italy,Western Europe,teachers,120,persons,False
2006,IT,jf-survey-2006,イタリア,Italy,Western Europe,learners,5074,persons,False
2006,IT,jf-survey-2006,イタリア,Italy,Western Europe,school,302,persons,False
2006,IT,jf-survey-2006,イタリア,Italy,Western Europe,multipleStage,,persons,True
2006,IT,jf-survey-2006,イタリア,Italy,Western Europe,primary,,persons,True
2006,IT,jf-survey-2006,イタリア,Italy,Western Europe,secondary,,persons,True
2006,IT,jf-survey-2006,イタリア,Italy,Western Europe,higher,4005,persons,False
2006,IT,jf-survey-2006,イタリア,Italy,Western Europe,other,767,persons,False
2006,GB,jf-survey-2006,英国,United Kingdom,Western Europe,institutions,277,institutions,False
2006,GB,jf-survey-2006,英国,United Kingdom,Western Europe,teachers,617,persons,False
2006,GB,jf-survey-2006,英国,United Kingdom,Western Europe,learners,14928,persons,False
2006,GB,jf-survey-2006,英国,United Kingdom,Western Europe,school,8510,persons,False
2006,GB,jf-survey-2006,英国,United Kingdom,Western Europe,multipleStage,,persons,True
2006,GB,jf-survey-2006,英国,United Kingdom,Western Europe,primary,,persons,True
2006,GB,jf-survey-2006,英国,United Kingdom,Western Europe,secondary,,persons,True
2006,GB,jf-survey-2006,英国,United Kingdom,Western Europe,higher,3630,persons,False
2006,GB,jf-survey-2006,英国,United Kingdom,Western Europe,other,2788,persons,False
2006,AT,jf-survey-2006,オーストリア,Austria,Western Europe,institutions,23,institutions,False
2006,AT,jf-survey-2006,オーストリア,Austria,Western Europe,teachers,40,persons,False
2006,AT,jf-survey-2006,オーストリア,Austria,Western Europe,learners,1049,persons,False
2006,AT,jf-survey-2006,オーストリア,Austria,Western Europe,school,83,persons,False
2006,AT,jf-survey-2006,オーストリア,Austria,Western Europe,multipleStage,,persons,True
2006,AT,jf-survey-2006,オーストリア,Austria,Western Europe,primary,,persons,True
2006,AT,jf-survey-2006,オーストリア,Austria,Western Europe,secondary,,persons,True
2006,AT,jf-survey-2006,オーストリア,Austria,Western Europe,higher,671,persons,False
2006,AT,jf-survey-2006,オーストリア,Austria,Western Europe,other,295,persons,False
2006,NL,jf-survey-2006,オランダ,Netherlands,Western Europe,institutions,9,institutions,False
2006,NL,jf-survey-2006,オランダ,Netherlands,Western Europe,teachers,27,persons,False
2006,NL,jf-survey-2006,オランダ,Netherlands,Western Europe,learners,653,persons,False
2006,NL,jf-survey-2006,オランダ,Netherlands,Western Europe,school,,persons,True
2006,NL,jf-survey-2006,オランダ,Netherlands,Western Europe,multipleStage,,persons,True
2006,NL,jf-survey-2006,オランダ,Netherlands,Western Europe,primary,,persons,True
2006,NL,jf-survey-2006,オランダ,Netherlands,Western Europe,secondary,,persons,True
2006,NL,jf-survey-2006,オランダ,Netherlands,Western Europe,higher,549,persons,False
2006,NL,jf-survey-2006,オランダ,Netherlands,Western Europe,other,104,persons,False
2006,GR,jf-survey-2006,ギリシャ,Greece,Western Europe,institutions,14,institutions,False
2006,GR,jf-survey-2006,ギリシャ,Greece,Western Europe,teachers,25,persons,False
2006,GR,jf-survey-2006,ギリシャ,Greece,Western Europe,learners,361,persons,False
2006,GR,jf-survey-2006,ギリシャ,Greece,Western Europe,school,,persons,True
2006,GR,jf-survey-2006,ギリシャ,Greece,Western Europe,multipleStage,,persons,True
2006,GR,jf-survey-2006,ギリシャ,Greece,Western Europe,primary,,persons,True
2006,GR,jf-survey-2006,ギリシャ,Greece,Western Europe,secondary,,persons,True
2006,GR,jf-survey-2006,ギリシャ,Greece,Western Europe,higher,,persons,True
2006,GR,jf-survey-2006,ギリシャ,Greece,Western Europe,other,361,persons,False
2006,CH,jf-survey-2006,スイス,Switzerland,Western Europe,institutions,45,institutions,False
2006,CH,jf-survey-2006,スイス,Switzerland,Western Europe,teachers,82,persons,False
2006,CH,jf-survey-2006,スイス,Switzerland,Western Europe,learners,1215,persons,False
2006,CH,jf-survey-2006,スイス,Switzerland,Western Europe,school,250,persons,False
2006,CH,jf-survey-2006,スイス,Switzerland,Western Europe,multipleStage,,persons,True
2006,CH,jf-survey-2006,スイス,Switzerland,Western Europe,primary,,persons,True
2006,CH,jf-survey-2006,スイス,Switzerland,Western Europe,secondary,,persons,True
2006,CH,jf-survey-2006,スイス,Switzerland,Western Europe,higher,253,persons,False
2006,CH,jf-survey-2006,スイス,Switzerland,Western Europe,other,712,persons,False
2006,SE,jf-survey-2006,スウェーデン,Sweden,Western Europe,institutions,23,institutions,False
2006,SE,jf-survey-2006,スウェーデン,Sweden,Western Europe,teachers,54,persons,False
2006,SE,jf-survey-2006,スウェーデン,Sweden,Western Europe,learners,1450,persons,False
2006,SE,jf-survey-2006,スウェーデン,Sweden,Western Europe,school,529,persons,False
2006,SE,jf-survey-2006,スウェーデン,Sweden,Western Europe,multipleStage,,persons,True
2006,SE,jf-survey-2006,スウェーデン,Sweden,Western Europe,primary,,persons,True
2006,SE,jf-survey-2006,スウェーデン,Sweden,Western Europe,secondary,,persons,True
2006,SE,jf-survey-2006,スウェーデン,Sweden,Western Europe,higher,755,persons,False
2006,SE,jf-survey-2006,スウェーデン,Sweden,Western Europe,other,166,persons,False
2006,ES,jf-survey-2006,スペイン,Spain,Western Europe,institutions,43,institutions,False
2006,ES,jf-survey-2006,スペイン,Spain,Western Europe,teachers,93,persons,False
2006,ES,jf-survey-2006,スペイン,Spain,Western Europe,learners,2802,persons,False
2006,ES,jf-survey-2006,スペイン,Spain,Western Europe,school,,persons,True
2006,ES,jf-survey-2006,スペイン,Spain,Western Europe,multipleStage,,persons,True
2006,ES,jf-survey-2006,スペイン,Spain,Western Europe,primary,,persons,True
2006,ES,jf-survey-2006,スペイン,Spain,Western Europe,secondary,,persons,True
2006,ES,jf-survey-2006,スペイン,Spain,Western Europe,higher,1271,persons,False
2006,ES,jf-survey-2006,スペイン,Spain,Western Europe,other,1531,persons,False
2006,DK,jf-survey-2006,デンマーク,Denmark,Western Europe,institutions,8,institutions,False
2006,DK,jf-survey-2006,デンマーク,Denmark,Western Europe,teachers,26,persons,False
2006,DK,jf-survey-2006,デンマーク,Denmark,Western Europe,learners,390,persons,False
2006,DK,jf-survey-2006,デンマーク,Denmark,Western Europe,school,4,persons,False
2006,DK,jf-survey-2006,デンマーク,Denmark,Western Europe,multipleStage,,persons,True
2006,DK,jf-survey-2006,デンマーク,Denmark,Western Europe,primary,,persons,True
2006,DK,jf-survey-2006,デンマーク,Denmark,Western Europe,secondary,,persons,True
2006,DK,jf-survey-2006,デンマーク,Denmark,Western Europe,higher,314,persons,False
2006,DK,jf-survey-2006,デンマーク,Denmark,Western Europe,other,72,persons,False
2006,DE,jf-survey-2006,ドイツ,Germany,Western Europe,institutions,190,institutions,False
2006,DE,jf-survey-2006,ドイツ,Germany,Western Europe,teachers,465,persons,False
2006,DE,jf-survey-2006,ドイツ,Germany,Western Europe,learners,11945,persons,False
2006,DE,jf-survey-2006,ドイツ,Germany,Western Europe,school,1986,persons,False
2006,DE,jf-survey-2006,ドイツ,Germany,Western Europe,multipleStage,,persons,True
2006,DE,jf-survey-2006,ドイツ,Germany,Western Europe,primary,,persons,True
2006,DE,jf-survey-2006,ドイツ,Germany,Western Europe,secondary,,persons,True
2006,DE,jf-survey-2006,ドイツ,Germany,Western Europe,higher,5797,persons,False
2006,DE,jf-survey-2006,ドイツ,Germany,Western Europe,other,4162,persons,False
2006,NO,jf-survey-2006,ノルウェー,Norway,Western Europe,institutions,12,institutions,False
2006,NO,jf-survey-2006,ノルウェー,Norway,Western Europe,teachers,17,persons,False
2006,NO,jf-survey-2006,ノルウェー,Norway,Western Europe,learners,360,persons,False
2006,NO,jf-survey-2006,ノルウェー,Norway,Western Europe,school,82,persons,False
2006,NO,jf-survey-2006,ノルウェー,Norway,Western Europe,multipleStage,,persons,True
2006,NO,jf-survey-2006,ノルウェー,Norway,Western Europe,primary,,persons,True
2006,NO,jf-survey-2006,ノルウェー,Norway,Western Europe,secondary,,persons,True
2006,NO,jf-survey-2006,ノルウェー,Norway,Western Europe,higher,170,persons,False
2006,NO,jf-survey-2006,ノルウェー,Norway,Western Europe,other,108,persons,False
2006,FI,jf-survey-2006,フィンランド,Finland,Western Europe,institutions,38,institutions,False
2006,FI,jf-survey-2006,フィンランド,Finland,Western Europe,teachers,50,persons,False
2006,FI,jf-survey-2006,フィンランド,Finland,Western Europe,learners,2154,persons,False
2006,FI,jf-survey-2006,フィンランド,Finland,Western Europe,school,218,persons,False
2006,FI,jf-survey-2006,フィンランド,Finland,Western Europe,multipleStage,,persons,True
2006,FI,jf-survey-2006,フィンランド,Finland,Western Europe,primary,,persons,True
2006,FI,jf-survey-2006,フィンランド,Finland,Western Europe,secondary,,persons,True
2006,FI,jf-survey-2006,フィンランド,Finland,Western Europe,higher,1174,persons,False
2006,FI,jf-survey-2006,フィンランド,Finland,Western Europe,other,762,persons,False
2006,FR,jf-survey-2006,フランス,France,Western Europe,institutions,193,institutions,False
2006,FR,jf-survey-2006,フランス,France,Western Europe,teachers,502,persons,False
2006,FR,jf-survey-2006,フランス,France,Western Europe,learners,15534,persons,False
2006,FR,jf-survey-2006,フランス,France,Western Europe,school,3940,persons,False
2006,FR,jf-survey-2006,フランス,France,Western Europe,multipleStage,,persons,True
2006,FR,jf-survey-2006,フランス,France,Western Europe,primary,,persons,True
2006,FR,jf-survey-2006,フランス,France,Western Europe,secondary,,persons,True
2006,FR,jf-survey-2006,フランス,France,Western Europe,higher,8451,persons,False
2006,FR,jf-survey-2006,フランス,France,Western Europe,other,3143,persons,False
2006,BE,jf-survey-2006,ベルギー,Belgium,Western Europe,institutions,21,institutions,False
2006,BE,jf-survey-2006,ベルギー,Belgium,Western Europe,teachers,71,persons,False
2006,BE,jf-survey-2006,ベルギー,Belgium,Western Europe,learners,1072,persons,False
2006,BE,jf-survey-2006,ベルギー,Belgium,Western Europe,school,,persons,True
2006,BE,jf-survey-2006,ベルギー,Belgium,Western Europe,multipleStage,,persons,True
2006,BE,jf-survey-2006,ベルギー,Belgium,Western Europe,primary,,persons,True
2006,BE,jf-survey-2006,ベルギー,Belgium,Western Europe,secondary,,persons,True
2006,BE,jf-survey-2006,ベルギー,Belgium,Western Europe,higher,450,persons,False
2006,BE,jf-survey-2006,ベルギー,Belgium,Western Europe,other,622,persons,False
2006,PT,jf-survey-2006,ポルトガル,Portugal,Western Europe,institutions,11,institutions,False
2006,PT,jf-survey-2006,ポルトガル,Portugal,Western Europe,teachers,14,persons,False
2006,PT,jf-survey-2006,ポルトガル,Portugal,Western Europe,learners,357,persons,False
2006,PT,jf-survey-2006,ポルトガル,Portugal,Western Europe,school,,persons,True
2006,PT,jf-survey-2006,ポルトガル,Portugal,Western Europe,multipleStage,,persons,True
2006,PT,jf-survey-2006,ポルトガル,Portugal,Western Europe,primary,,persons,True
2006,PT,jf-survey-2006,ポルトガル,Portugal,Western Europe,secondary,,persons,True
2006,PT,jf-survey-2006,ポルトガル,Portugal,Western Europe,higher,297,persons,False
2006,PT,jf-survey-2006,ポルトガル,Portugal,Western Europe,other,60,persons,False
2006,LU,jf-survey-2006,ルクセンブルク,Luxembourg,Western Europe,institutions,2,institutions,False
2006,LU,jf-survey-2006,ルクセンブルク,Luxembourg,Western Europe,teachers,2,persons,False
2006,LU,jf-survey-2006,ルクセンブルク,Luxembourg,Western Europe,learners,115,persons,False
2006,LU,jf-survey-2006,ルクセンブルク,Luxembourg,Western Europe,school,115,persons,False
2006,LU,jf-survey-2006,ルクセンブルク,Luxembourg,Western Europe,multipleStage,,persons,True
2006,LU,jf-survey-2006,ルクセンブルク,Luxembourg,Western Europe,primary,,persons,True
2006,LU,jf-survey-2006,ルクセンブルク,Luxembourg,Western Europe,secondary,,persons,True
2006,LU,jf-survey-2006,ルクセンブルク,Luxembourg,Western Europe,higher,,persons,True
2006,LU,jf-survey-2006,ルクセンブルク,Luxembourg,Western Europe,other,,persons,True
2006,AZ,jf-survey-2006,アゼルバイジャン,Azerbaijan,Eastern Europe,institutions,2,institutions,False
2006,AZ,jf-survey-2006,アゼルバイジャン,Azerbaijan,Eastern Europe,teachers,6,persons,False
2006,AZ,jf-survey-2006,アゼルバイジャン,Azerbaijan,Eastern Europe,learners,47,persons,False
2006,AZ,jf-survey-2006,アゼルバイジャン,Azerbaijan,Eastern Europe,school,6,persons,False
2006,AZ,jf-survey-2006,アゼルバイジャン,Azerbaijan,Eastern Europe,multipleStage,,persons,True
2006,AZ,jf-survey-2006,アゼルバイジャン,Azerbaijan,Eastern Europe,primary,,persons,True
2006,AZ,jf-survey-2006,アゼルバイジャン,Azerbaijan,Eastern Europe,secondary,,persons,True
2006,AZ,jf-survey-2006,アゼルバイジャン,Azerbaijan,Eastern Europe,higher,41,persons,False
2006,AZ,jf-survey-2006,アゼルバイジャン,Azerbaijan,Eastern Europe,other,,persons,True
2006,AM,jf-survey-2006,アルメニア,Armenia,Eastern Europe,institutions,1,institutions,False
2006,AM,jf-survey-2006,アルメニア,Armenia,Eastern Europe,teachers,2,persons,False
2006,AM,jf-survey-2006,アルメニア,Armenia,Eastern Europe,learners,28,persons,False
2006,AM,jf-survey-2006,アルメニア,Armenia,Eastern Europe,school,,persons,True
2006,AM,jf-survey-2006,アルメニア,Armenia,Eastern Europe,multipleStage,,persons,True
2006,AM,jf-survey-2006,アルメニア,Armenia,Eastern Europe,primary,,persons,True
2006,AM,jf-survey-2006,アルメニア,Armenia,Eastern Europe,secondary,,persons,True
2006,AM,jf-survey-2006,アルメニア,Armenia,Eastern Europe,higher,28,persons,False
2006,AM,jf-survey-2006,アルメニア,Armenia,Eastern Europe,other,,persons,True
2006,UA,jf-survey-2006,ウクライナ,Ukraine,Eastern Europe,institutions,30,institutions,False
2006,UA,jf-survey-2006,ウクライナ,Ukraine,Eastern Europe,teachers,97,persons,False
2006,UA,jf-survey-2006,ウクライナ,Ukraine,Eastern Europe,learners,1523,persons,False
2006,UA,jf-survey-2006,ウクライナ,Ukraine,Eastern Europe,school,353,persons,False
2006,UA,jf-survey-2006,ウクライナ,Ukraine,Eastern Europe,multipleStage,,persons,True
2006,UA,jf-survey-2006,ウクライナ,Ukraine,Eastern Europe,primary,,persons,True
2006,UA,jf-survey-2006,ウクライナ,Ukraine,Eastern Europe,secondary,,persons,True
2006,UA,jf-survey-2006,ウクライナ,Ukraine,Eastern Europe,higher,793,persons,False
2006,UA,jf-survey-2006,ウクライナ,Ukraine,Eastern Europe,other,377,persons,False
2006,UZ,jf-survey-2006,ウズベキスタン,Uzbekistan,Eastern Europe,institutions,24,institutions,False
2006,UZ,jf-survey-2006,ウズベキスタン,Uzbekistan,Eastern Europe,teachers,87,persons,False
2006,UZ,jf-survey-2006,ウズベキスタン,Uzbekistan,Eastern Europe,learners,1903,persons,False
2006,UZ,jf-survey-2006,ウズベキスタン,Uzbekistan,Eastern Europe,school,723,persons,False
2006,UZ,jf-survey-2006,ウズベキスタン,Uzbekistan,Eastern Europe,multipleStage,,persons,True
2006,UZ,jf-survey-2006,ウズベキスタン,Uzbekistan,Eastern Europe,primary,,persons,True
2006,UZ,jf-survey-2006,ウズベキスタン,Uzbekistan,Eastern Europe,secondary,,persons,True
2006,UZ,jf-survey-2006,ウズベキスタン,Uzbekistan,Eastern Europe,higher,721,persons,False
2006,UZ,jf-survey-2006,ウズベキスタン,Uzbekistan,Eastern Europe,other,459,persons,False
2006,EE,jf-survey-2006,エストニア,Estonia,Eastern Europe,institutions,6,institutions,False
2006,EE,jf-survey-2006,エストニア,Estonia,Eastern Europe,teachers,8,persons,False
2006,EE,jf-survey-2006,エストニア,Estonia,Eastern Europe,learners,174,persons,False
2006,EE,jf-survey-2006,エストニア,Estonia,Eastern Europe,school,40,persons,False
2006,EE,jf-survey-2006,エストニア,Estonia,Eastern Europe,multipleStage,,persons,True
2006,EE,jf-survey-2006,エストニア,Estonia,Eastern Europe,primary,,persons,True
2006,EE,jf-survey-2006,エストニア,Estonia,Eastern Europe,secondary,,persons,True
2006,EE,jf-survey-2006,エストニア,Estonia,Eastern Europe,higher,117,persons,False
2006,EE,jf-survey-2006,エストニア,Estonia,Eastern Europe,other,17,persons,False
2006,KZ,jf-survey-2006,カザフスタン,Kazakhstan,Eastern Europe,institutions,12,institutions,False
2006,KZ,jf-survey-2006,カザフスタン,Kazakhstan,Eastern Europe,teachers,52,persons,False
2006,KZ,jf-survey-2006,カザフスタン,Kazakhstan,Eastern Europe,learners,1569,persons,False
2006,KZ,jf-survey-2006,カザフスタン,Kazakhstan,Eastern Europe,school,226,persons,False
2006,KZ,jf-survey-2006,カザフスタン,Kazakhstan,Eastern Europe,multipleStage,,persons,True
2006,KZ,jf-survey-2006,カザフスタン,Kazakhstan,Eastern Europe,primary,,persons,True
2006,KZ,jf-survey-2006,カザフスタン,Kazakhstan,Eastern Europe,secondary,,persons,True
2006,KZ,jf-survey-2006,カザフスタン,Kazakhstan,Eastern Europe,higher,1073,persons,False
2006,KZ,jf-survey-2006,カザフスタン,Kazakhstan,Eastern Europe,other,270,persons,False
2006,KG,jf-survey-2006,キルギス,Kyrgyzstan,Eastern Europe,institutions,14,institutions,False
2006,KG,jf-survey-2006,キルギス,Kyrgyzstan,Eastern Europe,teachers,53,persons,False
2006,KG,jf-survey-2006,キルギス,Kyrgyzstan,Eastern Europe,learners,1064,persons,False
2006,KG,jf-survey-2006,キルギス,Kyrgyzstan,Eastern Europe,school,225,persons,False
2006,KG,jf-survey-2006,キルギス,Kyrgyzstan,Eastern Europe,multipleStage,,persons,True
2006,KG,jf-survey-2006,キルギス,Kyrgyzstan,Eastern Europe,primary,,persons,True
2006,KG,jf-survey-2006,キルギス,Kyrgyzstan,Eastern Europe,secondary,,persons,True
2006,KG,jf-survey-2006,キルギス,Kyrgyzstan,Eastern Europe,higher,712,persons,False
2006,KG,jf-survey-2006,キルギス,Kyrgyzstan,Eastern Europe,other,127,persons,False
2006,GE,jf-survey-2006,グルジア,Georgia,Eastern Europe,institutions,3,institutions,False
2006,GE,jf-survey-2006,グルジア,Georgia,Eastern Europe,teachers,13,persons,False
2006,GE,jf-survey-2006,グルジア,Georgia,Eastern Europe,learners,118,persons,False
2006,GE,jf-survey-2006,グルジア,Georgia,Eastern Europe,school,53,persons,False
2006,GE,jf-survey-2006,グルジア,Georgia,Eastern Europe,multipleStage,,persons,True
2006,GE,jf-survey-2006,グルジア,Georgia,Eastern Europe,primary,,persons,True
2006,GE,jf-survey-2006,グルジア,Georgia,Eastern Europe,secondary,,persons,True
2006,GE,jf-survey-2006,グルジア,Georgia,Eastern Europe,higher,65,persons,False
2006,GE,jf-survey-2006,グルジア,Georgia,Eastern Europe,other,,persons,True
2006,HR,jf-survey-2006,クロアチア,Croatia,Eastern Europe,institutions,9,institutions,False
2006,HR,jf-survey-2006,クロアチア,Croatia,Eastern Europe,teachers,11,persons,False
2006,HR,jf-survey-2006,クロアチア,Croatia,Eastern Europe,learners,271,persons,False
2006,HR,jf-survey-2006,クロアチア,Croatia,Eastern Europe,school,80,persons,False
2006,HR,jf-survey-2006,クロアチア,Croatia,Eastern Europe,multipleStage,,persons,True
2006,HR,jf-survey-2006,クロアチア,Croatia,Eastern Europe,primary,,persons,True
2006,HR,jf-survey-2006,クロアチア,Croatia,Eastern Europe,secondary,,persons,True
2006,HR,jf-survey-2006,クロアチア,Croatia,Eastern Europe,higher,75,persons,False
2006,HR,jf-survey-2006,クロアチア,Croatia,Eastern Europe,other,116,persons,False
2006,SK,jf-survey-2006,スロバキア,Slovakia,Eastern Europe,institutions,3,institutions,False
2006,SK,jf-survey-2006,スロバキア,Slovakia,Eastern Europe,teachers,6,persons,False
2006,SK,jf-survey-2006,スロバキア,Slovakia,Eastern Europe,learners,120,persons,False
2006,SK,jf-survey-2006,スロバキア,Slovakia,Eastern Europe,school,,persons,True
2006,SK,jf-survey-2006,スロバキア,Slovakia,Eastern Europe,multipleStage,,persons,True
2006,SK,jf-survey-2006,スロバキア,Slovakia,Eastern Europe,primary,,persons,True
2006,SK,jf-survey-2006,スロバキア,Slovakia,Eastern Europe,secondary,,persons,True
2006,SK,jf-survey-2006,スロバキア,Slovakia,Eastern Europe,higher,39,persons,False
2006,SK,jf-survey-2006,スロバキア,Slovakia,Eastern Europe,other,81,persons,False
2006,SI,jf-survey-2006,スロベニア,Slovenia,Eastern Europe,institutions,1,institutions,False
2006,SI,jf-survey-2006,スロベニア,Slovenia,Eastern Europe,teachers,9,persons,False
2006,SI,jf-survey-2006,スロベニア,Slovenia,Eastern Europe,learners,187,persons,False
2006,SI,jf-survey-2006,スロベニア,Slovenia,Eastern Europe,school,,persons,True
2006,SI,jf-survey-2006,スロベニア,Slovenia,Eastern Europe,multipleStage,,persons,True
2006,SI,jf-survey-2006,スロベニア,Slovenia,Eastern Europe,primary,,persons,True
2006,SI,jf-survey-2006,スロベニア,Slovenia,Eastern Europe,secondary,,persons,True
2006,SI,jf-survey-2006,スロベニア,Slovenia,Eastern Europe,higher,187,persons,False
2006,SI,jf-survey-2006,スロベニア,Slovenia,Eastern Europe,other,,persons,True
2006,RS,jf-survey-2006,セルビア,Serbia,Eastern Europe,institutions,9,institutions,False
2006,RS,jf-survey-2006,セルビア,Serbia,Eastern Europe,teachers,23,persons,False
2006,RS,jf-survey-2006,セルビア,Serbia,Eastern Europe,learners,549,persons,False
2006,RS,jf-survey-2006,セルビア,Serbia,Eastern Europe,school,48,persons,False
2006,RS,jf-survey-2006,セルビア,Serbia,Eastern Europe,multipleStage,,persons,True
2006,RS,jf-survey-2006,セルビア,Serbia,Eastern Europe,primary,,persons,True
2006,RS,jf-survey-2006,セルビア,Serbia,Eastern Europe,secondary,,persons,True
2006,RS,jf-survey-2006,セルビア,Serbia,Eastern Europe,higher,443,persons,False
2006,RS,jf-survey-2006,セルビア,Serbia,Eastern Europe,other,58,persons,False
2006,TJ,jf-survey-2006,タジキスタン,Tajikistan,Eastern Europe,institutions,2,institutions,False
2006,TJ,jf-survey-2006,タジキスタン,Tajikistan,Eastern Europe,teachers,7,persons,False
2006,TJ,jf-survey-2006,タジキスタン,Tajikistan,Eastern Europe,learners,93,persons,False
2006,TJ,jf-survey-2006,タジキスタン,Tajikistan,Eastern Europe,school,,persons,True
2006,TJ,jf-survey-2006,タジキスタン,Tajikistan,Eastern Europe,multipleStage,,persons,True
2006,TJ,jf-survey-2006,タジキスタン,Tajikistan,Eastern Europe,primary,,persons,True
2006,TJ,jf-survey-2006,タジキスタン,Tajikistan,Eastern Europe,secondary,,persons,True
2006,TJ,jf-survey-2006,タジキスタン,Tajikistan,Eastern Europe,higher,93,persons,False
2006,TJ,jf-survey-2006,タジキスタン,Tajikistan,Eastern Europe,other,,persons,True
2006,CZ,jf-survey-2006,チェコ,Czechia,Eastern Europe,institutions,26,institutions,False
2006,CZ,jf-survey-2006,チェコ,Czechia,Eastern Europe,teachers,55,persons,False
2006,CZ,jf-survey-2006,チェコ,Czechia,Eastern Europe,learners,810,persons,False
2006,CZ,jf-survey-2006,チェコ,Czechia,Eastern Europe,school,174,persons,False
2006,CZ,jf-survey-2006,チェコ,Czechia,Eastern Europe,multipleStage,,persons,True
2006,CZ,jf-survey-2006,チェコ,Czechia,Eastern Europe,primary,,persons,True
2006,CZ,jf-survey-2006,チェコ,Czechia,Eastern Europe,secondary,,persons,True
2006,CZ,jf-survey-2006,チェコ,Czechia,Eastern Europe,higher,275,persons,False
2006,CZ,jf-survey-2006,チェコ,Czechia,Eastern Europe,other,361,persons,False
2006,HU,jf-survey-2006,ハンガリー,Hungary,Eastern Europe,institutions,35,institutions,False
2006,HU,jf-survey-2006,ハンガリー,Hungary,Eastern Europe,teachers,63,persons,False
2006,HU,jf-survey-2006,ハンガリー,Hungary,Eastern Europe,learners,1411,persons,False
2006,HU,jf-survey-2006,ハンガリー,Hungary,Eastern Europe,school,392,persons,False
2006,HU,jf-survey-2006,ハンガリー,Hungary,Eastern Europe,multipleStage,,persons,True
2006,HU,jf-survey-2006,ハンガリー,Hungary,Eastern Europe,primary,,persons,True
2006,HU,jf-survey-2006,ハンガリー,Hungary,Eastern Europe,secondary,,persons,True
2006,HU,jf-survey-2006,ハンガリー,Hungary,Eastern Europe,higher,728,persons,False
2006,HU,jf-survey-2006,ハンガリー,Hungary,Eastern Europe,other,291,persons,False
2006,BG,jf-survey-2006,ブルガリア,Bulgaria,Eastern Europe,institutions,10,institutions,False
2006,BG,jf-survey-2006,ブルガリア,Bulgaria,Eastern Europe,teachers,28,persons,False
2006,BG,jf-survey-2006,ブルガリア,Bulgaria,Eastern Europe,learners,531,persons,False
2006,BG,jf-survey-2006,ブルガリア,Bulgaria,Eastern Europe,school,344,persons,False
2006,BG,jf-survey-2006,ブルガリア,Bulgaria,Eastern Europe,multipleStage,,persons,True
2006,BG,jf-survey-2006,ブルガリア,Bulgaria,Eastern Europe,primary,,persons,True
2006,BG,jf-survey-2006,ブルガリア,Bulgaria,Eastern Europe,secondary,,persons,True
2006,BG,jf-survey-2006,ブルガリア,Bulgaria,Eastern Europe,higher,142,persons,False
2006,BG,jf-survey-2006,ブルガリア,Bulgaria,Eastern Europe,other,45,persons,False
2006,BY,jf-survey-2006,ベラルーシ,Belarus,Eastern Europe,institutions,4,institutions,False
2006,BY,jf-survey-2006,ベラルーシ,Belarus,Eastern Europe,teachers,10,persons,False
2006,BY,jf-survey-2006,ベラルーシ,Belarus,Eastern Europe,learners,89,persons,False
2006,BY,jf-survey-2006,ベラルーシ,Belarus,Eastern Europe,school,,persons,True
2006,BY,jf-survey-2006,ベラルーシ,Belarus,Eastern Europe,multipleStage,,persons,True
2006,BY,jf-survey-2006,ベラルーシ,Belarus,Eastern Europe,primary,,persons,True
2006,BY,jf-survey-2006,ベラルーシ,Belarus,Eastern Europe,secondary,,persons,True
2006,BY,jf-survey-2006,ベラルーシ,Belarus,Eastern Europe,higher,47,persons,False
2006,BY,jf-survey-2006,ベラルーシ,Belarus,Eastern Europe,other,42,persons,False
2006,PL,jf-survey-2006,ポーランド,Poland,Eastern Europe,institutions,44,institutions,False
2006,PL,jf-survey-2006,ポーランド,Poland,Eastern Europe,teachers,103,persons,False
2006,PL,jf-survey-2006,ポーランド,Poland,Eastern Europe,learners,2265,persons,False
2006,PL,jf-survey-2006,ポーランド,Poland,Eastern Europe,school,356,persons,False
2006,PL,jf-survey-2006,ポーランド,Poland,Eastern Europe,multipleStage,,persons,True
2006,PL,jf-survey-2006,ポーランド,Poland,Eastern Europe,primary,,persons,True
2006,PL,jf-survey-2006,ポーランド,Poland,Eastern Europe,secondary,,persons,True
2006,PL,jf-survey-2006,ポーランド,Poland,Eastern Europe,higher,1293,persons,False
2006,PL,jf-survey-2006,ポーランド,Poland,Eastern Europe,other,616,persons,False
2006,BA,jf-survey-2006,ボスニア・ヘルツェゴビナ,Bosnia & Herzegovina,Eastern Europe,institutions,3,institutions,False
2006,BA,jf-survey-2006,ボスニア・ヘルツェゴビナ,Bosnia & Herzegovina,Eastern Europe,teachers,4,persons,False
2006,BA,jf-survey-2006,ボスニア・ヘルツェゴビナ,Bosnia & Herzegovina,Eastern Europe,learners,90,persons,False
2006,BA,jf-survey-2006,ボスニア・ヘルツェゴビナ,Bosnia & Herzegovina,Eastern Europe,school,20,persons,False
2006,BA,jf-survey-2006,ボスニア・ヘルツェゴビナ,Bosnia & Herzegovina,Eastern Europe,multipleStage,,persons,True
2006,BA,jf-survey-2006,ボスニア・ヘルツェゴビナ,Bosnia & Herzegovina,Eastern Europe,primary,,persons,True
2006,BA,jf-survey-2006,ボスニア・ヘルツェゴビナ,Bosnia & Herzegovina,Eastern Europe,secondary,,persons,True
2006,BA,jf-survey-2006,ボスニア・ヘルツェゴビナ,Bosnia & Herzegovina,Eastern Europe,higher,,persons,True
2006,BA,jf-survey-2006,ボスニア・ヘルツェゴビナ,Bosnia & Herzegovina,Eastern Europe,other,70,persons,False
2006,MD,jf-survey-2006,モルドバ,Moldova,Eastern Europe,institutions,1,institutions,False
2006,MD,jf-survey-2006,モルドバ,Moldova,Eastern Europe,teachers,3,persons,False
2006,MD,jf-survey-2006,モルドバ,Moldova,Eastern Europe,learners,127,persons,False
2006,MD,jf-survey-2006,モルドバ,Moldova,Eastern Europe,school,,persons,True
2006,MD,jf-survey-2006,モルドバ,Moldova,Eastern Europe,multipleStage,,persons,True
2006,MD,jf-survey-2006,モルドバ,Moldova,Eastern Europe,primary,,persons,True
2006,MD,jf-survey-2006,モルドバ,Moldova,Eastern Europe,secondary,,persons,True
2006,MD,jf-survey-2006,モルドバ,Moldova,Eastern Europe,higher,,persons,True
2006,MD,jf-survey-2006,モルドバ,Moldova,Eastern Europe,other,127,persons,False
2006,ME,jf-survey-2006,モンテネグロ,Montenegro,Eastern Europe,institutions,1,institutions,False
2006,ME,jf-survey-2006,モンテネグロ,Montenegro,Eastern Europe,teachers,1,persons,False
2006,ME,jf-survey-2006,モンテネグロ,Montenegro,Eastern Europe,learners,25,persons,False
2006,ME,jf-survey-2006,モンテネグロ,Montenegro,Eastern Europe,school,,persons,True
2006,ME,jf-survey-2006,モンテネグロ,Montenegro,Eastern Europe,multipleStage,,persons,True
2006,ME,jf-survey-2006,モンテネグロ,Montenegro,Eastern Europe,primary,,persons,True
2006,ME,jf-survey-2006,モンテネグロ,Montenegro,Eastern Europe,secondary,,persons,True
2006,ME,jf-survey-2006,モンテネグロ,Montenegro,Eastern Europe,higher,25,persons,False
2006,ME,jf-survey-2006,モンテネグロ,Montenegro,Eastern Europe,other,,persons,True
2006,LV,jf-survey-2006,ラトビア,Latvia,Eastern Europe,institutions,3,institutions,False
2006,LV,jf-survey-2006,ラトビア,Latvia,Eastern Europe,teachers,7,persons,False
2006,LV,jf-survey-2006,ラトビア,Latvia,Eastern Europe,learners,220,persons,False
2006,LV,jf-survey-2006,ラトビア,Latvia,Eastern Europe,school,130,persons,False
2006,LV,jf-survey-2006,ラトビア,Latvia,Eastern Europe,multipleStage,,persons,True
2006,LV,jf-survey-2006,ラトビア,Latvia,Eastern Europe,primary,,persons,True
2006,LV,jf-survey-2006,ラトビア,Latvia,Eastern Europe,secondary,,persons,True
2006,LV,jf-survey-2006,ラトビア,Latvia,Eastern Europe,higher,90,persons,False
2006,LV,jf-survey-2006,ラトビア,Latvia,Eastern Europe,other,0,persons,False
2006,LT,jf-survey-2006,リトアニア,Lithuania,Eastern Europe,institutions,10,institutions,False
2006,LT,jf-survey-2006,リトアニア,Lithuania,Eastern Europe,teachers,14,persons,False
2006,LT,jf-survey-2006,リトアニア,Lithuania,Eastern Europe,learners,310,persons,False
2006,LT,jf-survey-2006,リトアニア,Lithuania,Eastern Europe,school,98,persons,False
2006,LT,jf-survey-2006,リトアニア,Lithuania,Eastern Europe,multipleStage,,persons,True
2006,LT,jf-survey-2006,リトアニア,Lithuania,Eastern Europe,primary,,persons,True
2006,LT,jf-survey-2006,リトアニア,Lithuania,Eastern Europe,secondary,,persons,True
2006,LT,jf-survey-2006,リトアニア,Lithuania,Eastern Europe,higher,184,persons,False
2006,LT,jf-survey-2006,リトアニア,Lithuania,Eastern Europe,other,28,persons,False
2006,RO,jf-survey-2006,ルーマニア,Romania,Eastern Europe,institutions,20,institutions,False
2006,RO,jf-survey-2006,ルーマニア,Romania,Eastern Europe,teachers,43,persons,False
2006,RO,jf-survey-2006,ルーマニア,Romania,Eastern Europe,learners,1751,persons,False
2006,RO,jf-survey-2006,ルーマニア,Romania,Eastern Europe,school,566,persons,False
2006,RO,jf-survey-2006,ルーマニア,Romania,Eastern Europe,multipleStage,,persons,True
2006,RO,jf-survey-2006,ルーマニア,Romania,Eastern Europe,primary,,persons,True
2006,RO,jf-survey-2006,ルーマニア,Romania,Eastern Europe,secondary,,persons,True
2006,RO,jf-survey-2006,ルーマニア,Romania,Eastern Europe,higher,638,persons,False
2006,RO,jf-survey-2006,ルーマニア,Romania,Eastern Europe,other,547,persons,False
2006,RU,jf-survey-2006,ロシア,Russia,Eastern Europe,institutions,156,institutions,False
2006,RU,jf-survey-2006,ロシア,Russia,Eastern Europe,teachers,498,persons,False
2006,RU,jf-survey-2006,ロシア,Russia,Eastern Europe,learners,10116,persons,False
2006,RU,jf-survey-2006,ロシア,Russia,Eastern Europe,school,3338,persons,False
2006,RU,jf-survey-2006,ロシア,Russia,Eastern Europe,multipleStage,,persons,True
2006,RU,jf-survey-2006,ロシア,Russia,Eastern Europe,primary,,persons,True
2006,RU,jf-survey-2006,ロシア,Russia,Eastern Europe,secondary,,persons,True
2006,RU,jf-survey-2006,ロシア,Russia,Eastern Europe,higher,5453,persons,False
2006,RU,jf-survey-2006,ロシア,Russia,Eastern Europe,other,1325,persons,False
2006,AE,jf-survey-2006,アラブ首長国連邦,United Arab Emirates,Middle East,institutions,3,institutions,False
2006,AE,jf-survey-2006,アラブ首長国連邦,United Arab Emirates,Middle East,teachers,5,persons,False
2006,AE,jf-survey-2006,アラブ首長国連邦,United Arab Emirates,Middle East,learners,68,persons,False
2006,AE,jf-survey-2006,アラブ首長国連邦,United Arab Emirates,Middle East,school,,persons,True
2006,AE,jf-survey-2006,アラブ首長国連邦,United Arab Emirates,Middle East,multipleStage,,persons,True
2006,AE,jf-survey-2006,アラブ首長国連邦,United Arab Emirates,Middle East,primary,,persons,True
2006,AE,jf-survey-2006,アラブ首長国連邦,United Arab Emirates,Middle East,secondary,,persons,True
2006,AE,jf-survey-2006,アラブ首長国連邦,United Arab Emirates,Middle East,higher,,persons,True
2006,AE,jf-survey-2006,アラブ首長国連邦,United Arab Emirates,Middle East,other,68,persons,False
2006,YE,jf-survey-2006,イエメン,Yemen,Middle East,institutions,1,institutions,False
2006,YE,jf-survey-2006,イエメン,Yemen,Middle East,teachers,4,persons,False
2006,YE,jf-survey-2006,イエメン,Yemen,Middle East,learners,50,persons,False
2006,YE,jf-survey-2006,イエメン,Yemen,Middle East,school,,persons,True
2006,YE,jf-survey-2006,イエメン,Yemen,Middle East,multipleStage,,persons,True
2006,YE,jf-survey-2006,イエメン,Yemen,Middle East,primary,,persons,True
2006,YE,jf-survey-2006,イエメン,Yemen,Middle East,secondary,,persons,True
2006,YE,jf-survey-2006,イエメン,Yemen,Middle East,higher,,persons,True
2006,YE,jf-survey-2006,イエメン,Yemen,Middle East,other,50,persons,False
2006,IL,jf-survey-2006,イスラエル,Israel,Middle East,institutions,6,institutions,False
2006,IL,jf-survey-2006,イスラエル,Israel,Middle East,teachers,16,persons,False
2006,IL,jf-survey-2006,イスラエル,Israel,Middle East,learners,442,persons,False
2006,IL,jf-survey-2006,イスラエル,Israel,Middle East,school,90,persons,False
2006,IL,jf-survey-2006,イスラエル,Israel,Middle East,multipleStage,,persons,True
2006,IL,jf-survey-2006,イスラエル,Israel,Middle East,primary,,persons,True
2006,IL,jf-survey-2006,イスラエル,Israel,Middle East,secondary,,persons,True
2006,IL,jf-survey-2006,イスラエル,Israel,Middle East,higher,327,persons,False
2006,IL,jf-survey-2006,イスラエル,Israel,Middle East,other,25,persons,False
2006,IR,jf-survey-2006,イラン,Iran,Middle East,institutions,3,institutions,False
2006,IR,jf-survey-2006,イラン,Iran,Middle East,teachers,22,persons,False
2006,IR,jf-survey-2006,イラン,Iran,Middle East,learners,166,persons,False
2006,IR,jf-survey-2006,イラン,Iran,Middle East,school,,persons,True
2006,IR,jf-survey-2006,イラン,Iran,Middle East,multipleStage,,persons,True
2006,IR,jf-survey-2006,イラン,Iran,Middle East,primary,,persons,True
2006,IR,jf-survey-2006,イラン,Iran,Middle East,secondary,,persons,True
2006,IR,jf-survey-2006,イラン,Iran,Middle East,higher,96,persons,False
2006,IR,jf-survey-2006,イラン,Iran,Middle East,other,70,persons,False
2006,OM,jf-survey-2006,オマーン,Oman,Middle East,institutions,1,institutions,False
2006,OM,jf-survey-2006,オマーン,Oman,Middle East,teachers,1,persons,False
2006,OM,jf-survey-2006,オマーン,Oman,Middle East,learners,15,persons,False
2006,OM,jf-survey-2006,オマーン,Oman,Middle East,school,,persons,True
2006,OM,jf-survey-2006,オマーン,Oman,Middle East,multipleStage,,persons,True
2006,OM,jf-survey-2006,オマーン,Oman,Middle East,primary,,persons,True
2006,OM,jf-survey-2006,オマーン,Oman,Middle East,secondary,,persons,True
2006,OM,jf-survey-2006,オマーン,Oman,Middle East,higher,,persons,True
2006,OM,jf-survey-2006,オマーン,Oman,Middle East,other,15,persons,False
2006,QA,jf-survey-2006,カタール,Qatar,Middle East,institutions,2,institutions,False
2006,QA,jf-survey-2006,カタール,Qatar,Middle East,teachers,3,persons,False
2006,QA,jf-survey-2006,カタール,Qatar,Middle East,learners,187,persons,False
2006,QA,jf-survey-2006,カタール,Qatar,Middle East,school,167,persons,False
2006,QA,jf-survey-2006,カタール,Qatar,Middle East,multipleStage,,persons,True
2006,QA,jf-survey-2006,カタール,Qatar,Middle East,primary,,persons,True
2006,QA,jf-survey-2006,カタール,Qatar,Middle East,secondary,,persons,True
2006,QA,jf-survey-2006,カタール,Qatar,Middle East,higher,,persons,True
2006,QA,jf-survey-2006,カタール,Qatar,Middle East,other,20,persons,False
2006,KW,jf-survey-2006,クウェート,Kuwait,Middle East,institutions,1,institutions,False
2006,KW,jf-survey-2006,クウェート,Kuwait,Middle East,teachers,4,persons,False
2006,KW,jf-survey-2006,クウェート,Kuwait,Middle East,learners,50,persons,False
2006,KW,jf-survey-2006,クウェート,Kuwait,Middle East,school,,persons,True
2006,KW,jf-survey-2006,クウェート,Kuwait,Middle East,multipleStage,,persons,True
2006,KW,jf-survey-2006,クウェート,Kuwait,Middle East,primary,,persons,True
2006,KW,jf-survey-2006,クウェート,Kuwait,Middle East,secondary,,persons,True
2006,KW,jf-survey-2006,クウェート,Kuwait,Middle East,higher,,persons,True
2006,KW,jf-survey-2006,クウェート,Kuwait,Middle East,other,50,persons,False
2006,SA,jf-survey-2006,サウジアラビア,Saudi Arabia,Middle East,institutions,1,institutions,False
2006,SA,jf-survey-2006,サウジアラビア,Saudi Arabia,Middle East,teachers,5,persons,False
2006,SA,jf-survey-2006,サウジアラビア,Saudi Arabia,Middle East,learners,40,persons,False
2006,SA,jf-survey-2006,サウジアラビア,Saudi Arabia,Middle East,school,,persons,True
2006,SA,jf-survey-2006,サウジアラビア,Saudi Arabia,Middle East,multipleStage,,persons,True
2006,SA,jf-survey-2006,サウジアラビア,Saudi Arabia,Middle East,primary,,persons,True
2006,SA,jf-survey-2006,サウジアラビア,Saudi Arabia,Middle East,secondary,,persons,True
2006,SA,jf-survey-2006,サウジアラビア,Saudi Arabia,Middle East,higher,40,persons,False
2006,SA,jf-survey-2006,サウジアラビア,Saudi Arabia,Middle East,other,,persons,True
2006,SY,jf-survey-2006,シリア,Syria,Middle East,institutions,3,institutions,False
2006,SY,jf-survey-2006,シリア,Syria,Middle East,teachers,13,persons,False
2006,SY,jf-survey-2006,シリア,Syria,Middle East,learners,180,persons,False
2006,SY,jf-survey-2006,シリア,Syria,Middle East,school,,persons,True
2006,SY,jf-survey-2006,シリア,Syria,Middle East,multipleStage,,persons,True
2006,SY,jf-survey-2006,シリア,Syria,Middle East,primary,,persons,True
2006,SY,jf-survey-2006,シリア,Syria,Middle East,secondary,,persons,True
2006,SY,jf-survey-2006,シリア,Syria,Middle East,higher,180,persons,False
2006,SY,jf-survey-2006,シリア,Syria,Middle East,other,,persons,True
2006,TR,jf-survey-2006,トルコ,Türkiye,Middle East,institutions,25,institutions,False
2006,TR,jf-survey-2006,トルコ,Türkiye,Middle East,teachers,57,persons,False
2006,TR,jf-survey-2006,トルコ,Türkiye,Middle East,learners,1473,persons,False
2006,TR,jf-survey-2006,トルコ,Türkiye,Middle East,school,226,persons,False
2006,TR,jf-survey-2006,トルコ,Türkiye,Middle East,multipleStage,,persons,True
2006,TR,jf-survey-2006,トルコ,Türkiye,Middle East,primary,,persons,True
2006,TR,jf-survey-2006,トルコ,Türkiye,Middle East,secondary,,persons,True
2006,TR,jf-survey-2006,トルコ,Türkiye,Middle East,higher,862,persons,False
2006,TR,jf-survey-2006,トルコ,Türkiye,Middle East,other,385,persons,False
2006,BH,jf-survey-2006,バーレーン,Bahrain,Middle East,institutions,2,institutions,False
2006,BH,jf-survey-2006,バーレーン,Bahrain,Middle East,teachers,2,persons,False
2006,BH,jf-survey-2006,バーレーン,Bahrain,Middle East,learners,76,persons,False
2006,BH,jf-survey-2006,バーレーン,Bahrain,Middle East,school,,persons,True
2006,BH,jf-survey-2006,バーレーン,Bahrain,Middle East,multipleStage,,persons,True
2006,BH,jf-survey-2006,バーレーン,Bahrain,Middle East,primary,,persons,True
2006,BH,jf-survey-2006,バーレーン,Bahrain,Middle East,secondary,,persons,True
2006,BH,jf-survey-2006,バーレーン,Bahrain,Middle East,higher,51,persons,False
2006,BH,jf-survey-2006,バーレーン,Bahrain,Middle East,other,25,persons,False
2006,JO,jf-survey-2006,ヨルダン,Jordan,Middle East,institutions,2,institutions,False
2006,JO,jf-survey-2006,ヨルダン,Jordan,Middle East,teachers,5,persons,False
2006,JO,jf-survey-2006,ヨルダン,Jordan,Middle East,learners,125,persons,False
2006,JO,jf-survey-2006,ヨルダン,Jordan,Middle East,school,,persons,True
2006,JO,jf-survey-2006,ヨルダン,Jordan,Middle East,multipleStage,,persons,True
2006,JO,jf-survey-2006,ヨルダン,Jordan,Middle East,primary,,persons,True
2006,JO,jf-survey-2006,ヨルダン,Jordan,Middle East,secondary,,persons,True
2006,JO,jf-survey-2006,ヨルダン,Jordan,Middle East,higher,40,persons,False
2006,JO,jf-survey-2006,ヨルダン,Jordan,Middle East,other,85,persons,False
2006,LB,jf-survey-2006,レバノン,Lebanon,Middle East,institutions,1,institutions,False
2006,LB,jf-survey-2006,レバノン,Lebanon,Middle East,teachers,1,persons,False
2006,LB,jf-survey-2006,レバノン,Lebanon,Middle East,learners,34,persons,False
2006,LB,jf-survey-2006,レバノン,Lebanon,Middle East,school,,persons,True
2006,LB,jf-survey-2006,レバノン,Lebanon,Middle East,multipleStage,,persons,True
2006,LB,jf-survey-2006,レバノン,Lebanon,Middle East,primary,,persons,True
2006,LB,jf-survey-2006,レバノン,Lebanon,Middle East,secondary,,persons,True
2006,LB,jf-survey-2006,レバノン,Lebanon,Middle East,higher,34,persons,False
2006,LB,jf-survey-2006,レバノン,Lebanon,Middle East,other,,persons,True
2006,EG,jf-survey-2006,エジプト,Egypt,North Africa,institutions,16,institutions,False
2006,EG,jf-survey-2006,エジプト,Egypt,North Africa,teachers,61,persons,False
2006,EG,jf-survey-2006,エジプト,Egypt,North Africa,learners,875,persons,False
2006,EG,jf-survey-2006,エジプト,Egypt,North Africa,school,,persons,True
2006,EG,jf-survey-2006,エジプト,Egypt,North Africa,multipleStage,,persons,True
2006,EG,jf-survey-2006,エジプト,Egypt,North Africa,primary,,persons,True
2006,EG,jf-survey-2006,エジプト,Egypt,North Africa,secondary,,persons,True
2006,EG,jf-survey-2006,エジプト,Egypt,North Africa,higher,510,persons,False
2006,EG,jf-survey-2006,エジプト,Egypt,North Africa,other,365,persons,False
2006,SD,jf-survey-2006,スーダン,Sudan,North Africa,institutions,1,institutions,False
2006,SD,jf-survey-2006,スーダン,Sudan,North Africa,teachers,0,persons,False
2006,SD,jf-survey-2006,スーダン,Sudan,North Africa,learners,0,persons,False
2006,SD,jf-survey-2006,スーダン,Sudan,North Africa,school,,persons,True
2006,SD,jf-survey-2006,スーダン,Sudan,North Africa,multipleStage,,persons,True
2006,SD,jf-survey-2006,スーダン,Sudan,North Africa,primary,,persons,True
2006,SD,jf-survey-2006,スーダン,Sudan,North Africa,secondary,,persons,True
2006,SD,jf-survey-2006,スーダン,Sudan,North Africa,higher,,persons,True
2006,SD,jf-survey-2006,スーダン,Sudan,North Africa,other,0,persons,False
2006,TN,jf-survey-2006,チュニジア,Tunisia,North Africa,institutions,3,institutions,False
2006,TN,jf-survey-2006,チュニジア,Tunisia,North Africa,teachers,6,persons,False
2006,TN,jf-survey-2006,チュニジア,Tunisia,North Africa,learners,287,persons,False
2006,TN,jf-survey-2006,チュニジア,Tunisia,North Africa,school,,persons,True
2006,TN,jf-survey-2006,チュニジア,Tunisia,North Africa,multipleStage,,persons,True
2006,TN,jf-survey-2006,チュニジア,Tunisia,North Africa,primary,,persons,True
2006,TN,jf-survey-2006,チュニジア,Tunisia,North Africa,secondary,,persons,True
2006,TN,jf-survey-2006,チュニジア,Tunisia,North Africa,higher,287,persons,False
2006,TN,jf-survey-2006,チュニジア,Tunisia,North Africa,other,,persons,True
2006,MA,jf-survey-2006,モロッコ,Morocco,North Africa,institutions,4,institutions,False
2006,MA,jf-survey-2006,モロッコ,Morocco,North Africa,teachers,5,persons,False
2006,MA,jf-survey-2006,モロッコ,Morocco,North Africa,learners,286,persons,False
2006,MA,jf-survey-2006,モロッコ,Morocco,North Africa,school,,persons,True
2006,MA,jf-survey-2006,モロッコ,Morocco,North Africa,multipleStage,,persons,True
2006,MA,jf-survey-2006,モロッコ,Morocco,North Africa,primary,,persons,True
2006,MA,jf-survey-2006,モロッコ,Morocco,North Africa,secondary,,persons,True
2006,MA,jf-survey-2006,モロッコ,Morocco,North Africa,higher,286,persons,False
2006,MA,jf-survey-2006,モロッコ,Morocco,North Africa,other,,persons,True
2006,UG,jf-survey-2006,ウガンダ,Uganda,Africa,institutions,2,institutions,False
2006,UG,jf-survey-2006,ウガンダ,Uganda,Africa,teachers,2,persons,False
2006,UG,jf-survey-2006,ウガンダ,Uganda,Africa,learners,50,persons,False
2006,UG,jf-survey-2006,ウガンダ,Uganda,Africa,school,,persons,True
2006,UG,jf-survey-2006,ウガンダ,Uganda,Africa,multipleStage,,persons,True
2006,UG,jf-survey-2006,ウガンダ,Uganda,Africa,primary,,persons,True
2006,UG,jf-survey-2006,ウガンダ,Uganda,Africa,secondary,,persons,True
2006,UG,jf-survey-2006,ウガンダ,Uganda,Africa,higher,20,persons,False
2006,UG,jf-survey-2006,ウガンダ,Uganda,Africa,other,30,persons,False
2006,GH,jf-survey-2006,ガーナ,Ghana,Africa,institutions,2,institutions,False
2006,GH,jf-survey-2006,ガーナ,Ghana,Africa,teachers,5,persons,False
2006,GH,jf-survey-2006,ガーナ,Ghana,Africa,learners,1921,persons,False
2006,GH,jf-survey-2006,ガーナ,Ghana,Africa,school,,persons,True
2006,GH,jf-survey-2006,ガーナ,Ghana,Africa,multipleStage,,persons,True
2006,GH,jf-survey-2006,ガーナ,Ghana,Africa,primary,,persons,True
2006,GH,jf-survey-2006,ガーナ,Ghana,Africa,secondary,,persons,True
2006,GH,jf-survey-2006,ガーナ,Ghana,Africa,higher,10,persons,False
2006,GH,jf-survey-2006,ガーナ,Ghana,Africa,other,1911,persons,False
2006,GA,jf-survey-2006,ガボン,Gabon,Africa,institutions,1,institutions,False
2006,GA,jf-survey-2006,ガボン,Gabon,Africa,teachers,2,persons,False
2006,GA,jf-survey-2006,ガボン,Gabon,Africa,learners,78,persons,False
2006,GA,jf-survey-2006,ガボン,Gabon,Africa,school,78,persons,False
2006,GA,jf-survey-2006,ガボン,Gabon,Africa,multipleStage,,persons,True
2006,GA,jf-survey-2006,ガボン,Gabon,Africa,primary,,persons,True
2006,GA,jf-survey-2006,ガボン,Gabon,Africa,secondary,,persons,True
2006,GA,jf-survey-2006,ガボン,Gabon,Africa,higher,,persons,True
2006,GA,jf-survey-2006,ガボン,Gabon,Africa,other,,persons,True
2006,KE,jf-survey-2006,ケニア,Kenya,Africa,institutions,8,institutions,False
2006,KE,jf-survey-2006,ケニア,Kenya,Africa,teachers,17,persons,False
2006,KE,jf-survey-2006,ケニア,Kenya,Africa,learners,439,persons,False
2006,KE,jf-survey-2006,ケニア,Kenya,Africa,school,,persons,True
2006,KE,jf-survey-2006,ケニア,Kenya,Africa,multipleStage,,persons,True
2006,KE,jf-survey-2006,ケニア,Kenya,Africa,primary,,persons,True
2006,KE,jf-survey-2006,ケニア,Kenya,Africa,secondary,,persons,True
2006,KE,jf-survey-2006,ケニア,Kenya,Africa,higher,402,persons,False
2006,KE,jf-survey-2006,ケニア,Kenya,Africa,other,37,persons,False
2006,CD,jf-survey-2006,コンゴ民主共和国,Congo - Kinshasa,Africa,institutions,1,institutions,False
2006,CD,jf-survey-2006,コンゴ民主共和国,Congo - Kinshasa,Africa,teachers,2,persons,False
2006,CD,jf-survey-2006,コンゴ民主共和国,Congo - Kinshasa,Africa,learners,10,persons,False
2006,CD,jf-survey-2006,コンゴ民主共和国,Congo - Kinshasa,Africa,school,,persons,True
2006,CD,jf-survey-2006,コンゴ民主共和国,Congo - Kinshasa,Africa,multipleStage,,persons,True
2006,CD,jf-survey-2006,コンゴ民主共和国,Congo - Kinshasa,Africa,primary,,persons,True
2006,CD,jf-survey-2006,コンゴ民主共和国,Congo - Kinshasa,Africa,secondary,,persons,True
2006,CD,jf-survey-2006,コンゴ民主共和国,Congo - Kinshasa,Africa,higher,10,persons,False
2006,CD,jf-survey-2006,コンゴ民主共和国,Congo - Kinshasa,Africa,other,,persons,True
2006,SN,jf-survey-2006,セネガル,Senegal,Africa,institutions,2,institutions,False
2006,SN,jf-survey-2006,セネガル,Senegal,Africa,teachers,2,persons,False
2006,SN,jf-survey-2006,セネガル,Senegal,Africa,learners,325,persons,False
2006,SN,jf-survey-2006,セネガル,Senegal,Africa,school,,persons,True
2006,SN,jf-survey-2006,セネガル,Senegal,Africa,multipleStage,,persons,True
2006,SN,jf-survey-2006,セネガル,Senegal,Africa,primary,,persons,True
2006,SN,jf-survey-2006,セネガル,Senegal,Africa,secondary,,persons,True
2006,SN,jf-survey-2006,セネガル,Senegal,Africa,higher,240,persons,False
2006,SN,jf-survey-2006,セネガル,Senegal,Africa,other,85,persons,False
2006,CF,jf-survey-2006,中央アフリカ,Central African Republic,Africa,institutions,3,institutions,False
2006,CF,jf-survey-2006,中央アフリカ,Central African Republic,Africa,teachers,3,persons,False
2006,CF,jf-survey-2006,中央アフリカ,Central African Republic,Africa,learners,0,persons,False
2006,CF,jf-survey-2006,中央アフリカ,Central African Republic,Africa,school,0,persons,False
2006,CF,jf-survey-2006,中央アフリカ,Central African Republic,Africa,multipleStage,,persons,True
2006,CF,jf-survey-2006,中央アフリカ,Central African Republic,Africa,primary,,persons,True
2006,CF,jf-survey-2006,中央アフリカ,Central African Republic,Africa,secondary,,persons,True
2006,CF,jf-survey-2006,中央アフリカ,Central African Republic,Africa,higher,0,persons,False
2006,CF,jf-survey-2006,中央アフリカ,Central African Republic,Africa,other,,persons,True
2006,BJ,jf-survey-2006,ベナン,Benin,Africa,institutions,1,institutions,False
2006,BJ,jf-survey-2006,ベナン,Benin,Africa,teachers,2,persons,False
2006,BJ,jf-survey-2006,ベナン,Benin,Africa,learners,130,persons,False
2006,BJ,jf-survey-2006,ベナン,Benin,Africa,school,,persons,True
2006,BJ,jf-survey-2006,ベナン,Benin,Africa,multipleStage,,persons,True
2006,BJ,jf-survey-2006,ベナン,Benin,Africa,primary,,persons,True
2006,BJ,jf-survey-2006,ベナン,Benin,Africa,secondary,,persons,True
2006,BJ,jf-survey-2006,ベナン,Benin,Africa,higher,,persons,True
2006,BJ,jf-survey-2006,ベナン,Benin,Africa,other,130,persons,False
2006,BW,jf-survey-2006,ボツワナ,Botswana,Africa,institutions,1,institutions,False
2006,BW,jf-survey-2006,ボツワナ,Botswana,Africa,teachers,2,persons,False
2006,BW,jf-survey-2006,ボツワナ,Botswana,Africa,learners,10,persons,False
2006,BW,jf-survey-2006,ボツワナ,Botswana,Africa,school,,persons,True
2006,BW,jf-survey-2006,ボツワナ,Botswana,Africa,multipleStage,,persons,True
2006,BW,jf-survey-2006,ボツワナ,Botswana,Africa,primary,,persons,True
2006,BW,jf-survey-2006,ボツワナ,Botswana,Africa,secondary,,persons,True
2006,BW,jf-survey-2006,ボツワナ,Botswana,Africa,higher,,persons,True
2006,BW,jf-survey-2006,ボツワナ,Botswana,Africa,other,10,persons,False
2006,MG,jf-survey-2006,マダガスカル,Madagascar,Africa,institutions,12,institutions,False
2006,MG,jf-survey-2006,マダガスカル,Madagascar,Africa,teachers,25,persons,False
2006,MG,jf-survey-2006,マダガスカル,Madagascar,Africa,learners,1341,persons,False
2006,MG,jf-survey-2006,マダガスカル,Madagascar,Africa,school,276,persons,False
2006,MG,jf-survey-2006,マダガスカル,Madagascar,Africa,multipleStage,,persons,True
2006,MG,jf-survey-2006,マダガスカル,Madagascar,Africa,primary,,persons,True
2006,MG,jf-survey-2006,マダガスカル,Madagascar,Africa,secondary,,persons,True
2006,MG,jf-survey-2006,マダガスカル,Madagascar,Africa,higher,910,persons,False
2006,MG,jf-survey-2006,マダガスカル,Madagascar,Africa,other,155,persons,False
2006,ZA,jf-survey-2006,南アフリカ,South Africa,Africa,institutions,2,institutions,False
2006,ZA,jf-survey-2006,南アフリカ,South Africa,Africa,teachers,2,persons,False
2006,ZA,jf-survey-2006,南アフリカ,South Africa,Africa,learners,57,persons,False
2006,ZA,jf-survey-2006,南アフリカ,South Africa,Africa,school,,persons,True
2006,ZA,jf-survey-2006,南アフリカ,South Africa,Africa,multipleStage,,persons,True
2006,ZA,jf-survey-2006,南アフリカ,South Africa,Africa,primary,,persons,True
2006,ZA,jf-survey-2006,南アフリカ,South Africa,Africa,secondary,,persons,True
2006,ZA,jf-survey-2006,南アフリカ,South Africa,Africa,higher,,persons,True
2006,ZA,jf-survey-2006,南アフリカ,South Africa,Africa,other,57,persons,False
2009,KR,jf-survey-2009,韓国,South Korea,East Asia,institutions,3799,institutions,False
2009,KR,jf-survey-2009,韓国,South Korea,East Asia,teachers,6577,persons,False
2009,KR,jf-survey-2009,韓国,South Korea,East Asia,learners,964014,persons,False
2009,KR,jf-survey-2009,韓国,South Korea,East Asia,school,871757,persons,False
2009,KR,jf-survey-2009,韓国,South Korea,East Asia,multipleStage,0,persons,False
2009,KR,jf-survey-2009,韓国,South Korea,East Asia,primary,557,persons,False
2009,KR,jf-survey-2009,韓国,South Korea,East Asia,secondary,871200,persons,False
2009,KR,jf-survey-2009,韓国,South Korea,East Asia,higher,59401,persons,False
2009,KR,jf-survey-2009,韓国,South Korea,East Asia,other,32856,persons,False
2009,TW,jf-survey-2009,台湾,Taiwan,East Asia,institutions,927,institutions,False
2009,TW,jf-survey-2009,台湾,Taiwan,East Asia,teachers,3938,persons,False
2009,TW,jf-survey-2009,台湾,Taiwan,East Asia,learners,247641,persons,False
2009,TW,jf-survey-2009,台湾,Taiwan,East Asia,school,79579,persons,False
2009,TW,jf-survey-2009,台湾,Taiwan,East Asia,multipleStage,0,persons,False
2009,TW,jf-survey-2009,台湾,Taiwan,East Asia,primary,2440,persons,False
2009,TW,jf-survey-2009,台湾,Taiwan,East Asia,secondary,77139,persons,False
2009,TW,jf-survey-2009,台湾,Taiwan,East Asia,higher,119898,persons,False
2009,TW,jf-survey-2009,台湾,Taiwan,East Asia,other,48164,persons,False
2009,CN,jf-survey-2009,中国,China,East Asia,institutions,1708,institutions,False
2009,CN,jf-survey-2009,中国,China,East Asia,teachers,15613,persons,False
2009,CN,jf-survey-2009,中国,China,East Asia,learners,827171,persons,False
2009,CN,jf-survey-2009,中国,China,East Asia,school,61888,persons,False
2009,CN,jf-survey-2009,中国,China,East Asia,multipleStage,40579,persons,False
2009,CN,jf-survey-2009,中国,China,East Asia,primary,2362,persons,False
2009,CN,jf-survey-2009,中国,China,East Asia,secondary,59526,persons,False
2009,CN,jf-survey-2009,中国,China,East Asia,higher,529508,persons,False
2009,CN,jf-survey-2009,中国,China,East Asia,other,195196,persons,False
2009,HK,jf-survey-2009,香港,Hong Kong SAR China,East Asia,institutions,78,institutions,False
2009,HK,jf-survey-2009,香港,Hong Kong SAR China,East Asia,teachers,734,persons,False
2009,HK,jf-survey-2009,香港,Hong Kong SAR China,East Asia,learners,28224,persons,False
2009,HK,jf-survey-2009,香港,Hong Kong SAR China,East Asia,school,2375,persons,False
2009,HK,jf-survey-2009,香港,Hong Kong SAR China,East Asia,multipleStage,3096,persons,False
2009,HK,jf-survey-2009,香港,Hong Kong SAR China,East Asia,primary,450,persons,False
2009,HK,jf-survey-2009,香港,Hong Kong SAR China,East Asia,secondary,1925,persons,False
2009,HK,jf-survey-2009,香港,Hong Kong SAR China,East Asia,higher,2887,persons,False
2009,HK,jf-survey-2009,香港,Hong Kong SAR China,East Asia,other,19866,persons,False
2009,MO,jf-survey-2009,マカオ,Macao SAR China,East Asia,institutions,5,institutions,False
2009,MO,jf-survey-2009,マカオ,Macao SAR China,East Asia,teachers,42,persons,False
2009,MO,jf-survey-2009,マカオ,Macao SAR China,East Asia,learners,1240,persons,False
2009,MO,jf-survey-2009,マカオ,Macao SAR China,East Asia,school,0,persons,False
2009,MO,jf-survey-2009,マカオ,Macao SAR China,East Asia,multipleStage,0,persons,False
2009,MO,jf-survey-2009,マカオ,Macao SAR China,East Asia,primary,0,persons,False
2009,MO,jf-survey-2009,マカオ,Macao SAR China,East Asia,secondary,0,persons,False
2009,MO,jf-survey-2009,マカオ,Macao SAR China,East Asia,higher,560,persons,False
2009,MO,jf-survey-2009,マカオ,Macao SAR China,East Asia,other,680,persons,False
2009,MN,jf-survey-2009,モンゴル,Mongolia,East Asia,institutions,66,institutions,False
2009,MN,jf-survey-2009,モンゴル,Mongolia,East Asia,teachers,238,persons,False
2009,MN,jf-survey-2009,モンゴル,Mongolia,East Asia,learners,11604,persons,False
2009,MN,jf-survey-2009,モンゴル,Mongolia,East Asia,school,1550,persons,False
2009,MN,jf-survey-2009,モンゴル,Mongolia,East Asia,multipleStage,3539,persons,False
2009,MN,jf-survey-2009,モンゴル,Mongolia,East Asia,primary,38,persons,False
2009,MN,jf-survey-2009,モンゴル,Mongolia,East Asia,secondary,1512,persons,False
2009,MN,jf-survey-2009,モンゴル,Mongolia,East Asia,higher,4155,persons,False
2009,MN,jf-survey-2009,モンゴル,Mongolia,East Asia,other,2360,persons,False
2009,ID,jf-survey-2009,インドネシア,Indonesia,Southeast Asia,institutions,1988,institutions,False
2009,ID,jf-survey-2009,インドネシア,Indonesia,Southeast Asia,teachers,4089,persons,False
2009,ID,jf-survey-2009,インドネシア,Indonesia,Southeast Asia,learners,716353,persons,False
2009,ID,jf-survey-2009,インドネシア,Indonesia,Southeast Asia,school,683015,persons,False
2009,ID,jf-survey-2009,インドネシア,Indonesia,Southeast Asia,multipleStage,5444,persons,False
2009,ID,jf-survey-2009,インドネシア,Indonesia,Southeast Asia,primary,3353,persons,False
2009,ID,jf-survey-2009,インドネシア,Indonesia,Southeast Asia,secondary,679662,persons,False
2009,ID,jf-survey-2009,インドネシア,Indonesia,Southeast Asia,higher,17976,persons,False
2009,ID,jf-survey-2009,インドネシア,Indonesia,Southeast Asia,other,9918,persons,False
2009,KH,jf-survey-2009,カンボジア,Cambodia,Southeast Asia,institutions,22,institutions,False
2009,KH,jf-survey-2009,カンボジア,Cambodia,Southeast Asia,teachers,127,persons,False
2009,KH,jf-survey-2009,カンボジア,Cambodia,Southeast Asia,learners,2822,persons,False
2009,KH,jf-survey-2009,カンボジア,Cambodia,Southeast Asia,school,991,persons,False
2009,KH,jf-survey-2009,カンボジア,Cambodia,Southeast Asia,multipleStage,132,persons,False
2009,KH,jf-survey-2009,カンボジア,Cambodia,Southeast Asia,primary,0,persons,False
2009,KH,jf-survey-2009,カンボジア,Cambodia,Southeast Asia,secondary,991,persons,False
2009,KH,jf-survey-2009,カンボジア,Cambodia,Southeast Asia,higher,701,persons,False
2009,KH,jf-survey-2009,カンボジア,Cambodia,Southeast Asia,other,998,persons,False
2009,SG,jf-survey-2009,シンガポール,Singapore,Southeast Asia,institutions,34,institutions,False
2009,SG,jf-survey-2009,シンガポール,Singapore,Southeast Asia,teachers,225,persons,False
2009,SG,jf-survey-2009,シンガポール,Singapore,Southeast Asia,learners,15864,persons,False
2009,SG,jf-survey-2009,シンガポール,Singapore,Southeast Asia,school,1721,persons,False
2009,SG,jf-survey-2009,シンガポール,Singapore,Southeast Asia,multipleStage,275,persons,False
2009,SG,jf-survey-2009,シンガポール,Singapore,Southeast Asia,primary,0,persons,False
2009,SG,jf-survey-2009,シンガポール,Singapore,Southeast Asia,secondary,1721,persons,False
2009,SG,jf-survey-2009,シンガポール,Singapore,Southeast Asia,higher,5795,persons,False
2009,SG,jf-survey-2009,シンガポール,Singapore,Southeast Asia,other,8073,persons,False
2009,TH,jf-survey-2009,タイ,Thailand,Southeast Asia,institutions,377,institutions,False
2009,TH,jf-survey-2009,タイ,Thailand,Southeast Asia,teachers,1240,persons,False
2009,TH,jf-survey-2009,タイ,Thailand,Southeast Asia,learners,78802,persons,False
2009,TH,jf-survey-2009,タイ,Thailand,Southeast Asia,school,39369,persons,False
2009,TH,jf-survey-2009,タイ,Thailand,Southeast Asia,multipleStage,6567,persons,False
2009,TH,jf-survey-2009,タイ,Thailand,Southeast Asia,primary,684,persons,False
2009,TH,jf-survey-2009,タイ,Thailand,Southeast Asia,secondary,38685,persons,False
2009,TH,jf-survey-2009,タイ,Thailand,Southeast Asia,higher,21915,persons,False
2009,TH,jf-survey-2009,タイ,Thailand,Southeast Asia,other,10951,persons,False
2009,PH,jf-survey-2009,フィリピン,Philippines,Southeast Asia,institutions,156,institutions,False
2009,PH,jf-survey-2009,フィリピン,Philippines,Southeast Asia,teachers,422,persons,False
2009,PH,jf-survey-2009,フィリピン,Philippines,Southeast Asia,learners,22362,persons,False
2009,PH,jf-survey-2009,フィリピン,Philippines,Southeast Asia,school,1218,persons,False
2009,PH,jf-survey-2009,フィリピン,Philippines,Southeast Asia,multipleStage,4984,persons,False
2009,PH,jf-survey-2009,フィリピン,Philippines,Southeast Asia,primary,0,persons,False
2009,PH,jf-survey-2009,フィリピン,Philippines,Southeast Asia,secondary,1218,persons,False
2009,PH,jf-survey-2009,フィリピン,Philippines,Southeast Asia,higher,11107,persons,False
2009,PH,jf-survey-2009,フィリピン,Philippines,Southeast Asia,other,5053,persons,False
2009,BN,jf-survey-2009,ブルネイ,Brunei,Southeast Asia,institutions,2,institutions,False
2009,BN,jf-survey-2009,ブルネイ,Brunei,Southeast Asia,teachers,5,persons,False
2009,BN,jf-survey-2009,ブルネイ,Brunei,Southeast Asia,learners,244,persons,False
2009,BN,jf-survey-2009,ブルネイ,Brunei,Southeast Asia,school,0,persons,False
2009,BN,jf-survey-2009,ブルネイ,Brunei,Southeast Asia,multipleStage,120,persons,False
2009,BN,jf-survey-2009,ブルネイ,Brunei,Southeast Asia,primary,0,persons,False
2009,BN,jf-survey-2009,ブルネイ,Brunei,Southeast Asia,secondary,0,persons,False
2009,BN,jf-survey-2009,ブルネイ,Brunei,Southeast Asia,higher,0,persons,False
2009,BN,jf-survey-2009,ブルネイ,Brunei,Southeast Asia,other,124,persons,False
2009,VN,jf-survey-2009,ベトナム,Vietnam,Southeast Asia,institutions,176,institutions,False
2009,VN,jf-survey-2009,ベトナム,Vietnam,Southeast Asia,teachers,1565,persons,False
2009,VN,jf-survey-2009,ベトナム,Vietnam,Southeast Asia,learners,44272,persons,False
2009,VN,jf-survey-2009,ベトナム,Vietnam,Southeast Asia,school,3238,persons,False
2009,VN,jf-survey-2009,ベトナム,Vietnam,Southeast Asia,multipleStage,1887,persons,False
2009,VN,jf-survey-2009,ベトナム,Vietnam,Southeast Asia,primary,0,persons,False
2009,VN,jf-survey-2009,ベトナム,Vietnam,Southeast Asia,secondary,3238,persons,False
2009,VN,jf-survey-2009,ベトナム,Vietnam,Southeast Asia,higher,13637,persons,False
2009,VN,jf-survey-2009,ベトナム,Vietnam,Southeast Asia,other,25510,persons,False
2009,MY,jf-survey-2009,マレーシア,Malaysia,Southeast Asia,institutions,124,institutions,False
2009,MY,jf-survey-2009,マレーシア,Malaysia,Southeast Asia,teachers,388,persons,False
2009,MY,jf-survey-2009,マレーシア,Malaysia,Southeast Asia,learners,22856,persons,False
2009,MY,jf-survey-2009,マレーシア,Malaysia,Southeast Asia,school,12025,persons,False
2009,MY,jf-survey-2009,マレーシア,Malaysia,Southeast Asia,multipleStage,180,persons,False
2009,MY,jf-survey-2009,マレーシア,Malaysia,Southeast Asia,primary,0,persons,False
2009,MY,jf-survey-2009,マレーシア,Malaysia,Southeast Asia,secondary,12025,persons,False
2009,MY,jf-survey-2009,マレーシア,Malaysia,Southeast Asia,higher,7441,persons,False
2009,MY,jf-survey-2009,マレーシア,Malaysia,Southeast Asia,other,3210,persons,False
2009,MM,jf-survey-2009,ミャンマー,Myanmar (Burma),Southeast Asia,institutions,28,institutions,False
2009,MM,jf-survey-2009,ミャンマー,Myanmar (Burma),Southeast Asia,teachers,189,persons,False
2009,MM,jf-survey-2009,ミャンマー,Myanmar (Burma),Southeast Asia,learners,4131,persons,False
2009,MM,jf-survey-2009,ミャンマー,Myanmar (Burma),Southeast Asia,school,0,persons,False
2009,MM,jf-survey-2009,ミャンマー,Myanmar (Burma),Southeast Asia,multipleStage,0,persons,False
2009,MM,jf-survey-2009,ミャンマー,Myanmar (Burma),Southeast Asia,primary,0,persons,False
2009,MM,jf-survey-2009,ミャンマー,Myanmar (Burma),Southeast Asia,secondary,0,persons,False
2009,MM,jf-survey-2009,ミャンマー,Myanmar (Burma),Southeast Asia,higher,882,persons,False
2009,MM,jf-survey-2009,ミャンマー,Myanmar (Burma),Southeast Asia,other,3249,persons,False
2009,LA,jf-survey-2009,ラオス,Laos,Southeast Asia,institutions,6,institutions,False
2009,LA,jf-survey-2009,ラオス,Laos,Southeast Asia,teachers,27,persons,False
2009,LA,jf-survey-2009,ラオス,Laos,Southeast Asia,learners,540,persons,False
2009,LA,jf-survey-2009,ラオス,Laos,Southeast Asia,school,0,persons,False
2009,LA,jf-survey-2009,ラオス,Laos,Southeast Asia,multipleStage,0,persons,False
2009,LA,jf-survey-2009,ラオス,Laos,Southeast Asia,primary,0,persons,False
2009,LA,jf-survey-2009,ラオス,Laos,Southeast Asia,secondary,0,persons,False
2009,LA,jf-survey-2009,ラオス,Laos,Southeast Asia,higher,90,persons,False
2009,LA,jf-survey-2009,ラオス,Laos,Southeast Asia,other,450,persons,False
2009,IN,jf-survey-2009,インド,India,South Asia,institutions,170,institutions,False
2009,IN,jf-survey-2009,インド,India,South Asia,teachers,484,persons,False
2009,IN,jf-survey-2009,インド,India,South Asia,learners,18372,persons,False
2009,IN,jf-survey-2009,インド,India,South Asia,school,3147,persons,False
2009,IN,jf-survey-2009,インド,India,South Asia,multipleStage,2436,persons,False
2009,IN,jf-survey-2009,インド,India,South Asia,primary,857,persons,False
2009,IN,jf-survey-2009,インド,India,South Asia,secondary,2290,persons,False
2009,IN,jf-survey-2009,インド,India,South Asia,higher,4253,persons,False
2009,IN,jf-survey-2009,インド,India,South Asia,other,8536,persons,False
2009,LK,jf-survey-2009,スリランカ,Sri Lanka,South Asia,institutions,82,institutions,False
2009,LK,jf-survey-2009,スリランカ,Sri Lanka,South Asia,teachers,157,persons,False
2009,LK,jf-survey-2009,スリランカ,Sri Lanka,South Asia,learners,12430,persons,False
2009,LK,jf-survey-2009,スリランカ,Sri Lanka,South Asia,school,5397,persons,False
2009,LK,jf-survey-2009,スリランカ,Sri Lanka,South Asia,multipleStage,3782,persons,False
2009,LK,jf-survey-2009,スリランカ,Sri Lanka,South Asia,primary,0,persons,False
2009,LK,jf-survey-2009,スリランカ,Sri Lanka,South Asia,secondary,5397,persons,False
2009,LK,jf-survey-2009,スリランカ,Sri Lanka,South Asia,higher,237,persons,False
2009,LK,jf-survey-2009,スリランカ,Sri Lanka,South Asia,other,3014,persons,False
2009,NP,jf-survey-2009,ネパール,Nepal,South Asia,institutions,42,institutions,False
2009,NP,jf-survey-2009,ネパール,Nepal,South Asia,teachers,217,persons,False
2009,NP,jf-survey-2009,ネパール,Nepal,South Asia,learners,3748,persons,False
2009,NP,jf-survey-2009,ネパール,Nepal,South Asia,school,40,persons,False
2009,NP,jf-survey-2009,ネパール,Nepal,South Asia,multipleStage,250,persons,False
2009,NP,jf-survey-2009,ネパール,Nepal,South Asia,primary,0,persons,False
2009,NP,jf-survey-2009,ネパール,Nepal,South Asia,secondary,40,persons,False
2009,NP,jf-survey-2009,ネパール,Nepal,South Asia,higher,500,persons,False
2009,NP,jf-survey-2009,ネパール,Nepal,South Asia,other,2958,persons,False
2009,PK,jf-survey-2009,パキスタン,Pakistan,South Asia,institutions,4,institutions,False
2009,PK,jf-survey-2009,パキスタン,Pakistan,South Asia,teachers,14,persons,False
2009,PK,jf-survey-2009,パキスタン,Pakistan,South Asia,learners,74,persons,False
2009,PK,jf-survey-2009,パキスタン,Pakistan,South Asia,school,0,persons,False
2009,PK,jf-survey-2009,パキスタン,Pakistan,South Asia,multipleStage,0,persons,False
2009,PK,jf-survey-2009,パキスタン,Pakistan,South Asia,primary,0,persons,False
2009,PK,jf-survey-2009,パキスタン,Pakistan,South Asia,secondary,0,persons,False
2009,PK,jf-survey-2009,パキスタン,Pakistan,South Asia,higher,27,persons,False
2009,PK,jf-survey-2009,パキスタン,Pakistan,South Asia,other,47,persons,False
2009,BD,jf-survey-2009,バングラデシュ,Bangladesh,South Asia,institutions,23,institutions,False
2009,BD,jf-survey-2009,バングラデシュ,Bangladesh,South Asia,teachers,62,persons,False
2009,BD,jf-survey-2009,バングラデシュ,Bangladesh,South Asia,learners,777,persons,False
2009,BD,jf-survey-2009,バングラデシュ,Bangladesh,South Asia,school,60,persons,False
2009,BD,jf-survey-2009,バングラデシュ,Bangladesh,South Asia,multipleStage,70,persons,False
2009,BD,jf-survey-2009,バングラデシュ,Bangladesh,South Asia,primary,0,persons,False
2009,BD,jf-survey-2009,バングラデシュ,Bangladesh,South Asia,secondary,60,persons,False
2009,BD,jf-survey-2009,バングラデシュ,Bangladesh,South Asia,higher,414,persons,False
2009,BD,jf-survey-2009,バングラデシュ,Bangladesh,South Asia,other,233,persons,False
2009,BT,jf-survey-2009,ブータン,Bhutan,South Asia,institutions,1,institutions,False
2009,BT,jf-survey-2009,ブータン,Bhutan,South Asia,teachers,1,persons,False
2009,BT,jf-survey-2009,ブータン,Bhutan,South Asia,learners,18,persons,False
2009,BT,jf-survey-2009,ブータン,Bhutan,South Asia,school,0,persons,False
2009,BT,jf-survey-2009,ブータン,Bhutan,South Asia,multipleStage,0,persons,False
2009,BT,jf-survey-2009,ブータン,Bhutan,South Asia,primary,0,persons,False
2009,BT,jf-survey-2009,ブータン,Bhutan,South Asia,secondary,0,persons,False
2009,BT,jf-survey-2009,ブータン,Bhutan,South Asia,higher,0,persons,False
2009,BT,jf-survey-2009,ブータン,Bhutan,South Asia,other,18,persons,False
2009,MV,jf-survey-2009,モルディブ,Maldives,South Asia,institutions,1,institutions,False
2009,MV,jf-survey-2009,モルディブ,Maldives,South Asia,teachers,4,persons,False
2009,MV,jf-survey-2009,モルディブ,Maldives,South Asia,learners,108,persons,False
2009,MV,jf-survey-2009,モルディブ,Maldives,South Asia,school,0,persons,False
2009,MV,jf-survey-2009,モルディブ,Maldives,South Asia,multipleStage,108,persons,False
2009,MV,jf-survey-2009,モルディブ,Maldives,South Asia,primary,0,persons,False
2009,MV,jf-survey-2009,モルディブ,Maldives,South Asia,secondary,0,persons,False
2009,MV,jf-survey-2009,モルディブ,Maldives,South Asia,higher,0,persons,False
2009,MV,jf-survey-2009,モルディブ,Maldives,South Asia,other,0,persons,False
2009,AU,jf-survey-2009,オーストラリア,Australia,Oceania,institutions,1245,institutions,False
2009,AU,jf-survey-2009,オーストラリア,Australia,Oceania,teachers,2547,persons,False
2009,AU,jf-survey-2009,オーストラリア,Australia,Oceania,learners,275710,persons,False
2009,AU,jf-survey-2009,オーストラリア,Australia,Oceania,school,206383,persons,False
2009,AU,jf-survey-2009,オーストラリア,Australia,Oceania,multipleStage,58000,persons,False
2009,AU,jf-survey-2009,オーストラリア,Australia,Oceania,primary,119300,persons,False
2009,AU,jf-survey-2009,オーストラリア,Australia,Oceania,secondary,87083,persons,False
2009,AU,jf-survey-2009,オーストラリア,Australia,Oceania,higher,8520,persons,False
2009,AU,jf-survey-2009,オーストラリア,Australia,Oceania,other,2807,persons,False
2009,MP,jf-survey-2009,北マリアナ諸島,Northern Mariana Islands,Oceania,institutions,7,institutions,False
2009,MP,jf-survey-2009,北マリアナ諸島,Northern Mariana Islands,Oceania,teachers,7,persons,False
2009,MP,jf-survey-2009,北マリアナ諸島,Northern Mariana Islands,Oceania,learners,807,persons,False
2009,MP,jf-survey-2009,北マリアナ諸島,Northern Mariana Islands,Oceania,school,500,persons,False
2009,MP,jf-survey-2009,北マリアナ諸島,Northern Mariana Islands,Oceania,multipleStage,230,persons,False
2009,MP,jf-survey-2009,北マリアナ諸島,Northern Mariana Islands,Oceania,primary,0,persons,False
2009,MP,jf-survey-2009,北マリアナ諸島,Northern Mariana Islands,Oceania,secondary,500,persons,False
2009,MP,jf-survey-2009,北マリアナ諸島,Northern Mariana Islands,Oceania,higher,47,persons,False
2009,MP,jf-survey-2009,北マリアナ諸島,Northern Mariana Islands,Oceania,other,30,persons,False
2009,GU,jf-survey-2009,グアム,Guam,Oceania,institutions,12,institutions,False
2009,GU,jf-survey-2009,グアム,Guam,Oceania,teachers,26,persons,False
2009,GU,jf-survey-2009,グアム,Guam,Oceania,learners,1488,persons,False
2009,GU,jf-survey-2009,グアム,Guam,Oceania,school,1236,persons,False
2009,GU,jf-survey-2009,グアム,Guam,Oceania,multipleStage,0,persons,False
2009,GU,jf-survey-2009,グアム,Guam,Oceania,primary,0,persons,False
2009,GU,jf-survey-2009,グアム,Guam,Oceania,secondary,1236,persons,False
2009,GU,jf-survey-2009,グアム,Guam,Oceania,higher,244,persons,False
2009,GU,jf-survey-2009,グアム,Guam,Oceania,other,8,persons,False
2009,WS,jf-survey-2009,サモア,Samoa,Oceania,institutions,1,institutions,False
2009,WS,jf-survey-2009,サモア,Samoa,Oceania,teachers,2,persons,False
2009,WS,jf-survey-2009,サモア,Samoa,Oceania,learners,46,persons,False
2009,WS,jf-survey-2009,サモア,Samoa,Oceania,school,0,persons,False
2009,WS,jf-survey-2009,サモア,Samoa,Oceania,multipleStage,0,persons,False
2009,WS,jf-survey-2009,サモア,Samoa,Oceania,primary,0,persons,False
2009,WS,jf-survey-2009,サモア,Samoa,Oceania,secondary,0,persons,False
2009,WS,jf-survey-2009,サモア,Samoa,Oceania,higher,46,persons,False
2009,WS,jf-survey-2009,サモア,Samoa,Oceania,other,0,persons,False
2009,TO,jf-survey-2009,トンガ,Tonga,Oceania,institutions,4,institutions,False
2009,TO,jf-survey-2009,トンガ,Tonga,Oceania,teachers,8,persons,False
2009,TO,jf-survey-2009,トンガ,Tonga,Oceania,learners,232,persons,False
2009,TO,jf-survey-2009,トンガ,Tonga,Oceania,school,150,persons,False
2009,TO,jf-survey-2009,トンガ,Tonga,Oceania,multipleStage,82,persons,False
2009,TO,jf-survey-2009,トンガ,Tonga,Oceania,primary,0,persons,False
2009,TO,jf-survey-2009,トンガ,Tonga,Oceania,secondary,150,persons,False
2009,TO,jf-survey-2009,トンガ,Tonga,Oceania,higher,0,persons,False
2009,TO,jf-survey-2009,トンガ,Tonga,Oceania,other,0,persons,False
2009,NC,jf-survey-2009,ニューカレドニア,New Caledonia,Oceania,institutions,13,institutions,False
2009,NC,jf-survey-2009,ニューカレドニア,New Caledonia,Oceania,teachers,16,persons,False
2009,NC,jf-survey-2009,ニューカレドニア,New Caledonia,Oceania,learners,1157,persons,False
2009,NC,jf-survey-2009,ニューカレドニア,New Caledonia,Oceania,school,1157,persons,False
2009,NC,jf-survey-2009,ニューカレドニア,New Caledonia,Oceania,multipleStage,0,persons,False
2009,NC,jf-survey-2009,ニューカレドニア,New Caledonia,Oceania,primary,0,persons,False
2009,NC,jf-survey-2009,ニューカレドニア,New Caledonia,Oceania,secondary,1157,persons,False
2009,NC,jf-survey-2009,ニューカレドニア,New Caledonia,Oceania,higher,0,persons,False
2009,NC,jf-survey-2009,ニューカレドニア,New Caledonia,Oceania,other,0,persons,False
2009,NZ,jf-survey-2009,ニュージーランド,New Zealand,Oceania,institutions,147,institutions,False
2009,NZ,jf-survey-2009,ニュージーランド,New Zealand,Oceania,teachers,258,persons,False
2009,NZ,jf-survey-2009,ニュージーランド,New Zealand,Oceania,learners,21875,persons,False
2009,NZ,jf-survey-2009,ニュージーランド,New Zealand,Oceania,school,17422,persons,False
2009,NZ,jf-survey-2009,ニュージーランド,New Zealand,Oceania,multipleStage,3394,persons,False
2009,NZ,jf-survey-2009,ニュージーランド,New Zealand,Oceania,primary,1807,persons,False
2009,NZ,jf-survey-2009,ニュージーランド,New Zealand,Oceania,secondary,15615,persons,False
2009,NZ,jf-survey-2009,ニュージーランド,New Zealand,Oceania,higher,1059,persons,False
2009,NZ,jf-survey-2009,ニュージーランド,New Zealand,Oceania,other,0,persons,False
2009,PG,jf-survey-2009,パプアニューギニア,Papua New Guinea,Oceania,institutions,3,institutions,False
2009,PG,jf-survey-2009,パプアニューギニア,Papua New Guinea,Oceania,teachers,3,persons,False
2009,PG,jf-survey-2009,パプアニューギニア,Papua New Guinea,Oceania,learners,245,persons,False
2009,PG,jf-survey-2009,パプアニューギニア,Papua New Guinea,Oceania,school,190,persons,False
2009,PG,jf-survey-2009,パプアニューギニア,Papua New Guinea,Oceania,multipleStage,0,persons,False
2009,PG,jf-survey-2009,パプアニューギニア,Papua New Guinea,Oceania,primary,0,persons,False
2009,PG,jf-survey-2009,パプアニューギニア,Papua New Guinea,Oceania,secondary,190,persons,False
2009,PG,jf-survey-2009,パプアニューギニア,Papua New Guinea,Oceania,higher,55,persons,False
2009,PG,jf-survey-2009,パプアニューギニア,Papua New Guinea,Oceania,other,0,persons,False
2009,PW,jf-survey-2009,パラオ,Palau,Oceania,institutions,2,institutions,False
2009,PW,jf-survey-2009,パラオ,Palau,Oceania,teachers,3,persons,False
2009,PW,jf-survey-2009,パラオ,Palau,Oceania,learners,76,persons,False
2009,PW,jf-survey-2009,パラオ,Palau,Oceania,school,50,persons,False
2009,PW,jf-survey-2009,パラオ,Palau,Oceania,multipleStage,0,persons,False
2009,PW,jf-survey-2009,パラオ,Palau,Oceania,primary,0,persons,False
2009,PW,jf-survey-2009,パラオ,Palau,Oceania,secondary,50,persons,False
2009,PW,jf-survey-2009,パラオ,Palau,Oceania,higher,26,persons,False
2009,PW,jf-survey-2009,パラオ,Palau,Oceania,other,0,persons,False
2009,PF,jf-survey-2009,フランス領ポリネシア,French Polynesia,Oceania,institutions,3,institutions,False
2009,PF,jf-survey-2009,フランス領ポリネシア,French Polynesia,Oceania,teachers,3,persons,False
2009,PF,jf-survey-2009,フランス領ポリネシア,French Polynesia,Oceania,learners,132,persons,False
2009,PF,jf-survey-2009,フランス領ポリネシア,French Polynesia,Oceania,school,112,persons,False
2009,PF,jf-survey-2009,フランス領ポリネシア,French Polynesia,Oceania,multipleStage,0,persons,False
2009,PF,jf-survey-2009,フランス領ポリネシア,French Polynesia,Oceania,primary,0,persons,False
2009,PF,jf-survey-2009,フランス領ポリネシア,French Polynesia,Oceania,secondary,112,persons,False
2009,PF,jf-survey-2009,フランス領ポリネシア,French Polynesia,Oceania,higher,20,persons,False
2009,PF,jf-survey-2009,フランス領ポリネシア,French Polynesia,Oceania,other,0,persons,False
2009,MH,jf-survey-2009,マーシャル諸島,Marshall Islands,Oceania,institutions,3,institutions,False
2009,MH,jf-survey-2009,マーシャル諸島,Marshall Islands,Oceania,teachers,5,persons,False
2009,MH,jf-survey-2009,マーシャル諸島,Marshall Islands,Oceania,learners,280,persons,False
2009,MH,jf-survey-2009,マーシャル諸島,Marshall Islands,Oceania,school,227,persons,False
2009,MH,jf-survey-2009,マーシャル諸島,Marshall Islands,Oceania,multipleStage,0,persons,False
2009,MH,jf-survey-2009,マーシャル諸島,Marshall Islands,Oceania,primary,0,persons,False
2009,MH,jf-survey-2009,マーシャル諸島,Marshall Islands,Oceania,secondary,227,persons,False
2009,MH,jf-survey-2009,マーシャル諸島,Marshall Islands,Oceania,higher,53,persons,False
2009,MH,jf-survey-2009,マーシャル諸島,Marshall Islands,Oceania,other,0,persons,False
2009,FM,jf-survey-2009,ミクロネシア,Micronesia,Oceania,institutions,2,institutions,False
2009,FM,jf-survey-2009,ミクロネシア,Micronesia,Oceania,teachers,2,persons,False
2009,FM,jf-survey-2009,ミクロネシア,Micronesia,Oceania,learners,93,persons,False
2009,FM,jf-survey-2009,ミクロネシア,Micronesia,Oceania,school,0,persons,False
2009,FM,jf-survey-2009,ミクロネシア,Micronesia,Oceania,multipleStage,0,persons,False
2009,FM,jf-survey-2009,ミクロネシア,Micronesia,Oceania,primary,0,persons,False
2009,FM,jf-survey-2009,ミクロネシア,Micronesia,Oceania,secondary,0,persons,False
2009,FM,jf-survey-2009,ミクロネシア,Micronesia,Oceania,higher,93,persons,False
2009,FM,jf-survey-2009,ミクロネシア,Micronesia,Oceania,other,0,persons,False
2009,CA,jf-survey-2009,カナダ,Canada,North America,institutions,223,institutions,False
2009,CA,jf-survey-2009,カナダ,Canada,North America,teachers,739,persons,False
2009,CA,jf-survey-2009,カナダ,Canada,North America,learners,27488,persons,False
2009,CA,jf-survey-2009,カナダ,Canada,North America,school,10561,persons,False
2009,CA,jf-survey-2009,カナダ,Canada,North America,multipleStage,1396,persons,False
2009,CA,jf-survey-2009,カナダ,Canada,North America,primary,366,persons,False
2009,CA,jf-survey-2009,カナダ,Canada,North America,secondary,10195,persons,False
2009,CA,jf-survey-2009,カナダ,Canada,North America,higher,10376,persons,False
2009,CA,jf-survey-2009,カナダ,Canada,North America,other,5155,persons,False
2009,US,jf-survey-2009,米国,United States,North America,institutions,1206,institutions,False
2009,US,jf-survey-2009,米国,United States,North America,teachers,3541,persons,False
2009,US,jf-survey-2009,米国,United States,North America,learners,141244,persons,False
2009,US,jf-survey-2009,米国,United States,North America,school,66655,persons,False
2009,US,jf-survey-2009,米国,United States,North America,multipleStage,10949,persons,False
2009,US,jf-survey-2009,米国,United States,North America,primary,8641,persons,False
2009,US,jf-survey-2009,米国,United States,North America,secondary,58014,persons,False
2009,US,jf-survey-2009,米国,United States,North America,higher,56623,persons,False
2009,US,jf-survey-2009,米国,United States,North America,other,7017,persons,False
2009,SV,jf-survey-2009,エルサルバドル,El Salvador,Central America,institutions,3,institutions,False
2009,SV,jf-survey-2009,エルサルバドル,El Salvador,Central America,teachers,11,persons,False
2009,SV,jf-survey-2009,エルサルバドル,El Salvador,Central America,learners,140,persons,False
2009,SV,jf-survey-2009,エルサルバドル,El Salvador,Central America,school,0,persons,False
2009,SV,jf-survey-2009,エルサルバドル,El Salvador,Central America,multipleStage,70,persons,False
2009,SV,jf-survey-2009,エルサルバドル,El Salvador,Central America,primary,0,persons,False
2009,SV,jf-survey-2009,エルサルバドル,El Salvador,Central America,secondary,0,persons,False
2009,SV,jf-survey-2009,エルサルバドル,El Salvador,Central America,higher,60,persons,False
2009,SV,jf-survey-2009,エルサルバドル,El Salvador,Central America,other,10,persons,False
2009,CU,jf-survey-2009,キューバ,Cuba,Central America,institutions,3,institutions,False
2009,CU,jf-survey-2009,キューバ,Cuba,Central America,teachers,13,persons,False
2009,CU,jf-survey-2009,キューバ,Cuba,Central America,learners,120,persons,False
2009,CU,jf-survey-2009,キューバ,Cuba,Central America,school,0,persons,False
2009,CU,jf-survey-2009,キューバ,Cuba,Central America,multipleStage,0,persons,False
2009,CU,jf-survey-2009,キューバ,Cuba,Central America,primary,0,persons,False
2009,CU,jf-survey-2009,キューバ,Cuba,Central America,secondary,0,persons,False
2009,CU,jf-survey-2009,キューバ,Cuba,Central America,higher,95,persons,False
2009,CU,jf-survey-2009,キューバ,Cuba,Central America,other,25,persons,False
2009,GT,jf-survey-2009,グアテマラ,Guatemala,Central America,institutions,1,institutions,False
2009,GT,jf-survey-2009,グアテマラ,Guatemala,Central America,teachers,5,persons,False
2009,GT,jf-survey-2009,グアテマラ,Guatemala,Central America,learners,200,persons,False
2009,GT,jf-survey-2009,グアテマラ,Guatemala,Central America,school,0,persons,False
2009,GT,jf-survey-2009,グアテマラ,Guatemala,Central America,multipleStage,0,persons,False
2009,GT,jf-survey-2009,グアテマラ,Guatemala,Central America,primary,0,persons,False
2009,GT,jf-survey-2009,グアテマラ,Guatemala,Central America,secondary,0,persons,False
2009,GT,jf-survey-2009,グアテマラ,Guatemala,Central America,higher,0,persons,False
2009,GT,jf-survey-2009,グアテマラ,Guatemala,Central America,other,200,persons,False
2009,CR,jf-survey-2009,コスタリカ,Costa Rica,Central America,institutions,7,institutions,False
2009,CR,jf-survey-2009,コスタリカ,Costa Rica,Central America,teachers,16,persons,False
2009,CR,jf-survey-2009,コスタリカ,Costa Rica,Central America,learners,380,persons,False
2009,CR,jf-survey-2009,コスタリカ,Costa Rica,Central America,school,0,persons,False
2009,CR,jf-survey-2009,コスタリカ,Costa Rica,Central America,multipleStage,96,persons,False
2009,CR,jf-survey-2009,コスタリカ,Costa Rica,Central America,primary,0,persons,False
2009,CR,jf-survey-2009,コスタリカ,Costa Rica,Central America,secondary,0,persons,False
2009,CR,jf-survey-2009,コスタリカ,Costa Rica,Central America,higher,129,persons,False
2009,CR,jf-survey-2009,コスタリカ,Costa Rica,Central America,other,155,persons,False
2009,JM,jf-survey-2009,ジャマイカ,Jamaica,Central America,institutions,2,institutions,False
2009,JM,jf-survey-2009,ジャマイカ,Jamaica,Central America,teachers,3,persons,False
2009,JM,jf-survey-2009,ジャマイカ,Jamaica,Central America,learners,131,persons,False
2009,JM,jf-survey-2009,ジャマイカ,Jamaica,Central America,school,0,persons,False
2009,JM,jf-survey-2009,ジャマイカ,Jamaica,Central America,multipleStage,0,persons,False
2009,JM,jf-survey-2009,ジャマイカ,Jamaica,Central America,primary,0,persons,False
2009,JM,jf-survey-2009,ジャマイカ,Jamaica,Central America,secondary,0,persons,False
2009,JM,jf-survey-2009,ジャマイカ,Jamaica,Central America,higher,111,persons,False
2009,JM,jf-survey-2009,ジャマイカ,Jamaica,Central America,other,20,persons,False
2009,DO,jf-survey-2009,ドミニカ共和国,Dominican Republic,Central America,institutions,4,institutions,False
2009,DO,jf-survey-2009,ドミニカ共和国,Dominican Republic,Central America,teachers,27,persons,False
2009,DO,jf-survey-2009,ドミニカ共和国,Dominican Republic,Central America,learners,252,persons,False
2009,DO,jf-survey-2009,ドミニカ共和国,Dominican Republic,Central America,school,0,persons,False
2009,DO,jf-survey-2009,ドミニカ共和国,Dominican Republic,Central America,multipleStage,0,persons,False
2009,DO,jf-survey-2009,ドミニカ共和国,Dominican Republic,Central America,primary,0,persons,False
2009,DO,jf-survey-2009,ドミニカ共和国,Dominican Republic,Central America,secondary,0,persons,False
2009,DO,jf-survey-2009,ドミニカ共和国,Dominican Republic,Central America,higher,10,persons,False
2009,DO,jf-survey-2009,ドミニカ共和国,Dominican Republic,Central America,other,242,persons,False
2009,TT,jf-survey-2009,トリニダード・トバゴ,Trinidad & Tobago,Central America,institutions,1,institutions,False
2009,TT,jf-survey-2009,トリニダード・トバゴ,Trinidad & Tobago,Central America,teachers,2,persons,False
2009,TT,jf-survey-2009,トリニダード・トバゴ,Trinidad & Tobago,Central America,learners,76,persons,False
2009,TT,jf-survey-2009,トリニダード・トバゴ,Trinidad & Tobago,Central America,school,0,persons,False
2009,TT,jf-survey-2009,トリニダード・トバゴ,Trinidad & Tobago,Central America,multipleStage,0,persons,False
2009,TT,jf-survey-2009,トリニダード・トバゴ,Trinidad & Tobago,Central America,primary,0,persons,False
2009,TT,jf-survey-2009,トリニダード・トバゴ,Trinidad & Tobago,Central America,secondary,0,persons,False
2009,TT,jf-survey-2009,トリニダード・トバゴ,Trinidad & Tobago,Central America,higher,76,persons,False
2009,TT,jf-survey-2009,トリニダード・トバゴ,Trinidad & Tobago,Central America,other,0,persons,False
2009,NI,jf-survey-2009,ニカラグア,Nicaragua,Central America,institutions,1,institutions,False
2009,NI,jf-survey-2009,ニカラグア,Nicaragua,Central America,teachers,1,persons,False
2009,NI,jf-survey-2009,ニカラグア,Nicaragua,Central America,learners,25,persons,False
2009,NI,jf-survey-2009,ニカラグア,Nicaragua,Central America,school,0,persons,False
2009,NI,jf-survey-2009,ニカラグア,Nicaragua,Central America,multipleStage,0,persons,False
2009,NI,jf-survey-2009,ニカラグア,Nicaragua,Central America,primary,0,persons,False
2009,NI,jf-survey-2009,ニカラグア,Nicaragua,Central America,secondary,0,persons,False
2009,NI,jf-survey-2009,ニカラグア,Nicaragua,Central America,higher,0,persons,False
2009,NI,jf-survey-2009,ニカラグア,Nicaragua,Central America,other,25,persons,False
2009,PA,jf-survey-2009,パナマ,Panama,Central America,institutions,3,institutions,False
2009,PA,jf-survey-2009,パナマ,Panama,Central America,teachers,5,persons,False
2009,PA,jf-survey-2009,パナマ,Panama,Central America,learners,118,persons,False
2009,PA,jf-survey-2009,パナマ,Panama,Central America,school,35,persons,False
2009,PA,jf-survey-2009,パナマ,Panama,Central America,multipleStage,0,persons,False
2009,PA,jf-survey-2009,パナマ,Panama,Central America,primary,0,persons,False
2009,PA,jf-survey-2009,パナマ,Panama,Central America,secondary,35,persons,False
2009,PA,jf-survey-2009,パナマ,Panama,Central America,higher,50,persons,False
2009,PA,jf-survey-2009,パナマ,Panama,Central America,other,33,persons,False
2009,PR,jf-survey-2009,プエルトリコ,Puerto Rico,Central America,institutions,3,institutions,False
2009,PR,jf-survey-2009,プエルトリコ,Puerto Rico,Central America,teachers,11,persons,False
2009,PR,jf-survey-2009,プエルトリコ,Puerto Rico,Central America,learners,21,persons,False
2009,PR,jf-survey-2009,プエルトリコ,Puerto Rico,Central America,school,0,persons,False
2009,PR,jf-survey-2009,プエルトリコ,Puerto Rico,Central America,multipleStage,0,persons,False
2009,PR,jf-survey-2009,プエルトリコ,Puerto Rico,Central America,primary,0,persons,False
2009,PR,jf-survey-2009,プエルトリコ,Puerto Rico,Central America,secondary,0,persons,False
2009,PR,jf-survey-2009,プエルトリコ,Puerto Rico,Central America,higher,9,persons,False
2009,PR,jf-survey-2009,プエルトリコ,Puerto Rico,Central America,other,12,persons,False
2009,HN,jf-survey-2009,ホンジュラス,Honduras,Central America,institutions,4,institutions,False
2009,HN,jf-survey-2009,ホンジュラス,Honduras,Central America,teachers,8,persons,False
2009,HN,jf-survey-2009,ホンジュラス,Honduras,Central America,learners,288,persons,False
2009,HN,jf-survey-2009,ホンジュラス,Honduras,Central America,school,0,persons,False
2009,HN,jf-survey-2009,ホンジュラス,Honduras,Central America,multipleStage,176,persons,False
2009,HN,jf-survey-2009,ホンジュラス,Honduras,Central America,primary,0,persons,False
2009,HN,jf-survey-2009,ホンジュラス,Honduras,Central America,secondary,0,persons,False
2009,HN,jf-survey-2009,ホンジュラス,Honduras,Central America,higher,75,persons,False
2009,HN,jf-survey-2009,ホンジュラス,Honduras,Central America,other,37,persons,False
2009,MX,jf-survey-2009,メキシコ,Mexico,Central America,institutions,89,institutions,False
2009,MX,jf-survey-2009,メキシコ,Mexico,Central America,teachers,296,persons,False
2009,MX,jf-survey-2009,メキシコ,Mexico,Central America,learners,7411,persons,False
2009,MX,jf-survey-2009,メキシコ,Mexico,Central America,school,375,persons,False
2009,MX,jf-survey-2009,メキシコ,Mexico,Central America,multipleStage,2121,persons,False
2009,MX,jf-survey-2009,メキシコ,Mexico,Central America,primary,0,persons,False
2009,MX,jf-survey-2009,メキシコ,Mexico,Central America,secondary,375,persons,False
2009,MX,jf-survey-2009,メキシコ,Mexico,Central America,higher,1473,persons,False
2009,MX,jf-survey-2009,メキシコ,Mexico,Central America,other,3442,persons,False
2009,AR,jf-survey-2009,アルゼンチン,Argentina,South America,institutions,42,institutions,False
2009,AR,jf-survey-2009,アルゼンチン,Argentina,South America,teachers,196,persons,False
2009,AR,jf-survey-2009,アルゼンチン,Argentina,South America,learners,3539,persons,False
2009,AR,jf-survey-2009,アルゼンチン,Argentina,South America,school,0,persons,False
2009,AR,jf-survey-2009,アルゼンチン,Argentina,South America,multipleStage,680,persons,False
2009,AR,jf-survey-2009,アルゼンチン,Argentina,South America,primary,0,persons,False
2009,AR,jf-survey-2009,アルゼンチン,Argentina,South America,secondary,0,persons,False
2009,AR,jf-survey-2009,アルゼンチン,Argentina,South America,higher,312,persons,False
2009,AR,jf-survey-2009,アルゼンチン,Argentina,South America,other,2547,persons,False
2009,UY,jf-survey-2009,ウルグアイ,Uruguay,South America,institutions,3,institutions,False
2009,UY,jf-survey-2009,ウルグアイ,Uruguay,South America,teachers,6,persons,False
2009,UY,jf-survey-2009,ウルグアイ,Uruguay,South America,learners,100,persons,False
2009,UY,jf-survey-2009,ウルグアイ,Uruguay,South America,school,0,persons,False
2009,UY,jf-survey-2009,ウルグアイ,Uruguay,South America,multipleStage,0,persons,False
2009,UY,jf-survey-2009,ウルグアイ,Uruguay,South America,primary,0,persons,False
2009,UY,jf-survey-2009,ウルグアイ,Uruguay,South America,secondary,0,persons,False
2009,UY,jf-survey-2009,ウルグアイ,Uruguay,South America,higher,53,persons,False
2009,UY,jf-survey-2009,ウルグアイ,Uruguay,South America,other,47,persons,False
2009,EC,jf-survey-2009,エクアドル,Ecuador,South America,institutions,3,institutions,False
2009,EC,jf-survey-2009,エクアドル,Ecuador,South America,teachers,6,persons,False
2009,EC,jf-survey-2009,エクアドル,Ecuador,South America,learners,125,persons,False
2009,EC,jf-survey-2009,エクアドル,Ecuador,South America,school,0,persons,False
2009,EC,jf-survey-2009,エクアドル,Ecuador,South America,multipleStage,60,persons,False
2009,EC,jf-survey-2009,エクアドル,Ecuador,South America,primary,0,persons,False
2009,EC,jf-survey-2009,エクアドル,Ecuador,South America,secondary,0,persons,False
2009,EC,jf-survey-2009,エクアドル,Ecuador,South America,higher,15,persons,False
2009,EC,jf-survey-2009,エクアドル,Ecuador,South America,other,50,persons,False
2009,CO,jf-survey-2009,コロンビア,Colombia,South America,institutions,20,institutions,False
2009,CO,jf-survey-2009,コロンビア,Colombia,South America,teachers,59,persons,False
2009,CO,jf-survey-2009,コロンビア,Colombia,South America,learners,1778,persons,False
2009,CO,jf-survey-2009,コロンビア,Colombia,South America,school,0,persons,False
2009,CO,jf-survey-2009,コロンビア,Colombia,South America,multipleStage,34,persons,False
2009,CO,jf-survey-2009,コロンビア,Colombia,South America,primary,0,persons,False
2009,CO,jf-survey-2009,コロンビア,Colombia,South America,secondary,0,persons,False
2009,CO,jf-survey-2009,コロンビア,Colombia,South America,higher,830,persons,False
2009,CO,jf-survey-2009,コロンビア,Colombia,South America,other,914,persons,False
2009,CL,jf-survey-2009,チリ,Chile,South America,institutions,10,institutions,False
2009,CL,jf-survey-2009,チリ,Chile,South America,teachers,35,persons,False
2009,CL,jf-survey-2009,チリ,Chile,South America,learners,727,persons,False
2009,CL,jf-survey-2009,チリ,Chile,South America,school,30,persons,False
2009,CL,jf-survey-2009,チリ,Chile,South America,multipleStage,0,persons,False
2009,CL,jf-survey-2009,チリ,Chile,South America,primary,0,persons,False
2009,CL,jf-survey-2009,チリ,Chile,South America,secondary,30,persons,False
2009,CL,jf-survey-2009,チリ,Chile,South America,higher,276,persons,False
2009,CL,jf-survey-2009,チリ,Chile,South America,other,421,persons,False
2009,PY,jf-survey-2009,パラグアイ,Paraguay,South America,institutions,13,institutions,False
2009,PY,jf-survey-2009,パラグアイ,Paraguay,South America,teachers,98,persons,False
2009,PY,jf-survey-2009,パラグアイ,Paraguay,South America,learners,1055,persons,False
2009,PY,jf-survey-2009,パラグアイ,Paraguay,South America,school,0,persons,False
2009,PY,jf-survey-2009,パラグアイ,Paraguay,South America,multipleStage,185,persons,False
2009,PY,jf-survey-2009,パラグアイ,Paraguay,South America,primary,0,persons,False
2009,PY,jf-survey-2009,パラグアイ,Paraguay,South America,secondary,0,persons,False
2009,PY,jf-survey-2009,パラグアイ,Paraguay,South America,higher,0,persons,False
2009,PY,jf-survey-2009,パラグアイ,Paraguay,South America,other,870,persons,False
2009,BR,jf-survey-2009,ブラジル,Brazil,South America,institutions,347,institutions,False
2009,BR,jf-survey-2009,ブラジル,Brazil,South America,teachers,1167,persons,False
2009,BR,jf-survey-2009,ブラジル,Brazil,South America,learners,21376,persons,False
2009,BR,jf-survey-2009,ブラジル,Brazil,South America,school,1585,persons,False
2009,BR,jf-survey-2009,ブラジル,Brazil,South America,multipleStage,3178,persons,False
2009,BR,jf-survey-2009,ブラジル,Brazil,South America,primary,285,persons,False
2009,BR,jf-survey-2009,ブラジル,Brazil,South America,secondary,1300,persons,False
2009,BR,jf-survey-2009,ブラジル,Brazil,South America,higher,1555,persons,False
2009,BR,jf-survey-2009,ブラジル,Brazil,South America,other,15058,persons,False
2009,VE,jf-survey-2009,ベネズエラ,Venezuela,South America,institutions,6,institutions,False
2009,VE,jf-survey-2009,ベネズエラ,Venezuela,South America,teachers,10,persons,False
2009,VE,jf-survey-2009,ベネズエラ,Venezuela,South America,learners,394,persons,False
2009,VE,jf-survey-2009,ベネズエラ,Venezuela,South America,school,0,persons,False
2009,VE,jf-survey-2009,ベネズエラ,Venezuela,South America,multipleStage,89,persons,False
2009,VE,jf-survey-2009,ベネズエラ,Venezuela,South America,primary,0,persons,False
2009,VE,jf-survey-2009,ベネズエラ,Venezuela,South America,secondary,0,persons,False
2009,VE,jf-survey-2009,ベネズエラ,Venezuela,South America,higher,0,persons,False
2009,VE,jf-survey-2009,ベネズエラ,Venezuela,South America,other,305,persons,False
2009,PE,jf-survey-2009,ペルー,Peru,South America,institutions,17,institutions,False
2009,PE,jf-survey-2009,ペルー,Peru,South America,teachers,92,persons,False
2009,PE,jf-survey-2009,ペルー,Peru,South America,learners,3067,persons,False
2009,PE,jf-survey-2009,ペルー,Peru,South America,school,0,persons,False
2009,PE,jf-survey-2009,ペルー,Peru,South America,multipleStage,1667,persons,False
2009,PE,jf-survey-2009,ペルー,Peru,South America,primary,0,persons,False
2009,PE,jf-survey-2009,ペルー,Peru,South America,secondary,0,persons,False
2009,PE,jf-survey-2009,ペルー,Peru,South America,higher,90,persons,False
2009,PE,jf-survey-2009,ペルー,Peru,South America,other,1310,persons,False
2009,BO,jf-survey-2009,ボリビア,Bolivia,South America,institutions,6,institutions,False
2009,BO,jf-survey-2009,ボリビア,Bolivia,South America,teachers,40,persons,False
2009,BO,jf-survey-2009,ボリビア,Bolivia,South America,learners,683,persons,False
2009,BO,jf-survey-2009,ボリビア,Bolivia,South America,school,111,persons,False
2009,BO,jf-survey-2009,ボリビア,Bolivia,South America,multipleStage,247,persons,False
2009,BO,jf-survey-2009,ボリビア,Bolivia,South America,primary,111,persons,False
2009,BO,jf-survey-2009,ボリビア,Bolivia,South America,secondary,0,persons,False
2009,BO,jf-survey-2009,ボリビア,Bolivia,South America,higher,0,persons,False
2009,BO,jf-survey-2009,ボリビア,Bolivia,South America,other,325,persons,False
2009,IS,jf-survey-2009,アイスランド,Iceland,Western Europe,institutions,5,institutions,False
2009,IS,jf-survey-2009,アイスランド,Iceland,Western Europe,teachers,7,persons,False
2009,IS,jf-survey-2009,アイスランド,Iceland,Western Europe,learners,152,persons,False
2009,IS,jf-survey-2009,アイスランド,Iceland,Western Europe,school,67,persons,False
2009,IS,jf-survey-2009,アイスランド,Iceland,Western Europe,multipleStage,0,persons,False
2009,IS,jf-survey-2009,アイスランド,Iceland,Western Europe,primary,0,persons,False
2009,IS,jf-survey-2009,アイスランド,Iceland,Western Europe,secondary,67,persons,False
2009,IS,jf-survey-2009,アイスランド,Iceland,Western Europe,higher,57,persons,False
2009,IS,jf-survey-2009,アイスランド,Iceland,Western Europe,other,28,persons,False
2009,IE,jf-survey-2009,アイルランド,Ireland,Western Europe,institutions,51,institutions,False
2009,IE,jf-survey-2009,アイルランド,Ireland,Western Europe,teachers,65,persons,False
2009,IE,jf-survey-2009,アイルランド,Ireland,Western Europe,learners,2757,persons,False
2009,IE,jf-survey-2009,アイルランド,Ireland,Western Europe,school,2160,persons,False
2009,IE,jf-survey-2009,アイルランド,Ireland,Western Europe,multipleStage,96,persons,False
2009,IE,jf-survey-2009,アイルランド,Ireland,Western Europe,primary,0,persons,False
2009,IE,jf-survey-2009,アイルランド,Ireland,Western Europe,secondary,2160,persons,False
2009,IE,jf-survey-2009,アイルランド,Ireland,Western Europe,higher,340,persons,False
2009,IE,jf-survey-2009,アイルランド,Ireland,Western Europe,other,161,persons,False
2009,IT,jf-survey-2009,イタリア,Italy,Western Europe,institutions,42,institutions,False
2009,IT,jf-survey-2009,イタリア,Italy,Western Europe,teachers,149,persons,False
2009,IT,jf-survey-2009,イタリア,Italy,Western Europe,learners,4923,persons,False
2009,IT,jf-survey-2009,イタリア,Italy,Western Europe,school,141,persons,False
2009,IT,jf-survey-2009,イタリア,Italy,Western Europe,multipleStage,0,persons,False
2009,IT,jf-survey-2009,イタリア,Italy,Western Europe,primary,0,persons,False
2009,IT,jf-survey-2009,イタリア,Italy,Western Europe,secondary,141,persons,False
2009,IT,jf-survey-2009,イタリア,Italy,Western Europe,higher,3874,persons,False
2009,IT,jf-survey-2009,イタリア,Italy,Western Europe,other,908,persons,False
2009,GB,jf-survey-2009,英国,United Kingdom,Western Europe,institutions,389,institutions,False
2009,GB,jf-survey-2009,英国,United Kingdom,Western Europe,teachers,742,persons,False
2009,GB,jf-survey-2009,英国,United Kingdom,Western Europe,learners,19673,persons,False
2009,GB,jf-survey-2009,英国,United Kingdom,Western Europe,school,7556,persons,False
2009,GB,jf-survey-2009,英国,United Kingdom,Western Europe,multipleStage,4037,persons,False
2009,GB,jf-survey-2009,英国,United Kingdom,Western Europe,primary,776,persons,False
2009,GB,jf-survey-2009,英国,United Kingdom,Western Europe,secondary,6780,persons,False
2009,GB,jf-survey-2009,英国,United Kingdom,Western Europe,higher,5656,persons,False
2009,GB,jf-survey-2009,英国,United Kingdom,Western Europe,other,2424,persons,False
2009,AT,jf-survey-2009,オーストリア,Austria,Western Europe,institutions,24,institutions,False
2009,AT,jf-survey-2009,オーストリア,Austria,Western Europe,teachers,40,persons,False
2009,AT,jf-survey-2009,オーストリア,Austria,Western Europe,learners,1793,persons,False
2009,AT,jf-survey-2009,オーストリア,Austria,Western Europe,school,93,persons,False
2009,AT,jf-survey-2009,オーストリア,Austria,Western Europe,multipleStage,0,persons,False
2009,AT,jf-survey-2009,オーストリア,Austria,Western Europe,primary,0,persons,False
2009,AT,jf-survey-2009,オーストリア,Austria,Western Europe,secondary,93,persons,False
2009,AT,jf-survey-2009,オーストリア,Austria,Western Europe,higher,1187,persons,False
2009,AT,jf-survey-2009,オーストリア,Austria,Western Europe,other,513,persons,False
2009,NL,jf-survey-2009,オランダ,Netherlands,Western Europe,institutions,7,institutions,False
2009,NL,jf-survey-2009,オランダ,Netherlands,Western Europe,teachers,37,persons,False
2009,NL,jf-survey-2009,オランダ,Netherlands,Western Europe,learners,786,persons,False
2009,NL,jf-survey-2009,オランダ,Netherlands,Western Europe,school,0,persons,False
2009,NL,jf-survey-2009,オランダ,Netherlands,Western Europe,multipleStage,0,persons,False
2009,NL,jf-survey-2009,オランダ,Netherlands,Western Europe,primary,0,persons,False
2009,NL,jf-survey-2009,オランダ,Netherlands,Western Europe,secondary,0,persons,False
2009,NL,jf-survey-2009,オランダ,Netherlands,Western Europe,higher,700,persons,False
2009,NL,jf-survey-2009,オランダ,Netherlands,Western Europe,other,86,persons,False
2009,GR,jf-survey-2009,ギリシャ,Greece,Western Europe,institutions,14,institutions,False
2009,GR,jf-survey-2009,ギリシャ,Greece,Western Europe,teachers,31,persons,False
2009,GR,jf-survey-2009,ギリシャ,Greece,Western Europe,learners,449,persons,False
2009,GR,jf-survey-2009,ギリシャ,Greece,Western Europe,school,0,persons,False
2009,GR,jf-survey-2009,ギリシャ,Greece,Western Europe,multipleStage,0,persons,False
2009,GR,jf-survey-2009,ギリシャ,Greece,Western Europe,primary,0,persons,False
2009,GR,jf-survey-2009,ギリシャ,Greece,Western Europe,secondary,0,persons,False
2009,GR,jf-survey-2009,ギリシャ,Greece,Western Europe,higher,0,persons,False
2009,GR,jf-survey-2009,ギリシャ,Greece,Western Europe,other,449,persons,False
2009,CH,jf-survey-2009,スイス,Switzerland,Western Europe,institutions,48,institutions,False
2009,CH,jf-survey-2009,スイス,Switzerland,Western Europe,teachers,128,persons,False
2009,CH,jf-survey-2009,スイス,Switzerland,Western Europe,learners,1988,persons,False
2009,CH,jf-survey-2009,スイス,Switzerland,Western Europe,school,102,persons,False
2009,CH,jf-survey-2009,スイス,Switzerland,Western Europe,multipleStage,0,persons,False
2009,CH,jf-survey-2009,スイス,Switzerland,Western Europe,primary,31,persons,False
2009,CH,jf-survey-2009,スイス,Switzerland,Western Europe,secondary,71,persons,False
2009,CH,jf-survey-2009,スイス,Switzerland,Western Europe,higher,439,persons,False
2009,CH,jf-survey-2009,スイス,Switzerland,Western Europe,other,1447,persons,False
2009,SE,jf-survey-2009,スウェーデン,Sweden,Western Europe,institutions,36,institutions,False
2009,SE,jf-survey-2009,スウェーデン,Sweden,Western Europe,teachers,74,persons,False
2009,SE,jf-survey-2009,スウェーデン,Sweden,Western Europe,learners,2195,persons,False
2009,SE,jf-survey-2009,スウェーデン,Sweden,Western Europe,school,782,persons,False
2009,SE,jf-survey-2009,スウェーデン,Sweden,Western Europe,multipleStage,0,persons,False
2009,SE,jf-survey-2009,スウェーデン,Sweden,Western Europe,primary,0,persons,False
2009,SE,jf-survey-2009,スウェーデン,Sweden,Western Europe,secondary,782,persons,False
2009,SE,jf-survey-2009,スウェーデン,Sweden,Western Europe,higher,990,persons,False
2009,SE,jf-survey-2009,スウェーデン,Sweden,Western Europe,other,423,persons,False
2009,ES,jf-survey-2009,スペイン,Spain,Western Europe,institutions,56,institutions,False
2009,ES,jf-survey-2009,スペイン,Spain,Western Europe,teachers,131,persons,False
2009,ES,jf-survey-2009,スペイン,Spain,Western Europe,learners,4045,persons,False
2009,ES,jf-survey-2009,スペイン,Spain,Western Europe,school,0,persons,False
2009,ES,jf-survey-2009,スペイン,Spain,Western Europe,multipleStage,422,persons,False
2009,ES,jf-survey-2009,スペイン,Spain,Western Europe,primary,0,persons,False
2009,ES,jf-survey-2009,スペイン,Spain,Western Europe,secondary,0,persons,False
2009,ES,jf-survey-2009,スペイン,Spain,Western Europe,higher,1047,persons,False
2009,ES,jf-survey-2009,スペイン,Spain,Western Europe,other,2576,persons,False
2009,DK,jf-survey-2009,デンマーク,Denmark,Western Europe,institutions,4,institutions,False
2009,DK,jf-survey-2009,デンマーク,Denmark,Western Europe,teachers,16,persons,False
2009,DK,jf-survey-2009,デンマーク,Denmark,Western Europe,learners,382,persons,False
2009,DK,jf-survey-2009,デンマーク,Denmark,Western Europe,school,90,persons,False
2009,DK,jf-survey-2009,デンマーク,Denmark,Western Europe,multipleStage,0,persons,False
2009,DK,jf-survey-2009,デンマーク,Denmark,Western Europe,primary,0,persons,False
2009,DK,jf-survey-2009,デンマーク,Denmark,Western Europe,secondary,90,persons,False
2009,DK,jf-survey-2009,デンマーク,Denmark,Western Europe,higher,292,persons,False
2009,DK,jf-survey-2009,デンマーク,Denmark,Western Europe,other,0,persons,False
2009,DE,jf-survey-2009,ドイツ,Germany,Western Europe,institutions,180,institutions,False
2009,DE,jf-survey-2009,ドイツ,Germany,Western Europe,teachers,428,persons,False
2009,DE,jf-survey-2009,ドイツ,Germany,Western Europe,learners,12390,persons,False
2009,DE,jf-survey-2009,ドイツ,Germany,Western Europe,school,2221,persons,False
2009,DE,jf-survey-2009,ドイツ,Germany,Western Europe,multipleStage,132,persons,False
2009,DE,jf-survey-2009,ドイツ,Germany,Western Europe,primary,40,persons,False
2009,DE,jf-survey-2009,ドイツ,Germany,Western Europe,secondary,2181,persons,False
2009,DE,jf-survey-2009,ドイツ,Germany,Western Europe,higher,5497,persons,False
2009,DE,jf-survey-2009,ドイツ,Germany,Western Europe,other,4540,persons,False
2009,NO,jf-survey-2009,ノルウェー,Norway,Western Europe,institutions,15,institutions,False
2009,NO,jf-survey-2009,ノルウェー,Norway,Western Europe,teachers,28,persons,False
2009,NO,jf-survey-2009,ノルウェー,Norway,Western Europe,learners,475,persons,False
2009,NO,jf-survey-2009,ノルウェー,Norway,Western Europe,school,148,persons,False
2009,NO,jf-survey-2009,ノルウェー,Norway,Western Europe,multipleStage,2,persons,False
2009,NO,jf-survey-2009,ノルウェー,Norway,Western Europe,primary,8,persons,False
2009,NO,jf-survey-2009,ノルウェー,Norway,Western Europe,secondary,140,persons,False
2009,NO,jf-survey-2009,ノルウェー,Norway,Western Europe,higher,233,persons,False
2009,NO,jf-survey-2009,ノルウェー,Norway,Western Europe,other,92,persons,False
2009,FI,jf-survey-2009,フィンランド,Finland,Western Europe,institutions,39,institutions,False
2009,FI,jf-survey-2009,フィンランド,Finland,Western Europe,teachers,55,persons,False
2009,FI,jf-survey-2009,フィンランド,Finland,Western Europe,learners,2484,persons,False
2009,FI,jf-survey-2009,フィンランド,Finland,Western Europe,school,162,persons,False
2009,FI,jf-survey-2009,フィンランド,Finland,Western Europe,multipleStage,18,persons,False
2009,FI,jf-survey-2009,フィンランド,Finland,Western Europe,primary,0,persons,False
2009,FI,jf-survey-2009,フィンランド,Finland,Western Europe,secondary,162,persons,False
2009,FI,jf-survey-2009,フィンランド,Finland,Western Europe,higher,1018,persons,False
2009,FI,jf-survey-2009,フィンランド,Finland,Western Europe,other,1286,persons,False
2009,FR,jf-survey-2009,フランス,France,Western Europe,institutions,164,institutions,False
2009,FR,jf-survey-2009,フランス,France,Western Europe,teachers,542,persons,False
2009,FR,jf-survey-2009,フランス,France,Western Europe,learners,16010,persons,False
2009,FR,jf-survey-2009,フランス,France,Western Europe,school,2547,persons,False
2009,FR,jf-survey-2009,フランス,France,Western Europe,multipleStage,2075,persons,False
2009,FR,jf-survey-2009,フランス,France,Western Europe,primary,6,persons,False
2009,FR,jf-survey-2009,フランス,France,Western Europe,secondary,2541,persons,False
2009,FR,jf-survey-2009,フランス,France,Western Europe,higher,7975,persons,False
2009,FR,jf-survey-2009,フランス,France,Western Europe,other,3413,persons,False
2009,BE,jf-survey-2009,ベルギー,Belgium,Western Europe,institutions,17,institutions,False
2009,BE,jf-survey-2009,ベルギー,Belgium,Western Europe,teachers,44,persons,False
2009,BE,jf-survey-2009,ベルギー,Belgium,Western Europe,learners,1414,persons,False
2009,BE,jf-survey-2009,ベルギー,Belgium,Western Europe,school,0,persons,False
2009,BE,jf-survey-2009,ベルギー,Belgium,Western Europe,multipleStage,96,persons,False
2009,BE,jf-survey-2009,ベルギー,Belgium,Western Europe,primary,0,persons,False
2009,BE,jf-survey-2009,ベルギー,Belgium,Western Europe,secondary,0,persons,False
2009,BE,jf-survey-2009,ベルギー,Belgium,Western Europe,higher,430,persons,False
2009,BE,jf-survey-2009,ベルギー,Belgium,Western Europe,other,888,persons,False
2009,PT,jf-survey-2009,ポルトガル,Portugal,Western Europe,institutions,9,institutions,False
2009,PT,jf-survey-2009,ポルトガル,Portugal,Western Europe,teachers,12,persons,False
2009,PT,jf-survey-2009,ポルトガル,Portugal,Western Europe,learners,508,persons,False
2009,PT,jf-survey-2009,ポルトガル,Portugal,Western Europe,school,0,persons,False
2009,PT,jf-survey-2009,ポルトガル,Portugal,Western Europe,multipleStage,156,persons,False
2009,PT,jf-survey-2009,ポルトガル,Portugal,Western Europe,primary,0,persons,False
2009,PT,jf-survey-2009,ポルトガル,Portugal,Western Europe,secondary,0,persons,False
2009,PT,jf-survey-2009,ポルトガル,Portugal,Western Europe,higher,72,persons,False
2009,PT,jf-survey-2009,ポルトガル,Portugal,Western Europe,other,280,persons,False
2009,LU,jf-survey-2009,ルクセンブルク,Luxembourg,Western Europe,institutions,4,institutions,False
2009,LU,jf-survey-2009,ルクセンブルク,Luxembourg,Western Europe,teachers,4,persons,False
2009,LU,jf-survey-2009,ルクセンブルク,Luxembourg,Western Europe,learners,170,persons,False
2009,LU,jf-survey-2009,ルクセンブルク,Luxembourg,Western Europe,school,0,persons,False
2009,LU,jf-survey-2009,ルクセンブルク,Luxembourg,Western Europe,multipleStage,0,persons,False
2009,LU,jf-survey-2009,ルクセンブルク,Luxembourg,Western Europe,primary,0,persons,False
2009,LU,jf-survey-2009,ルクセンブルク,Luxembourg,Western Europe,secondary,0,persons,False
2009,LU,jf-survey-2009,ルクセンブルク,Luxembourg,Western Europe,higher,0,persons,False
2009,LU,jf-survey-2009,ルクセンブルク,Luxembourg,Western Europe,other,170,persons,False
2009,UZ,jf-survey-2009,ウズベキスタン,Uzbekistan,Eastern Europe,institutions,16,institutions,False
2009,UZ,jf-survey-2009,ウズベキスタン,Uzbekistan,Eastern Europe,teachers,77,persons,False
2009,UZ,jf-survey-2009,ウズベキスタン,Uzbekistan,Eastern Europe,learners,1628,persons,False
2009,UZ,jf-survey-2009,ウズベキスタン,Uzbekistan,Eastern Europe,school,485,persons,False
2009,UZ,jf-survey-2009,ウズベキスタン,Uzbekistan,Eastern Europe,multipleStage,0,persons,False
2009,UZ,jf-survey-2009,ウズベキスタン,Uzbekistan,Eastern Europe,primary,0,persons,False
2009,UZ,jf-survey-2009,ウズベキスタン,Uzbekistan,Eastern Europe,secondary,485,persons,False
2009,UZ,jf-survey-2009,ウズベキスタン,Uzbekistan,Eastern Europe,higher,786,persons,False
2009,UZ,jf-survey-2009,ウズベキスタン,Uzbekistan,Eastern Europe,other,357,persons,False
2009,KZ,jf-survey-2009,カザフスタン,Kazakhstan,Eastern Europe,institutions,8,institutions,False
2009,KZ,jf-survey-2009,カザフスタン,Kazakhstan,Eastern Europe,teachers,42,persons,False
2009,KZ,jf-survey-2009,カザフスタン,Kazakhstan,Eastern Europe,learners,723,persons,False
2009,KZ,jf-survey-2009,カザフスタン,Kazakhstan,Eastern Europe,school,132,persons,False
2009,KZ,jf-survey-2009,カザフスタン,Kazakhstan,Eastern Europe,multipleStage,0,persons,False
2009,KZ,jf-survey-2009,カザフスタン,Kazakhstan,Eastern Europe,primary,30,persons,False
2009,KZ,jf-survey-2009,カザフスタン,Kazakhstan,Eastern Europe,secondary,102,persons,False
2009,KZ,jf-survey-2009,カザフスタン,Kazakhstan,Eastern Europe,higher,286,persons,False
2009,KZ,jf-survey-2009,カザフスタン,Kazakhstan,Eastern Europe,other,305,persons,False
2009,KG,jf-survey-2009,キルギス,Kyrgyzstan,Eastern Europe,institutions,16,institutions,False
2009,KG,jf-survey-2009,キルギス,Kyrgyzstan,Eastern Europe,teachers,46,persons,False
2009,KG,jf-survey-2009,キルギス,Kyrgyzstan,Eastern Europe,learners,713,persons,False
2009,KG,jf-survey-2009,キルギス,Kyrgyzstan,Eastern Europe,school,167,persons,False
2009,KG,jf-survey-2009,キルギス,Kyrgyzstan,Eastern Europe,multipleStage,0,persons,False
2009,KG,jf-survey-2009,キルギス,Kyrgyzstan,Eastern Europe,primary,0,persons,False
2009,KG,jf-survey-2009,キルギス,Kyrgyzstan,Eastern Europe,secondary,167,persons,False
2009,KG,jf-survey-2009,キルギス,Kyrgyzstan,Eastern Europe,higher,478,persons,False
2009,KG,jf-survey-2009,キルギス,Kyrgyzstan,Eastern Europe,other,68,persons,False
2009,TJ,jf-survey-2009,タジキスタン,Tajikistan,Eastern Europe,institutions,2,institutions,False
2009,TJ,jf-survey-2009,タジキスタン,Tajikistan,Eastern Europe,teachers,4,persons,False
2009,TJ,jf-survey-2009,タジキスタン,Tajikistan,Eastern Europe,learners,32,persons,False
2009,TJ,jf-survey-2009,タジキスタン,Tajikistan,Eastern Europe,school,0,persons,False
2009,TJ,jf-survey-2009,タジキスタン,Tajikistan,Eastern Europe,multipleStage,0,persons,False
2009,TJ,jf-survey-2009,タジキスタン,Tajikistan,Eastern Europe,primary,0,persons,False
2009,TJ,jf-survey-2009,タジキスタン,Tajikistan,Eastern Europe,secondary,0,persons,False
2009,TJ,jf-survey-2009,タジキスタン,Tajikistan,Eastern Europe,higher,32,persons,False
2009,TJ,jf-survey-2009,タジキスタン,Tajikistan,Eastern Europe,other,0,persons,False
2009,TM,jf-survey-2009,トルクメニスタン,Turkmenistan,Eastern Europe,institutions,1,institutions,False
2009,TM,jf-survey-2009,トルクメニスタン,Turkmenistan,Eastern Europe,teachers,2,persons,False
2009,TM,jf-survey-2009,トルクメニスタン,Turkmenistan,Eastern Europe,learners,28,persons,False
2009,TM,jf-survey-2009,トルクメニスタン,Turkmenistan,Eastern Europe,school,0,persons,False
2009,TM,jf-survey-2009,トルクメニスタン,Turkmenistan,Eastern Europe,multipleStage,0,persons,False
2009,TM,jf-survey-2009,トルクメニスタン,Turkmenistan,Eastern Europe,primary,0,persons,False
2009,TM,jf-survey-2009,トルクメニスタン,Turkmenistan,Eastern Europe,secondary,0,persons,False
2009,TM,jf-survey-2009,トルクメニスタン,Turkmenistan,Eastern Europe,higher,28,persons,False
2009,TM,jf-survey-2009,トルクメニスタン,Turkmenistan,Eastern Europe,other,0,persons,False
2009,AZ,jf-survey-2009,アゼルバイジャン,Azerbaijan,Eastern Europe,institutions,5,institutions,False
2009,AZ,jf-survey-2009,アゼルバイジャン,Azerbaijan,Eastern Europe,teachers,8,persons,False
2009,AZ,jf-survey-2009,アゼルバイジャン,Azerbaijan,Eastern Europe,learners,204,persons,False
2009,AZ,jf-survey-2009,アゼルバイジャン,Azerbaijan,Eastern Europe,school,156,persons,False
2009,AZ,jf-survey-2009,アゼルバイジャン,Azerbaijan,Eastern Europe,multipleStage,0,persons,False
2009,AZ,jf-survey-2009,アゼルバイジャン,Azerbaijan,Eastern Europe,primary,0,persons,False
2009,AZ,jf-survey-2009,アゼルバイジャン,Azerbaijan,Eastern Europe,secondary,156,persons,False
2009,AZ,jf-survey-2009,アゼルバイジャン,Azerbaijan,Eastern Europe,higher,48,persons,False
2009,AZ,jf-survey-2009,アゼルバイジャン,Azerbaijan,Eastern Europe,other,0,persons,False
2009,AM,jf-survey-2009,アルメニア,Armenia,Eastern Europe,institutions,4,institutions,False
2009,AM,jf-survey-2009,アルメニア,Armenia,Eastern Europe,teachers,9,persons,False
2009,AM,jf-survey-2009,アルメニア,Armenia,Eastern Europe,learners,55,persons,False
2009,AM,jf-survey-2009,アルメニア,Armenia,Eastern Europe,school,0,persons,False
2009,AM,jf-survey-2009,アルメニア,Armenia,Eastern Europe,multipleStage,0,persons,False
2009,AM,jf-survey-2009,アルメニア,Armenia,Eastern Europe,primary,0,persons,False
2009,AM,jf-survey-2009,アルメニア,Armenia,Eastern Europe,secondary,0,persons,False
2009,AM,jf-survey-2009,アルメニア,Armenia,Eastern Europe,higher,25,persons,False
2009,AM,jf-survey-2009,アルメニア,Armenia,Eastern Europe,other,30,persons,False
2009,UA,jf-survey-2009,ウクライナ,Ukraine,Eastern Europe,institutions,32,institutions,False
2009,UA,jf-survey-2009,ウクライナ,Ukraine,Eastern Europe,teachers,109,persons,False
2009,UA,jf-survey-2009,ウクライナ,Ukraine,Eastern Europe,learners,2183,persons,False
2009,UA,jf-survey-2009,ウクライナ,Ukraine,Eastern Europe,school,104,persons,False
2009,UA,jf-survey-2009,ウクライナ,Ukraine,Eastern Europe,multipleStage,899,persons,False
2009,UA,jf-survey-2009,ウクライナ,Ukraine,Eastern Europe,primary,0,persons,False
2009,UA,jf-survey-2009,ウクライナ,Ukraine,Eastern Europe,secondary,104,persons,False
2009,UA,jf-survey-2009,ウクライナ,Ukraine,Eastern Europe,higher,797,persons,False
2009,UA,jf-survey-2009,ウクライナ,Ukraine,Eastern Europe,other,383,persons,False
2009,EE,jf-survey-2009,エストニア,Estonia,Eastern Europe,institutions,8,institutions,False
2009,EE,jf-survey-2009,エストニア,Estonia,Eastern Europe,teachers,13,persons,False
2009,EE,jf-survey-2009,エストニア,Estonia,Eastern Europe,learners,269,persons,False
2009,EE,jf-survey-2009,エストニア,Estonia,Eastern Europe,school,29,persons,False
2009,EE,jf-survey-2009,エストニア,Estonia,Eastern Europe,multipleStage,16,persons,False
2009,EE,jf-survey-2009,エストニア,Estonia,Eastern Europe,primary,0,persons,False
2009,EE,jf-survey-2009,エストニア,Estonia,Eastern Europe,secondary,29,persons,False
2009,EE,jf-survey-2009,エストニア,Estonia,Eastern Europe,higher,161,persons,False
2009,EE,jf-survey-2009,エストニア,Estonia,Eastern Europe,other,63,persons,False
2009,GE,jf-survey-2009,ジョージア,Georgia,Eastern Europe,institutions,4,institutions,False
2009,GE,jf-survey-2009,ジョージア,Georgia,Eastern Europe,teachers,11,persons,False
2009,GE,jf-survey-2009,ジョージア,Georgia,Eastern Europe,learners,318,persons,False
2009,GE,jf-survey-2009,ジョージア,Georgia,Eastern Europe,school,54,persons,False
2009,GE,jf-survey-2009,ジョージア,Georgia,Eastern Europe,multipleStage,198,persons,False
2009,GE,jf-survey-2009,ジョージア,Georgia,Eastern Europe,primary,0,persons,False
2009,GE,jf-survey-2009,ジョージア,Georgia,Eastern Europe,secondary,54,persons,False
2009,GE,jf-survey-2009,ジョージア,Georgia,Eastern Europe,higher,66,persons,False
2009,GE,jf-survey-2009,ジョージア,Georgia,Eastern Europe,other,0,persons,False
2009,HR,jf-survey-2009,クロアチア,Croatia,Eastern Europe,institutions,7,institutions,False
2009,HR,jf-survey-2009,クロアチア,Croatia,Eastern Europe,teachers,11,persons,False
2009,HR,jf-survey-2009,クロアチア,Croatia,Eastern Europe,learners,218,persons,False
2009,HR,jf-survey-2009,クロアチア,Croatia,Eastern Europe,school,76,persons,False
2009,HR,jf-survey-2009,クロアチア,Croatia,Eastern Europe,multipleStage,0,persons,False
2009,HR,jf-survey-2009,クロアチア,Croatia,Eastern Europe,primary,14,persons,False
2009,HR,jf-survey-2009,クロアチア,Croatia,Eastern Europe,secondary,62,persons,False
2009,HR,jf-survey-2009,クロアチア,Croatia,Eastern Europe,higher,40,persons,False
2009,HR,jf-survey-2009,クロアチア,Croatia,Eastern Europe,other,102,persons,False
2009,SK,jf-survey-2009,スロバキア,Slovakia,Eastern Europe,institutions,4,institutions,False
2009,SK,jf-survey-2009,スロバキア,Slovakia,Eastern Europe,teachers,10,persons,False
2009,SK,jf-survey-2009,スロバキア,Slovakia,Eastern Europe,learners,176,persons,False
2009,SK,jf-survey-2009,スロバキア,Slovakia,Eastern Europe,school,0,persons,False
2009,SK,jf-survey-2009,スロバキア,Slovakia,Eastern Europe,multipleStage,0,persons,False
2009,SK,jf-survey-2009,スロバキア,Slovakia,Eastern Europe,primary,0,persons,False
2009,SK,jf-survey-2009,スロバキア,Slovakia,Eastern Europe,secondary,0,persons,False
2009,SK,jf-survey-2009,スロバキア,Slovakia,Eastern Europe,higher,58,persons,False
2009,SK,jf-survey-2009,スロバキア,Slovakia,Eastern Europe,other,118,persons,False
2009,SI,jf-survey-2009,スロベニア,Slovenia,Eastern Europe,institutions,2,institutions,False
2009,SI,jf-survey-2009,スロベニア,Slovenia,Eastern Europe,teachers,9,persons,False
2009,SI,jf-survey-2009,スロベニア,Slovenia,Eastern Europe,learners,237,persons,False
2009,SI,jf-survey-2009,スロベニア,Slovenia,Eastern Europe,school,0,persons,False
2009,SI,jf-survey-2009,スロベニア,Slovenia,Eastern Europe,multipleStage,0,persons,False
2009,SI,jf-survey-2009,スロベニア,Slovenia,Eastern Europe,primary,0,persons,False
2009,SI,jf-survey-2009,スロベニア,Slovenia,Eastern Europe,secondary,0,persons,False
2009,SI,jf-survey-2009,スロベニア,Slovenia,Eastern Europe,higher,228,persons,False
2009,SI,jf-survey-2009,スロベニア,Slovenia,Eastern Europe,other,9,persons,False
2009,RS,jf-survey-2009,セルビア,Serbia,Eastern Europe,institutions,5,institutions,False
2009,RS,jf-survey-2009,セルビア,Serbia,Eastern Europe,teachers,17,persons,False
2009,RS,jf-survey-2009,セルビア,Serbia,Eastern Europe,learners,512,persons,False
2009,RS,jf-survey-2009,セルビア,Serbia,Eastern Europe,school,48,persons,False
2009,RS,jf-survey-2009,セルビア,Serbia,Eastern Europe,multipleStage,0,persons,False
2009,RS,jf-survey-2009,セルビア,Serbia,Eastern Europe,primary,0,persons,False
2009,RS,jf-survey-2009,セルビア,Serbia,Eastern Europe,secondary,48,persons,False
2009,RS,jf-survey-2009,セルビア,Serbia,Eastern Europe,higher,438,persons,False
2009,RS,jf-survey-2009,セルビア,Serbia,Eastern Europe,other,26,persons,False
2009,CZ,jf-survey-2009,チェコ,Czechia,Eastern Europe,institutions,15,institutions,False
2009,CZ,jf-survey-2009,チェコ,Czechia,Eastern Europe,teachers,47,persons,False
2009,CZ,jf-survey-2009,チェコ,Czechia,Eastern Europe,learners,1109,persons,False
2009,CZ,jf-survey-2009,チェコ,Czechia,Eastern Europe,school,25,persons,False
2009,CZ,jf-survey-2009,チェコ,Czechia,Eastern Europe,multipleStage,80,persons,False
2009,CZ,jf-survey-2009,チェコ,Czechia,Eastern Europe,primary,15,persons,False
2009,CZ,jf-survey-2009,チェコ,Czechia,Eastern Europe,secondary,10,persons,False
2009,CZ,jf-survey-2009,チェコ,Czechia,Eastern Europe,higher,561,persons,False
2009,CZ,jf-survey-2009,チェコ,Czechia,Eastern Europe,other,443,persons,False
2009,HU,jf-survey-2009,ハンガリー,Hungary,Eastern Europe,institutions,37,institutions,False
2009,HU,jf-survey-2009,ハンガリー,Hungary,Eastern Europe,teachers,84,persons,False
2009,HU,jf-survey-2009,ハンガリー,Hungary,Eastern Europe,learners,1837,persons,False
2009,HU,jf-survey-2009,ハンガリー,Hungary,Eastern Europe,school,494,persons,False
2009,HU,jf-survey-2009,ハンガリー,Hungary,Eastern Europe,multipleStage,266,persons,False
2009,HU,jf-survey-2009,ハンガリー,Hungary,Eastern Europe,primary,113,persons,False
2009,HU,jf-survey-2009,ハンガリー,Hungary,Eastern Europe,secondary,381,persons,False
2009,HU,jf-survey-2009,ハンガリー,Hungary,Eastern Europe,higher,712,persons,False
2009,HU,jf-survey-2009,ハンガリー,Hungary,Eastern Europe,other,365,persons,False
2009,BG,jf-survey-2009,ブルガリア,Bulgaria,Eastern Europe,institutions,13,institutions,False
2009,BG,jf-survey-2009,ブルガリア,Bulgaria,Eastern Europe,teachers,45,persons,False
2009,BG,jf-survey-2009,ブルガリア,Bulgaria,Eastern Europe,learners,1868,persons,False
2009,BG,jf-survey-2009,ブルガリア,Bulgaria,Eastern Europe,school,228,persons,False
2009,BG,jf-survey-2009,ブルガリア,Bulgaria,Eastern Europe,multipleStage,1397,persons,False
2009,BG,jf-survey-2009,ブルガリア,Bulgaria,Eastern Europe,primary,130,persons,False
2009,BG,jf-survey-2009,ブルガリア,Bulgaria,Eastern Europe,secondary,98,persons,False
2009,BG,jf-survey-2009,ブルガリア,Bulgaria,Eastern Europe,higher,151,persons,False
2009,BG,jf-survey-2009,ブルガリア,Bulgaria,Eastern Europe,other,92,persons,False
2009,BY,jf-survey-2009,ベラルーシ,Belarus,Eastern Europe,institutions,5,institutions,False
2009,BY,jf-survey-2009,ベラルーシ,Belarus,Eastern Europe,teachers,12,persons,False
2009,BY,jf-survey-2009,ベラルーシ,Belarus,Eastern Europe,learners,136,persons,False
2009,BY,jf-survey-2009,ベラルーシ,Belarus,Eastern Europe,school,0,persons,False
2009,BY,jf-survey-2009,ベラルーシ,Belarus,Eastern Europe,multipleStage,0,persons,False
2009,BY,jf-survey-2009,ベラルーシ,Belarus,Eastern Europe,primary,0,persons,False
2009,BY,jf-survey-2009,ベラルーシ,Belarus,Eastern Europe,secondary,0,persons,False
2009,BY,jf-survey-2009,ベラルーシ,Belarus,Eastern Europe,higher,76,persons,False
2009,BY,jf-survey-2009,ベラルーシ,Belarus,Eastern Europe,other,60,persons,False
2009,PL,jf-survey-2009,ポーランド,Poland,Eastern Europe,institutions,42,institutions,False
2009,PL,jf-survey-2009,ポーランド,Poland,Eastern Europe,teachers,156,persons,False
2009,PL,jf-survey-2009,ポーランド,Poland,Eastern Europe,learners,2865,persons,False
2009,PL,jf-survey-2009,ポーランド,Poland,Eastern Europe,school,92,persons,False
2009,PL,jf-survey-2009,ポーランド,Poland,Eastern Europe,multipleStage,310,persons,False
2009,PL,jf-survey-2009,ポーランド,Poland,Eastern Europe,primary,0,persons,False
2009,PL,jf-survey-2009,ポーランド,Poland,Eastern Europe,secondary,92,persons,False
2009,PL,jf-survey-2009,ポーランド,Poland,Eastern Europe,higher,1169,persons,False
2009,PL,jf-survey-2009,ポーランド,Poland,Eastern Europe,other,1294,persons,False
2009,BA,jf-survey-2009,ボスニア・ヘルツェゴビナ,Bosnia & Herzegovina,Eastern Europe,institutions,2,institutions,False
2009,BA,jf-survey-2009,ボスニア・ヘルツェゴビナ,Bosnia & Herzegovina,Eastern Europe,teachers,3,persons,False
2009,BA,jf-survey-2009,ボスニア・ヘルツェゴビナ,Bosnia & Herzegovina,Eastern Europe,learners,22,persons,False
2009,BA,jf-survey-2009,ボスニア・ヘルツェゴビナ,Bosnia & Herzegovina,Eastern Europe,school,0,persons,False
2009,BA,jf-survey-2009,ボスニア・ヘルツェゴビナ,Bosnia & Herzegovina,Eastern Europe,multipleStage,0,persons,False
2009,BA,jf-survey-2009,ボスニア・ヘルツェゴビナ,Bosnia & Herzegovina,Eastern Europe,primary,0,persons,False
2009,BA,jf-survey-2009,ボスニア・ヘルツェゴビナ,Bosnia & Herzegovina,Eastern Europe,secondary,0,persons,False
2009,BA,jf-survey-2009,ボスニア・ヘルツェゴビナ,Bosnia & Herzegovina,Eastern Europe,higher,0,persons,False
2009,BA,jf-survey-2009,ボスニア・ヘルツェゴビナ,Bosnia & Herzegovina,Eastern Europe,other,22,persons,False
2009,MD,jf-survey-2009,モルドバ,Moldova,Eastern Europe,institutions,1,institutions,False
2009,MD,jf-survey-2009,モルドバ,Moldova,Eastern Europe,teachers,3,persons,False
2009,MD,jf-survey-2009,モルドバ,Moldova,Eastern Europe,learners,107,persons,False
2009,MD,jf-survey-2009,モルドバ,Moldova,Eastern Europe,school,0,persons,False
2009,MD,jf-survey-2009,モルドバ,Moldova,Eastern Europe,multipleStage,0,persons,False
2009,MD,jf-survey-2009,モルドバ,Moldova,Eastern Europe,primary,0,persons,False
2009,MD,jf-survey-2009,モルドバ,Moldova,Eastern Europe,secondary,0,persons,False
2009,MD,jf-survey-2009,モルドバ,Moldova,Eastern Europe,higher,0,persons,False
2009,MD,jf-survey-2009,モルドバ,Moldova,Eastern Europe,other,107,persons,False
2009,LV,jf-survey-2009,ラトビア,Latvia,Eastern Europe,institutions,3,institutions,False
2009,LV,jf-survey-2009,ラトビア,Latvia,Eastern Europe,teachers,8,persons,False
2009,LV,jf-survey-2009,ラトビア,Latvia,Eastern Europe,learners,188,persons,False
2009,LV,jf-survey-2009,ラトビア,Latvia,Eastern Europe,school,0,persons,False
2009,LV,jf-survey-2009,ラトビア,Latvia,Eastern Europe,multipleStage,97,persons,False
2009,LV,jf-survey-2009,ラトビア,Latvia,Eastern Europe,primary,0,persons,False
2009,LV,jf-survey-2009,ラトビア,Latvia,Eastern Europe,secondary,0,persons,False
2009,LV,jf-survey-2009,ラトビア,Latvia,Eastern Europe,higher,81,persons,False
2009,LV,jf-survey-2009,ラトビア,Latvia,Eastern Europe,other,10,persons,False
2009,LT,jf-survey-2009,リトアニア,Lithuania,Eastern Europe,institutions,11,institutions,False
2009,LT,jf-survey-2009,リトアニア,Lithuania,Eastern Europe,teachers,19,persons,False
2009,LT,jf-survey-2009,リトアニア,Lithuania,Eastern Europe,learners,288,persons,False
2009,LT,jf-survey-2009,リトアニア,Lithuania,Eastern Europe,school,111,persons,False
2009,LT,jf-survey-2009,リトアニア,Lithuania,Eastern Europe,multipleStage,0,persons,False
2009,LT,jf-survey-2009,リトアニア,Lithuania,Eastern Europe,primary,0,persons,False
2009,LT,jf-survey-2009,リトアニア,Lithuania,Eastern Europe,secondary,111,persons,False
2009,LT,jf-survey-2009,リトアニア,Lithuania,Eastern Europe,higher,135,persons,False
2009,LT,jf-survey-2009,リトアニア,Lithuania,Eastern Europe,other,42,persons,False
2009,RO,jf-survey-2009,ルーマニア,Romania,Eastern Europe,institutions,25,institutions,False
2009,RO,jf-survey-2009,ルーマニア,Romania,Eastern Europe,teachers,60,persons,False
2009,RO,jf-survey-2009,ルーマニア,Romania,Eastern Europe,learners,2066,persons,False
2009,RO,jf-survey-2009,ルーマニア,Romania,Eastern Europe,school,425,persons,False
2009,RO,jf-survey-2009,ルーマニア,Romania,Eastern Europe,multipleStage,200,persons,False
2009,RO,jf-survey-2009,ルーマニア,Romania,Eastern Europe,primary,0,persons,False
2009,RO,jf-survey-2009,ルーマニア,Romania,Eastern Europe,secondary,425,persons,False
2009,RO,jf-survey-2009,ルーマニア,Romania,Eastern Europe,higher,988,persons,False
2009,RO,jf-survey-2009,ルーマニア,Romania,Eastern Europe,other,453,persons,False
2009,RU,jf-survey-2009,ロシア,Russia,Eastern Europe,institutions,153,institutions,False
2009,RU,jf-survey-2009,ロシア,Russia,Eastern Europe,teachers,532,persons,False
2009,RU,jf-survey-2009,ロシア,Russia,Eastern Europe,learners,11696,persons,False
2009,RU,jf-survey-2009,ロシア,Russia,Eastern Europe,school,992,persons,False
2009,RU,jf-survey-2009,ロシア,Russia,Eastern Europe,multipleStage,4841,persons,False
2009,RU,jf-survey-2009,ロシア,Russia,Eastern Europe,primary,5,persons,False
2009,RU,jf-survey-2009,ロシア,Russia,Eastern Europe,secondary,987,persons,False
2009,RU,jf-survey-2009,ロシア,Russia,Eastern Europe,higher,3547,persons,False
2009,RU,jf-survey-2009,ロシア,Russia,Eastern Europe,other,2316,persons,False
2009,AE,jf-survey-2009,アラブ首長国連邦,United Arab Emirates,Middle East,institutions,5,institutions,False
2009,AE,jf-survey-2009,アラブ首長国連邦,United Arab Emirates,Middle East,teachers,13,persons,False
2009,AE,jf-survey-2009,アラブ首長国連邦,United Arab Emirates,Middle East,learners,200,persons,False
2009,AE,jf-survey-2009,アラブ首長国連邦,United Arab Emirates,Middle East,school,0,persons,False
2009,AE,jf-survey-2009,アラブ首長国連邦,United Arab Emirates,Middle East,multipleStage,40,persons,False
2009,AE,jf-survey-2009,アラブ首長国連邦,United Arab Emirates,Middle East,primary,0,persons,False
2009,AE,jf-survey-2009,アラブ首長国連邦,United Arab Emirates,Middle East,secondary,0,persons,False
2009,AE,jf-survey-2009,アラブ首長国連邦,United Arab Emirates,Middle East,higher,90,persons,False
2009,AE,jf-survey-2009,アラブ首長国連邦,United Arab Emirates,Middle East,other,70,persons,False
2009,YE,jf-survey-2009,イエメン,Yemen,Middle East,institutions,1,institutions,False
2009,YE,jf-survey-2009,イエメン,Yemen,Middle East,teachers,4,persons,False
2009,YE,jf-survey-2009,イエメン,Yemen,Middle East,learners,100,persons,False
2009,YE,jf-survey-2009,イエメン,Yemen,Middle East,school,0,persons,False
2009,YE,jf-survey-2009,イエメン,Yemen,Middle East,multipleStage,0,persons,False
2009,YE,jf-survey-2009,イエメン,Yemen,Middle East,primary,0,persons,False
2009,YE,jf-survey-2009,イエメン,Yemen,Middle East,secondary,0,persons,False
2009,YE,jf-survey-2009,イエメン,Yemen,Middle East,higher,0,persons,False
2009,YE,jf-survey-2009,イエメン,Yemen,Middle East,other,100,persons,False
2009,IL,jf-survey-2009,イスラエル,Israel,Middle East,institutions,6,institutions,False
2009,IL,jf-survey-2009,イスラエル,Israel,Middle East,teachers,14,persons,False
2009,IL,jf-survey-2009,イスラエル,Israel,Middle East,learners,369,persons,False
2009,IL,jf-survey-2009,イスラエル,Israel,Middle East,school,0,persons,False
2009,IL,jf-survey-2009,イスラエル,Israel,Middle East,multipleStage,0,persons,False
2009,IL,jf-survey-2009,イスラエル,Israel,Middle East,primary,0,persons,False
2009,IL,jf-survey-2009,イスラエル,Israel,Middle East,secondary,0,persons,False
2009,IL,jf-survey-2009,イスラエル,Israel,Middle East,higher,358,persons,False
2009,IL,jf-survey-2009,イスラエル,Israel,Middle East,other,11,persons,False
2009,IR,jf-survey-2009,イラン,Iran,Middle East,institutions,3,institutions,False
2009,IR,jf-survey-2009,イラン,Iran,Middle East,teachers,18,persons,False
2009,IR,jf-survey-2009,イラン,Iran,Middle East,learners,229,persons,False
2009,IR,jf-survey-2009,イラン,Iran,Middle East,school,0,persons,False
2009,IR,jf-survey-2009,イラン,Iran,Middle East,multipleStage,0,persons,False
2009,IR,jf-survey-2009,イラン,Iran,Middle East,primary,0,persons,False
2009,IR,jf-survey-2009,イラン,Iran,Middle East,secondary,0,persons,False
2009,IR,jf-survey-2009,イラン,Iran,Middle East,higher,119,persons,False
2009,IR,jf-survey-2009,イラン,Iran,Middle East,other,110,persons,False
2009,OM,jf-survey-2009,オマーン,Oman,Middle East,institutions,1,institutions,False
2009,OM,jf-survey-2009,オマーン,Oman,Middle East,teachers,1,persons,False
2009,OM,jf-survey-2009,オマーン,Oman,Middle East,learners,50,persons,False
2009,OM,jf-survey-2009,オマーン,Oman,Middle East,school,0,persons,False
2009,OM,jf-survey-2009,オマーン,Oman,Middle East,multipleStage,0,persons,False
2009,OM,jf-survey-2009,オマーン,Oman,Middle East,primary,0,persons,False
2009,OM,jf-survey-2009,オマーン,Oman,Middle East,secondary,0,persons,False
2009,OM,jf-survey-2009,オマーン,Oman,Middle East,higher,0,persons,False
2009,OM,jf-survey-2009,オマーン,Oman,Middle East,other,50,persons,False
2009,QA,jf-survey-2009,カタール,Qatar,Middle East,institutions,1,institutions,False
2009,QA,jf-survey-2009,カタール,Qatar,Middle East,teachers,2,persons,False
2009,QA,jf-survey-2009,カタール,Qatar,Middle East,learners,30,persons,False
2009,QA,jf-survey-2009,カタール,Qatar,Middle East,school,0,persons,False
2009,QA,jf-survey-2009,カタール,Qatar,Middle East,multipleStage,0,persons,False
2009,QA,jf-survey-2009,カタール,Qatar,Middle East,primary,0,persons,False
2009,QA,jf-survey-2009,カタール,Qatar,Middle East,secondary,0,persons,False
2009,QA,jf-survey-2009,カタール,Qatar,Middle East,higher,0,persons,False
2009,QA,jf-survey-2009,カタール,Qatar,Middle East,other,30,persons,False
2009,KW,jf-survey-2009,クウェート,Kuwait,Middle East,institutions,2,institutions,False
2009,KW,jf-survey-2009,クウェート,Kuwait,Middle East,teachers,4,persons,False
2009,KW,jf-survey-2009,クウェート,Kuwait,Middle East,learners,60,persons,False
2009,KW,jf-survey-2009,クウェート,Kuwait,Middle East,school,0,persons,False
2009,KW,jf-survey-2009,クウェート,Kuwait,Middle East,multipleStage,0,persons,False
2009,KW,jf-survey-2009,クウェート,Kuwait,Middle East,primary,0,persons,False
2009,KW,jf-survey-2009,クウェート,Kuwait,Middle East,secondary,0,persons,False
2009,KW,jf-survey-2009,クウェート,Kuwait,Middle East,higher,0,persons,False
2009,KW,jf-survey-2009,クウェート,Kuwait,Middle East,other,60,persons,False
2009,SA,jf-survey-2009,サウジアラビア,Saudi Arabia,Middle East,institutions,2,institutions,False
2009,SA,jf-survey-2009,サウジアラビア,Saudi Arabia,Middle East,teachers,4,persons,False
2009,SA,jf-survey-2009,サウジアラビア,Saudi Arabia,Middle East,learners,27,persons,False
2009,SA,jf-survey-2009,サウジアラビア,Saudi Arabia,Middle East,school,0,persons,False
2009,SA,jf-survey-2009,サウジアラビア,Saudi Arabia,Middle East,multipleStage,0,persons,False
2009,SA,jf-survey-2009,サウジアラビア,Saudi Arabia,Middle East,primary,0,persons,False
2009,SA,jf-survey-2009,サウジアラビア,Saudi Arabia,Middle East,secondary,0,persons,False
2009,SA,jf-survey-2009,サウジアラビア,Saudi Arabia,Middle East,higher,11,persons,False
2009,SA,jf-survey-2009,サウジアラビア,Saudi Arabia,Middle East,other,16,persons,False
2009,SY,jf-survey-2009,シリア,Syria,Middle East,institutions,3,institutions,False
2009,SY,jf-survey-2009,シリア,Syria,Middle East,teachers,15,persons,False
2009,SY,jf-survey-2009,シリア,Syria,Middle East,learners,270,persons,False
2009,SY,jf-survey-2009,シリア,Syria,Middle East,school,0,persons,False
2009,SY,jf-survey-2009,シリア,Syria,Middle East,multipleStage,150,persons,False
2009,SY,jf-survey-2009,シリア,Syria,Middle East,primary,0,persons,False
2009,SY,jf-survey-2009,シリア,Syria,Middle East,secondary,0,persons,False
2009,SY,jf-survey-2009,シリア,Syria,Middle East,higher,70,persons,False
2009,SY,jf-survey-2009,シリア,Syria,Middle East,other,50,persons,False
2009,TR,jf-survey-2009,トルコ,Türkiye,Middle East,institutions,20,institutions,False
2009,TR,jf-survey-2009,トルコ,Türkiye,Middle East,teachers,53,persons,False
2009,TR,jf-survey-2009,トルコ,Türkiye,Middle East,learners,1189,persons,False
2009,TR,jf-survey-2009,トルコ,Türkiye,Middle East,school,134,persons,False
2009,TR,jf-survey-2009,トルコ,Türkiye,Middle East,multipleStage,10,persons,False
2009,TR,jf-survey-2009,トルコ,Türkiye,Middle East,primary,0,persons,False
2009,TR,jf-survey-2009,トルコ,Türkiye,Middle East,secondary,134,persons,False
2009,TR,jf-survey-2009,トルコ,Türkiye,Middle East,higher,841,persons,False
2009,TR,jf-survey-2009,トルコ,Türkiye,Middle East,other,204,persons,False
2009,BH,jf-survey-2009,バーレーン,Bahrain,Middle East,institutions,2,institutions,False
2009,BH,jf-survey-2009,バーレーン,Bahrain,Middle East,teachers,2,persons,False
2009,BH,jf-survey-2009,バーレーン,Bahrain,Middle East,learners,64,persons,False
2009,BH,jf-survey-2009,バーレーン,Bahrain,Middle East,school,0,persons,False
2009,BH,jf-survey-2009,バーレーン,Bahrain,Middle East,multipleStage,0,persons,False
2009,BH,jf-survey-2009,バーレーン,Bahrain,Middle East,primary,0,persons,False
2009,BH,jf-survey-2009,バーレーン,Bahrain,Middle East,secondary,0,persons,False
2009,BH,jf-survey-2009,バーレーン,Bahrain,Middle East,higher,33,persons,False
2009,BH,jf-survey-2009,バーレーン,Bahrain,Middle East,other,31,persons,False
2009,JO,jf-survey-2009,ヨルダン,Jordan,Middle East,institutions,3,institutions,False
2009,JO,jf-survey-2009,ヨルダン,Jordan,Middle East,teachers,7,persons,False
2009,JO,jf-survey-2009,ヨルダン,Jordan,Middle East,learners,100,persons,False
2009,JO,jf-survey-2009,ヨルダン,Jordan,Middle East,school,0,persons,False
2009,JO,jf-survey-2009,ヨルダン,Jordan,Middle East,multipleStage,0,persons,False
2009,JO,jf-survey-2009,ヨルダン,Jordan,Middle East,primary,0,persons,False
2009,JO,jf-survey-2009,ヨルダン,Jordan,Middle East,secondary,0,persons,False
2009,JO,jf-survey-2009,ヨルダン,Jordan,Middle East,higher,30,persons,False
2009,JO,jf-survey-2009,ヨルダン,Jordan,Middle East,other,70,persons,False
2009,LB,jf-survey-2009,レバノン,Lebanon,Middle East,institutions,2,institutions,False
2009,LB,jf-survey-2009,レバノン,Lebanon,Middle East,teachers,2,persons,False
2009,LB,jf-survey-2009,レバノン,Lebanon,Middle East,learners,56,persons,False
2009,LB,jf-survey-2009,レバノン,Lebanon,Middle East,school,0,persons,False
2009,LB,jf-survey-2009,レバノン,Lebanon,Middle East,multipleStage,55,persons,False
2009,LB,jf-survey-2009,レバノン,Lebanon,Middle East,primary,0,persons,False
2009,LB,jf-survey-2009,レバノン,Lebanon,Middle East,secondary,0,persons,False
2009,LB,jf-survey-2009,レバノン,Lebanon,Middle East,higher,0,persons,False
2009,LB,jf-survey-2009,レバノン,Lebanon,Middle East,other,1,persons,False
2009,EG,jf-survey-2009,エジプト,Egypt,North Africa,institutions,14,institutions,False
2009,EG,jf-survey-2009,エジプト,Egypt,North Africa,teachers,69,persons,False
2009,EG,jf-survey-2009,エジプト,Egypt,North Africa,learners,1036,persons,False
2009,EG,jf-survey-2009,エジプト,Egypt,North Africa,school,0,persons,False
2009,EG,jf-survey-2009,エジプト,Egypt,North Africa,multipleStage,0,persons,False
2009,EG,jf-survey-2009,エジプト,Egypt,North Africa,primary,0,persons,False
2009,EG,jf-survey-2009,エジプト,Egypt,North Africa,secondary,0,persons,False
2009,EG,jf-survey-2009,エジプト,Egypt,North Africa,higher,640,persons,False
2009,EG,jf-survey-2009,エジプト,Egypt,North Africa,other,396,persons,False
2009,TN,jf-survey-2009,チュニジア,Tunisia,North Africa,institutions,1,institutions,False
2009,TN,jf-survey-2009,チュニジア,Tunisia,North Africa,teachers,3,persons,False
2009,TN,jf-survey-2009,チュニジア,Tunisia,North Africa,learners,120,persons,False
2009,TN,jf-survey-2009,チュニジア,Tunisia,North Africa,school,0,persons,False
2009,TN,jf-survey-2009,チュニジア,Tunisia,North Africa,multipleStage,0,persons,False
2009,TN,jf-survey-2009,チュニジア,Tunisia,North Africa,primary,0,persons,False
2009,TN,jf-survey-2009,チュニジア,Tunisia,North Africa,secondary,0,persons,False
2009,TN,jf-survey-2009,チュニジア,Tunisia,North Africa,higher,0,persons,False
2009,TN,jf-survey-2009,チュニジア,Tunisia,North Africa,other,120,persons,False
2009,MA,jf-survey-2009,モロッコ,Morocco,North Africa,institutions,8,institutions,False
2009,MA,jf-survey-2009,モロッコ,Morocco,North Africa,teachers,11,persons,False
2009,MA,jf-survey-2009,モロッコ,Morocco,North Africa,learners,491,persons,False
2009,MA,jf-survey-2009,モロッコ,Morocco,North Africa,school,0,persons,False
2009,MA,jf-survey-2009,モロッコ,Morocco,North Africa,multipleStage,0,persons,False
2009,MA,jf-survey-2009,モロッコ,Morocco,North Africa,primary,0,persons,False
2009,MA,jf-survey-2009,モロッコ,Morocco,North Africa,secondary,0,persons,False
2009,MA,jf-survey-2009,モロッコ,Morocco,North Africa,higher,437,persons,False
2009,MA,jf-survey-2009,モロッコ,Morocco,North Africa,other,54,persons,False
2009,UG,jf-survey-2009,ウガンダ,Uganda,Africa,institutions,3,institutions,False
2009,UG,jf-survey-2009,ウガンダ,Uganda,Africa,teachers,5,persons,False
2009,UG,jf-survey-2009,ウガンダ,Uganda,Africa,learners,69,persons,False
2009,UG,jf-survey-2009,ウガンダ,Uganda,Africa,school,0,persons,False
2009,UG,jf-survey-2009,ウガンダ,Uganda,Africa,multipleStage,0,persons,False
2009,UG,jf-survey-2009,ウガンダ,Uganda,Africa,primary,0,persons,False
2009,UG,jf-survey-2009,ウガンダ,Uganda,Africa,secondary,0,persons,False
2009,UG,jf-survey-2009,ウガンダ,Uganda,Africa,higher,0,persons,False
2009,UG,jf-survey-2009,ウガンダ,Uganda,Africa,other,69,persons,False
2009,ET,jf-survey-2009,エチオピア,Ethiopia,Africa,institutions,1,institutions,False
2009,ET,jf-survey-2009,エチオピア,Ethiopia,Africa,teachers,2,persons,False
2009,ET,jf-survey-2009,エチオピア,Ethiopia,Africa,learners,72,persons,False
2009,ET,jf-survey-2009,エチオピア,Ethiopia,Africa,school,0,persons,False
2009,ET,jf-survey-2009,エチオピア,Ethiopia,Africa,multipleStage,0,persons,False
2009,ET,jf-survey-2009,エチオピア,Ethiopia,Africa,primary,0,persons,False
2009,ET,jf-survey-2009,エチオピア,Ethiopia,Africa,secondary,0,persons,False
2009,ET,jf-survey-2009,エチオピア,Ethiopia,Africa,higher,72,persons,False
2009,ET,jf-survey-2009,エチオピア,Ethiopia,Africa,other,0,persons,False
2009,GH,jf-survey-2009,ガーナ,Ghana,Africa,institutions,2,institutions,False
2009,GH,jf-survey-2009,ガーナ,Ghana,Africa,teachers,2,persons,False
2009,GH,jf-survey-2009,ガーナ,Ghana,Africa,learners,906,persons,False
2009,GH,jf-survey-2009,ガーナ,Ghana,Africa,school,0,persons,False
2009,GH,jf-survey-2009,ガーナ,Ghana,Africa,multipleStage,895,persons,False
2009,GH,jf-survey-2009,ガーナ,Ghana,Africa,primary,0,persons,False
2009,GH,jf-survey-2009,ガーナ,Ghana,Africa,secondary,0,persons,False
2009,GH,jf-survey-2009,ガーナ,Ghana,Africa,higher,11,persons,False
2009,GH,jf-survey-2009,ガーナ,Ghana,Africa,other,0,persons,False
2009,GA,jf-survey-2009,ガボン,Gabon,Africa,institutions,1,institutions,False
2009,GA,jf-survey-2009,ガボン,Gabon,Africa,teachers,2,persons,False
2009,GA,jf-survey-2009,ガボン,Gabon,Africa,learners,99,persons,False
2009,GA,jf-survey-2009,ガボン,Gabon,Africa,school,99,persons,False
2009,GA,jf-survey-2009,ガボン,Gabon,Africa,multipleStage,0,persons,False
2009,GA,jf-survey-2009,ガボン,Gabon,Africa,primary,99,persons,False
2009,GA,jf-survey-2009,ガボン,Gabon,Africa,secondary,0,persons,False
2009,GA,jf-survey-2009,ガボン,Gabon,Africa,higher,0,persons,False
2009,GA,jf-survey-2009,ガボン,Gabon,Africa,other,0,persons,False
2009,CM,jf-survey-2009,カメルーン,Cameroon,Africa,institutions,1,institutions,False
2009,CM,jf-survey-2009,カメルーン,Cameroon,Africa,teachers,3,persons,False
2009,CM,jf-survey-2009,カメルーン,Cameroon,Africa,learners,12,persons,False
2009,CM,jf-survey-2009,カメルーン,Cameroon,Africa,school,0,persons,False
2009,CM,jf-survey-2009,カメルーン,Cameroon,Africa,multipleStage,0,persons,False
2009,CM,jf-survey-2009,カメルーン,Cameroon,Africa,primary,0,persons,False
2009,CM,jf-survey-2009,カメルーン,Cameroon,Africa,secondary,0,persons,False
2009,CM,jf-survey-2009,カメルーン,Cameroon,Africa,higher,0,persons,False
2009,CM,jf-survey-2009,カメルーン,Cameroon,Africa,other,12,persons,False
2009,KE,jf-survey-2009,ケニア,Kenya,Africa,institutions,19,institutions,False
2009,KE,jf-survey-2009,ケニア,Kenya,Africa,teachers,30,persons,False
2009,KE,jf-survey-2009,ケニア,Kenya,Africa,learners,988,persons,False
2009,KE,jf-survey-2009,ケニア,Kenya,Africa,school,220,persons,False
2009,KE,jf-survey-2009,ケニア,Kenya,Africa,multipleStage,57,persons,False
2009,KE,jf-survey-2009,ケニア,Kenya,Africa,primary,50,persons,False
2009,KE,jf-survey-2009,ケニア,Kenya,Africa,secondary,170,persons,False
2009,KE,jf-survey-2009,ケニア,Kenya,Africa,higher,711,persons,False
2009,KE,jf-survey-2009,ケニア,Kenya,Africa,other,0,persons,False
2009,CI,jf-survey-2009,コートジボワール,Côte d’Ivoire,Africa,institutions,1,institutions,False
2009,CI,jf-survey-2009,コートジボワール,Côte d’Ivoire,Africa,teachers,2,persons,False
2009,CI,jf-survey-2009,コートジボワール,Côte d’Ivoire,Africa,learners,250,persons,False
2009,CI,jf-survey-2009,コートジボワール,Côte d’Ivoire,Africa,school,0,persons,False
2009,CI,jf-survey-2009,コートジボワール,Côte d’Ivoire,Africa,multipleStage,0,persons,False
2009,CI,jf-survey-2009,コートジボワール,Côte d’Ivoire,Africa,primary,0,persons,False
2009,CI,jf-survey-2009,コートジボワール,Côte d’Ivoire,Africa,secondary,0,persons,False
2009,CI,jf-survey-2009,コートジボワール,Côte d’Ivoire,Africa,higher,0,persons,False
2009,CI,jf-survey-2009,コートジボワール,Côte d’Ivoire,Africa,other,250,persons,False
2009,SN,jf-survey-2009,セネガル,Senegal,Africa,institutions,3,institutions,False
2009,SN,jf-survey-2009,セネガル,Senegal,Africa,teachers,5,persons,False
2009,SN,jf-survey-2009,セネガル,Senegal,Africa,learners,205,persons,False
2009,SN,jf-survey-2009,セネガル,Senegal,Africa,school,0,persons,False
2009,SN,jf-survey-2009,セネガル,Senegal,Africa,multipleStage,30,persons,False
2009,SN,jf-survey-2009,セネガル,Senegal,Africa,primary,0,persons,False
2009,SN,jf-survey-2009,セネガル,Senegal,Africa,secondary,0,persons,False
2009,SN,jf-survey-2009,セネガル,Senegal,Africa,higher,175,persons,False
2009,SN,jf-survey-2009,セネガル,Senegal,Africa,other,0,persons,False
2009,TZ,jf-survey-2009,タンザニア,Tanzania,Africa,institutions,1,institutions,False
2009,TZ,jf-survey-2009,タンザニア,Tanzania,Africa,teachers,1,persons,False
2009,TZ,jf-survey-2009,タンザニア,Tanzania,Africa,learners,90,persons,False
2009,TZ,jf-survey-2009,タンザニア,Tanzania,Africa,school,0,persons,False
2009,TZ,jf-survey-2009,タンザニア,Tanzania,Africa,multipleStage,0,persons,False
2009,TZ,jf-survey-2009,タンザニア,Tanzania,Africa,primary,0,persons,False
2009,TZ,jf-survey-2009,タンザニア,Tanzania,Africa,secondary,0,persons,False
2009,TZ,jf-survey-2009,タンザニア,Tanzania,Africa,higher,90,persons,False
2009,TZ,jf-survey-2009,タンザニア,Tanzania,Africa,other,0,persons,False
2009,CF,jf-survey-2009,中央アフリカ,Central African Republic,Africa,institutions,1,institutions,False
2009,CF,jf-survey-2009,中央アフリカ,Central African Republic,Africa,teachers,1,persons,False
2009,CF,jf-survey-2009,中央アフリカ,Central African Republic,Africa,learners,4115,persons,False
2009,CF,jf-survey-2009,中央アフリカ,Central African Republic,Africa,school,0,persons,False
2009,CF,jf-survey-2009,中央アフリカ,Central African Republic,Africa,multipleStage,4115,persons,False
2009,CF,jf-survey-2009,中央アフリカ,Central African Republic,Africa,primary,0,persons,False
2009,CF,jf-survey-2009,中央アフリカ,Central African Republic,Africa,secondary,0,persons,False
2009,CF,jf-survey-2009,中央アフリカ,Central African Republic,Africa,higher,0,persons,False
2009,CF,jf-survey-2009,中央アフリカ,Central African Republic,Africa,other,0,persons,False
2009,BF,jf-survey-2009,ブルキナファソ,Burkina Faso,Africa,institutions,1,institutions,False
2009,BF,jf-survey-2009,ブルキナファソ,Burkina Faso,Africa,teachers,1,persons,False
2009,BF,jf-survey-2009,ブルキナファソ,Burkina Faso,Africa,learners,20,persons,False
2009,BF,jf-survey-2009,ブルキナファソ,Burkina Faso,Africa,school,0,persons,False
2009,BF,jf-survey-2009,ブルキナファソ,Burkina Faso,Africa,multipleStage,0,persons,False
2009,BF,jf-survey-2009,ブルキナファソ,Burkina Faso,Africa,primary,0,persons,False
2009,BF,jf-survey-2009,ブルキナファソ,Burkina Faso,Africa,secondary,0,persons,False
2009,BF,jf-survey-2009,ブルキナファソ,Burkina Faso,Africa,higher,0,persons,False
2009,BF,jf-survey-2009,ブルキナファソ,Burkina Faso,Africa,other,20,persons,False
2009,BJ,jf-survey-2009,ベナン,Benin,Africa,institutions,1,institutions,False
2009,BJ,jf-survey-2009,ベナン,Benin,Africa,teachers,2,persons,False
2009,BJ,jf-survey-2009,ベナン,Benin,Africa,learners,150,persons,False
2009,BJ,jf-survey-2009,ベナン,Benin,Africa,school,0,persons,False
2009,BJ,jf-survey-2009,ベナン,Benin,Africa,multipleStage,0,persons,False
2009,BJ,jf-survey-2009,ベナン,Benin,Africa,primary,0,persons,False
2009,BJ,jf-survey-2009,ベナン,Benin,Africa,secondary,0,persons,False
2009,BJ,jf-survey-2009,ベナン,Benin,Africa,higher,0,persons,False
2009,BJ,jf-survey-2009,ベナン,Benin,Africa,other,150,persons,False
2009,BW,jf-survey-2009,ボツワナ,Botswana,Africa,institutions,1,institutions,False
2009,BW,jf-survey-2009,ボツワナ,Botswana,Africa,teachers,1,persons,False
2009,BW,jf-survey-2009,ボツワナ,Botswana,Africa,learners,7,persons,False
2009,BW,jf-survey-2009,ボツワナ,Botswana,Africa,school,0,persons,False
2009,BW,jf-survey-2009,ボツワナ,Botswana,Africa,multipleStage,0,persons,False
2009,BW,jf-survey-2009,ボツワナ,Botswana,Africa,primary,0,persons,False
2009,BW,jf-survey-2009,ボツワナ,Botswana,Africa,secondary,0,persons,False
2009,BW,jf-survey-2009,ボツワナ,Botswana,Africa,higher,0,persons,False
2009,BW,jf-survey-2009,ボツワナ,Botswana,Africa,other,7,persons,False
2009,MG,jf-survey-2009,マダガスカル,Madagascar,Africa,institutions,11,institutions,False
2009,MG,jf-survey-2009,マダガスカル,Madagascar,Africa,teachers,25,persons,False
2009,MG,jf-survey-2009,マダガスカル,Madagascar,Africa,learners,1175,persons,False
2009,MG,jf-survey-2009,マダガスカル,Madagascar,Africa,school,56,persons,False
2009,MG,jf-survey-2009,マダガスカル,Madagascar,Africa,multipleStage,0,persons,False
2009,MG,jf-survey-2009,マダガスカル,Madagascar,Africa,primary,0,persons,False
2009,MG,jf-survey-2009,マダガスカル,Madagascar,Africa,secondary,56,persons,False
2009,MG,jf-survey-2009,マダガスカル,Madagascar,Africa,higher,936,persons,False
2009,MG,jf-survey-2009,マダガスカル,Madagascar,Africa,other,183,persons,False
2009,ZA,jf-survey-2009,南アフリカ共和国,South Africa,Africa,institutions,1,institutions,False
2009,ZA,jf-survey-2009,南アフリカ共和国,South Africa,Africa,teachers,4,persons,False
2009,ZA,jf-survey-2009,南アフリカ共和国,South Africa,Africa,learners,65,persons,False
2009,ZA,jf-survey-2009,南アフリカ共和国,South Africa,Africa,school,0,persons,False
2009,ZA,jf-survey-2009,南アフリカ共和国,South Africa,Africa,multipleStage,0,persons,False
2009,ZA,jf-survey-2009,南アフリカ共和国,South Africa,Africa,primary,0,persons,False
2009,ZA,jf-survey-2009,南アフリカ共和国,South Africa,Africa,secondary,0,persons,False
2009,ZA,jf-survey-2009,南アフリカ共和国,South Africa,Africa,higher,0,persons,False
2009,ZA,jf-survey-2009,南アフリカ共和国,South Africa,Africa,other,65,persons,False
2012,KR,jf-survey-2012,5,South Korea,East Asia,institutions,3914,institutions,False
2012,KR,jf-survey-2012,5,South Korea,East Asia,teachers,17817,persons,False
2012,KR,jf-survey-2012,5,South Korea,East Asia,learners,840187,persons,False
2012,KR,jf-survey-2012,5,South Korea,East Asia,school,695829,persons,False
2012,KR,jf-survey-2012,5,South Korea,East Asia,multipleStage,0,persons,False
2012,KR,jf-survey-2012,5,South Korea,East Asia,primary,1793,persons,False
2012,KR,jf-survey-2012,5,South Korea,East Asia,secondary,694036,persons,False
2012,KR,jf-survey-2012,5,South Korea,East Asia,higher,57778,persons,False
2012,KR,jf-survey-2012,5,South Korea,East Asia,other,86580,persons,False
2012,TW,jf-survey-2012,6,Taiwan,East Asia,institutions,774,institutions,False
2012,TW,jf-survey-2012,6,Taiwan,East Asia,teachers,3544,persons,False
2012,TW,jf-survey-2012,6,Taiwan,East Asia,learners,233417,persons,False
2012,TW,jf-survey-2012,6,Taiwan,East Asia,school,85988,persons,False
2012,TW,jf-survey-2012,6,Taiwan,East Asia,multipleStage,26731,persons,False
2012,TW,jf-survey-2012,6,Taiwan,East Asia,primary,1935,persons,False
2012,TW,jf-survey-2012,6,Taiwan,East Asia,secondary,84053,persons,False
2012,TW,jf-survey-2012,6,Taiwan,East Asia,higher,90076,persons,False
2012,TW,jf-survey-2012,6,Taiwan,East Asia,other,30622,persons,False
2012,CN,jf-survey-2012,7,China,East Asia,institutions,1800,institutions,False
2012,CN,jf-survey-2012,7,China,East Asia,teachers,16752,persons,False
2012,CN,jf-survey-2012,7,China,East Asia,learners,1046490,persons,False
2012,CN,jf-survey-2012,7,China,East Asia,school,89317,persons,False
2012,CN,jf-survey-2012,7,China,East Asia,multipleStage,14793,persons,False
2012,CN,jf-survey-2012,7,China,East Asia,primary,2330,persons,False
2012,CN,jf-survey-2012,7,China,East Asia,secondary,86987,persons,False
2012,CN,jf-survey-2012,7,China,East Asia,higher,674005,persons,False
2012,CN,jf-survey-2012,7,China,East Asia,other,268375,persons,False
2012,HK,jf-survey-2012,8,Hong Kong SAR China,East Asia,institutions,73,institutions,False
2012,HK,jf-survey-2012,8,Hong Kong SAR China,East Asia,teachers,618,persons,False
2012,HK,jf-survey-2012,8,Hong Kong SAR China,East Asia,learners,22555,persons,False
2012,HK,jf-survey-2012,8,Hong Kong SAR China,East Asia,school,2346,persons,False
2012,HK,jf-survey-2012,8,Hong Kong SAR China,East Asia,multipleStage,2879,persons,False
2012,HK,jf-survey-2012,8,Hong Kong SAR China,East Asia,primary,808,persons,False
2012,HK,jf-survey-2012,8,Hong Kong SAR China,East Asia,secondary,1538,persons,False
2012,HK,jf-survey-2012,8,Hong Kong SAR China,East Asia,higher,2812,persons,False
2012,HK,jf-survey-2012,8,Hong Kong SAR China,East Asia,other,14518,persons,False
2012,MO,jf-survey-2012,9,Macao SAR China,East Asia,institutions,10,institutions,False
2012,MO,jf-survey-2012,9,Macao SAR China,East Asia,teachers,77,persons,False
2012,MO,jf-survey-2012,9,Macao SAR China,East Asia,learners,3536,persons,False
2012,MO,jf-survey-2012,9,Macao SAR China,East Asia,school,0,persons,False
2012,MO,jf-survey-2012,9,Macao SAR China,East Asia,multipleStage,0,persons,False
2012,MO,jf-survey-2012,9,Macao SAR China,East Asia,primary,0,persons,False
2012,MO,jf-survey-2012,9,Macao SAR China,East Asia,secondary,0,persons,False
2012,MO,jf-survey-2012,9,Macao SAR China,East Asia,higher,430,persons,False
2012,MO,jf-survey-2012,9,Macao SAR China,East Asia,other,3106,persons,False
2012,MN,jf-survey-2012,10,Mongolia,East Asia,institutions,59,institutions,False
2012,MN,jf-survey-2012,10,Mongolia,East Asia,teachers,192,persons,False
2012,MN,jf-survey-2012,10,Mongolia,East Asia,learners,8159,persons,False
2012,MN,jf-survey-2012,10,Mongolia,East Asia,school,2029,persons,False
2012,MN,jf-survey-2012,10,Mongolia,East Asia,multipleStage,3760,persons,False
2012,MN,jf-survey-2012,10,Mongolia,East Asia,primary,0,persons,False
2012,MN,jf-survey-2012,10,Mongolia,East Asia,secondary,2029,persons,False
2012,MN,jf-survey-2012,10,Mongolia,East Asia,higher,2002,persons,False
2012,MN,jf-survey-2012,10,Mongolia,East Asia,other,368,persons,False
2012,ID,jf-survey-2012,12,Indonesia,Southeast Asia,institutions,2346,institutions,False
2012,ID,jf-survey-2012,12,Indonesia,Southeast Asia,teachers,4538,persons,False
2012,ID,jf-survey-2012,12,Indonesia,Southeast Asia,learners,872411,persons,False
2012,ID,jf-survey-2012,12,Indonesia,Southeast Asia,school,829207,persons,False
2012,ID,jf-survey-2012,12,Indonesia,Southeast Asia,multipleStage,14284,persons,False
2012,ID,jf-survey-2012,12,Indonesia,Southeast Asia,primary,4286,persons,False
2012,ID,jf-survey-2012,12,Indonesia,Southeast Asia,secondary,824921,persons,False
2012,ID,jf-survey-2012,12,Indonesia,Southeast Asia,higher,20817,persons,False
2012,ID,jf-survey-2012,12,Indonesia,Southeast Asia,other,8103,persons,False
2012,KH,jf-survey-2012,13,Cambodia,Southeast Asia,institutions,25,institutions,False
2012,KH,jf-survey-2012,13,Cambodia,Southeast Asia,teachers,142,persons,False
2012,KH,jf-survey-2012,13,Cambodia,Southeast Asia,learners,3881,persons,False
2012,KH,jf-survey-2012,13,Cambodia,Southeast Asia,school,1204,persons,False
2012,KH,jf-survey-2012,13,Cambodia,Southeast Asia,multipleStage,155,persons,False
2012,KH,jf-survey-2012,13,Cambodia,Southeast Asia,primary,0,persons,False
2012,KH,jf-survey-2012,13,Cambodia,Southeast Asia,secondary,1204,persons,False
2012,KH,jf-survey-2012,13,Cambodia,Southeast Asia,higher,564,persons,False
2012,KH,jf-survey-2012,13,Cambodia,Southeast Asia,other,1958,persons,False
2012,SG,jf-survey-2012,14,Singapore,Southeast Asia,institutions,20,institutions,False
2012,SG,jf-survey-2012,14,Singapore,Southeast Asia,teachers,190,persons,False
2012,SG,jf-survey-2012,14,Singapore,Southeast Asia,learners,10515,persons,False
2012,SG,jf-survey-2012,14,Singapore,Southeast Asia,school,1702,persons,False
2012,SG,jf-survey-2012,14,Singapore,Southeast Asia,multipleStage,0,persons,False
2012,SG,jf-survey-2012,14,Singapore,Southeast Asia,primary,0,persons,False
2012,SG,jf-survey-2012,14,Singapore,Southeast Asia,secondary,1702,persons,False
2012,SG,jf-survey-2012,14,Singapore,Southeast Asia,higher,3915,persons,False
2012,SG,jf-survey-2012,14,Singapore,Southeast Asia,other,4898,persons,False
2012,TH,jf-survey-2012,15,Thailand,Southeast Asia,institutions,465,institutions,False
2012,TH,jf-survey-2012,15,Thailand,Southeast Asia,teachers,1387,persons,False
2012,TH,jf-survey-2012,15,Thailand,Southeast Asia,learners,129616,persons,False
2012,TH,jf-survey-2012,15,Thailand,Southeast Asia,school,85419,persons,False
2012,TH,jf-survey-2012,15,Thailand,Southeast Asia,multipleStage,5665,persons,False
2012,TH,jf-survey-2012,15,Thailand,Southeast Asia,primary,540,persons,False
2012,TH,jf-survey-2012,15,Thailand,Southeast Asia,secondary,84879,persons,False
2012,TH,jf-survey-2012,15,Thailand,Southeast Asia,higher,18811,persons,False
2012,TH,jf-survey-2012,15,Thailand,Southeast Asia,other,19721,persons,False
2012,PH,jf-survey-2012,16,Philippines,Southeast Asia,institutions,177,institutions,False
2012,PH,jf-survey-2012,16,Philippines,Southeast Asia,teachers,556,persons,False
2012,PH,jf-survey-2012,16,Philippines,Southeast Asia,learners,32418,persons,False
2012,PH,jf-survey-2012,16,Philippines,Southeast Asia,school,3792,persons,False
2012,PH,jf-survey-2012,16,Philippines,Southeast Asia,multipleStage,4071,persons,False
2012,PH,jf-survey-2012,16,Philippines,Southeast Asia,primary,31,persons,False
2012,PH,jf-survey-2012,16,Philippines,Southeast Asia,secondary,3761,persons,False
2012,PH,jf-survey-2012,16,Philippines,Southeast Asia,higher,18982,persons,False
2012,PH,jf-survey-2012,16,Philippines,Southeast Asia,other,5573,persons,False
2012,BN,jf-survey-2012,17,Brunei,Southeast Asia,institutions,2,institutions,False
2012,BN,jf-survey-2012,17,Brunei,Southeast Asia,teachers,5,persons,False
2012,BN,jf-survey-2012,17,Brunei,Southeast Asia,learners,260,persons,False
2012,BN,jf-survey-2012,17,Brunei,Southeast Asia,school,0,persons,False
2012,BN,jf-survey-2012,17,Brunei,Southeast Asia,multipleStage,0,persons,False
2012,BN,jf-survey-2012,17,Brunei,Southeast Asia,primary,0,persons,False
2012,BN,jf-survey-2012,17,Brunei,Southeast Asia,secondary,0,persons,False
2012,BN,jf-survey-2012,17,Brunei,Southeast Asia,higher,140,persons,False
2012,BN,jf-survey-2012,17,Brunei,Southeast Asia,other,120,persons,False
2012,VN,jf-survey-2012,18,Vietnam,Southeast Asia,institutions,180,institutions,False
2012,VN,jf-survey-2012,18,Vietnam,Southeast Asia,teachers,1528,persons,False
2012,VN,jf-survey-2012,18,Vietnam,Southeast Asia,learners,46762,persons,False
2012,VN,jf-survey-2012,18,Vietnam,Southeast Asia,school,5489,persons,False
2012,VN,jf-survey-2012,18,Vietnam,Southeast Asia,multipleStage,254,persons,False
2012,VN,jf-survey-2012,18,Vietnam,Southeast Asia,primary,0,persons,False
2012,VN,jf-survey-2012,18,Vietnam,Southeast Asia,secondary,5489,persons,False
2012,VN,jf-survey-2012,18,Vietnam,Southeast Asia,higher,16612,persons,False
2012,VN,jf-survey-2012,18,Vietnam,Southeast Asia,other,24407,persons,False
2012,MY,jf-survey-2012,19,Malaysia,Southeast Asia,institutions,196,institutions,False
2012,MY,jf-survey-2012,19,Malaysia,Southeast Asia,teachers,509,persons,False
2012,MY,jf-survey-2012,19,Malaysia,Southeast Asia,learners,33077,persons,False
2012,MY,jf-survey-2012,19,Malaysia,Southeast Asia,school,16974,persons,False
2012,MY,jf-survey-2012,19,Malaysia,Southeast Asia,multipleStage,313,persons,False
2012,MY,jf-survey-2012,19,Malaysia,Southeast Asia,primary,0,persons,False
2012,MY,jf-survey-2012,19,Malaysia,Southeast Asia,secondary,16974,persons,False
2012,MY,jf-survey-2012,19,Malaysia,Southeast Asia,higher,12527,persons,False
2012,MY,jf-survey-2012,19,Malaysia,Southeast Asia,other,3263,persons,False
2012,MM,jf-survey-2012,20,Myanmar (Burma),Southeast Asia,institutions,44,institutions,False
2012,MM,jf-survey-2012,20,Myanmar (Burma),Southeast Asia,teachers,194,persons,False
2012,MM,jf-survey-2012,20,Myanmar (Burma),Southeast Asia,learners,3297,persons,False
2012,MM,jf-survey-2012,20,Myanmar (Burma),Southeast Asia,school,0,persons,False
2012,MM,jf-survey-2012,20,Myanmar (Burma),Southeast Asia,multipleStage,0,persons,False
2012,MM,jf-survey-2012,20,Myanmar (Burma),Southeast Asia,primary,0,persons,False
2012,MM,jf-survey-2012,20,Myanmar (Burma),Southeast Asia,secondary,0,persons,False
2012,MM,jf-survey-2012,20,Myanmar (Burma),Southeast Asia,higher,947,persons,False
2012,MM,jf-survey-2012,20,Myanmar (Burma),Southeast Asia,other,2350,persons,False
2012,LA,jf-survey-2012,21,Laos,Southeast Asia,institutions,7,institutions,False
2012,LA,jf-survey-2012,21,Laos,Southeast Asia,teachers,26,persons,False
2012,LA,jf-survey-2012,21,Laos,Southeast Asia,learners,464,persons,False
2012,LA,jf-survey-2012,21,Laos,Southeast Asia,school,0,persons,False
2012,LA,jf-survey-2012,21,Laos,Southeast Asia,multipleStage,77,persons,False
2012,LA,jf-survey-2012,21,Laos,Southeast Asia,primary,0,persons,False
2012,LA,jf-survey-2012,21,Laos,Southeast Asia,secondary,0,persons,False
2012,LA,jf-survey-2012,21,Laos,Southeast Asia,higher,82,persons,False
2012,LA,jf-survey-2012,21,Laos,Southeast Asia,other,305,persons,False
2012,IN,jf-survey-2012,23,India,South Asia,institutions,204,institutions,False
2012,IN,jf-survey-2012,23,India,South Asia,teachers,575,persons,False
2012,IN,jf-survey-2012,23,India,South Asia,learners,20115,persons,False
2012,IN,jf-survey-2012,23,India,South Asia,school,2092,persons,False
2012,IN,jf-survey-2012,23,India,South Asia,multipleStage,4682,persons,False
2012,IN,jf-survey-2012,23,India,South Asia,primary,112,persons,False
2012,IN,jf-survey-2012,23,India,South Asia,secondary,1980,persons,False
2012,IN,jf-survey-2012,23,India,South Asia,higher,4214,persons,False
2012,IN,jf-survey-2012,23,India,South Asia,other,9127,persons,False
2012,LK,jf-survey-2012,24,Sri Lanka,South Asia,institutions,67,institutions,False
2012,LK,jf-survey-2012,24,Sri Lanka,South Asia,teachers,118,persons,False
2012,LK,jf-survey-2012,24,Sri Lanka,South Asia,learners,3665,persons,False
2012,LK,jf-survey-2012,24,Sri Lanka,South Asia,school,1804,persons,False
2012,LK,jf-survey-2012,24,Sri Lanka,South Asia,multipleStage,120,persons,False
2012,LK,jf-survey-2012,24,Sri Lanka,South Asia,primary,0,persons,False
2012,LK,jf-survey-2012,24,Sri Lanka,South Asia,secondary,1804,persons,False
2012,LK,jf-survey-2012,24,Sri Lanka,South Asia,higher,275,persons,False
2012,LK,jf-survey-2012,24,Sri Lanka,South Asia,other,1466,persons,False
2012,NP,jf-survey-2012,25,Nepal,South Asia,institutions,49,institutions,False
2012,NP,jf-survey-2012,25,Nepal,South Asia,teachers,228,persons,False
2012,NP,jf-survey-2012,25,Nepal,South Asia,learners,2748,persons,False
2012,NP,jf-survey-2012,25,Nepal,South Asia,school,0,persons,False
2012,NP,jf-survey-2012,25,Nepal,South Asia,multipleStage,210,persons,False
2012,NP,jf-survey-2012,25,Nepal,South Asia,primary,0,persons,False
2012,NP,jf-survey-2012,25,Nepal,South Asia,secondary,0,persons,False
2012,NP,jf-survey-2012,25,Nepal,South Asia,higher,400,persons,False
2012,NP,jf-survey-2012,25,Nepal,South Asia,other,2138,persons,False
2012,PK,jf-survey-2012,26,Pakistan,South Asia,institutions,3,institutions,False
2012,PK,jf-survey-2012,26,Pakistan,South Asia,teachers,9,persons,False
2012,PK,jf-survey-2012,26,Pakistan,South Asia,learners,87,persons,False
2012,PK,jf-survey-2012,26,Pakistan,South Asia,school,0,persons,False
2012,PK,jf-survey-2012,26,Pakistan,South Asia,multipleStage,0,persons,False
2012,PK,jf-survey-2012,26,Pakistan,South Asia,primary,0,persons,False
2012,PK,jf-survey-2012,26,Pakistan,South Asia,secondary,0,persons,False
2012,PK,jf-survey-2012,26,Pakistan,South Asia,higher,20,persons,False
2012,PK,jf-survey-2012,26,Pakistan,South Asia,other,67,persons,False
2012,BD,jf-survey-2012,27,Bangladesh,South Asia,institutions,24,institutions,False
2012,BD,jf-survey-2012,27,Bangladesh,South Asia,teachers,79,persons,False
2012,BD,jf-survey-2012,27,Bangladesh,South Asia,learners,2316,persons,False
2012,BD,jf-survey-2012,27,Bangladesh,South Asia,school,94,persons,False
2012,BD,jf-survey-2012,27,Bangladesh,South Asia,multipleStage,382,persons,False
2012,BD,jf-survey-2012,27,Bangladesh,South Asia,primary,0,persons,False
2012,BD,jf-survey-2012,27,Bangladesh,South Asia,secondary,94,persons,False
2012,BD,jf-survey-2012,27,Bangladesh,South Asia,higher,1356,persons,False
2012,BD,jf-survey-2012,27,Bangladesh,South Asia,other,484,persons,False
2012,BT,jf-survey-2012,28,Bhutan,South Asia,institutions,1,institutions,False
2012,BT,jf-survey-2012,28,Bhutan,South Asia,teachers,2,persons,False
2012,BT,jf-survey-2012,28,Bhutan,South Asia,learners,20,persons,False
2012,BT,jf-survey-2012,28,Bhutan,South Asia,school,0,persons,False
2012,BT,jf-survey-2012,28,Bhutan,South Asia,multipleStage,0,persons,False
2012,BT,jf-survey-2012,28,Bhutan,South Asia,primary,0,persons,False
2012,BT,jf-survey-2012,28,Bhutan,South Asia,secondary,0,persons,False
2012,BT,jf-survey-2012,28,Bhutan,South Asia,higher,0,persons,False
2012,BT,jf-survey-2012,28,Bhutan,South Asia,other,20,persons,False
2012,MV,jf-survey-2012,29,Maldives,South Asia,institutions,1,institutions,False
2012,MV,jf-survey-2012,29,Maldives,South Asia,teachers,4,persons,False
2012,MV,jf-survey-2012,29,Maldives,South Asia,learners,130,persons,False
2012,MV,jf-survey-2012,29,Maldives,South Asia,school,0,persons,False
2012,MV,jf-survey-2012,29,Maldives,South Asia,multipleStage,0,persons,False
2012,MV,jf-survey-2012,29,Maldives,South Asia,primary,0,persons,False
2012,MV,jf-survey-2012,29,Maldives,South Asia,secondary,0,persons,False
2012,MV,jf-survey-2012,29,Maldives,South Asia,higher,130,persons,False
2012,MV,jf-survey-2012,29,Maldives,South Asia,other,0,persons,False
2012,AU,jf-survey-2012,31,Australia,Oceania,institutions,1401,institutions,False
2012,AU,jf-survey-2012,31,Australia,Oceania,teachers,2685,persons,False
2012,AU,jf-survey-2012,31,Australia,Oceania,learners,296672,persons,False
2012,AU,jf-survey-2012,31,Australia,Oceania,school,225365,persons,False
2012,AU,jf-survey-2012,31,Australia,Oceania,multipleStage,60206,persons,False
2012,AU,jf-survey-2012,31,Australia,Oceania,primary,137609,persons,False
2012,AU,jf-survey-2012,31,Australia,Oceania,secondary,87756,persons,False
2012,AU,jf-survey-2012,31,Australia,Oceania,higher,9106,persons,False
2012,AU,jf-survey-2012,31,Australia,Oceania,other,1995,persons,False
2012,MP,jf-survey-2012,32,Northern Mariana Islands,Oceania,institutions,3,institutions,False
2012,MP,jf-survey-2012,32,Northern Mariana Islands,Oceania,teachers,4,persons,False
2012,MP,jf-survey-2012,32,Northern Mariana Islands,Oceania,learners,130,persons,False
2012,MP,jf-survey-2012,32,Northern Mariana Islands,Oceania,school,111,persons,False
2012,MP,jf-survey-2012,32,Northern Mariana Islands,Oceania,multipleStage,0,persons,False
2012,MP,jf-survey-2012,32,Northern Mariana Islands,Oceania,primary,0,persons,False
2012,MP,jf-survey-2012,32,Northern Mariana Islands,Oceania,secondary,111,persons,False
2012,MP,jf-survey-2012,32,Northern Mariana Islands,Oceania,higher,19,persons,False
2012,MP,jf-survey-2012,32,Northern Mariana Islands,Oceania,other,0,persons,False
2012,GU,jf-survey-2012,33,Guam,Oceania,institutions,15,institutions,False
2012,GU,jf-survey-2012,33,Guam,Oceania,teachers,32,persons,False
2012,GU,jf-survey-2012,33,Guam,Oceania,learners,1431,persons,False
2012,GU,jf-survey-2012,33,Guam,Oceania,school,1246,persons,False
2012,GU,jf-survey-2012,33,Guam,Oceania,multipleStage,65,persons,False
2012,GU,jf-survey-2012,33,Guam,Oceania,primary,0,persons,False
2012,GU,jf-survey-2012,33,Guam,Oceania,secondary,1246,persons,False
2012,GU,jf-survey-2012,33,Guam,Oceania,higher,120,persons,False
2012,GU,jf-survey-2012,33,Guam,Oceania,other,0,persons,False
2012,WS,jf-survey-2012,34,Samoa,Oceania,institutions,1,institutions,False
2012,WS,jf-survey-2012,34,Samoa,Oceania,teachers,1,persons,False
2012,WS,jf-survey-2012,34,Samoa,Oceania,learners,29,persons,False
2012,WS,jf-survey-2012,34,Samoa,Oceania,school,0,persons,False
2012,WS,jf-survey-2012,34,Samoa,Oceania,multipleStage,29,persons,False
2012,WS,jf-survey-2012,34,Samoa,Oceania,primary,0,persons,False
2012,WS,jf-survey-2012,34,Samoa,Oceania,secondary,0,persons,False
2012,WS,jf-survey-2012,34,Samoa,Oceania,higher,0,persons,False
2012,WS,jf-survey-2012,34,Samoa,Oceania,other,0,persons,False
2012,SB,jf-survey-2012,35,Solomon Islands,Oceania,institutions,1,institutions,False
2012,SB,jf-survey-2012,35,Solomon Islands,Oceania,teachers,2,persons,False
2012,SB,jf-survey-2012,35,Solomon Islands,Oceania,learners,170,persons,False
2012,SB,jf-survey-2012,35,Solomon Islands,Oceania,school,0,persons,False
2012,SB,jf-survey-2012,35,Solomon Islands,Oceania,multipleStage,170,persons,False
2012,SB,jf-survey-2012,35,Solomon Islands,Oceania,primary,0,persons,False
2012,SB,jf-survey-2012,35,Solomon Islands,Oceania,secondary,0,persons,False
2012,SB,jf-survey-2012,35,Solomon Islands,Oceania,higher,0,persons,False
2012,SB,jf-survey-2012,35,Solomon Islands,Oceania,other,0,persons,False
2012,TO,jf-survey-2012,36,Tonga,Oceania,institutions,7,institutions,False
2012,TO,jf-survey-2012,36,Tonga,Oceania,teachers,12,persons,False
2012,TO,jf-survey-2012,36,Tonga,Oceania,learners,231,persons,False
2012,TO,jf-survey-2012,36,Tonga,Oceania,school,231,persons,False
2012,TO,jf-survey-2012,36,Tonga,Oceania,multipleStage,0,persons,False
2012,TO,jf-survey-2012,36,Tonga,Oceania,primary,0,persons,False
2012,TO,jf-survey-2012,36,Tonga,Oceania,secondary,231,persons,False
2012,TO,jf-survey-2012,36,Tonga,Oceania,higher,0,persons,False
2012,TO,jf-survey-2012,36,Tonga,Oceania,other,0,persons,False
2012,NC,jf-survey-2012,37,New Caledonia,Oceania,institutions,26,institutions,False
2012,NC,jf-survey-2012,37,New Caledonia,Oceania,teachers,31,persons,False
2012,NC,jf-survey-2012,37,New Caledonia,Oceania,learners,1929,persons,False
2012,NC,jf-survey-2012,37,New Caledonia,Oceania,school,1902,persons,False
2012,NC,jf-survey-2012,37,New Caledonia,Oceania,multipleStage,0,persons,False
2012,NC,jf-survey-2012,37,New Caledonia,Oceania,primary,0,persons,False
2012,NC,jf-survey-2012,37,New Caledonia,Oceania,secondary,1902,persons,False
2012,NC,jf-survey-2012,37,New Caledonia,Oceania,higher,27,persons,False
2012,NC,jf-survey-2012,37,New Caledonia,Oceania,other,0,persons,False
2012,NZ,jf-survey-2012,38,New Zealand,Oceania,institutions,281,institutions,False
2012,NZ,jf-survey-2012,38,New Zealand,Oceania,teachers,431,persons,False
2012,NZ,jf-survey-2012,38,New Zealand,Oceania,learners,30041,persons,False
2012,NZ,jf-survey-2012,38,New Zealand,Oceania,school,25980,persons,False
2012,NZ,jf-survey-2012,38,New Zealand,Oceania,multipleStage,2481,persons,False
2012,NZ,jf-survey-2012,38,New Zealand,Oceania,primary,7358,persons,False
2012,NZ,jf-survey-2012,38,New Zealand,Oceania,secondary,18622,persons,False
2012,NZ,jf-survey-2012,38,New Zealand,Oceania,higher,1568,persons,False
2012,NZ,jf-survey-2012,38,New Zealand,Oceania,other,12,persons,False
2012,PG,jf-survey-2012,39,Papua New Guinea,Oceania,institutions,3,institutions,False
2012,PG,jf-survey-2012,39,Papua New Guinea,Oceania,teachers,3,persons,False
2012,PG,jf-survey-2012,39,Papua New Guinea,Oceania,learners,136,persons,False
2012,PG,jf-survey-2012,39,Papua New Guinea,Oceania,school,16,persons,False
2012,PG,jf-survey-2012,39,Papua New Guinea,Oceania,multipleStage,0,persons,False
2012,PG,jf-survey-2012,39,Papua New Guinea,Oceania,primary,0,persons,False
2012,PG,jf-survey-2012,39,Papua New Guinea,Oceania,secondary,16,persons,False
2012,PG,jf-survey-2012,39,Papua New Guinea,Oceania,higher,120,persons,False
2012,PG,jf-survey-2012,39,Papua New Guinea,Oceania,other,0,persons,False
2012,PW,jf-survey-2012,40,Palau,Oceania,institutions,2,institutions,False
2012,PW,jf-survey-2012,40,Palau,Oceania,teachers,3,persons,False
2012,PW,jf-survey-2012,40,Palau,Oceania,learners,160,persons,False
2012,PW,jf-survey-2012,40,Palau,Oceania,school,60,persons,False
2012,PW,jf-survey-2012,40,Palau,Oceania,multipleStage,0,persons,False
2012,PW,jf-survey-2012,40,Palau,Oceania,primary,0,persons,False
2012,PW,jf-survey-2012,40,Palau,Oceania,secondary,60,persons,False
2012,PW,jf-survey-2012,40,Palau,Oceania,higher,100,persons,False
2012,PW,jf-survey-2012,40,Palau,Oceania,other,0,persons,False
2012,PF,jf-survey-2012,41,French Polynesia,Oceania,institutions,1,institutions,False
2012,PF,jf-survey-2012,41,French Polynesia,Oceania,teachers,1,persons,False
2012,PF,jf-survey-2012,41,French Polynesia,Oceania,learners,53,persons,False
2012,PF,jf-survey-2012,41,French Polynesia,Oceania,school,53,persons,False
2012,PF,jf-survey-2012,41,French Polynesia,Oceania,multipleStage,0,persons,False
2012,PF,jf-survey-2012,41,French Polynesia,Oceania,primary,0,persons,False
2012,PF,jf-survey-2012,41,French Polynesia,Oceania,secondary,53,persons,False
2012,PF,jf-survey-2012,41,French Polynesia,Oceania,higher,0,persons,False
2012,PF,jf-survey-2012,41,French Polynesia,Oceania,other,0,persons,False
2012,MH,jf-survey-2012,42,Marshall Islands,Oceania,institutions,3,institutions,False
2012,MH,jf-survey-2012,42,Marshall Islands,Oceania,teachers,3,persons,False
2012,MH,jf-survey-2012,42,Marshall Islands,Oceania,learners,145,persons,False
2012,MH,jf-survey-2012,42,Marshall Islands,Oceania,school,102,persons,False
2012,MH,jf-survey-2012,42,Marshall Islands,Oceania,multipleStage,0,persons,False
2012,MH,jf-survey-2012,42,Marshall Islands,Oceania,primary,0,persons,False
2012,MH,jf-survey-2012,42,Marshall Islands,Oceania,secondary,102,persons,False
2012,MH,jf-survey-2012,42,Marshall Islands,Oceania,higher,43,persons,False
2012,MH,jf-survey-2012,42,Marshall Islands,Oceania,other,0,persons,False
2012,FM,jf-survey-2012,43,Micronesia,Oceania,institutions,6,institutions,False
2012,FM,jf-survey-2012,43,Micronesia,Oceania,teachers,6,persons,False
2012,FM,jf-survey-2012,43,Micronesia,Oceania,learners,158,persons,False
2012,FM,jf-survey-2012,43,Micronesia,Oceania,school,61,persons,False
2012,FM,jf-survey-2012,43,Micronesia,Oceania,multipleStage,0,persons,False
2012,FM,jf-survey-2012,43,Micronesia,Oceania,primary,0,persons,False
2012,FM,jf-survey-2012,43,Micronesia,Oceania,secondary,61,persons,False
2012,FM,jf-survey-2012,43,Micronesia,Oceania,higher,97,persons,False
2012,FM,jf-survey-2012,43,Micronesia,Oceania,other,0,persons,False
2012,CA,jf-survey-2012,45,Canada,North America,institutions,228,institutions,False
2012,CA,jf-survey-2012,45,Canada,North America,teachers,765,persons,False
2012,CA,jf-survey-2012,45,Canada,North America,learners,23110,persons,False
2012,CA,jf-survey-2012,45,Canada,North America,school,7674,persons,False
2012,CA,jf-survey-2012,45,Canada,North America,multipleStage,1090,persons,False
2012,CA,jf-survey-2012,45,Canada,North America,primary,378,persons,False
2012,CA,jf-survey-2012,45,Canada,North America,secondary,7296,persons,False
2012,CA,jf-survey-2012,45,Canada,North America,higher,9407,persons,False
2012,CA,jf-survey-2012,45,Canada,North America,other,4939,persons,False
2012,US,jf-survey-2012,46,United States,North America,institutions,1449,institutions,False
2012,US,jf-survey-2012,46,United States,North America,teachers,4270,persons,False
2012,US,jf-survey-2012,46,United States,North America,learners,155939,persons,False
2012,US,jf-survey-2012,46,United States,North America,school,74738,persons,False
2012,US,jf-survey-2012,46,United States,North America,multipleStage,7619,persons,False
2012,US,jf-survey-2012,46,United States,North America,primary,9578,persons,False
2012,US,jf-survey-2012,46,United States,North America,secondary,65160,persons,False
2012,US,jf-survey-2012,46,United States,North America,higher,61886,persons,False
2012,US,jf-survey-2012,46,United States,North America,other,11696,persons,False
2012,SV,jf-survey-2012,48,El Salvador,Central America,institutions,4,institutions,False
2012,SV,jf-survey-2012,48,El Salvador,Central America,teachers,15,persons,False
2012,SV,jf-survey-2012,48,El Salvador,Central America,learners,262,persons,False
2012,SV,jf-survey-2012,48,El Salvador,Central America,school,0,persons,False
2012,SV,jf-survey-2012,48,El Salvador,Central America,multipleStage,0,persons,False
2012,SV,jf-survey-2012,48,El Salvador,Central America,primary,0,persons,False
2012,SV,jf-survey-2012,48,El Salvador,Central America,secondary,0,persons,False
2012,SV,jf-survey-2012,48,El Salvador,Central America,higher,85,persons,False
2012,SV,jf-survey-2012,48,El Salvador,Central America,other,177,persons,False
2012,CU,jf-survey-2012,49,Cuba,Central America,institutions,3,institutions,False
2012,CU,jf-survey-2012,49,Cuba,Central America,teachers,12,persons,False
2012,CU,jf-survey-2012,49,Cuba,Central America,learners,129,persons,False
2012,CU,jf-survey-2012,49,Cuba,Central America,school,0,persons,False
2012,CU,jf-survey-2012,49,Cuba,Central America,multipleStage,0,persons,False
2012,CU,jf-survey-2012,49,Cuba,Central America,primary,0,persons,False
2012,CU,jf-survey-2012,49,Cuba,Central America,secondary,0,persons,False
2012,CU,jf-survey-2012,49,Cuba,Central America,higher,108,persons,False
2012,CU,jf-survey-2012,49,Cuba,Central America,other,21,persons,False
2012,GT,jf-survey-2012,50,Guatemala,Central America,institutions,3,institutions,False
2012,GT,jf-survey-2012,50,Guatemala,Central America,teachers,7,persons,False
2012,GT,jf-survey-2012,50,Guatemala,Central America,learners,196,persons,False
2012,GT,jf-survey-2012,50,Guatemala,Central America,school,0,persons,False
2012,GT,jf-survey-2012,50,Guatemala,Central America,multipleStage,0,persons,False
2012,GT,jf-survey-2012,50,Guatemala,Central America,primary,0,persons,False
2012,GT,jf-survey-2012,50,Guatemala,Central America,secondary,0,persons,False
2012,GT,jf-survey-2012,50,Guatemala,Central America,higher,11,persons,False
2012,GT,jf-survey-2012,50,Guatemala,Central America,other,185,persons,False
2012,CR,jf-survey-2012,51,Costa Rica,Central America,institutions,8,institutions,False
2012,CR,jf-survey-2012,51,Costa Rica,Central America,teachers,20,persons,False
2012,CR,jf-survey-2012,51,Costa Rica,Central America,learners,635,persons,False
2012,CR,jf-survey-2012,51,Costa Rica,Central America,school,0,persons,False
2012,CR,jf-survey-2012,51,Costa Rica,Central America,multipleStage,303,persons,False
2012,CR,jf-survey-2012,51,Costa Rica,Central America,primary,0,persons,False
2012,CR,jf-survey-2012,51,Costa Rica,Central America,secondary,0,persons,False
2012,CR,jf-survey-2012,51,Costa Rica,Central America,higher,142,persons,False
2012,CR,jf-survey-2012,51,Costa Rica,Central America,other,190,persons,False
2012,JM,jf-survey-2012,52,Jamaica,Central America,institutions,4,institutions,False
2012,JM,jf-survey-2012,52,Jamaica,Central America,teachers,6,persons,False
2012,JM,jf-survey-2012,52,Jamaica,Central America,learners,335,persons,False
2012,JM,jf-survey-2012,52,Jamaica,Central America,school,40,persons,False
2012,JM,jf-survey-2012,52,Jamaica,Central America,multipleStage,160,persons,False
2012,JM,jf-survey-2012,52,Jamaica,Central America,primary,0,persons,False
2012,JM,jf-survey-2012,52,Jamaica,Central America,secondary,40,persons,False
2012,JM,jf-survey-2012,52,Jamaica,Central America,higher,55,persons,False
2012,JM,jf-survey-2012,52,Jamaica,Central America,other,80,persons,False
2012,DO,jf-survey-2012,53,Dominican Republic,Central America,institutions,3,institutions,False
2012,DO,jf-survey-2012,53,Dominican Republic,Central America,teachers,28,persons,False
2012,DO,jf-survey-2012,53,Dominican Republic,Central America,learners,249,persons,False
2012,DO,jf-survey-2012,53,Dominican Republic,Central America,school,0,persons,False
2012,DO,jf-survey-2012,53,Dominican Republic,Central America,multipleStage,0,persons,False
2012,DO,jf-survey-2012,53,Dominican Republic,Central America,primary,0,persons,False
2012,DO,jf-survey-2012,53,Dominican Republic,Central America,secondary,0,persons,False
2012,DO,jf-survey-2012,53,Dominican Republic,Central America,higher,0,persons,False
2012,DO,jf-survey-2012,53,Dominican Republic,Central America,other,249,persons,False
2012,TT,jf-survey-2012,54,Trinidad & Tobago,Central America,institutions,1,institutions,False
2012,TT,jf-survey-2012,54,Trinidad & Tobago,Central America,teachers,3,persons,False
2012,TT,jf-survey-2012,54,Trinidad & Tobago,Central America,learners,76,persons,False
2012,TT,jf-survey-2012,54,Trinidad & Tobago,Central America,school,0,persons,False
2012,TT,jf-survey-2012,54,Trinidad & Tobago,Central America,multipleStage,0,persons,False
2012,TT,jf-survey-2012,54,Trinidad & Tobago,Central America,primary,0,persons,False
2012,TT,jf-survey-2012,54,Trinidad & Tobago,Central America,secondary,0,persons,False
2012,TT,jf-survey-2012,54,Trinidad & Tobago,Central America,higher,76,persons,False
2012,TT,jf-survey-2012,54,Trinidad & Tobago,Central America,other,0,persons,False
2012,NI,jf-survey-2012,55,Nicaragua,Central America,institutions,1,institutions,False
2012,NI,jf-survey-2012,55,Nicaragua,Central America,teachers,2,persons,False
2012,NI,jf-survey-2012,55,Nicaragua,Central America,learners,96,persons,False
2012,NI,jf-survey-2012,55,Nicaragua,Central America,school,0,persons,False
2012,NI,jf-survey-2012,55,Nicaragua,Central America,multipleStage,96,persons,False
2012,NI,jf-survey-2012,55,Nicaragua,Central America,primary,0,persons,False
2012,NI,jf-survey-2012,55,Nicaragua,Central America,secondary,0,persons,False
2012,NI,jf-survey-2012,55,Nicaragua,Central America,higher,0,persons,False
2012,NI,jf-survey-2012,55,Nicaragua,Central America,other,0,persons,False
2012,HT,jf-survey-2012,56,Haiti,Central America,institutions,1,institutions,False
2012,HT,jf-survey-2012,56,Haiti,Central America,teachers,5,persons,False
2012,HT,jf-survey-2012,56,Haiti,Central America,learners,100,persons,False
2012,HT,jf-survey-2012,56,Haiti,Central America,school,0,persons,False
2012,HT,jf-survey-2012,56,Haiti,Central America,multipleStage,0,persons,False
2012,HT,jf-survey-2012,56,Haiti,Central America,primary,0,persons,False
2012,HT,jf-survey-2012,56,Haiti,Central America,secondary,0,persons,False
2012,HT,jf-survey-2012,56,Haiti,Central America,higher,0,persons,False
2012,HT,jf-survey-2012,56,Haiti,Central America,other,100,persons,False
2012,PA,jf-survey-2012,57,Panama,Central America,institutions,3,institutions,False
2012,PA,jf-survey-2012,57,Panama,Central America,teachers,4,persons,False
2012,PA,jf-survey-2012,57,Panama,Central America,learners,114,persons,False
2012,PA,jf-survey-2012,57,Panama,Central America,school,26,persons,False
2012,PA,jf-survey-2012,57,Panama,Central America,multipleStage,0,persons,False
2012,PA,jf-survey-2012,57,Panama,Central America,primary,0,persons,False
2012,PA,jf-survey-2012,57,Panama,Central America,secondary,26,persons,False
2012,PA,jf-survey-2012,57,Panama,Central America,higher,38,persons,False
2012,PA,jf-survey-2012,57,Panama,Central America,other,50,persons,False
2012,PR,jf-survey-2012,58,Puerto Rico,Central America,institutions,1,institutions,False
2012,PR,jf-survey-2012,58,Puerto Rico,Central America,teachers,1,persons,False
2012,PR,jf-survey-2012,58,Puerto Rico,Central America,learners,50,persons,False
2012,PR,jf-survey-2012,58,Puerto Rico,Central America,school,0,persons,False
2012,PR,jf-survey-2012,58,Puerto Rico,Central America,multipleStage,0,persons,False
2012,PR,jf-survey-2012,58,Puerto Rico,Central America,primary,0,persons,False
2012,PR,jf-survey-2012,58,Puerto Rico,Central America,secondary,0,persons,False
2012,PR,jf-survey-2012,58,Puerto Rico,Central America,higher,50,persons,False
2012,PR,jf-survey-2012,58,Puerto Rico,Central America,other,0,persons,False
2012,HN,jf-survey-2012,59,Honduras,Central America,institutions,4,institutions,False
2012,HN,jf-survey-2012,59,Honduras,Central America,teachers,10,persons,False
2012,HN,jf-survey-2012,59,Honduras,Central America,learners,472,persons,False
2012,HN,jf-survey-2012,59,Honduras,Central America,school,0,persons,False
2012,HN,jf-survey-2012,59,Honduras,Central America,multipleStage,40,persons,False
2012,HN,jf-survey-2012,59,Honduras,Central America,primary,0,persons,False
2012,HN,jf-survey-2012,59,Honduras,Central America,secondary,0,persons,False
2012,HN,jf-survey-2012,59,Honduras,Central America,higher,280,persons,False
2012,HN,jf-survey-2012,59,Honduras,Central America,other,152,persons,False
2012,MX,jf-survey-2012,60,Mexico,Central America,institutions,77,institutions,False
2012,MX,jf-survey-2012,60,Mexico,Central America,teachers,289,persons,False
2012,MX,jf-survey-2012,60,Mexico,Central America,learners,6841,persons,False
2012,MX,jf-survey-2012,60,Mexico,Central America,school,68,persons,False
2012,MX,jf-survey-2012,60,Mexico,Central America,multipleStage,1706,persons,False
2012,MX,jf-survey-2012,60,Mexico,Central America,primary,0,persons,False
2012,MX,jf-survey-2012,60,Mexico,Central America,secondary,68,persons,False
2012,MX,jf-survey-2012,60,Mexico,Central America,higher,1408,persons,False
2012,MX,jf-survey-2012,60,Mexico,Central America,other,3659,persons,False
2012,AR,jf-survey-2012,62,Argentina,South America,institutions,41,institutions,False
2012,AR,jf-survey-2012,62,Argentina,South America,teachers,185,persons,False
2012,AR,jf-survey-2012,62,Argentina,South America,learners,3694,persons,False
2012,AR,jf-survey-2012,62,Argentina,South America,school,0,persons,False
2012,AR,jf-survey-2012,62,Argentina,South America,multipleStage,990,persons,False
2012,AR,jf-survey-2012,62,Argentina,South America,primary,0,persons,False
2012,AR,jf-survey-2012,62,Argentina,South America,secondary,0,persons,False
2012,AR,jf-survey-2012,62,Argentina,South America,higher,238,persons,False
2012,AR,jf-survey-2012,62,Argentina,South America,other,2466,persons,False
2012,UY,jf-survey-2012,63,Uruguay,South America,institutions,3,institutions,False
2012,UY,jf-survey-2012,63,Uruguay,South America,teachers,7,persons,False
2012,UY,jf-survey-2012,63,Uruguay,South America,learners,129,persons,False
2012,UY,jf-survey-2012,63,Uruguay,South America,school,0,persons,False
2012,UY,jf-survey-2012,63,Uruguay,South America,multipleStage,0,persons,False
2012,UY,jf-survey-2012,63,Uruguay,South America,primary,0,persons,False
2012,UY,jf-survey-2012,63,Uruguay,South America,secondary,0,persons,False
2012,UY,jf-survey-2012,63,Uruguay,South America,higher,40,persons,False
2012,UY,jf-survey-2012,63,Uruguay,South America,other,89,persons,False
2012,EC,jf-survey-2012,64,Ecuador,South America,institutions,4,institutions,False
2012,EC,jf-survey-2012,64,Ecuador,South America,teachers,7,persons,False
2012,EC,jf-survey-2012,64,Ecuador,South America,learners,146,persons,False
2012,EC,jf-survey-2012,64,Ecuador,South America,school,0,persons,False
2012,EC,jf-survey-2012,64,Ecuador,South America,multipleStage,60,persons,False
2012,EC,jf-survey-2012,64,Ecuador,South America,primary,0,persons,False
2012,EC,jf-survey-2012,64,Ecuador,South America,secondary,0,persons,False
2012,EC,jf-survey-2012,64,Ecuador,South America,higher,41,persons,False
2012,EC,jf-survey-2012,64,Ecuador,South America,other,45,persons,False
2012,CO,jf-survey-2012,65,Colombia,South America,institutions,18,institutions,False
2012,CO,jf-survey-2012,65,Colombia,South America,teachers,61,persons,False
2012,CO,jf-survey-2012,65,Colombia,South America,learners,1463,persons,False
2012,CO,jf-survey-2012,65,Colombia,South America,school,0,persons,False
2012,CO,jf-survey-2012,65,Colombia,South America,multipleStage,79,persons,False
2012,CO,jf-survey-2012,65,Colombia,South America,primary,0,persons,False
2012,CO,jf-survey-2012,65,Colombia,South America,secondary,0,persons,False
2012,CO,jf-survey-2012,65,Colombia,South America,higher,718,persons,False
2012,CO,jf-survey-2012,65,Colombia,South America,other,666,persons,False
2012,CL,jf-survey-2012,66,Chile,South America,institutions,8,institutions,False
2012,CL,jf-survey-2012,66,Chile,South America,teachers,42,persons,False
2012,CL,jf-survey-2012,66,Chile,South America,learners,785,persons,False
2012,CL,jf-survey-2012,66,Chile,South America,school,0,persons,False
2012,CL,jf-survey-2012,66,Chile,South America,multipleStage,70,persons,False
2012,CL,jf-survey-2012,66,Chile,South America,primary,0,persons,False
2012,CL,jf-survey-2012,66,Chile,South America,secondary,0,persons,False
2012,CL,jf-survey-2012,66,Chile,South America,higher,165,persons,False
2012,CL,jf-survey-2012,66,Chile,South America,other,550,persons,False
2012,PY,jf-survey-2012,67,Paraguay,South America,institutions,15,institutions,False
2012,PY,jf-survey-2012,67,Paraguay,South America,teachers,70,persons,False
2012,PY,jf-survey-2012,67,Paraguay,South America,learners,2881,persons,False
2012,PY,jf-survey-2012,67,Paraguay,South America,school,200,persons,False
2012,PY,jf-survey-2012,67,Paraguay,South America,multipleStage,1953,persons,False
2012,PY,jf-survey-2012,67,Paraguay,South America,primary,200,persons,False
2012,PY,jf-survey-2012,67,Paraguay,South America,secondary,0,persons,False
2012,PY,jf-survey-2012,67,Paraguay,South America,higher,55,persons,False
2012,PY,jf-survey-2012,67,Paraguay,South America,other,673,persons,False
2012,BR,jf-survey-2012,68,Brazil,South America,institutions,325,institutions,False
2012,BR,jf-survey-2012,68,Brazil,South America,teachers,1132,persons,False
2012,BR,jf-survey-2012,68,Brazil,South America,learners,19913,persons,False
2012,BR,jf-survey-2012,68,Brazil,South America,school,2401,persons,False
2012,BR,jf-survey-2012,68,Brazil,South America,multipleStage,4483,persons,False
2012,BR,jf-survey-2012,68,Brazil,South America,primary,428,persons,False
2012,BR,jf-survey-2012,68,Brazil,South America,secondary,1973,persons,False
2012,BR,jf-survey-2012,68,Brazil,South America,higher,801,persons,False
2012,BR,jf-survey-2012,68,Brazil,South America,other,12228,persons,False
2012,VE,jf-survey-2012,69,Venezuela,South America,institutions,11,institutions,False
2012,VE,jf-survey-2012,69,Venezuela,South America,teachers,32,persons,False
2012,VE,jf-survey-2012,69,Venezuela,South America,learners,393,persons,False
2012,VE,jf-survey-2012,69,Venezuela,South America,school,0,persons,False
2012,VE,jf-survey-2012,69,Venezuela,South America,multipleStage,0,persons,False
2012,VE,jf-survey-2012,69,Venezuela,South America,primary,0,persons,False
2012,VE,jf-survey-2012,69,Venezuela,South America,secondary,0,persons,False
2012,VE,jf-survey-2012,69,Venezuela,South America,higher,92,persons,False
2012,VE,jf-survey-2012,69,Venezuela,South America,other,301,persons,False
2012,PE,jf-survey-2012,70,Peru,South America,institutions,13,institutions,False
2012,PE,jf-survey-2012,70,Peru,South America,teachers,82,persons,False
2012,PE,jf-survey-2012,70,Peru,South America,learners,2958,persons,False
2012,PE,jf-survey-2012,70,Peru,South America,school,0,persons,False
2012,PE,jf-survey-2012,70,Peru,South America,multipleStage,1889,persons,False
2012,PE,jf-survey-2012,70,Peru,South America,primary,0,persons,False
2012,PE,jf-survey-2012,70,Peru,South America,secondary,0,persons,False
2012,PE,jf-survey-2012,70,Peru,South America,higher,41,persons,False
2012,PE,jf-survey-2012,70,Peru,South America,other,1028,persons,False
2012,BO,jf-survey-2012,71,Bolivia,South America,institutions,5,institutions,False
2012,BO,jf-survey-2012,71,Bolivia,South America,teachers,34,persons,False
2012,BO,jf-survey-2012,71,Bolivia,South America,learners,606,persons,False
2012,BO,jf-survey-2012,71,Bolivia,South America,school,0,persons,False
2012,BO,jf-survey-2012,71,Bolivia,South America,multipleStage,306,persons,False
2012,BO,jf-survey-2012,71,Bolivia,South America,primary,0,persons,False
2012,BO,jf-survey-2012,71,Bolivia,South America,secondary,0,persons,False
2012,BO,jf-survey-2012,71,Bolivia,South America,higher,0,persons,False
2012,BO,jf-survey-2012,71,Bolivia,South America,other,300,persons,False
2012,IS,jf-survey-2012,73,Iceland,Western Europe,institutions,5,institutions,False
2012,IS,jf-survey-2012,73,Iceland,Western Europe,teachers,9,persons,False
2012,IS,jf-survey-2012,73,Iceland,Western Europe,learners,180,persons,False
2012,IS,jf-survey-2012,73,Iceland,Western Europe,school,13,persons,False
2012,IS,jf-survey-2012,73,Iceland,Western Europe,multipleStage,0,persons,False
2012,IS,jf-survey-2012,73,Iceland,Western Europe,primary,0,persons,False
2012,IS,jf-survey-2012,73,Iceland,Western Europe,secondary,13,persons,False
2012,IS,jf-survey-2012,73,Iceland,Western Europe,higher,142,persons,False
2012,IS,jf-survey-2012,73,Iceland,Western Europe,other,25,persons,False
2012,IE,jf-survey-2012,74,Ireland,Western Europe,institutions,48,institutions,False
2012,IE,jf-survey-2012,74,Ireland,Western Europe,teachers,75,persons,False
2012,IE,jf-survey-2012,74,Ireland,Western Europe,learners,2827,persons,False
2012,IE,jf-survey-2012,74,Ireland,Western Europe,school,2352,persons,False
2012,IE,jf-survey-2012,74,Ireland,Western Europe,multipleStage,46,persons,False
2012,IE,jf-survey-2012,74,Ireland,Western Europe,primary,0,persons,False
2012,IE,jf-survey-2012,74,Ireland,Western Europe,secondary,2352,persons,False
2012,IE,jf-survey-2012,74,Ireland,Western Europe,higher,388,persons,False
2012,IE,jf-survey-2012,74,Ireland,Western Europe,other,41,persons,False
2012,IT,jf-survey-2012,75,Italy,Western Europe,institutions,42,institutions,False
2012,IT,jf-survey-2012,75,Italy,Western Europe,teachers,154,persons,False
2012,IT,jf-survey-2012,75,Italy,Western Europe,learners,7420,persons,False
2012,IT,jf-survey-2012,75,Italy,Western Europe,school,230,persons,False
2012,IT,jf-survey-2012,75,Italy,Western Europe,multipleStage,210,persons,False
2012,IT,jf-survey-2012,75,Italy,Western Europe,primary,0,persons,False
2012,IT,jf-survey-2012,75,Italy,Western Europe,secondary,230,persons,False
2012,IT,jf-survey-2012,75,Italy,Western Europe,higher,6069,persons,False
2012,IT,jf-survey-2012,75,Italy,Western Europe,other,911,persons,False
2012,GB,jf-survey-2012,76,United Kingdom,Western Europe,institutions,308,institutions,False
2012,GB,jf-survey-2012,76,United Kingdom,Western Europe,teachers,585,persons,False
2012,GB,jf-survey-2012,76,United Kingdom,Western Europe,learners,15097,persons,False
2012,GB,jf-survey-2012,76,United Kingdom,Western Europe,school,6784,persons,False
2012,GB,jf-survey-2012,76,United Kingdom,Western Europe,multipleStage,2705,persons,False
2012,GB,jf-survey-2012,76,United Kingdom,Western Europe,primary,1499,persons,False
2012,GB,jf-survey-2012,76,United Kingdom,Western Europe,secondary,5285,persons,False
2012,GB,jf-survey-2012,76,United Kingdom,Western Europe,higher,3998,persons,False
2012,GB,jf-survey-2012,76,United Kingdom,Western Europe,other,1610,persons,False
2012,AT,jf-survey-2012,77,Austria,Western Europe,institutions,21,institutions,False
2012,AT,jf-survey-2012,77,Austria,Western Europe,teachers,42,persons,False
2012,AT,jf-survey-2012,77,Austria,Western Europe,learners,1687,persons,False
2012,AT,jf-survey-2012,77,Austria,Western Europe,school,33,persons,False
2012,AT,jf-survey-2012,77,Austria,Western Europe,multipleStage,64,persons,False
2012,AT,jf-survey-2012,77,Austria,Western Europe,primary,0,persons,False
2012,AT,jf-survey-2012,77,Austria,Western Europe,secondary,33,persons,False
2012,AT,jf-survey-2012,77,Austria,Western Europe,higher,907,persons,False
2012,AT,jf-survey-2012,77,Austria,Western Europe,other,683,persons,False
2012,NL,jf-survey-2012,78,Netherlands,Western Europe,institutions,8,institutions,False
2012,NL,jf-survey-2012,78,Netherlands,Western Europe,teachers,42,persons,False
2012,NL,jf-survey-2012,78,Netherlands,Western Europe,learners,1008,persons,False
2012,NL,jf-survey-2012,78,Netherlands,Western Europe,school,0,persons,False
2012,NL,jf-survey-2012,78,Netherlands,Western Europe,multipleStage,0,persons,False
2012,NL,jf-survey-2012,78,Netherlands,Western Europe,primary,0,persons,False
2012,NL,jf-survey-2012,78,Netherlands,Western Europe,secondary,0,persons,False
2012,NL,jf-survey-2012,78,Netherlands,Western Europe,higher,936,persons,False
2012,NL,jf-survey-2012,78,Netherlands,Western Europe,other,72,persons,False
2012,GR,jf-survey-2012,79,Greece,Western Europe,institutions,12,institutions,False
2012,GR,jf-survey-2012,79,Greece,Western Europe,teachers,25,persons,False
2012,GR,jf-survey-2012,79,Greece,Western Europe,learners,395,persons,False
2012,GR,jf-survey-2012,79,Greece,Western Europe,school,0,persons,False
2012,GR,jf-survey-2012,79,Greece,Western Europe,multipleStage,0,persons,False
2012,GR,jf-survey-2012,79,Greece,Western Europe,primary,0,persons,False
2012,GR,jf-survey-2012,79,Greece,Western Europe,secondary,0,persons,False
2012,GR,jf-survey-2012,79,Greece,Western Europe,higher,0,persons,False
2012,GR,jf-survey-2012,79,Greece,Western Europe,other,395,persons,False
2012,CH,jf-survey-2012,80,Switzerland,Western Europe,institutions,60,institutions,False
2012,CH,jf-survey-2012,80,Switzerland,Western Europe,teachers,158,persons,False
2012,CH,jf-survey-2012,80,Switzerland,Western Europe,learners,2037,persons,False
2012,CH,jf-survey-2012,80,Switzerland,Western Europe,school,121,persons,False
2012,CH,jf-survey-2012,80,Switzerland,Western Europe,multipleStage,20,persons,False
2012,CH,jf-survey-2012,80,Switzerland,Western Europe,primary,31,persons,False
2012,CH,jf-survey-2012,80,Switzerland,Western Europe,secondary,90,persons,False
2012,CH,jf-survey-2012,80,Switzerland,Western Europe,higher,430,persons,False
2012,CH,jf-survey-2012,80,Switzerland,Western Europe,other,1466,persons,False
2012,SE,jf-survey-2012,81,Sweden,Western Europe,institutions,32,institutions,False
2012,SE,jf-survey-2012,81,Sweden,Western Europe,teachers,79,persons,False
2012,SE,jf-survey-2012,81,Sweden,Western Europe,learners,2226,persons,False
2012,SE,jf-survey-2012,81,Sweden,Western Europe,school,524,persons,False
2012,SE,jf-survey-2012,81,Sweden,Western Europe,multipleStage,0,persons,False
2012,SE,jf-survey-2012,81,Sweden,Western Europe,primary,0,persons,False
2012,SE,jf-survey-2012,81,Sweden,Western Europe,secondary,524,persons,False
2012,SE,jf-survey-2012,81,Sweden,Western Europe,higher,1191,persons,False
2012,SE,jf-survey-2012,81,Sweden,Western Europe,other,511,persons,False
2012,ES,jf-survey-2012,82,Spain,Western Europe,institutions,59,institutions,False
2012,ES,jf-survey-2012,82,Spain,Western Europe,teachers,145,persons,False
2012,ES,jf-survey-2012,82,Spain,Western Europe,learners,4938,persons,False
2012,ES,jf-survey-2012,82,Spain,Western Europe,school,0,persons,False
2012,ES,jf-survey-2012,82,Spain,Western Europe,multipleStage,335,persons,False
2012,ES,jf-survey-2012,82,Spain,Western Europe,primary,0,persons,False
2012,ES,jf-survey-2012,82,Spain,Western Europe,secondary,0,persons,False
2012,ES,jf-survey-2012,82,Spain,Western Europe,higher,2135,persons,False
2012,ES,jf-survey-2012,82,Spain,Western Europe,other,2468,persons,False
2012,DK,jf-survey-2012,83,Denmark,Western Europe,institutions,4,institutions,False
2012,DK,jf-survey-2012,83,Denmark,Western Europe,teachers,16,persons,False
2012,DK,jf-survey-2012,83,Denmark,Western Europe,learners,410,persons,False
2012,DK,jf-survey-2012,83,Denmark,Western Europe,school,0,persons,False
2012,DK,jf-survey-2012,83,Denmark,Western Europe,multipleStage,0,persons,False
2012,DK,jf-survey-2012,83,Denmark,Western Europe,primary,0,persons,False
2012,DK,jf-survey-2012,83,Denmark,Western Europe,secondary,0,persons,False
2012,DK,jf-survey-2012,83,Denmark,Western Europe,higher,360,persons,False
2012,DK,jf-survey-2012,83,Denmark,Western Europe,other,50,persons,False
2012,DE,jf-survey-2012,84,Germany,Western Europe,institutions,193,institutions,False
2012,DE,jf-survey-2012,84,Germany,Western Europe,teachers,547,persons,False
2012,DE,jf-survey-2012,84,Germany,Western Europe,learners,14393,persons,False
2012,DE,jf-survey-2012,84,Germany,Western Europe,school,1958,persons,False
2012,DE,jf-survey-2012,84,Germany,Western Europe,multipleStage,364,persons,False
2012,DE,jf-survey-2012,84,Germany,Western Europe,primary,87,persons,False
2012,DE,jf-survey-2012,84,Germany,Western Europe,secondary,1871,persons,False
2012,DE,jf-survey-2012,84,Germany,Western Europe,higher,6085,persons,False
2012,DE,jf-survey-2012,84,Germany,Western Europe,other,5986,persons,False
2012,NO,jf-survey-2012,85,Norway,Western Europe,institutions,10,institutions,False
2012,NO,jf-survey-2012,85,Norway,Western Europe,teachers,18,persons,False
2012,NO,jf-survey-2012,85,Norway,Western Europe,learners,557,persons,False
2012,NO,jf-survey-2012,85,Norway,Western Europe,school,171,persons,False
2012,NO,jf-survey-2012,85,Norway,Western Europe,multipleStage,0,persons,False
2012,NO,jf-survey-2012,85,Norway,Western Europe,primary,0,persons,False
2012,NO,jf-survey-2012,85,Norway,Western Europe,secondary,171,persons,False
2012,NO,jf-survey-2012,85,Norway,Western Europe,higher,280,persons,False
2012,NO,jf-survey-2012,85,Norway,Western Europe,other,106,persons,False
2012,FI,jf-survey-2012,86,Finland,Western Europe,institutions,27,institutions,False
2012,FI,jf-survey-2012,86,Finland,Western Europe,teachers,37,persons,False
2012,FI,jf-survey-2012,86,Finland,Western Europe,learners,1739,persons,False
2012,FI,jf-survey-2012,86,Finland,Western Europe,school,165,persons,False
2012,FI,jf-survey-2012,86,Finland,Western Europe,multipleStage,8,persons,False
2012,FI,jf-survey-2012,86,Finland,Western Europe,primary,0,persons,False
2012,FI,jf-survey-2012,86,Finland,Western Europe,secondary,165,persons,False
2012,FI,jf-survey-2012,86,Finland,Western Europe,higher,661,persons,False
2012,FI,jf-survey-2012,86,Finland,Western Europe,other,905,persons,False
2012,FR,jf-survey-2012,87,France,Western Europe,institutions,205,institutions,False
2012,FR,jf-survey-2012,87,France,Western Europe,teachers,701,persons,False
2012,FR,jf-survey-2012,87,France,Western Europe,learners,19319,persons,False
2012,FR,jf-survey-2012,87,France,Western Europe,school,4648,persons,False
2012,FR,jf-survey-2012,87,France,Western Europe,multipleStage,774,persons,False
2012,FR,jf-survey-2012,87,France,Western Europe,primary,185,persons,False
2012,FR,jf-survey-2012,87,France,Western Europe,secondary,4463,persons,False
2012,FR,jf-survey-2012,87,France,Western Europe,higher,8539,persons,False
2012,FR,jf-survey-2012,87,France,Western Europe,other,5358,persons,False
2012,BE,jf-survey-2012,88,Belgium,Western Europe,institutions,15,institutions,False
2012,BE,jf-survey-2012,88,Belgium,Western Europe,teachers,41,persons,False
2012,BE,jf-survey-2012,88,Belgium,Western Europe,learners,1235,persons,False
2012,BE,jf-survey-2012,88,Belgium,Western Europe,school,0,persons,False
2012,BE,jf-survey-2012,88,Belgium,Western Europe,multipleStage,70,persons,False
2012,BE,jf-survey-2012,88,Belgium,Western Europe,primary,0,persons,False
2012,BE,jf-survey-2012,88,Belgium,Western Europe,secondary,0,persons,False
2012,BE,jf-survey-2012,88,Belgium,Western Europe,higher,527,persons,False
2012,BE,jf-survey-2012,88,Belgium,Western Europe,other,638,persons,False
2012,PT,jf-survey-2012,89,Portugal,Western Europe,institutions,12,institutions,False
2012,PT,jf-survey-2012,89,Portugal,Western Europe,teachers,16,persons,False
2012,PT,jf-survey-2012,89,Portugal,Western Europe,learners,436,persons,False
2012,PT,jf-survey-2012,89,Portugal,Western Europe,school,0,persons,False
2012,PT,jf-survey-2012,89,Portugal,Western Europe,multipleStage,185,persons,False
2012,PT,jf-survey-2012,89,Portugal,Western Europe,primary,0,persons,False
2012,PT,jf-survey-2012,89,Portugal,Western Europe,secondary,0,persons,False
2012,PT,jf-survey-2012,89,Portugal,Western Europe,higher,32,persons,False
2012,PT,jf-survey-2012,89,Portugal,Western Europe,other,219,persons,False
2012,MT,jf-survey-2012,90,Malta,Western Europe,institutions,1,institutions,False
2012,MT,jf-survey-2012,90,Malta,Western Europe,teachers,1,persons,False
2012,MT,jf-survey-2012,90,Malta,Western Europe,learners,9,persons,False
2012,MT,jf-survey-2012,90,Malta,Western Europe,school,0,persons,False
2012,MT,jf-survey-2012,90,Malta,Western Europe,multipleStage,9,persons,False
2012,MT,jf-survey-2012,90,Malta,Western Europe,primary,0,persons,False
2012,MT,jf-survey-2012,90,Malta,Western Europe,secondary,0,persons,False
2012,MT,jf-survey-2012,90,Malta,Western Europe,higher,0,persons,False
2012,MT,jf-survey-2012,90,Malta,Western Europe,other,0,persons,False
2012,MC,jf-survey-2012,91,Monaco,Western Europe,institutions,1,institutions,False
2012,MC,jf-survey-2012,91,Monaco,Western Europe,teachers,1,persons,False
2012,MC,jf-survey-2012,91,Monaco,Western Europe,learners,10,persons,False
2012,MC,jf-survey-2012,91,Monaco,Western Europe,school,0,persons,False
2012,MC,jf-survey-2012,91,Monaco,Western Europe,multipleStage,0,persons,False
2012,MC,jf-survey-2012,91,Monaco,Western Europe,primary,0,persons,False
2012,MC,jf-survey-2012,91,Monaco,Western Europe,secondary,0,persons,False
2012,MC,jf-survey-2012,91,Monaco,Western Europe,higher,0,persons,False
2012,MC,jf-survey-2012,91,Monaco,Western Europe,other,10,persons,False
2012,LU,jf-survey-2012,92,Luxembourg,Western Europe,institutions,6,institutions,False
2012,LU,jf-survey-2012,92,Luxembourg,Western Europe,teachers,6,persons,False
2012,LU,jf-survey-2012,92,Luxembourg,Western Europe,learners,209,persons,False
2012,LU,jf-survey-2012,92,Luxembourg,Western Europe,school,16,persons,False
2012,LU,jf-survey-2012,92,Luxembourg,Western Europe,multipleStage,20,persons,False
2012,LU,jf-survey-2012,92,Luxembourg,Western Europe,primary,0,persons,False
2012,LU,jf-survey-2012,92,Luxembourg,Western Europe,secondary,16,persons,False
2012,LU,jf-survey-2012,92,Luxembourg,Western Europe,higher,0,persons,False
2012,LU,jf-survey-2012,92,Luxembourg,Western Europe,other,173,persons,False
2012,UZ,jf-survey-2012,94,Uzbekistan,Central Asia,institutions,15,institutions,False
2012,UZ,jf-survey-2012,94,Uzbekistan,Central Asia,teachers,58,persons,False
2012,UZ,jf-survey-2012,94,Uzbekistan,Central Asia,learners,1528,persons,False
2012,UZ,jf-survey-2012,94,Uzbekistan,Central Asia,school,180,persons,False
2012,UZ,jf-survey-2012,94,Uzbekistan,Central Asia,multipleStage,76,persons,False
2012,UZ,jf-survey-2012,94,Uzbekistan,Central Asia,primary,0,persons,False
2012,UZ,jf-survey-2012,94,Uzbekistan,Central Asia,secondary,180,persons,False
2012,UZ,jf-survey-2012,94,Uzbekistan,Central Asia,higher,847,persons,False
2012,UZ,jf-survey-2012,94,Uzbekistan,Central Asia,other,425,persons,False
2012,KZ,jf-survey-2012,95,Kazakhstan,Central Asia,institutions,4,institutions,False
2012,KZ,jf-survey-2012,95,Kazakhstan,Central Asia,teachers,41,persons,False
2012,KZ,jf-survey-2012,95,Kazakhstan,Central Asia,learners,405,persons,False
2012,KZ,jf-survey-2012,95,Kazakhstan,Central Asia,school,0,persons,False
2012,KZ,jf-survey-2012,95,Kazakhstan,Central Asia,multipleStage,0,persons,False
2012,KZ,jf-survey-2012,95,Kazakhstan,Central Asia,primary,0,persons,False
2012,KZ,jf-survey-2012,95,Kazakhstan,Central Asia,secondary,0,persons,False
2012,KZ,jf-survey-2012,95,Kazakhstan,Central Asia,higher,180,persons,False
2012,KZ,jf-survey-2012,95,Kazakhstan,Central Asia,other,225,persons,False
2012,KG,jf-survey-2012,96,Kyrgyzstan,Central Asia,institutions,18,institutions,False
2012,KG,jf-survey-2012,96,Kyrgyzstan,Central Asia,teachers,46,persons,False
2012,KG,jf-survey-2012,96,Kyrgyzstan,Central Asia,learners,777,persons,False
2012,KG,jf-survey-2012,96,Kyrgyzstan,Central Asia,school,37,persons,False
2012,KG,jf-survey-2012,96,Kyrgyzstan,Central Asia,multipleStage,289,persons,False
2012,KG,jf-survey-2012,96,Kyrgyzstan,Central Asia,primary,21,persons,False
2012,KG,jf-survey-2012,96,Kyrgyzstan,Central Asia,secondary,16,persons,False
2012,KG,jf-survey-2012,96,Kyrgyzstan,Central Asia,higher,411,persons,False
2012,KG,jf-survey-2012,96,Kyrgyzstan,Central Asia,other,40,persons,False
2012,TJ,jf-survey-2012,97,Tajikistan,Central Asia,institutions,3,institutions,False
2012,TJ,jf-survey-2012,97,Tajikistan,Central Asia,teachers,9,persons,False
2012,TJ,jf-survey-2012,97,Tajikistan,Central Asia,learners,73,persons,False
2012,TJ,jf-survey-2012,97,Tajikistan,Central Asia,school,20,persons,False
2012,TJ,jf-survey-2012,97,Tajikistan,Central Asia,multipleStage,0,persons,False
2012,TJ,jf-survey-2012,97,Tajikistan,Central Asia,primary,0,persons,False
2012,TJ,jf-survey-2012,97,Tajikistan,Central Asia,secondary,20,persons,False
2012,TJ,jf-survey-2012,97,Tajikistan,Central Asia,higher,53,persons,False
2012,TJ,jf-survey-2012,97,Tajikistan,Central Asia,other,0,persons,False
2012,TM,jf-survey-2012,98,Turkmenistan,Central Asia,institutions,1,institutions,False
2012,TM,jf-survey-2012,98,Turkmenistan,Central Asia,teachers,5,persons,False
2012,TM,jf-survey-2012,98,Turkmenistan,Central Asia,learners,48,persons,False
2012,TM,jf-survey-2012,98,Turkmenistan,Central Asia,school,0,persons,False
2012,TM,jf-survey-2012,98,Turkmenistan,Central Asia,multipleStage,0,persons,False
2012,TM,jf-survey-2012,98,Turkmenistan,Central Asia,primary,0,persons,False
2012,TM,jf-survey-2012,98,Turkmenistan,Central Asia,secondary,0,persons,False
2012,TM,jf-survey-2012,98,Turkmenistan,Central Asia,higher,48,persons,False
2012,TM,jf-survey-2012,98,Turkmenistan,Central Asia,other,0,persons,False
2012,AZ,jf-survey-2012,100,Azerbaijan,Eastern Europe,institutions,7,institutions,False
2012,AZ,jf-survey-2012,100,Azerbaijan,Eastern Europe,teachers,17,persons,False
2012,AZ,jf-survey-2012,100,Azerbaijan,Eastern Europe,learners,465,persons,False
2012,AZ,jf-survey-2012,100,Azerbaijan,Eastern Europe,school,243,persons,False
2012,AZ,jf-survey-2012,100,Azerbaijan,Eastern Europe,multipleStage,128,persons,False
2012,AZ,jf-survey-2012,100,Azerbaijan,Eastern Europe,primary,0,persons,False
2012,AZ,jf-survey-2012,100,Azerbaijan,Eastern Europe,secondary,243,persons,False
2012,AZ,jf-survey-2012,100,Azerbaijan,Eastern Europe,higher,77,persons,False
2012,AZ,jf-survey-2012,100,Azerbaijan,Eastern Europe,other,17,persons,False
2012,AL,jf-survey-2012,101,Albania,Eastern Europe,institutions,1,institutions,False
2012,AL,jf-survey-2012,101,Albania,Eastern Europe,teachers,1,persons,False
2012,AL,jf-survey-2012,101,Albania,Eastern Europe,learners,15,persons,False
2012,AL,jf-survey-2012,101,Albania,Eastern Europe,school,0,persons,False
2012,AL,jf-survey-2012,101,Albania,Eastern Europe,multipleStage,0,persons,False
2012,AL,jf-survey-2012,101,Albania,Eastern Europe,primary,0,persons,False
2012,AL,jf-survey-2012,101,Albania,Eastern Europe,secondary,0,persons,False
2012,AL,jf-survey-2012,101,Albania,Eastern Europe,higher,15,persons,False
2012,AL,jf-survey-2012,101,Albania,Eastern Europe,other,0,persons,False
2012,AM,jf-survey-2012,102,Armenia,Eastern Europe,institutions,4,institutions,False
2012,AM,jf-survey-2012,102,Armenia,Eastern Europe,teachers,7,persons,False
2012,AM,jf-survey-2012,102,Armenia,Eastern Europe,learners,107,persons,False
2012,AM,jf-survey-2012,102,Armenia,Eastern Europe,school,0,persons,False
2012,AM,jf-survey-2012,102,Armenia,Eastern Europe,multipleStage,0,persons,False
2012,AM,jf-survey-2012,102,Armenia,Eastern Europe,primary,0,persons,False
2012,AM,jf-survey-2012,102,Armenia,Eastern Europe,secondary,0,persons,False
2012,AM,jf-survey-2012,102,Armenia,Eastern Europe,higher,87,persons,False
2012,AM,jf-survey-2012,102,Armenia,Eastern Europe,other,20,persons,False
2012,UA,jf-survey-2012,103,Ukraine,Eastern Europe,institutions,15,institutions,False
2012,UA,jf-survey-2012,103,Ukraine,Eastern Europe,teachers,71,persons,False
2012,UA,jf-survey-2012,103,Ukraine,Eastern Europe,learners,1319,persons,False
2012,UA,jf-survey-2012,103,Ukraine,Eastern Europe,school,54,persons,False
2012,UA,jf-survey-2012,103,Ukraine,Eastern Europe,multipleStage,265,persons,False
2012,UA,jf-survey-2012,103,Ukraine,Eastern Europe,primary,18,persons,False
2012,UA,jf-survey-2012,103,Ukraine,Eastern Europe,secondary,36,persons,False
2012,UA,jf-survey-2012,103,Ukraine,Eastern Europe,higher,714,persons,False
2012,UA,jf-survey-2012,103,Ukraine,Eastern Europe,other,286,persons,False
2012,EE,jf-survey-2012,104,Estonia,Eastern Europe,institutions,11,institutions,False
2012,EE,jf-survey-2012,104,Estonia,Eastern Europe,teachers,16,persons,False
2012,EE,jf-survey-2012,104,Estonia,Eastern Europe,learners,357,persons,False
2012,EE,jf-survey-2012,104,Estonia,Eastern Europe,school,30,persons,False
2012,EE,jf-survey-2012,104,Estonia,Eastern Europe,multipleStage,65,persons,False
2012,EE,jf-survey-2012,104,Estonia,Eastern Europe,primary,0,persons,False
2012,EE,jf-survey-2012,104,Estonia,Eastern Europe,secondary,30,persons,False
2012,EE,jf-survey-2012,104,Estonia,Eastern Europe,higher,175,persons,False
2012,EE,jf-survey-2012,104,Estonia,Eastern Europe,other,87,persons,False
2012,GE,jf-survey-2012,105,Georgia,Eastern Europe,institutions,5,institutions,False
2012,GE,jf-survey-2012,105,Georgia,Eastern Europe,teachers,9,persons,False
2012,GE,jf-survey-2012,105,Georgia,Eastern Europe,learners,235,persons,False
2012,GE,jf-survey-2012,105,Georgia,Eastern Europe,school,80,persons,False
2012,GE,jf-survey-2012,105,Georgia,Eastern Europe,multipleStage,74,persons,False
2012,GE,jf-survey-2012,105,Georgia,Eastern Europe,primary,21,persons,False
2012,GE,jf-survey-2012,105,Georgia,Eastern Europe,secondary,59,persons,False
2012,GE,jf-survey-2012,105,Georgia,Eastern Europe,higher,81,persons,False
2012,GE,jf-survey-2012,105,Georgia,Eastern Europe,other,0,persons,False
2012,HR,jf-survey-2012,106,Croatia,Eastern Europe,institutions,5,institutions,False
2012,HR,jf-survey-2012,106,Croatia,Eastern Europe,teachers,8,persons,False
2012,HR,jf-survey-2012,106,Croatia,Eastern Europe,learners,125,persons,False
2012,HR,jf-survey-2012,106,Croatia,Eastern Europe,school,17,persons,False
2012,HR,jf-survey-2012,106,Croatia,Eastern Europe,multipleStage,0,persons,False
2012,HR,jf-survey-2012,106,Croatia,Eastern Europe,primary,17,persons,False
2012,HR,jf-survey-2012,106,Croatia,Eastern Europe,secondary,0,persons,False
2012,HR,jf-survey-2012,106,Croatia,Eastern Europe,higher,35,persons,False
2012,HR,jf-survey-2012,106,Croatia,Eastern Europe,other,73,persons,False
2012,SK,jf-survey-2012,107,Slovakia,Eastern Europe,institutions,7,institutions,False
2012,SK,jf-survey-2012,107,Slovakia,Eastern Europe,teachers,16,persons,False
2012,SK,jf-survey-2012,107,Slovakia,Eastern Europe,learners,252,persons,False
2012,SK,jf-survey-2012,107,Slovakia,Eastern Europe,school,0,persons,False
2012,SK,jf-survey-2012,107,Slovakia,Eastern Europe,multipleStage,89,persons,False
2012,SK,jf-survey-2012,107,Slovakia,Eastern Europe,primary,0,persons,False
2012,SK,jf-survey-2012,107,Slovakia,Eastern Europe,secondary,0,persons,False
2012,SK,jf-survey-2012,107,Slovakia,Eastern Europe,higher,44,persons,False
2012,SK,jf-survey-2012,107,Slovakia,Eastern Europe,other,119,persons,False
2012,SI,jf-survey-2012,108,Slovenia,Eastern Europe,institutions,2,institutions,False
2012,SI,jf-survey-2012,108,Slovenia,Eastern Europe,teachers,9,persons,False
2012,SI,jf-survey-2012,108,Slovenia,Eastern Europe,learners,208,persons,False
2012,SI,jf-survey-2012,108,Slovenia,Eastern Europe,school,0,persons,False
2012,SI,jf-survey-2012,108,Slovenia,Eastern Europe,multipleStage,204,persons,False
2012,SI,jf-survey-2012,108,Slovenia,Eastern Europe,primary,0,persons,False
2012,SI,jf-survey-2012,108,Slovenia,Eastern Europe,secondary,0,persons,False
2012,SI,jf-survey-2012,108,Slovenia,Eastern Europe,higher,0,persons,False
2012,SI,jf-survey-2012,108,Slovenia,Eastern Europe,other,4,persons,False
2012,RS,jf-survey-2012,109,Serbia,Eastern Europe,institutions,5,institutions,False
2012,RS,jf-survey-2012,109,Serbia,Eastern Europe,teachers,14,persons,False
2012,RS,jf-survey-2012,109,Serbia,Eastern Europe,learners,292,persons,False
2012,RS,jf-survey-2012,109,Serbia,Eastern Europe,school,48,persons,False
2012,RS,jf-survey-2012,109,Serbia,Eastern Europe,multipleStage,0,persons,False
2012,RS,jf-survey-2012,109,Serbia,Eastern Europe,primary,0,persons,False
2012,RS,jf-survey-2012,109,Serbia,Eastern Europe,secondary,48,persons,False
2012,RS,jf-survey-2012,109,Serbia,Eastern Europe,higher,198,persons,False
2012,RS,jf-survey-2012,109,Serbia,Eastern Europe,other,46,persons,False
2012,CZ,jf-survey-2012,110,Czechia,Eastern Europe,institutions,12,institutions,False
2012,CZ,jf-survey-2012,110,Czechia,Eastern Europe,teachers,44,persons,False
2012,CZ,jf-survey-2012,110,Czechia,Eastern Europe,learners,825,persons,False
2012,CZ,jf-survey-2012,110,Czechia,Eastern Europe,school,23,persons,False
2012,CZ,jf-survey-2012,110,Czechia,Eastern Europe,multipleStage,0,persons,False
2012,CZ,jf-survey-2012,110,Czechia,Eastern Europe,primary,8,persons,False
2012,CZ,jf-survey-2012,110,Czechia,Eastern Europe,secondary,15,persons,False
2012,CZ,jf-survey-2012,110,Czechia,Eastern Europe,higher,506,persons,False
2012,CZ,jf-survey-2012,110,Czechia,Eastern Europe,other,296,persons,False
2012,HU,jf-survey-2012,111,Hungary,Eastern Europe,institutions,28,institutions,False
2012,HU,jf-survey-2012,111,Hungary,Eastern Europe,teachers,65,persons,False
2012,HU,jf-survey-2012,111,Hungary,Eastern Europe,learners,1554,persons,False
2012,HU,jf-survey-2012,111,Hungary,Eastern Europe,school,484,persons,False
2012,HU,jf-survey-2012,111,Hungary,Eastern Europe,multipleStage,101,persons,False
2012,HU,jf-survey-2012,111,Hungary,Eastern Europe,primary,191,persons,False
2012,HU,jf-survey-2012,111,Hungary,Eastern Europe,secondary,293,persons,False
2012,HU,jf-survey-2012,111,Hungary,Eastern Europe,higher,809,persons,False
2012,HU,jf-survey-2012,111,Hungary,Eastern Europe,other,160,persons,False
2012,BG,jf-survey-2012,112,Bulgaria,Eastern Europe,institutions,9,institutions,False
2012,BG,jf-survey-2012,112,Bulgaria,Eastern Europe,teachers,36,persons,False
2012,BG,jf-survey-2012,112,Bulgaria,Eastern Europe,learners,1570,persons,False
2012,BG,jf-survey-2012,112,Bulgaria,Eastern Europe,school,132,persons,False
2012,BG,jf-survey-2012,112,Bulgaria,Eastern Europe,multipleStage,1331,persons,False
2012,BG,jf-survey-2012,112,Bulgaria,Eastern Europe,primary,0,persons,False
2012,BG,jf-survey-2012,112,Bulgaria,Eastern Europe,secondary,132,persons,False
2012,BG,jf-survey-2012,112,Bulgaria,Eastern Europe,higher,65,persons,False
2012,BG,jf-survey-2012,112,Bulgaria,Eastern Europe,other,42,persons,False
2012,BY,jf-survey-2012,113,Belarus,Eastern Europe,institutions,6,institutions,False
2012,BY,jf-survey-2012,113,Belarus,Eastern Europe,teachers,13,persons,False
2012,BY,jf-survey-2012,113,Belarus,Eastern Europe,learners,218,persons,False
2012,BY,jf-survey-2012,113,Belarus,Eastern Europe,school,0,persons,False
2012,BY,jf-survey-2012,113,Belarus,Eastern Europe,multipleStage,0,persons,False
2012,BY,jf-survey-2012,113,Belarus,Eastern Europe,primary,0,persons,False
2012,BY,jf-survey-2012,113,Belarus,Eastern Europe,secondary,0,persons,False
2012,BY,jf-survey-2012,113,Belarus,Eastern Europe,higher,73,persons,False
2012,BY,jf-survey-2012,113,Belarus,Eastern Europe,other,145,persons,False
2012,PL,jf-survey-2012,114,Poland,Eastern Europe,institutions,56,institutions,False
2012,PL,jf-survey-2012,114,Poland,Eastern Europe,teachers,207,persons,False
2012,PL,jf-survey-2012,114,Poland,Eastern Europe,learners,3985,persons,False
2012,PL,jf-survey-2012,114,Poland,Eastern Europe,school,206,persons,False
2012,PL,jf-survey-2012,114,Poland,Eastern Europe,multipleStage,340,persons,False
2012,PL,jf-survey-2012,114,Poland,Eastern Europe,primary,0,persons,False
2012,PL,jf-survey-2012,114,Poland,Eastern Europe,secondary,206,persons,False
2012,PL,jf-survey-2012,114,Poland,Eastern Europe,higher,1961,persons,False
2012,PL,jf-survey-2012,114,Poland,Eastern Europe,other,1478,persons,False
2012,MD,jf-survey-2012,115,Moldova,Eastern Europe,institutions,1,institutions,False
2012,MD,jf-survey-2012,115,Moldova,Eastern Europe,teachers,2,persons,False
2012,MD,jf-survey-2012,115,Moldova,Eastern Europe,learners,82,persons,False
2012,MD,jf-survey-2012,115,Moldova,Eastern Europe,school,0,persons,False
2012,MD,jf-survey-2012,115,Moldova,Eastern Europe,multipleStage,0,persons,False
2012,MD,jf-survey-2012,115,Moldova,Eastern Europe,primary,0,persons,False
2012,MD,jf-survey-2012,115,Moldova,Eastern Europe,secondary,0,persons,False
2012,MD,jf-survey-2012,115,Moldova,Eastern Europe,higher,0,persons,False
2012,MD,jf-survey-2012,115,Moldova,Eastern Europe,other,82,persons,False
2012,LV,jf-survey-2012,116,Latvia,Eastern Europe,institutions,3,institutions,False
2012,LV,jf-survey-2012,116,Latvia,Eastern Europe,teachers,8,persons,False
2012,LV,jf-survey-2012,116,Latvia,Eastern Europe,learners,209,persons,False
2012,LV,jf-survey-2012,116,Latvia,Eastern Europe,school,93,persons,False
2012,LV,jf-survey-2012,116,Latvia,Eastern Europe,multipleStage,0,persons,False
2012,LV,jf-survey-2012,116,Latvia,Eastern Europe,primary,0,persons,False
2012,LV,jf-survey-2012,116,Latvia,Eastern Europe,secondary,93,persons,False
2012,LV,jf-survey-2012,116,Latvia,Eastern Europe,higher,80,persons,False
2012,LV,jf-survey-2012,116,Latvia,Eastern Europe,other,36,persons,False
2012,LT,jf-survey-2012,117,Lithuania,Eastern Europe,institutions,9,institutions,False
2012,LT,jf-survey-2012,117,Lithuania,Eastern Europe,teachers,15,persons,False
2012,LT,jf-survey-2012,117,Lithuania,Eastern Europe,learners,288,persons,False
2012,LT,jf-survey-2012,117,Lithuania,Eastern Europe,school,59,persons,False
2012,LT,jf-survey-2012,117,Lithuania,Eastern Europe,multipleStage,45,persons,False
2012,LT,jf-survey-2012,117,Lithuania,Eastern Europe,primary,0,persons,False
2012,LT,jf-survey-2012,117,Lithuania,Eastern Europe,secondary,59,persons,False
2012,LT,jf-survey-2012,117,Lithuania,Eastern Europe,higher,155,persons,False
2012,LT,jf-survey-2012,117,Lithuania,Eastern Europe,other,29,persons,False
2012,RO,jf-survey-2012,118,Romania,Eastern Europe,institutions,22,institutions,False
2012,RO,jf-survey-2012,118,Romania,Eastern Europe,teachers,54,persons,False
2012,RO,jf-survey-2012,118,Romania,Eastern Europe,learners,1905,persons,False
2012,RO,jf-survey-2012,118,Romania,Eastern Europe,school,280,persons,False
2012,RO,jf-survey-2012,118,Romania,Eastern Europe,multipleStage,250,persons,False
2012,RO,jf-survey-2012,118,Romania,Eastern Europe,primary,0,persons,False
2012,RO,jf-survey-2012,118,Romania,Eastern Europe,secondary,280,persons,False
2012,RO,jf-survey-2012,118,Romania,Eastern Europe,higher,688,persons,False
2012,RO,jf-survey-2012,118,Romania,Eastern Europe,other,687,persons,False
2012,RU,jf-survey-2012,119,Russia,Eastern Europe,institutions,137,institutions,False
2012,RU,jf-survey-2012,119,Russia,Eastern Europe,teachers,529,persons,False
2012,RU,jf-survey-2012,119,Russia,Eastern Europe,learners,11401,persons,False
2012,RU,jf-survey-2012,119,Russia,Eastern Europe,school,640,persons,False
2012,RU,jf-survey-2012,119,Russia,Eastern Europe,multipleStage,4474,persons,False
2012,RU,jf-survey-2012,119,Russia,Eastern Europe,primary,117,persons,False
2012,RU,jf-survey-2012,119,Russia,Eastern Europe,secondary,523,persons,False
2012,RU,jf-survey-2012,119,Russia,Eastern Europe,higher,3278,persons,False
2012,RU,jf-survey-2012,119,Russia,Eastern Europe,other,3009,persons,False
2012,AE,jf-survey-2012,121,United Arab Emirates,Middle East,institutions,5,institutions,False
2012,AE,jf-survey-2012,121,United Arab Emirates,Middle East,teachers,16,persons,False
2012,AE,jf-survey-2012,121,United Arab Emirates,Middle East,learners,240,persons,False
2012,AE,jf-survey-2012,121,United Arab Emirates,Middle East,school,60,persons,False
2012,AE,jf-survey-2012,121,United Arab Emirates,Middle East,multipleStage,0,persons,False
2012,AE,jf-survey-2012,121,United Arab Emirates,Middle East,primary,0,persons,False
2012,AE,jf-survey-2012,121,United Arab Emirates,Middle East,secondary,60,persons,False
2012,AE,jf-survey-2012,121,United Arab Emirates,Middle East,higher,70,persons,False
2012,AE,jf-survey-2012,121,United Arab Emirates,Middle East,other,110,persons,False
2012,YE,jf-survey-2012,122,Yemen,Middle East,institutions,1,institutions,False
2012,YE,jf-survey-2012,122,Yemen,Middle East,teachers,2,persons,False
2012,YE,jf-survey-2012,122,Yemen,Middle East,learners,40,persons,False
2012,YE,jf-survey-2012,122,Yemen,Middle East,school,0,persons,False
2012,YE,jf-survey-2012,122,Yemen,Middle East,multipleStage,0,persons,False
2012,YE,jf-survey-2012,122,Yemen,Middle East,primary,0,persons,False
2012,YE,jf-survey-2012,122,Yemen,Middle East,secondary,0,persons,False
2012,YE,jf-survey-2012,122,Yemen,Middle East,higher,0,persons,False
2012,YE,jf-survey-2012,122,Yemen,Middle East,other,40,persons,False
2012,IL,jf-survey-2012,123,Israel,Middle East,institutions,8,institutions,False
2012,IL,jf-survey-2012,123,Israel,Middle East,teachers,16,persons,False
2012,IL,jf-survey-2012,123,Israel,Middle East,learners,370,persons,False
2012,IL,jf-survey-2012,123,Israel,Middle East,school,0,persons,False
2012,IL,jf-survey-2012,123,Israel,Middle East,multipleStage,0,persons,False
2012,IL,jf-survey-2012,123,Israel,Middle East,primary,0,persons,False
2012,IL,jf-survey-2012,123,Israel,Middle East,secondary,0,persons,False
2012,IL,jf-survey-2012,123,Israel,Middle East,higher,288,persons,False
2012,IL,jf-survey-2012,123,Israel,Middle East,other,82,persons,False
2012,IR,jf-survey-2012,124,Iran,Middle East,institutions,2,institutions,False
2012,IR,jf-survey-2012,124,Iran,Middle East,teachers,11,persons,False
2012,IR,jf-survey-2012,124,Iran,Middle East,learners,245,persons,False
2012,IR,jf-survey-2012,124,Iran,Middle East,school,0,persons,False
2012,IR,jf-survey-2012,124,Iran,Middle East,multipleStage,0,persons,False
2012,IR,jf-survey-2012,124,Iran,Middle East,primary,0,persons,False
2012,IR,jf-survey-2012,124,Iran,Middle East,secondary,0,persons,False
2012,IR,jf-survey-2012,124,Iran,Middle East,higher,115,persons,False
2012,IR,jf-survey-2012,124,Iran,Middle East,other,130,persons,False
2012,OM,jf-survey-2012,125,Oman,Middle East,institutions,1,institutions,False
2012,OM,jf-survey-2012,125,Oman,Middle East,teachers,1,persons,False
2012,OM,jf-survey-2012,125,Oman,Middle East,learners,8,persons,False
2012,OM,jf-survey-2012,125,Oman,Middle East,school,0,persons,False
2012,OM,jf-survey-2012,125,Oman,Middle East,multipleStage,0,persons,False
2012,OM,jf-survey-2012,125,Oman,Middle East,primary,0,persons,False
2012,OM,jf-survey-2012,125,Oman,Middle East,secondary,0,persons,False
2012,OM,jf-survey-2012,125,Oman,Middle East,higher,0,persons,False
2012,OM,jf-survey-2012,125,Oman,Middle East,other,8,persons,False
2012,QA,jf-survey-2012,126,Qatar,Middle East,institutions,3,institutions,False
2012,QA,jf-survey-2012,126,Qatar,Middle East,teachers,4,persons,False
2012,QA,jf-survey-2012,126,Qatar,Middle East,learners,91,persons,False
2012,QA,jf-survey-2012,126,Qatar,Middle East,school,35,persons,False
2012,QA,jf-survey-2012,126,Qatar,Middle East,multipleStage,0,persons,False
2012,QA,jf-survey-2012,126,Qatar,Middle East,primary,0,persons,False
2012,QA,jf-survey-2012,126,Qatar,Middle East,secondary,35,persons,False
2012,QA,jf-survey-2012,126,Qatar,Middle East,higher,0,persons,False
2012,QA,jf-survey-2012,126,Qatar,Middle East,other,56,persons,False
2012,KW,jf-survey-2012,127,Kuwait,Middle East,institutions,1,institutions,False
2012,KW,jf-survey-2012,127,Kuwait,Middle East,teachers,2,persons,False
2012,KW,jf-survey-2012,127,Kuwait,Middle East,learners,30,persons,False
2012,KW,jf-survey-2012,127,Kuwait,Middle East,school,0,persons,False
2012,KW,jf-survey-2012,127,Kuwait,Middle East,multipleStage,0,persons,False
2012,KW,jf-survey-2012,127,Kuwait,Middle East,primary,0,persons,False
2012,KW,jf-survey-2012,127,Kuwait,Middle East,secondary,0,persons,False
2012,KW,jf-survey-2012,127,Kuwait,Middle East,higher,0,persons,False
2012,KW,jf-survey-2012,127,Kuwait,Middle East,other,30,persons,False
2012,SA,jf-survey-2012,128,Saudi Arabia,Middle East,institutions,3,institutions,False
2012,SA,jf-survey-2012,128,Saudi Arabia,Middle East,teachers,6,persons,False
2012,SA,jf-survey-2012,128,Saudi Arabia,Middle East,learners,46,persons,False
2012,SA,jf-survey-2012,128,Saudi Arabia,Middle East,school,0,persons,False
2012,SA,jf-survey-2012,128,Saudi Arabia,Middle East,multipleStage,0,persons,False
2012,SA,jf-survey-2012,128,Saudi Arabia,Middle East,primary,0,persons,False
2012,SA,jf-survey-2012,128,Saudi Arabia,Middle East,secondary,0,persons,False
2012,SA,jf-survey-2012,128,Saudi Arabia,Middle East,higher,46,persons,False
2012,SA,jf-survey-2012,128,Saudi Arabia,Middle East,other,0,persons,False
2012,SY,jf-survey-2012,129,Syria,Middle East,institutions,2,institutions,False
2012,SY,jf-survey-2012,129,Syria,Middle East,teachers,9,persons,False
2012,SY,jf-survey-2012,129,Syria,Middle East,learners,250,persons,False
2012,SY,jf-survey-2012,129,Syria,Middle East,school,0,persons,False
2012,SY,jf-survey-2012,129,Syria,Middle East,multipleStage,0,persons,False
2012,SY,jf-survey-2012,129,Syria,Middle East,primary,0,persons,False
2012,SY,jf-survey-2012,129,Syria,Middle East,secondary,0,persons,False
2012,SY,jf-survey-2012,129,Syria,Middle East,higher,100,persons,False
2012,SY,jf-survey-2012,129,Syria,Middle East,other,150,persons,False
2012,TR,jf-survey-2012,130,Türkiye,Middle East,institutions,40,institutions,False
2012,TR,jf-survey-2012,130,Türkiye,Middle East,teachers,97,persons,False
2012,TR,jf-survey-2012,130,Türkiye,Middle East,learners,1965,persons,False
2012,TR,jf-survey-2012,130,Türkiye,Middle East,school,90,persons,False
2012,TR,jf-survey-2012,130,Türkiye,Middle East,multipleStage,79,persons,False
2012,TR,jf-survey-2012,130,Türkiye,Middle East,primary,0,persons,False
2012,TR,jf-survey-2012,130,Türkiye,Middle East,secondary,90,persons,False
2012,TR,jf-survey-2012,130,Türkiye,Middle East,higher,1295,persons,False
2012,TR,jf-survey-2012,130,Türkiye,Middle East,other,501,persons,False
2012,BH,jf-survey-2012,131,Bahrain,Middle East,institutions,3,institutions,False
2012,BH,jf-survey-2012,131,Bahrain,Middle East,teachers,3,persons,False
2012,BH,jf-survey-2012,131,Bahrain,Middle East,learners,82,persons,False
2012,BH,jf-survey-2012,131,Bahrain,Middle East,school,0,persons,False
2012,BH,jf-survey-2012,131,Bahrain,Middle East,multipleStage,0,persons,False
2012,BH,jf-survey-2012,131,Bahrain,Middle East,primary,0,persons,False
2012,BH,jf-survey-2012,131,Bahrain,Middle East,secondary,0,persons,False
2012,BH,jf-survey-2012,131,Bahrain,Middle East,higher,28,persons,False
2012,BH,jf-survey-2012,131,Bahrain,Middle East,other,54,persons,False
2012,JO,jf-survey-2012,132,Jordan,Middle East,institutions,2,institutions,False
2012,JO,jf-survey-2012,132,Jordan,Middle East,teachers,3,persons,False
2012,JO,jf-survey-2012,132,Jordan,Middle East,learners,90,persons,False
2012,JO,jf-survey-2012,132,Jordan,Middle East,school,0,persons,False
2012,JO,jf-survey-2012,132,Jordan,Middle East,multipleStage,0,persons,False
2012,JO,jf-survey-2012,132,Jordan,Middle East,primary,0,persons,False
2012,JO,jf-survey-2012,132,Jordan,Middle East,secondary,0,persons,False
2012,JO,jf-survey-2012,132,Jordan,Middle East,higher,20,persons,False
2012,JO,jf-survey-2012,132,Jordan,Middle East,other,70,persons,False
2012,LB,jf-survey-2012,133,Lebanon,Middle East,institutions,1,institutions,False
2012,LB,jf-survey-2012,133,Lebanon,Middle East,teachers,1,persons,False
2012,LB,jf-survey-2012,133,Lebanon,Middle East,learners,51,persons,False
2012,LB,jf-survey-2012,133,Lebanon,Middle East,school,0,persons,False
2012,LB,jf-survey-2012,133,Lebanon,Middle East,multipleStage,51,persons,False
2012,LB,jf-survey-2012,133,Lebanon,Middle East,primary,0,persons,False
2012,LB,jf-survey-2012,133,Lebanon,Middle East,secondary,0,persons,False
2012,LB,jf-survey-2012,133,Lebanon,Middle East,higher,0,persons,False
2012,LB,jf-survey-2012,133,Lebanon,Middle East,other,0,persons,False
2012,EG,jf-survey-2012,135,Egypt,North Africa,institutions,12,institutions,False
2012,EG,jf-survey-2012,135,Egypt,North Africa,teachers,72,persons,False
2012,EG,jf-survey-2012,135,Egypt,North Africa,learners,898,persons,False
2012,EG,jf-survey-2012,135,Egypt,North Africa,school,0,persons,False
2012,EG,jf-survey-2012,135,Egypt,North Africa,multipleStage,0,persons,False
2012,EG,jf-survey-2012,135,Egypt,North Africa,primary,0,persons,False
2012,EG,jf-survey-2012,135,Egypt,North Africa,secondary,0,persons,False
2012,EG,jf-survey-2012,135,Egypt,North Africa,higher,555,persons,False
2012,EG,jf-survey-2012,135,Egypt,North Africa,other,343,persons,False
2012,SD,jf-survey-2012,136,Sudan,North Africa,institutions,1,institutions,False
2012,SD,jf-survey-2012,136,Sudan,North Africa,teachers,2,persons,False
2012,SD,jf-survey-2012,136,Sudan,North Africa,learners,54,persons,False
2012,SD,jf-survey-2012,136,Sudan,North Africa,school,0,persons,False
2012,SD,jf-survey-2012,136,Sudan,North Africa,multipleStage,0,persons,False
2012,SD,jf-survey-2012,136,Sudan,North Africa,primary,0,persons,False
2012,SD,jf-survey-2012,136,Sudan,North Africa,secondary,0,persons,False
2012,SD,jf-survey-2012,136,Sudan,North Africa,higher,0,persons,False
2012,SD,jf-survey-2012,136,Sudan,North Africa,other,54,persons,False
2012,TN,jf-survey-2012,137,Tunisia,North Africa,institutions,1,institutions,False
2012,TN,jf-survey-2012,137,Tunisia,North Africa,teachers,3,persons,False
2012,TN,jf-survey-2012,137,Tunisia,North Africa,learners,120,persons,False
2012,TN,jf-survey-2012,137,Tunisia,North Africa,school,0,persons,False
2012,TN,jf-survey-2012,137,Tunisia,North Africa,multipleStage,0,persons,False
2012,TN,jf-survey-2012,137,Tunisia,North Africa,primary,0,persons,False
2012,TN,jf-survey-2012,137,Tunisia,North Africa,secondary,0,persons,False
2012,TN,jf-survey-2012,137,Tunisia,North Africa,higher,0,persons,False
2012,TN,jf-survey-2012,137,Tunisia,North Africa,other,120,persons,False
2012,MA,jf-survey-2012,138,Morocco,North Africa,institutions,7,institutions,False
2012,MA,jf-survey-2012,138,Morocco,North Africa,teachers,13,persons,False
2012,MA,jf-survey-2012,138,Morocco,North Africa,learners,520,persons,False
2012,MA,jf-survey-2012,138,Morocco,North Africa,school,0,persons,False
2012,MA,jf-survey-2012,138,Morocco,North Africa,multipleStage,0,persons,False
2012,MA,jf-survey-2012,138,Morocco,North Africa,primary,0,persons,False
2012,MA,jf-survey-2012,138,Morocco,North Africa,secondary,0,persons,False
2012,MA,jf-survey-2012,138,Morocco,North Africa,higher,10,persons,False
2012,MA,jf-survey-2012,138,Morocco,North Africa,other,510,persons,False
2012,ET,jf-survey-2012,140,Ethiopia,Africa,institutions,2,institutions,False
2012,ET,jf-survey-2012,140,Ethiopia,Africa,teachers,5,persons,False
2012,ET,jf-survey-2012,140,Ethiopia,Africa,learners,550,persons,False
2012,ET,jf-survey-2012,140,Ethiopia,Africa,school,50,persons,False
2012,ET,jf-survey-2012,140,Ethiopia,Africa,multipleStage,0,persons,False
2012,ET,jf-survey-2012,140,Ethiopia,Africa,primary,50,persons,False
2012,ET,jf-survey-2012,140,Ethiopia,Africa,secondary,0,persons,False
2012,ET,jf-survey-2012,140,Ethiopia,Africa,higher,500,persons,False
2012,ET,jf-survey-2012,140,Ethiopia,Africa,other,0,persons,False
2012,GH,jf-survey-2012,141,Ghana,Africa,institutions,3,institutions,False
2012,GH,jf-survey-2012,141,Ghana,Africa,teachers,5,persons,False
2012,GH,jf-survey-2012,141,Ghana,Africa,learners,815,persons,False
2012,GH,jf-survey-2012,141,Ghana,Africa,school,105,persons,False
2012,GH,jf-survey-2012,141,Ghana,Africa,multipleStage,707,persons,False
2012,GH,jf-survey-2012,141,Ghana,Africa,primary,105,persons,False
2012,GH,jf-survey-2012,141,Ghana,Africa,secondary,0,persons,False
2012,GH,jf-survey-2012,141,Ghana,Africa,higher,3,persons,False
2012,GH,jf-survey-2012,141,Ghana,Africa,other,0,persons,False
2012,CM,jf-survey-2012,142,Cameroon,Africa,institutions,5,institutions,False
2012,CM,jf-survey-2012,142,Cameroon,Africa,teachers,9,persons,False
2012,CM,jf-survey-2012,142,Cameroon,Africa,learners,238,persons,False
2012,CM,jf-survey-2012,142,Cameroon,Africa,school,78,persons,False
2012,CM,jf-survey-2012,142,Cameroon,Africa,multipleStage,0,persons,False
2012,CM,jf-survey-2012,142,Cameroon,Africa,primary,0,persons,False
2012,CM,jf-survey-2012,142,Cameroon,Africa,secondary,78,persons,False
2012,CM,jf-survey-2012,142,Cameroon,Africa,higher,80,persons,False
2012,CM,jf-survey-2012,142,Cameroon,Africa,other,80,persons,False
2012,GN,jf-survey-2012,143,Guinea,Africa,institutions,1,institutions,False
2012,GN,jf-survey-2012,143,Guinea,Africa,teachers,1,persons,False
2012,GN,jf-survey-2012,143,Guinea,Africa,learners,80,persons,False
2012,GN,jf-survey-2012,143,Guinea,Africa,school,80,persons,False
2012,GN,jf-survey-2012,143,Guinea,Africa,multipleStage,0,persons,False
2012,GN,jf-survey-2012,143,Guinea,Africa,primary,0,persons,False
2012,GN,jf-survey-2012,143,Guinea,Africa,secondary,80,persons,False
2012,GN,jf-survey-2012,143,Guinea,Africa,higher,0,persons,False
2012,GN,jf-survey-2012,143,Guinea,Africa,other,0,persons,False
2012,KE,jf-survey-2012,144,Kenya,Africa,institutions,37,institutions,False
2012,KE,jf-survey-2012,144,Kenya,Africa,teachers,83,persons,False
2012,KE,jf-survey-2012,144,Kenya,Africa,learners,1768,persons,False
2012,KE,jf-survey-2012,144,Kenya,Africa,school,735,persons,False
2012,KE,jf-survey-2012,144,Kenya,Africa,multipleStage,215,persons,False
2012,KE,jf-survey-2012,144,Kenya,Africa,primary,145,persons,False
2012,KE,jf-survey-2012,144,Kenya,Africa,secondary,590,persons,False
2012,KE,jf-survey-2012,144,Kenya,Africa,higher,735,persons,False
2012,KE,jf-survey-2012,144,Kenya,Africa,other,83,persons,False
2012,CI,jf-survey-2012,145,Côte d’Ivoire,Africa,institutions,5,institutions,False
2012,CI,jf-survey-2012,145,Côte d’Ivoire,Africa,teachers,7,persons,False
2012,CI,jf-survey-2012,145,Côte d’Ivoire,Africa,learners,1315,persons,False
2012,CI,jf-survey-2012,145,Côte d’Ivoire,Africa,school,0,persons,False
2012,CI,jf-survey-2012,145,Côte d’Ivoire,Africa,multipleStage,1100,persons,False
2012,CI,jf-survey-2012,145,Côte d’Ivoire,Africa,primary,0,persons,False
2012,CI,jf-survey-2012,145,Côte d’Ivoire,Africa,secondary,0,persons,False
2012,CI,jf-survey-2012,145,Côte d’Ivoire,Africa,higher,175,persons,False
2012,CI,jf-survey-2012,145,Côte d’Ivoire,Africa,other,40,persons,False
2012,CD,jf-survey-2012,146,Congo - Kinshasa,Africa,institutions,3,institutions,False
2012,CD,jf-survey-2012,146,Congo - Kinshasa,Africa,teachers,13,persons,False
2012,CD,jf-survey-2012,146,Congo - Kinshasa,Africa,learners,70,persons,False
2012,CD,jf-survey-2012,146,Congo - Kinshasa,Africa,school,0,persons,False
2012,CD,jf-survey-2012,146,Congo - Kinshasa,Africa,multipleStage,15,persons,False
2012,CD,jf-survey-2012,146,Congo - Kinshasa,Africa,primary,0,persons,False
2012,CD,jf-survey-2012,146,Congo - Kinshasa,Africa,secondary,0,persons,False
2012,CD,jf-survey-2012,146,Congo - Kinshasa,Africa,higher,55,persons,False
2012,CD,jf-survey-2012,146,Congo - Kinshasa,Africa,other,0,persons,False
2012,SN,jf-survey-2012,147,Senegal,Africa,institutions,2,institutions,False
2012,SN,jf-survey-2012,147,Senegal,Africa,teachers,2,persons,False
2012,SN,jf-survey-2012,147,Senegal,Africa,learners,720,persons,False
2012,SN,jf-survey-2012,147,Senegal,Africa,school,0,persons,False
2012,SN,jf-survey-2012,147,Senegal,Africa,multipleStage,600,persons,False
2012,SN,jf-survey-2012,147,Senegal,Africa,primary,0,persons,False
2012,SN,jf-survey-2012,147,Senegal,Africa,secondary,0,persons,False
2012,SN,jf-survey-2012,147,Senegal,Africa,higher,120,persons,False
2012,SN,jf-survey-2012,147,Senegal,Africa,other,0,persons,False
2012,TZ,jf-survey-2012,148,Tanzania,Africa,institutions,1,institutions,False
2012,TZ,jf-survey-2012,148,Tanzania,Africa,teachers,1,persons,False
2012,TZ,jf-survey-2012,148,Tanzania,Africa,learners,11,persons,False
2012,TZ,jf-survey-2012,148,Tanzania,Africa,school,0,persons,False
2012,TZ,jf-survey-2012,148,Tanzania,Africa,multipleStage,0,persons,False
2012,TZ,jf-survey-2012,148,Tanzania,Africa,primary,0,persons,False
2012,TZ,jf-survey-2012,148,Tanzania,Africa,secondary,0,persons,False
2012,TZ,jf-survey-2012,148,Tanzania,Africa,higher,11,persons,False
2012,TZ,jf-survey-2012,148,Tanzania,Africa,other,0,persons,False
2012,CF,jf-survey-2012,149,Central African Republic,Africa,institutions,1,institutions,False
2012,CF,jf-survey-2012,149,Central African Republic,Africa,teachers,1,persons,False
2012,CF,jf-survey-2012,149,Central African Republic,Africa,learners,85,persons,False
2012,CF,jf-survey-2012,149,Central African Republic,Africa,school,0,persons,False
2012,CF,jf-survey-2012,149,Central African Republic,Africa,multipleStage,0,persons,False
2012,CF,jf-survey-2012,149,Central African Republic,Africa,primary,0,persons,False
2012,CF,jf-survey-2012,149,Central African Republic,Africa,secondary,0,persons,False
2012,CF,jf-survey-2012,149,Central African Republic,Africa,higher,85,persons,False
2012,CF,jf-survey-2012,149,Central African Republic,Africa,other,0,persons,False
2012,BJ,jf-survey-2012,150,Benin,Africa,institutions,1,institutions,False
2012,BJ,jf-survey-2012,150,Benin,Africa,teachers,1,persons,False
2012,BJ,jf-survey-2012,150,Benin,Africa,learners,94,persons,False
2012,BJ,jf-survey-2012,150,Benin,Africa,school,0,persons,False
2012,BJ,jf-survey-2012,150,Benin,Africa,multipleStage,0,persons,False
2012,BJ,jf-survey-2012,150,Benin,Africa,primary,0,persons,False
2012,BJ,jf-survey-2012,150,Benin,Africa,secondary,0,persons,False
2012,BJ,jf-survey-2012,150,Benin,Africa,higher,0,persons,False
2012,BJ,jf-survey-2012,150,Benin,Africa,other,94,persons,False
2012,MG,jf-survey-2012,151,Madagascar,Africa,institutions,12,institutions,False
2012,MG,jf-survey-2012,151,Madagascar,Africa,teachers,20,persons,False
2012,MG,jf-survey-2012,151,Madagascar,Africa,learners,1397,persons,False
2012,MG,jf-survey-2012,151,Madagascar,Africa,school,73,persons,False
2012,MG,jf-survey-2012,151,Madagascar,Africa,multipleStage,0,persons,False
2012,MG,jf-survey-2012,151,Madagascar,Africa,primary,0,persons,False
2012,MG,jf-survey-2012,151,Madagascar,Africa,secondary,73,persons,False
2012,MG,jf-survey-2012,151,Madagascar,Africa,higher,1023,persons,False
2012,MG,jf-survey-2012,151,Madagascar,Africa,other,301,persons,False
2012,ZA,jf-survey-2012,152,South Africa,Africa,institutions,1,institutions,False
2012,ZA,jf-survey-2012,152,South Africa,Africa,teachers,5,persons,False
2012,ZA,jf-survey-2012,152,South Africa,Africa,learners,68,persons,False
2012,ZA,jf-survey-2012,152,South Africa,Africa,school,0,persons,False
2012,ZA,jf-survey-2012,152,South Africa,Africa,multipleStage,0,persons,False
2012,ZA,jf-survey-2012,152,South Africa,Africa,primary,0,persons,False
2012,ZA,jf-survey-2012,152,South Africa,Africa,secondary,0,persons,False
2012,ZA,jf-survey-2012,152,South Africa,Africa,higher,0,persons,False
2012,ZA,jf-survey-2012,152,South Africa,Africa,other,68,persons,False
2015,KR,jf-survey-2015,5,South Korea,East Asia,institutions,2862,institutions,False
2015,KR,jf-survey-2015,5,South Korea,East Asia,teachers,14855,persons,False
2015,KR,jf-survey-2015,5,South Korea,East Asia,learners,556237,persons,False
2015,KR,jf-survey-2015,5,South Korea,East Asia,school,453053,persons,False
2015,KR,jf-survey-2015,5,South Korea,East Asia,multipleStage,,persons,True
2015,KR,jf-survey-2015,5,South Korea,East Asia,primary,1160,persons,False
2015,KR,jf-survey-2015,5,South Korea,East Asia,secondary,451893,persons,False
2015,KR,jf-survey-2015,5,South Korea,East Asia,higher,51963,persons,False
2015,KR,jf-survey-2015,5,South Korea,East Asia,other,51221,persons,False
2015,TW,jf-survey-2015,6,Taiwan,East Asia,institutions,851,institutions,False
2015,TW,jf-survey-2015,6,Taiwan,East Asia,teachers,3877,persons,False
2015,TW,jf-survey-2015,6,Taiwan,East Asia,learners,220045,persons,False
2015,TW,jf-survey-2015,6,Taiwan,East Asia,school,78679,persons,False
2015,TW,jf-survey-2015,6,Taiwan,East Asia,multipleStage,,persons,True
2015,TW,jf-survey-2015,6,Taiwan,East Asia,primary,3091,persons,False
2015,TW,jf-survey-2015,6,Taiwan,East Asia,secondary,75588,persons,False
2015,TW,jf-survey-2015,6,Taiwan,East Asia,higher,99035,persons,False
2015,TW,jf-survey-2015,6,Taiwan,East Asia,other,42331,persons,False
2015,CN,jf-survey-2015,7,China,East Asia,institutions,2115,institutions,False
2015,CN,jf-survey-2015,7,China,East Asia,teachers,18312,persons,False
2015,CN,jf-survey-2015,7,China,East Asia,learners,953283,persons,False
2015,CN,jf-survey-2015,7,China,East Asia,school,53955,persons,False
2015,CN,jf-survey-2015,7,China,East Asia,multipleStage,,persons,True
2015,CN,jf-survey-2015,7,China,East Asia,primary,1573,persons,False
2015,CN,jf-survey-2015,7,China,East Asia,secondary,52382,persons,False
2015,CN,jf-survey-2015,7,China,East Asia,higher,625728,persons,False
2015,CN,jf-survey-2015,7,China,East Asia,other,273600,persons,False
2015,HK,jf-survey-2015,8,Hong Kong SAR China,East Asia,institutions,70,institutions,False
2015,HK,jf-survey-2015,8,Hong Kong SAR China,East Asia,teachers,523,persons,False
2015,HK,jf-survey-2015,8,Hong Kong SAR China,East Asia,learners,22613,persons,False
2015,HK,jf-survey-2015,8,Hong Kong SAR China,East Asia,school,2806,persons,False
2015,HK,jf-survey-2015,8,Hong Kong SAR China,East Asia,multipleStage,,persons,True
2015,HK,jf-survey-2015,8,Hong Kong SAR China,East Asia,primary,1143,persons,False
2015,HK,jf-survey-2015,8,Hong Kong SAR China,East Asia,secondary,1663,persons,False
2015,HK,jf-survey-2015,8,Hong Kong SAR China,East Asia,higher,3636,persons,False
2015,HK,jf-survey-2015,8,Hong Kong SAR China,East Asia,other,16171,persons,False
2015,MO,jf-survey-2015,9,Macao SAR China,East Asia,institutions,7,institutions,False
2015,MO,jf-survey-2015,9,Macao SAR China,East Asia,teachers,48,persons,False
2015,MO,jf-survey-2015,9,Macao SAR China,East Asia,learners,1328,persons,False
2015,MO,jf-survey-2015,9,Macao SAR China,East Asia,school,0,persons,False
2015,MO,jf-survey-2015,9,Macao SAR China,East Asia,multipleStage,,persons,True
2015,MO,jf-survey-2015,9,Macao SAR China,East Asia,primary,0,persons,False
2015,MO,jf-survey-2015,9,Macao SAR China,East Asia,secondary,0,persons,False
2015,MO,jf-survey-2015,9,Macao SAR China,East Asia,higher,610,persons,False
2015,MO,jf-survey-2015,9,Macao SAR China,East Asia,other,718,persons,False
2015,MN,jf-survey-2015,10,Mongolia,East Asia,institutions,76,institutions,False
2015,MN,jf-survey-2015,10,Mongolia,East Asia,teachers,253,persons,False
2015,MN,jf-survey-2015,10,Mongolia,East Asia,learners,9914,persons,False
2015,MN,jf-survey-2015,10,Mongolia,East Asia,school,6367,persons,False
2015,MN,jf-survey-2015,10,Mongolia,East Asia,multipleStage,,persons,True
2015,MN,jf-survey-2015,10,Mongolia,East Asia,primary,1811,persons,False
2015,MN,jf-survey-2015,10,Mongolia,East Asia,secondary,4556,persons,False
2015,MN,jf-survey-2015,10,Mongolia,East Asia,higher,2402,persons,False
2015,MN,jf-survey-2015,10,Mongolia,East Asia,other,1145,persons,False
2015,ID,jf-survey-2015,12,Indonesia,Southeast Asia,institutions,2496,institutions,False
2015,ID,jf-survey-2015,12,Indonesia,Southeast Asia,teachers,4540,persons,False
2015,ID,jf-survey-2015,12,Indonesia,Southeast Asia,learners,745125,persons,False
2015,ID,jf-survey-2015,12,Indonesia,Southeast Asia,school,710279,persons,False
2015,ID,jf-survey-2015,12,Indonesia,Southeast Asia,multipleStage,,persons,True
2015,ID,jf-survey-2015,12,Indonesia,Southeast Asia,primary,6504,persons,False
2015,ID,jf-survey-2015,12,Indonesia,Southeast Asia,secondary,703775,persons,False
2015,ID,jf-survey-2015,12,Indonesia,Southeast Asia,higher,26981,persons,False
2015,ID,jf-survey-2015,12,Indonesia,Southeast Asia,other,7865,persons,False
2015,KH,jf-survey-2015,13,Cambodia,Southeast Asia,institutions,29,institutions,False
2015,KH,jf-survey-2015,13,Cambodia,Southeast Asia,teachers,157,persons,False
2015,KH,jf-survey-2015,13,Cambodia,Southeast Asia,learners,4009,persons,False
2015,KH,jf-survey-2015,13,Cambodia,Southeast Asia,school,663,persons,False
2015,KH,jf-survey-2015,13,Cambodia,Southeast Asia,multipleStage,,persons,True
2015,KH,jf-survey-2015,13,Cambodia,Southeast Asia,primary,15,persons,False
2015,KH,jf-survey-2015,13,Cambodia,Southeast Asia,secondary,648,persons,False
2015,KH,jf-survey-2015,13,Cambodia,Southeast Asia,higher,583,persons,False
2015,KH,jf-survey-2015,13,Cambodia,Southeast Asia,other,2763,persons,False
2015,SG,jf-survey-2015,14,Singapore,Southeast Asia,institutions,30,institutions,False
2015,SG,jf-survey-2015,14,Singapore,Southeast Asia,teachers,227,persons,False
2015,SG,jf-survey-2015,14,Singapore,Southeast Asia,learners,10798,persons,False
2015,SG,jf-survey-2015,14,Singapore,Southeast Asia,school,1354,persons,False
2015,SG,jf-survey-2015,14,Singapore,Southeast Asia,multipleStage,,persons,True
2015,SG,jf-survey-2015,14,Singapore,Southeast Asia,primary,18,persons,False
2015,SG,jf-survey-2015,14,Singapore,Southeast Asia,secondary,1336,persons,False
2015,SG,jf-survey-2015,14,Singapore,Southeast Asia,higher,3947,persons,False
2015,SG,jf-survey-2015,14,Singapore,Southeast Asia,other,5497,persons,False
2015,TH,jf-survey-2015,15,Thailand,Southeast Asia,institutions,606,institutions,False
2015,TH,jf-survey-2015,15,Thailand,Southeast Asia,teachers,1911,persons,False
2015,TH,jf-survey-2015,15,Thailand,Southeast Asia,learners,173817,persons,False
2015,TH,jf-survey-2015,15,Thailand,Southeast Asia,school,118956,persons,False
2015,TH,jf-survey-2015,15,Thailand,Southeast Asia,multipleStage,,persons,True
2015,TH,jf-survey-2015,15,Thailand,Southeast Asia,primary,3601,persons,False
2015,TH,jf-survey-2015,15,Thailand,Southeast Asia,secondary,115355,persons,False
2015,TH,jf-survey-2015,15,Thailand,Southeast Asia,higher,24789,persons,False
2015,TH,jf-survey-2015,15,Thailand,Southeast Asia,other,30072,persons,False
2015,PH,jf-survey-2015,16,Philippines,Southeast Asia,institutions,209,institutions,False
2015,PH,jf-survey-2015,16,Philippines,Southeast Asia,teachers,721,persons,False
2015,PH,jf-survey-2015,16,Philippines,Southeast Asia,learners,50038,persons,False
2015,PH,jf-survey-2015,16,Philippines,Southeast Asia,school,6614,persons,False
2015,PH,jf-survey-2015,16,Philippines,Southeast Asia,multipleStage,,persons,True
2015,PH,jf-survey-2015,16,Philippines,Southeast Asia,primary,1019,persons,False
2015,PH,jf-survey-2015,16,Philippines,Southeast Asia,secondary,5595,persons,False
2015,PH,jf-survey-2015,16,Philippines,Southeast Asia,higher,15572,persons,False
2015,PH,jf-survey-2015,16,Philippines,Southeast Asia,other,27852,persons,False
2015,BN,jf-survey-2015,17,Brunei,Southeast Asia,institutions,2,institutions,False
2015,BN,jf-survey-2015,17,Brunei,Southeast Asia,teachers,3,persons,False
2015,BN,jf-survey-2015,17,Brunei,Southeast Asia,learners,216,persons,False
2015,BN,jf-survey-2015,17,Brunei,Southeast Asia,school,0,persons,False
2015,BN,jf-survey-2015,17,Brunei,Southeast Asia,multipleStage,,persons,True
2015,BN,jf-survey-2015,17,Brunei,Southeast Asia,primary,0,persons,False
2015,BN,jf-survey-2015,17,Brunei,Southeast Asia,secondary,0,persons,False
2015,BN,jf-survey-2015,17,Brunei,Southeast Asia,higher,155,persons,False
2015,BN,jf-survey-2015,17,Brunei,Southeast Asia,other,61,persons,False
2015,VN,jf-survey-2015,18,Vietnam,Southeast Asia,institutions,219,institutions,False
2015,VN,jf-survey-2015,18,Vietnam,Southeast Asia,teachers,1795,persons,False
2015,VN,jf-survey-2015,18,Vietnam,Southeast Asia,learners,64863,persons,False
2015,VN,jf-survey-2015,18,Vietnam,Southeast Asia,school,10995,persons,False
2015,VN,jf-survey-2015,18,Vietnam,Southeast Asia,multipleStage,,persons,True
2015,VN,jf-survey-2015,18,Vietnam,Southeast Asia,primary,0,persons,False
2015,VN,jf-survey-2015,18,Vietnam,Southeast Asia,secondary,10995,persons,False
2015,VN,jf-survey-2015,18,Vietnam,Southeast Asia,higher,19602,persons,False
2015,VN,jf-survey-2015,18,Vietnam,Southeast Asia,other,34266,persons,False
2015,MY,jf-survey-2015,19,Malaysia,Southeast Asia,institutions,176,institutions,False
2015,MY,jf-survey-2015,19,Malaysia,Southeast Asia,teachers,430,persons,False
2015,MY,jf-survey-2015,19,Malaysia,Southeast Asia,learners,33224,persons,False
2015,MY,jf-survey-2015,19,Malaysia,Southeast Asia,school,17450,persons,False
2015,MY,jf-survey-2015,19,Malaysia,Southeast Asia,multipleStage,,persons,True
2015,MY,jf-survey-2015,19,Malaysia,Southeast Asia,primary,0,persons,False
2015,MY,jf-survey-2015,19,Malaysia,Southeast Asia,secondary,17450,persons,False
2015,MY,jf-survey-2015,19,Malaysia,Southeast Asia,higher,12442,persons,False
2015,MY,jf-survey-2015,19,Malaysia,Southeast Asia,other,3332,persons,False
2015,MM,jf-survey-2015,20,Myanmar (Burma),Southeast Asia,institutions,132,institutions,False
2015,MM,jf-survey-2015,20,Myanmar (Burma),Southeast Asia,teachers,524,persons,False
2015,MM,jf-survey-2015,20,Myanmar (Burma),Southeast Asia,learners,11301,persons,False
2015,MM,jf-survey-2015,20,Myanmar (Burma),Southeast Asia,school,0,persons,False
2015,MM,jf-survey-2015,20,Myanmar (Burma),Southeast Asia,multipleStage,,persons,True
2015,MM,jf-survey-2015,20,Myanmar (Burma),Southeast Asia,primary,0,persons,False
2015,MM,jf-survey-2015,20,Myanmar (Burma),Southeast Asia,secondary,0,persons,False
2015,MM,jf-survey-2015,20,Myanmar (Burma),Southeast Asia,higher,762,persons,False
2015,MM,jf-survey-2015,20,Myanmar (Burma),Southeast Asia,other,10539,persons,False
2015,LA,jf-survey-2015,21,Laos,Southeast Asia,institutions,14,institutions,False
2015,LA,jf-survey-2015,21,Laos,Southeast Asia,teachers,49,persons,False
2015,LA,jf-survey-2015,21,Laos,Southeast Asia,learners,1046,persons,False
2015,LA,jf-survey-2015,21,Laos,Southeast Asia,school,463,persons,False
2015,LA,jf-survey-2015,21,Laos,Southeast Asia,multipleStage,,persons,True
2015,LA,jf-survey-2015,21,Laos,Southeast Asia,primary,261,persons,False
2015,LA,jf-survey-2015,21,Laos,Southeast Asia,secondary,202,persons,False
2015,LA,jf-survey-2015,21,Laos,Southeast Asia,higher,265,persons,False
2015,LA,jf-survey-2015,21,Laos,Southeast Asia,other,318,persons,False
2015,IN,jf-survey-2015,23,India,South Asia,institutions,184,institutions,False
2015,IN,jf-survey-2015,23,India,South Asia,teachers,655,persons,False
2015,IN,jf-survey-2015,23,India,South Asia,learners,24011,persons,False
2015,IN,jf-survey-2015,23,India,South Asia,school,6301,persons,False
2015,IN,jf-survey-2015,23,India,South Asia,multipleStage,,persons,True
2015,IN,jf-survey-2015,23,India,South Asia,primary,1334,persons,False
2015,IN,jf-survey-2015,23,India,South Asia,secondary,4967,persons,False
2015,IN,jf-survey-2015,23,India,South Asia,higher,5954,persons,False
2015,IN,jf-survey-2015,23,India,South Asia,other,11756,persons,False
2015,LK,jf-survey-2015,24,Sri Lanka,South Asia,institutions,76,institutions,False
2015,LK,jf-survey-2015,24,Sri Lanka,South Asia,teachers,132,persons,False
2015,LK,jf-survey-2015,24,Sri Lanka,South Asia,learners,10120,persons,False
2015,LK,jf-survey-2015,24,Sri Lanka,South Asia,school,9520,persons,False
2015,LK,jf-survey-2015,24,Sri Lanka,South Asia,multipleStage,,persons,True
2015,LK,jf-survey-2015,24,Sri Lanka,South Asia,primary,40,persons,False
2015,LK,jf-survey-2015,24,Sri Lanka,South Asia,secondary,9480,persons,False
2015,LK,jf-survey-2015,24,Sri Lanka,South Asia,higher,408,persons,False
2015,LK,jf-survey-2015,24,Sri Lanka,South Asia,other,192,persons,False
2015,NP,jf-survey-2015,25,Nepal,South Asia,institutions,106,institutions,False
2015,NP,jf-survey-2015,25,Nepal,South Asia,teachers,376,persons,False
2015,NP,jf-survey-2015,25,Nepal,South Asia,learners,4262,persons,False
2015,NP,jf-survey-2015,25,Nepal,South Asia,school,300,persons,False
2015,NP,jf-survey-2015,25,Nepal,South Asia,multipleStage,,persons,True
2015,NP,jf-survey-2015,25,Nepal,South Asia,primary,150,persons,False
2015,NP,jf-survey-2015,25,Nepal,South Asia,secondary,150,persons,False
2015,NP,jf-survey-2015,25,Nepal,South Asia,higher,300,persons,False
2015,NP,jf-survey-2015,25,Nepal,South Asia,other,3662,persons,False
2015,PK,jf-survey-2015,26,Pakistan,South Asia,institutions,3,institutions,False
2015,PK,jf-survey-2015,26,Pakistan,South Asia,teachers,13,persons,False
2015,PK,jf-survey-2015,26,Pakistan,South Asia,learners,84,persons,False
2015,PK,jf-survey-2015,26,Pakistan,South Asia,school,0,persons,False
2015,PK,jf-survey-2015,26,Pakistan,South Asia,multipleStage,,persons,True
2015,PK,jf-survey-2015,26,Pakistan,South Asia,primary,0,persons,False
2015,PK,jf-survey-2015,26,Pakistan,South Asia,secondary,0,persons,False
2015,PK,jf-survey-2015,26,Pakistan,South Asia,higher,25,persons,False
2015,PK,jf-survey-2015,26,Pakistan,South Asia,other,59,persons,False
2015,BD,jf-survey-2015,27,Bangladesh,South Asia,institutions,37,institutions,False
2015,BD,jf-survey-2015,27,Bangladesh,South Asia,teachers,94,persons,False
2015,BD,jf-survey-2015,27,Bangladesh,South Asia,learners,2158,persons,False
2015,BD,jf-survey-2015,27,Bangladesh,South Asia,school,127,persons,False
2015,BD,jf-survey-2015,27,Bangladesh,South Asia,multipleStage,,persons,True
2015,BD,jf-survey-2015,27,Bangladesh,South Asia,primary,0,persons,False
2015,BD,jf-survey-2015,27,Bangladesh,South Asia,secondary,127,persons,False
2015,BD,jf-survey-2015,27,Bangladesh,South Asia,higher,631,persons,False
2015,BD,jf-survey-2015,27,Bangladesh,South Asia,other,1400,persons,False
2015,BT,jf-survey-2015,28,Bhutan,South Asia,institutions,1,institutions,False
2015,BT,jf-survey-2015,28,Bhutan,South Asia,teachers,4,persons,False
2015,BT,jf-survey-2015,28,Bhutan,South Asia,learners,30,persons,False
2015,BT,jf-survey-2015,28,Bhutan,South Asia,school,0,persons,False
2015,BT,jf-survey-2015,28,Bhutan,South Asia,multipleStage,,persons,True
2015,BT,jf-survey-2015,28,Bhutan,South Asia,primary,0,persons,False
2015,BT,jf-survey-2015,28,Bhutan,South Asia,secondary,0,persons,False
2015,BT,jf-survey-2015,28,Bhutan,South Asia,higher,0,persons,False
2015,BT,jf-survey-2015,28,Bhutan,South Asia,other,30,persons,False
2015,MV,jf-survey-2015,29,Maldives,South Asia,institutions,1,institutions,False
2015,MV,jf-survey-2015,29,Maldives,South Asia,teachers,3,persons,False
2015,MV,jf-survey-2015,29,Maldives,South Asia,learners,130,persons,False
2015,MV,jf-survey-2015,29,Maldives,South Asia,school,0,persons,False
2015,MV,jf-survey-2015,29,Maldives,South Asia,multipleStage,,persons,True
2015,MV,jf-survey-2015,29,Maldives,South Asia,primary,0,persons,False
2015,MV,jf-survey-2015,29,Maldives,South Asia,secondary,0,persons,False
2015,MV,jf-survey-2015,29,Maldives,South Asia,higher,130,persons,False
2015,MV,jf-survey-2015,29,Maldives,South Asia,other,0,persons,False
2015,AU,jf-survey-2015,31,Australia,Oceania,institutions,1643,institutions,False
2015,AU,jf-survey-2015,31,Australia,Oceania,teachers,2800,persons,False
2015,AU,jf-survey-2015,31,Australia,Oceania,learners,357348,persons,False
2015,AU,jf-survey-2015,31,Australia,Oceania,school,347468,persons,False
2015,AU,jf-survey-2015,31,Australia,Oceania,multipleStage,,persons,True
2015,AU,jf-survey-2015,31,Australia,Oceania,primary,209123,persons,False
2015,AU,jf-survey-2015,31,Australia,Oceania,secondary,138345,persons,False
2015,AU,jf-survey-2015,31,Australia,Oceania,higher,6420,persons,False
2015,AU,jf-survey-2015,31,Australia,Oceania,other,3460,persons,False
2015,MP,jf-survey-2015,32,Northern Mariana Islands,Oceania,institutions,3,institutions,False
2015,MP,jf-survey-2015,32,Northern Mariana Islands,Oceania,teachers,3,persons,False
2015,MP,jf-survey-2015,32,Northern Mariana Islands,Oceania,learners,345,persons,False
2015,MP,jf-survey-2015,32,Northern Mariana Islands,Oceania,school,345,persons,False
2015,MP,jf-survey-2015,32,Northern Mariana Islands,Oceania,multipleStage,,persons,True
2015,MP,jf-survey-2015,32,Northern Mariana Islands,Oceania,primary,0,persons,False
2015,MP,jf-survey-2015,32,Northern Mariana Islands,Oceania,secondary,345,persons,False
2015,MP,jf-survey-2015,32,Northern Mariana Islands,Oceania,higher,0,persons,False
2015,MP,jf-survey-2015,32,Northern Mariana Islands,Oceania,other,0,persons,False
2015,KI,jf-survey-2015,33,Kiribati,Oceania,institutions,1,institutions,False
2015,KI,jf-survey-2015,33,Kiribati,Oceania,teachers,3,persons,False
2015,KI,jf-survey-2015,33,Kiribati,Oceania,learners,45,persons,False
2015,KI,jf-survey-2015,33,Kiribati,Oceania,school,45,persons,False
2015,KI,jf-survey-2015,33,Kiribati,Oceania,multipleStage,,persons,True
2015,KI,jf-survey-2015,33,Kiribati,Oceania,primary,45,persons,False
2015,KI,jf-survey-2015,33,Kiribati,Oceania,secondary,0,persons,False
2015,KI,jf-survey-2015,33,Kiribati,Oceania,higher,0,persons,False
2015,KI,jf-survey-2015,33,Kiribati,Oceania,other,0,persons,False
2015,GU,jf-survey-2015,34,Guam,Oceania,institutions,11,institutions,False
2015,GU,jf-survey-2015,34,Guam,Oceania,teachers,22,persons,False
2015,GU,jf-survey-2015,34,Guam,Oceania,learners,1547,persons,False
2015,GU,jf-survey-2015,34,Guam,Oceania,school,1301,persons,False
2015,GU,jf-survey-2015,34,Guam,Oceania,multipleStage,,persons,True
2015,GU,jf-survey-2015,34,Guam,Oceania,primary,82,persons,False
2015,GU,jf-survey-2015,34,Guam,Oceania,secondary,1219,persons,False
2015,GU,jf-survey-2015,34,Guam,Oceania,higher,246,persons,False
2015,GU,jf-survey-2015,34,Guam,Oceania,other,0,persons,False
2015,WS,jf-survey-2015,35,Samoa,Oceania,institutions,1,institutions,False
2015,WS,jf-survey-2015,35,Samoa,Oceania,teachers,1,persons,False
2015,WS,jf-survey-2015,35,Samoa,Oceania,learners,44,persons,False
2015,WS,jf-survey-2015,35,Samoa,Oceania,school,0,persons,False
2015,WS,jf-survey-2015,35,Samoa,Oceania,multipleStage,,persons,True
2015,WS,jf-survey-2015,35,Samoa,Oceania,primary,0,persons,False
2015,WS,jf-survey-2015,35,Samoa,Oceania,secondary,0,persons,False
2015,WS,jf-survey-2015,35,Samoa,Oceania,higher,44,persons,False
2015,WS,jf-survey-2015,35,Samoa,Oceania,other,0,persons,False
2015,SB,jf-survey-2015,36,Solomon Islands,Oceania,institutions,,institutions,True
2015,SB,jf-survey-2015,36,Solomon Islands,Oceania,teachers,,persons,True
2015,SB,jf-survey-2015,36,Solomon Islands,Oceania,learners,0,persons,False
2015,SB,jf-survey-2015,36,Solomon Islands,Oceania,school,0,persons,False
2015,SB,jf-survey-2015,36,Solomon Islands,Oceania,multipleStage,,persons,True
2015,SB,jf-survey-2015,36,Solomon Islands,Oceania,primary,0,persons,False
2015,SB,jf-survey-2015,36,Solomon Islands,Oceania,secondary,0,persons,False
2015,SB,jf-survey-2015,36,Solomon Islands,Oceania,higher,0,persons,False
2015,SB,jf-survey-2015,36,Solomon Islands,Oceania,other,,persons,True
2015,TO,jf-survey-2015,37,Tonga,Oceania,institutions,6,institutions,False
2015,TO,jf-survey-2015,37,Tonga,Oceania,teachers,12,persons,False
2015,TO,jf-survey-2015,37,Tonga,Oceania,learners,153,persons,False
2015,TO,jf-survey-2015,37,Tonga,Oceania,school,152,persons,False
2015,TO,jf-survey-2015,37,Tonga,Oceania,multipleStage,,persons,True
2015,TO,jf-survey-2015,37,Tonga,Oceania,primary,0,persons,False
2015,TO,jf-survey-2015,37,Tonga,Oceania,secondary,152,persons,False
2015,TO,jf-survey-2015,37,Tonga,Oceania,higher,1,persons,False
2015,TO,jf-survey-2015,37,Tonga,Oceania,other,0,persons,False
2015,NC,jf-survey-2015,38,New Caledonia,Oceania,institutions,27,institutions,False
2015,NC,jf-survey-2015,38,New Caledonia,Oceania,teachers,40,persons,False
2015,NC,jf-survey-2015,38,New Caledonia,Oceania,learners,2026,persons,False
2015,NC,jf-survey-2015,38,New Caledonia,Oceania,school,1921,persons,False
2015,NC,jf-survey-2015,38,New Caledonia,Oceania,multipleStage,,persons,True
2015,NC,jf-survey-2015,38,New Caledonia,Oceania,primary,0,persons,False
2015,NC,jf-survey-2015,38,New Caledonia,Oceania,secondary,1921,persons,False
2015,NC,jf-survey-2015,38,New Caledonia,Oceania,higher,105,persons,False
2015,NC,jf-survey-2015,38,New Caledonia,Oceania,other,0,persons,False
2015,NZ,jf-survey-2015,39,New Zealand,Oceania,institutions,257,institutions,False
2015,NZ,jf-survey-2015,39,New Zealand,Oceania,teachers,378,persons,False
2015,NZ,jf-survey-2015,39,New Zealand,Oceania,learners,29925,persons,False
2015,NZ,jf-survey-2015,39,New Zealand,Oceania,school,28401,persons,False
2015,NZ,jf-survey-2015,39,New Zealand,Oceania,multipleStage,,persons,True
2015,NZ,jf-survey-2015,39,New Zealand,Oceania,primary,9173,persons,False
2015,NZ,jf-survey-2015,39,New Zealand,Oceania,secondary,19228,persons,False
2015,NZ,jf-survey-2015,39,New Zealand,Oceania,higher,1504,persons,False
2015,NZ,jf-survey-2015,39,New Zealand,Oceania,other,20,persons,False
2015,PG,jf-survey-2015,40,Papua New Guinea,Oceania,institutions,1,institutions,False
2015,PG,jf-survey-2015,40,Papua New Guinea,Oceania,teachers,1,persons,False
2015,PG,jf-survey-2015,40,Papua New Guinea,Oceania,learners,30,persons,False
2015,PG,jf-survey-2015,40,Papua New Guinea,Oceania,school,0,persons,False
2015,PG,jf-survey-2015,40,Papua New Guinea,Oceania,multipleStage,,persons,True
2015,PG,jf-survey-2015,40,Papua New Guinea,Oceania,primary,0,persons,False
2015,PG,jf-survey-2015,40,Papua New Guinea,Oceania,secondary,0,persons,False
2015,PG,jf-survey-2015,40,Papua New Guinea,Oceania,higher,30,persons,False
2015,PG,jf-survey-2015,40,Papua New Guinea,Oceania,other,0,persons,False
2015,PW,jf-survey-2015,41,Palau,Oceania,institutions,3,institutions,False
2015,PW,jf-survey-2015,41,Palau,Oceania,teachers,3,persons,False
2015,PW,jf-survey-2015,41,Palau,Oceania,learners,214,persons,False
2015,PW,jf-survey-2015,41,Palau,Oceania,school,142,persons,False
2015,PW,jf-survey-2015,41,Palau,Oceania,multipleStage,,persons,True
2015,PW,jf-survey-2015,41,Palau,Oceania,primary,0,persons,False
2015,PW,jf-survey-2015,41,Palau,Oceania,secondary,142,persons,False
2015,PW,jf-survey-2015,41,Palau,Oceania,higher,72,persons,False
2015,PW,jf-survey-2015,41,Palau,Oceania,other,0,persons,False
2015,FJ,jf-survey-2015,42,Fiji,Oceania,institutions,2,institutions,False
2015,FJ,jf-survey-2015,42,Fiji,Oceania,teachers,3,persons,False
2015,FJ,jf-survey-2015,42,Fiji,Oceania,learners,8,persons,False
2015,FJ,jf-survey-2015,42,Fiji,Oceania,school,0,persons,False
2015,FJ,jf-survey-2015,42,Fiji,Oceania,multipleStage,,persons,True
2015,FJ,jf-survey-2015,42,Fiji,Oceania,primary,0,persons,False
2015,FJ,jf-survey-2015,42,Fiji,Oceania,secondary,0,persons,False
2015,FJ,jf-survey-2015,42,Fiji,Oceania,higher,2,persons,False
2015,FJ,jf-survey-2015,42,Fiji,Oceania,other,6,persons,False
2015,PF,jf-survey-2015,43,French Polynesia,Oceania,institutions,1,institutions,False
2015,PF,jf-survey-2015,43,French Polynesia,Oceania,teachers,1,persons,False
2015,PF,jf-survey-2015,43,French Polynesia,Oceania,learners,58,persons,False
2015,PF,jf-survey-2015,43,French Polynesia,Oceania,school,58,persons,False
2015,PF,jf-survey-2015,43,French Polynesia,Oceania,multipleStage,,persons,True
2015,PF,jf-survey-2015,43,French Polynesia,Oceania,primary,0,persons,False
2015,PF,jf-survey-2015,43,French Polynesia,Oceania,secondary,58,persons,False
2015,PF,jf-survey-2015,43,French Polynesia,Oceania,higher,0,persons,False
2015,PF,jf-survey-2015,43,French Polynesia,Oceania,other,0,persons,False
2015,MH,jf-survey-2015,44,Marshall Islands,Oceania,institutions,4,institutions,False
2015,MH,jf-survey-2015,44,Marshall Islands,Oceania,teachers,4,persons,False
2015,MH,jf-survey-2015,44,Marshall Islands,Oceania,learners,324,persons,False
2015,MH,jf-survey-2015,44,Marshall Islands,Oceania,school,303,persons,False
2015,MH,jf-survey-2015,44,Marshall Islands,Oceania,multipleStage,,persons,True
2015,MH,jf-survey-2015,44,Marshall Islands,Oceania,primary,0,persons,False
2015,MH,jf-survey-2015,44,Marshall Islands,Oceania,secondary,303,persons,False
2015,MH,jf-survey-2015,44,Marshall Islands,Oceania,higher,21,persons,False
2015,MH,jf-survey-2015,44,Marshall Islands,Oceania,other,0,persons,False
2015,FM,jf-survey-2015,45,Micronesia,Oceania,institutions,5,institutions,False
2015,FM,jf-survey-2015,45,Micronesia,Oceania,teachers,6,persons,False
2015,FM,jf-survey-2015,45,Micronesia,Oceania,learners,281,persons,False
2015,FM,jf-survey-2015,45,Micronesia,Oceania,school,78,persons,False
2015,FM,jf-survey-2015,45,Micronesia,Oceania,multipleStage,,persons,True
2015,FM,jf-survey-2015,45,Micronesia,Oceania,primary,8,persons,False
2015,FM,jf-survey-2015,45,Micronesia,Oceania,secondary,70,persons,False
2015,FM,jf-survey-2015,45,Micronesia,Oceania,higher,111,persons,False
2015,FM,jf-survey-2015,45,Micronesia,Oceania,other,92,persons,False
2015,CA,jf-survey-2015,47,Canada,North America,institutions,178,institutions,False
2015,CA,jf-survey-2015,47,Canada,North America,teachers,727,persons,False
2015,CA,jf-survey-2015,47,Canada,North America,learners,19601,persons,False
2015,CA,jf-survey-2015,47,Canada,North America,school,6601,persons,False
2015,CA,jf-survey-2015,47,Canada,North America,multipleStage,,persons,True
2015,CA,jf-survey-2015,47,Canada,North America,primary,682,persons,False
2015,CA,jf-survey-2015,47,Canada,North America,secondary,5919,persons,False
2015,CA,jf-survey-2015,47,Canada,North America,higher,8347,persons,False
2015,CA,jf-survey-2015,47,Canada,North America,other,4653,persons,False
2015,US,jf-survey-2015,48,United States,North America,institutions,1462,institutions,False
2015,US,jf-survey-2015,48,United States,North America,teachers,3894,persons,False
2015,US,jf-survey-2015,48,United States,North America,learners,170998,persons,False
2015,US,jf-survey-2015,48,United States,North America,school,93101,persons,False
2015,US,jf-survey-2015,48,United States,North America,multipleStage,,persons,True
2015,US,jf-survey-2015,48,United States,North America,primary,19453,persons,False
2015,US,jf-survey-2015,48,United States,North America,secondary,73648,persons,False
2015,US,jf-survey-2015,48,United States,North America,higher,67335,persons,False
2015,US,jf-survey-2015,48,United States,North America,other,10562,persons,False
2015,SV,jf-survey-2015,50,El Salvador,Central America,institutions,4,institutions,False
2015,SV,jf-survey-2015,50,El Salvador,Central America,teachers,17,persons,False
2015,SV,jf-survey-2015,50,El Salvador,Central America,learners,269,persons,False
2015,SV,jf-survey-2015,50,El Salvador,Central America,school,0,persons,False
2015,SV,jf-survey-2015,50,El Salvador,Central America,multipleStage,,persons,True
2015,SV,jf-survey-2015,50,El Salvador,Central America,primary,0,persons,False
2015,SV,jf-survey-2015,50,El Salvador,Central America,secondary,0,persons,False
2015,SV,jf-survey-2015,50,El Salvador,Central America,higher,55,persons,False
2015,SV,jf-survey-2015,50,El Salvador,Central America,other,214,persons,False
2015,CU,jf-survey-2015,51,Cuba,Central America,institutions,3,institutions,False
2015,CU,jf-survey-2015,51,Cuba,Central America,teachers,12,persons,False
2015,CU,jf-survey-2015,51,Cuba,Central America,learners,243,persons,False
2015,CU,jf-survey-2015,51,Cuba,Central America,school,0,persons,False
2015,CU,jf-survey-2015,51,Cuba,Central America,multipleStage,,persons,True
2015,CU,jf-survey-2015,51,Cuba,Central America,primary,0,persons,False
2015,CU,jf-survey-2015,51,Cuba,Central America,secondary,0,persons,False
2015,CU,jf-survey-2015,51,Cuba,Central America,higher,223,persons,False
2015,CU,jf-survey-2015,51,Cuba,Central America,other,20,persons,False
2015,GT,jf-survey-2015,52,Guatemala,Central America,institutions,4,institutions,False
2015,GT,jf-survey-2015,52,Guatemala,Central America,teachers,8,persons,False
2015,GT,jf-survey-2015,52,Guatemala,Central America,learners,271,persons,False
2015,GT,jf-survey-2015,52,Guatemala,Central America,school,32,persons,False
2015,GT,jf-survey-2015,52,Guatemala,Central America,multipleStage,,persons,True
2015,GT,jf-survey-2015,52,Guatemala,Central America,primary,32,persons,False
2015,GT,jf-survey-2015,52,Guatemala,Central America,secondary,0,persons,False
2015,GT,jf-survey-2015,52,Guatemala,Central America,higher,157,persons,False
2015,GT,jf-survey-2015,52,Guatemala,Central America,other,82,persons,False
2015,CR,jf-survey-2015,53,Costa Rica,Central America,institutions,8,institutions,False
2015,CR,jf-survey-2015,53,Costa Rica,Central America,teachers,26,persons,False
2015,CR,jf-survey-2015,53,Costa Rica,Central America,learners,522,persons,False
2015,CR,jf-survey-2015,53,Costa Rica,Central America,school,76,persons,False
2015,CR,jf-survey-2015,53,Costa Rica,Central America,multipleStage,,persons,True
2015,CR,jf-survey-2015,53,Costa Rica,Central America,primary,40,persons,False
2015,CR,jf-survey-2015,53,Costa Rica,Central America,secondary,36,persons,False
2015,CR,jf-survey-2015,53,Costa Rica,Central America,higher,220,persons,False
2015,CR,jf-survey-2015,53,Costa Rica,Central America,other,226,persons,False
2015,JM,jf-survey-2015,54,Jamaica,Central America,institutions,3,institutions,False
2015,JM,jf-survey-2015,54,Jamaica,Central America,teachers,6,persons,False
2015,JM,jf-survey-2015,54,Jamaica,Central America,learners,127,persons,False
2015,JM,jf-survey-2015,54,Jamaica,Central America,school,0,persons,False
2015,JM,jf-survey-2015,54,Jamaica,Central America,multipleStage,,persons,True
2015,JM,jf-survey-2015,54,Jamaica,Central America,primary,0,persons,False
2015,JM,jf-survey-2015,54,Jamaica,Central America,secondary,0,persons,False
2015,JM,jf-survey-2015,54,Jamaica,Central America,higher,117,persons,False
2015,JM,jf-survey-2015,54,Jamaica,Central America,other,10,persons,False
2015,DO,jf-survey-2015,55,Dominican Republic,Central America,institutions,1,institutions,False
2015,DO,jf-survey-2015,55,Dominican Republic,Central America,teachers,6,persons,False
2015,DO,jf-survey-2015,55,Dominican Republic,Central America,learners,50,persons,False
2015,DO,jf-survey-2015,55,Dominican Republic,Central America,school,0,persons,False
2015,DO,jf-survey-2015,55,Dominican Republic,Central America,multipleStage,,persons,True
2015,DO,jf-survey-2015,55,Dominican Republic,Central America,primary,0,persons,False
2015,DO,jf-survey-2015,55,Dominican Republic,Central America,secondary,0,persons,False
2015,DO,jf-survey-2015,55,Dominican Republic,Central America,higher,0,persons,False
2015,DO,jf-survey-2015,55,Dominican Republic,Central America,other,50,persons,False
2015,TT,jf-survey-2015,56,Trinidad & Tobago,Central America,institutions,1,institutions,False
2015,TT,jf-survey-2015,56,Trinidad & Tobago,Central America,teachers,2,persons,False
2015,TT,jf-survey-2015,56,Trinidad & Tobago,Central America,learners,82,persons,False
2015,TT,jf-survey-2015,56,Trinidad & Tobago,Central America,school,0,persons,False
2015,TT,jf-survey-2015,56,Trinidad & Tobago,Central America,multipleStage,,persons,True
2015,TT,jf-survey-2015,56,Trinidad & Tobago,Central America,primary,0,persons,False
2015,TT,jf-survey-2015,56,Trinidad & Tobago,Central America,secondary,0,persons,False
2015,TT,jf-survey-2015,56,Trinidad & Tobago,Central America,higher,82,persons,False
2015,TT,jf-survey-2015,56,Trinidad & Tobago,Central America,other,0,persons,False
2015,NI,jf-survey-2015,57,Nicaragua,Central America,institutions,2,institutions,False
2015,NI,jf-survey-2015,57,Nicaragua,Central America,teachers,4,persons,False
2015,NI,jf-survey-2015,57,Nicaragua,Central America,learners,109,persons,False
2015,NI,jf-survey-2015,57,Nicaragua,Central America,school,0,persons,False
2015,NI,jf-survey-2015,57,Nicaragua,Central America,multipleStage,,persons,True
2015,NI,jf-survey-2015,57,Nicaragua,Central America,primary,0,persons,False
2015,NI,jf-survey-2015,57,Nicaragua,Central America,secondary,0,persons,False
2015,NI,jf-survey-2015,57,Nicaragua,Central America,higher,4,persons,False
2015,NI,jf-survey-2015,57,Nicaragua,Central America,other,105,persons,False
2015,HT,jf-survey-2015,58,Haiti,Central America,institutions,,institutions,True
2015,HT,jf-survey-2015,58,Haiti,Central America,teachers,,persons,True
2015,HT,jf-survey-2015,58,Haiti,Central America,learners,0,persons,False
2015,HT,jf-survey-2015,58,Haiti,Central America,school,0,persons,False
2015,HT,jf-survey-2015,58,Haiti,Central America,multipleStage,,persons,True
2015,HT,jf-survey-2015,58,Haiti,Central America,primary,0,persons,False
2015,HT,jf-survey-2015,58,Haiti,Central America,secondary,0,persons,False
2015,HT,jf-survey-2015,58,Haiti,Central America,higher,0,persons,False
2015,HT,jf-survey-2015,58,Haiti,Central America,other,,persons,True
2015,PA,jf-survey-2015,59,Panama,Central America,institutions,3,institutions,False
2015,PA,jf-survey-2015,59,Panama,Central America,teachers,4,persons,False
2015,PA,jf-survey-2015,59,Panama,Central America,learners,107,persons,False
2015,PA,jf-survey-2015,59,Panama,Central America,school,42,persons,False
2015,PA,jf-survey-2015,59,Panama,Central America,multipleStage,,persons,True
2015,PA,jf-survey-2015,59,Panama,Central America,primary,0,persons,False
2015,PA,jf-survey-2015,59,Panama,Central America,secondary,42,persons,False
2015,PA,jf-survey-2015,59,Panama,Central America,higher,35,persons,False
2015,PA,jf-survey-2015,59,Panama,Central America,other,30,persons,False
2015,PR,jf-survey-2015,60,Puerto Rico,Central America,institutions,,institutions,True
2015,PR,jf-survey-2015,60,Puerto Rico,Central America,teachers,,persons,True
2015,PR,jf-survey-2015,60,Puerto Rico,Central America,learners,0,persons,False
2015,PR,jf-survey-2015,60,Puerto Rico,Central America,school,0,persons,False
2015,PR,jf-survey-2015,60,Puerto Rico,Central America,multipleStage,,persons,True
2015,PR,jf-survey-2015,60,Puerto Rico,Central America,primary,0,persons,False
2015,PR,jf-survey-2015,60,Puerto Rico,Central America,secondary,0,persons,False
2015,PR,jf-survey-2015,60,Puerto Rico,Central America,higher,0,persons,False
2015,PR,jf-survey-2015,60,Puerto Rico,Central America,other,,persons,True
2015,HN,jf-survey-2015,61,Honduras,Central America,institutions,5,institutions,False
2015,HN,jf-survey-2015,61,Honduras,Central America,teachers,17,persons,False
2015,HN,jf-survey-2015,61,Honduras,Central America,learners,617,persons,False
2015,HN,jf-survey-2015,61,Honduras,Central America,school,150,persons,False
2015,HN,jf-survey-2015,61,Honduras,Central America,multipleStage,,persons,True
2015,HN,jf-survey-2015,61,Honduras,Central America,primary,95,persons,False
2015,HN,jf-survey-2015,61,Honduras,Central America,secondary,55,persons,False
2015,HN,jf-survey-2015,61,Honduras,Central America,higher,75,persons,False
2015,HN,jf-survey-2015,61,Honduras,Central America,other,392,persons,False
2015,MX,jf-survey-2015,62,Mexico,Central America,institutions,68,institutions,False
2015,MX,jf-survey-2015,62,Mexico,Central America,teachers,322,persons,False
2015,MX,jf-survey-2015,62,Mexico,Central America,learners,9240,persons,False
2015,MX,jf-survey-2015,62,Mexico,Central America,school,1638,persons,False
2015,MX,jf-survey-2015,62,Mexico,Central America,multipleStage,,persons,True
2015,MX,jf-survey-2015,62,Mexico,Central America,primary,775,persons,False
2015,MX,jf-survey-2015,62,Mexico,Central America,secondary,863,persons,False
2015,MX,jf-survey-2015,62,Mexico,Central America,higher,3393,persons,False
2015,MX,jf-survey-2015,62,Mexico,Central America,other,4209,persons,False
2015,AR,jf-survey-2015,64,Argentina,South America,institutions,42,institutions,False
2015,AR,jf-survey-2015,64,Argentina,South America,teachers,192,persons,False
2015,AR,jf-survey-2015,64,Argentina,South America,learners,3571,persons,False
2015,AR,jf-survey-2015,64,Argentina,South America,school,683,persons,False
2015,AR,jf-survey-2015,64,Argentina,South America,multipleStage,,persons,True
2015,AR,jf-survey-2015,64,Argentina,South America,primary,411,persons,False
2015,AR,jf-survey-2015,64,Argentina,South America,secondary,272,persons,False
2015,AR,jf-survey-2015,64,Argentina,South America,higher,50,persons,False
2015,AR,jf-survey-2015,64,Argentina,South America,other,2838,persons,False
2015,UY,jf-survey-2015,65,Uruguay,South America,institutions,3,institutions,False
2015,UY,jf-survey-2015,65,Uruguay,South America,teachers,7,persons,False
2015,UY,jf-survey-2015,65,Uruguay,South America,learners,244,persons,False
2015,UY,jf-survey-2015,65,Uruguay,South America,school,7,persons,False
2015,UY,jf-survey-2015,65,Uruguay,South America,multipleStage,,persons,True
2015,UY,jf-survey-2015,65,Uruguay,South America,primary,0,persons,False
2015,UY,jf-survey-2015,65,Uruguay,South America,secondary,7,persons,False
2015,UY,jf-survey-2015,65,Uruguay,South America,higher,159,persons,False
2015,UY,jf-survey-2015,65,Uruguay,South America,other,78,persons,False
2015,EC,jf-survey-2015,66,Ecuador,South America,institutions,4,institutions,False
2015,EC,jf-survey-2015,66,Ecuador,South America,teachers,6,persons,False
2015,EC,jf-survey-2015,66,Ecuador,South America,learners,77,persons,False
2015,EC,jf-survey-2015,66,Ecuador,South America,school,0,persons,False
2015,EC,jf-survey-2015,66,Ecuador,South America,multipleStage,,persons,True
2015,EC,jf-survey-2015,66,Ecuador,South America,primary,0,persons,False
2015,EC,jf-survey-2015,66,Ecuador,South America,secondary,0,persons,False
2015,EC,jf-survey-2015,66,Ecuador,South America,higher,37,persons,False
2015,EC,jf-survey-2015,66,Ecuador,South America,other,40,persons,False
2015,CO,jf-survey-2015,67,Colombia,South America,institutions,19,institutions,False
2015,CO,jf-survey-2015,67,Colombia,South America,teachers,73,persons,False
2015,CO,jf-survey-2015,67,Colombia,South America,learners,1502,persons,False
2015,CO,jf-survey-2015,67,Colombia,South America,school,0,persons,False
2015,CO,jf-survey-2015,67,Colombia,South America,multipleStage,,persons,True
2015,CO,jf-survey-2015,67,Colombia,South America,primary,0,persons,False
2015,CO,jf-survey-2015,67,Colombia,South America,secondary,0,persons,False
2015,CO,jf-survey-2015,67,Colombia,South America,higher,682,persons,False
2015,CO,jf-survey-2015,67,Colombia,South America,other,820,persons,False
2015,CL,jf-survey-2015,68,Chile,South America,institutions,8,institutions,False
2015,CL,jf-survey-2015,68,Chile,South America,teachers,47,persons,False
2015,CL,jf-survey-2015,68,Chile,South America,learners,1078,persons,False
2015,CL,jf-survey-2015,68,Chile,South America,school,105,persons,False
2015,CL,jf-survey-2015,68,Chile,South America,multipleStage,,persons,True
2015,CL,jf-survey-2015,68,Chile,South America,primary,45,persons,False
2015,CL,jf-survey-2015,68,Chile,South America,secondary,60,persons,False
2015,CL,jf-survey-2015,68,Chile,South America,higher,181,persons,False
2015,CL,jf-survey-2015,68,Chile,South America,other,792,persons,False
2015,PY,jf-survey-2015,69,Paraguay,South America,institutions,16,institutions,False
2015,PY,jf-survey-2015,69,Paraguay,South America,teachers,91,persons,False
2015,PY,jf-survey-2015,69,Paraguay,South America,learners,3725,persons,False
2015,PY,jf-survey-2015,69,Paraguay,South America,school,1615,persons,False
2015,PY,jf-survey-2015,69,Paraguay,South America,multipleStage,,persons,True
2015,PY,jf-survey-2015,69,Paraguay,South America,primary,837,persons,False
2015,PY,jf-survey-2015,69,Paraguay,South America,secondary,778,persons,False
2015,PY,jf-survey-2015,69,Paraguay,South America,higher,673,persons,False
2015,PY,jf-survey-2015,69,Paraguay,South America,other,1437,persons,False
2015,BR,jf-survey-2015,70,Brazil,South America,institutions,352,institutions,False
2015,BR,jf-survey-2015,70,Brazil,South America,teachers,1140,persons,False
2015,BR,jf-survey-2015,70,Brazil,South America,learners,22993,persons,False
2015,BR,jf-survey-2015,70,Brazil,South America,school,6897,persons,False
2015,BR,jf-survey-2015,70,Brazil,South America,multipleStage,,persons,True
2015,BR,jf-survey-2015,70,Brazil,South America,primary,2912,persons,False
2015,BR,jf-survey-2015,70,Brazil,South America,secondary,3985,persons,False
2015,BR,jf-survey-2015,70,Brazil,South America,higher,1065,persons,False
2015,BR,jf-survey-2015,70,Brazil,South America,other,15031,persons,False
2015,VE,jf-survey-2015,71,Venezuela,South America,institutions,12,institutions,False
2015,VE,jf-survey-2015,71,Venezuela,South America,teachers,35,persons,False
2015,VE,jf-survey-2015,71,Venezuela,South America,learners,399,persons,False
2015,VE,jf-survey-2015,71,Venezuela,South America,school,0,persons,False
2015,VE,jf-survey-2015,71,Venezuela,South America,multipleStage,,persons,True
2015,VE,jf-survey-2015,71,Venezuela,South America,primary,0,persons,False
2015,VE,jf-survey-2015,71,Venezuela,South America,secondary,0,persons,False
2015,VE,jf-survey-2015,71,Venezuela,South America,higher,30,persons,False
2015,VE,jf-survey-2015,71,Venezuela,South America,other,369,persons,False
2015,PE,jf-survey-2015,72,Peru,South America,institutions,19,institutions,False
2015,PE,jf-survey-2015,72,Peru,South America,teachers,92,persons,False
2015,PE,jf-survey-2015,72,Peru,South America,learners,4074,persons,False
2015,PE,jf-survey-2015,72,Peru,South America,school,2394,persons,False
2015,PE,jf-survey-2015,72,Peru,South America,multipleStage,,persons,True
2015,PE,jf-survey-2015,72,Peru,South America,primary,2104,persons,False
2015,PE,jf-survey-2015,72,Peru,South America,secondary,290,persons,False
2015,PE,jf-survey-2015,72,Peru,South America,higher,100,persons,False
2015,PE,jf-survey-2015,72,Peru,South America,other,1580,persons,False
2015,BO,jf-survey-2015,73,Bolivia,South America,institutions,6,institutions,False
2015,BO,jf-survey-2015,73,Bolivia,South America,teachers,36,persons,False
2015,BO,jf-survey-2015,73,Bolivia,South America,learners,489,persons,False
2015,BO,jf-survey-2015,73,Bolivia,South America,school,191,persons,False
2015,BO,jf-survey-2015,73,Bolivia,South America,multipleStage,,persons,True
2015,BO,jf-survey-2015,73,Bolivia,South America,primary,137,persons,False
2015,BO,jf-survey-2015,73,Bolivia,South America,secondary,54,persons,False
2015,BO,jf-survey-2015,73,Bolivia,South America,higher,0,persons,False
2015,BO,jf-survey-2015,73,Bolivia,South America,other,298,persons,False
2015,IS,jf-survey-2015,75,Iceland,Western Europe,institutions,4,institutions,False
2015,IS,jf-survey-2015,75,Iceland,Western Europe,teachers,7,persons,False
2015,IS,jf-survey-2015,75,Iceland,Western Europe,learners,273,persons,False
2015,IS,jf-survey-2015,75,Iceland,Western Europe,school,37,persons,False
2015,IS,jf-survey-2015,75,Iceland,Western Europe,multipleStage,,persons,True
2015,IS,jf-survey-2015,75,Iceland,Western Europe,primary,0,persons,False
2015,IS,jf-survey-2015,75,Iceland,Western Europe,secondary,37,persons,False
2015,IS,jf-survey-2015,75,Iceland,Western Europe,higher,123,persons,False
2015,IS,jf-survey-2015,75,Iceland,Western Europe,other,113,persons,False
2015,IE,jf-survey-2015,76,Ireland,Western Europe,institutions,40,institutions,False
2015,IE,jf-survey-2015,76,Ireland,Western Europe,teachers,68,persons,False
2015,IE,jf-survey-2015,76,Ireland,Western Europe,learners,3070,persons,False
2015,IE,jf-survey-2015,76,Ireland,Western Europe,school,2508,persons,False
2015,IE,jf-survey-2015,76,Ireland,Western Europe,multipleStage,,persons,True
2015,IE,jf-survey-2015,76,Ireland,Western Europe,primary,86,persons,False
2015,IE,jf-survey-2015,76,Ireland,Western Europe,secondary,2422,persons,False
2015,IE,jf-survey-2015,76,Ireland,Western Europe,higher,426,persons,False
2015,IE,jf-survey-2015,76,Ireland,Western Europe,other,136,persons,False
2015,IT,jf-survey-2015,77,Italy,Western Europe,institutions,51,institutions,False
2015,IT,jf-survey-2015,77,Italy,Western Europe,teachers,193,persons,False
2015,IT,jf-survey-2015,77,Italy,Western Europe,learners,7031,persons,False
2015,IT,jf-survey-2015,77,Italy,Western Europe,school,276,persons,False
2015,IT,jf-survey-2015,77,Italy,Western Europe,multipleStage,,persons,True
2015,IT,jf-survey-2015,77,Italy,Western Europe,primary,0,persons,False
2015,IT,jf-survey-2015,77,Italy,Western Europe,secondary,276,persons,False
2015,IT,jf-survey-2015,77,Italy,Western Europe,higher,5424,persons,False
2015,IT,jf-survey-2015,77,Italy,Western Europe,other,1331,persons,False
2015,GB,jf-survey-2015,78,United Kingdom,Western Europe,institutions,364,institutions,False
2015,GB,jf-survey-2015,78,United Kingdom,Western Europe,teachers,704,persons,False
2015,GB,jf-survey-2015,78,United Kingdom,Western Europe,learners,20093,persons,False
2015,GB,jf-survey-2015,78,United Kingdom,Western Europe,school,10771,persons,False
2015,GB,jf-survey-2015,78,United Kingdom,Western Europe,multipleStage,,persons,True
2015,GB,jf-survey-2015,78,United Kingdom,Western Europe,primary,4814,persons,False
2015,GB,jf-survey-2015,78,United Kingdom,Western Europe,secondary,5957,persons,False
2015,GB,jf-survey-2015,78,United Kingdom,Western Europe,higher,6423,persons,False
2015,GB,jf-survey-2015,78,United Kingdom,Western Europe,other,2899,persons,False
2015,AT,jf-survey-2015,79,Austria,Western Europe,institutions,12,institutions,False
2015,AT,jf-survey-2015,79,Austria,Western Europe,teachers,30,persons,False
2015,AT,jf-survey-2015,79,Austria,Western Europe,learners,1322,persons,False
2015,AT,jf-survey-2015,79,Austria,Western Europe,school,52,persons,False
2015,AT,jf-survey-2015,79,Austria,Western Europe,multipleStage,,persons,True
2015,AT,jf-survey-2015,79,Austria,Western Europe,primary,0,persons,False
2015,AT,jf-survey-2015,79,Austria,Western Europe,secondary,52,persons,False
2015,AT,jf-survey-2015,79,Austria,Western Europe,higher,1067,persons,False
2015,AT,jf-survey-2015,79,Austria,Western Europe,other,203,persons,False
2015,NL,jf-survey-2015,80,Netherlands,Western Europe,institutions,15,institutions,False
2015,NL,jf-survey-2015,80,Netherlands,Western Europe,teachers,41,persons,False
2015,NL,jf-survey-2015,80,Netherlands,Western Europe,learners,1502,persons,False
2015,NL,jf-survey-2015,80,Netherlands,Western Europe,school,7,persons,False
2015,NL,jf-survey-2015,80,Netherlands,Western Europe,multipleStage,,persons,True
2015,NL,jf-survey-2015,80,Netherlands,Western Europe,primary,0,persons,False
2015,NL,jf-survey-2015,80,Netherlands,Western Europe,secondary,7,persons,False
2015,NL,jf-survey-2015,80,Netherlands,Western Europe,higher,1156,persons,False
2015,NL,jf-survey-2015,80,Netherlands,Western Europe,other,339,persons,False
2015,GR,jf-survey-2015,81,Greece,Western Europe,institutions,11,institutions,False
2015,GR,jf-survey-2015,81,Greece,Western Europe,teachers,19,persons,False
2015,GR,jf-survey-2015,81,Greece,Western Europe,learners,479,persons,False
2015,GR,jf-survey-2015,81,Greece,Western Europe,school,0,persons,False
2015,GR,jf-survey-2015,81,Greece,Western Europe,multipleStage,,persons,True
2015,GR,jf-survey-2015,81,Greece,Western Europe,primary,0,persons,False
2015,GR,jf-survey-2015,81,Greece,Western Europe,secondary,0,persons,False
2015,GR,jf-survey-2015,81,Greece,Western Europe,higher,139,persons,False
2015,GR,jf-survey-2015,81,Greece,Western Europe,other,340,persons,False
2015,CH,jf-survey-2015,82,Switzerland,Western Europe,institutions,43,institutions,False
2015,CH,jf-survey-2015,82,Switzerland,Western Europe,teachers,151,persons,False
2015,CH,jf-survey-2015,82,Switzerland,Western Europe,learners,3709,persons,False
2015,CH,jf-survey-2015,82,Switzerland,Western Europe,school,491,persons,False
2015,CH,jf-survey-2015,82,Switzerland,Western Europe,multipleStage,,persons,True
2015,CH,jf-survey-2015,82,Switzerland,Western Europe,primary,297,persons,False
2015,CH,jf-survey-2015,82,Switzerland,Western Europe,secondary,194,persons,False
2015,CH,jf-survey-2015,82,Switzerland,Western Europe,higher,845,persons,False
2015,CH,jf-survey-2015,82,Switzerland,Western Europe,other,2373,persons,False
2015,SE,jf-survey-2015,83,Sweden,Western Europe,institutions,43,institutions,False
2015,SE,jf-survey-2015,83,Sweden,Western Europe,teachers,86,persons,False
2015,SE,jf-survey-2015,83,Sweden,Western Europe,learners,2457,persons,False
2015,SE,jf-survey-2015,83,Sweden,Western Europe,school,956,persons,False
2015,SE,jf-survey-2015,83,Sweden,Western Europe,multipleStage,,persons,True
2015,SE,jf-survey-2015,83,Sweden,Western Europe,primary,65,persons,False
2015,SE,jf-survey-2015,83,Sweden,Western Europe,secondary,891,persons,False
2015,SE,jf-survey-2015,83,Sweden,Western Europe,higher,1054,persons,False
2015,SE,jf-survey-2015,83,Sweden,Western Europe,other,447,persons,False
2015,ES,jf-survey-2015,84,Spain,Western Europe,institutions,80,institutions,False
2015,ES,jf-survey-2015,84,Spain,Western Europe,teachers,192,persons,False
2015,ES,jf-survey-2015,84,Spain,Western Europe,learners,5122,persons,False
2015,ES,jf-survey-2015,84,Spain,Western Europe,school,0,persons,False
2015,ES,jf-survey-2015,84,Spain,Western Europe,multipleStage,,persons,True
2015,ES,jf-survey-2015,84,Spain,Western Europe,primary,0,persons,False
2015,ES,jf-survey-2015,84,Spain,Western Europe,secondary,0,persons,False
2015,ES,jf-survey-2015,84,Spain,Western Europe,higher,963,persons,False
2015,ES,jf-survey-2015,84,Spain,Western Europe,other,4159,persons,False
2015,DK,jf-survey-2015,85,Denmark,Western Europe,institutions,4,institutions,False
2015,DK,jf-survey-2015,85,Denmark,Western Europe,teachers,13,persons,False
2015,DK,jf-survey-2015,85,Denmark,Western Europe,learners,354,persons,False
2015,DK,jf-survey-2015,85,Denmark,Western Europe,school,40,persons,False
2015,DK,jf-survey-2015,85,Denmark,Western Europe,multipleStage,,persons,True
2015,DK,jf-survey-2015,85,Denmark,Western Europe,primary,0,persons,False
2015,DK,jf-survey-2015,85,Denmark,Western Europe,secondary,40,persons,False
2015,DK,jf-survey-2015,85,Denmark,Western Europe,higher,314,persons,False
2015,DK,jf-survey-2015,85,Denmark,Western Europe,other,0,persons,False
2015,DE,jf-survey-2015,86,Germany,Western Europe,institutions,181,institutions,False
2015,DE,jf-survey-2015,86,Germany,Western Europe,teachers,457,persons,False
2015,DE,jf-survey-2015,86,Germany,Western Europe,learners,13256,persons,False
2015,DE,jf-survey-2015,86,Germany,Western Europe,school,2048,persons,False
2015,DE,jf-survey-2015,86,Germany,Western Europe,multipleStage,,persons,True
2015,DE,jf-survey-2015,86,Germany,Western Europe,primary,152,persons,False
2015,DE,jf-survey-2015,86,Germany,Western Europe,secondary,1896,persons,False
2015,DE,jf-survey-2015,86,Germany,Western Europe,higher,6690,persons,False
2015,DE,jf-survey-2015,86,Germany,Western Europe,other,4518,persons,False
2015,NO,jf-survey-2015,87,Norway,Western Europe,institutions,10,institutions,False
2015,NO,jf-survey-2015,87,Norway,Western Europe,teachers,16,persons,False
2015,NO,jf-survey-2015,87,Norway,Western Europe,learners,505,persons,False
2015,NO,jf-survey-2015,87,Norway,Western Europe,school,158,persons,False
2015,NO,jf-survey-2015,87,Norway,Western Europe,multipleStage,,persons,True
2015,NO,jf-survey-2015,87,Norway,Western Europe,primary,0,persons,False
2015,NO,jf-survey-2015,87,Norway,Western Europe,secondary,158,persons,False
2015,NO,jf-survey-2015,87,Norway,Western Europe,higher,296,persons,False
2015,NO,jf-survey-2015,87,Norway,Western Europe,other,51,persons,False
2015,FI,jf-survey-2015,88,Finland,Western Europe,institutions,20,institutions,False
2015,FI,jf-survey-2015,88,Finland,Western Europe,teachers,29,persons,False
2015,FI,jf-survey-2015,88,Finland,Western Europe,learners,1601,persons,False
2015,FI,jf-survey-2015,88,Finland,Western Europe,school,164,persons,False
2015,FI,jf-survey-2015,88,Finland,Western Europe,multipleStage,,persons,True
2015,FI,jf-survey-2015,88,Finland,Western Europe,primary,21,persons,False
2015,FI,jf-survey-2015,88,Finland,Western Europe,secondary,143,persons,False
2015,FI,jf-survey-2015,88,Finland,Western Europe,higher,851,persons,False
2015,FI,jf-survey-2015,88,Finland,Western Europe,other,586,persons,False
2015,FR,jf-survey-2015,89,France,Western Europe,institutions,222,institutions,False
2015,FR,jf-survey-2015,89,France,Western Europe,teachers,723,persons,False
2015,FR,jf-survey-2015,89,France,Western Europe,learners,20875,persons,False
2015,FR,jf-survey-2015,89,France,Western Europe,school,4994,persons,False
2015,FR,jf-survey-2015,89,France,Western Europe,multipleStage,,persons,True
2015,FR,jf-survey-2015,89,France,Western Europe,primary,70,persons,False
2015,FR,jf-survey-2015,89,France,Western Europe,secondary,4924,persons,False
2015,FR,jf-survey-2015,89,France,Western Europe,higher,10719,persons,False
2015,FR,jf-survey-2015,89,France,Western Europe,other,5162,persons,False
2015,BE,jf-survey-2015,90,Belgium,Western Europe,institutions,12,institutions,False
2015,BE,jf-survey-2015,90,Belgium,Western Europe,teachers,37,persons,False
2015,BE,jf-survey-2015,90,Belgium,Western Europe,learners,1191,persons,False
2015,BE,jf-survey-2015,90,Belgium,Western Europe,school,0,persons,False
2015,BE,jf-survey-2015,90,Belgium,Western Europe,multipleStage,,persons,True
2015,BE,jf-survey-2015,90,Belgium,Western Europe,primary,0,persons,False
2015,BE,jf-survey-2015,90,Belgium,Western Europe,secondary,0,persons,False
2015,BE,jf-survey-2015,90,Belgium,Western Europe,higher,476,persons,False
2015,BE,jf-survey-2015,90,Belgium,Western Europe,other,715,persons,False
2015,PT,jf-survey-2015,91,Portugal,Western Europe,institutions,10,institutions,False
2015,PT,jf-survey-2015,91,Portugal,Western Europe,teachers,15,persons,False
2015,PT,jf-survey-2015,91,Portugal,Western Europe,learners,573,persons,False
2015,PT,jf-survey-2015,91,Portugal,Western Europe,school,0,persons,False
2015,PT,jf-survey-2015,91,Portugal,Western Europe,multipleStage,,persons,True
2015,PT,jf-survey-2015,91,Portugal,Western Europe,primary,0,persons,False
2015,PT,jf-survey-2015,91,Portugal,Western Europe,secondary,0,persons,False
2015,PT,jf-survey-2015,91,Portugal,Western Europe,higher,216,persons,False
2015,PT,jf-survey-2015,91,Portugal,Western Europe,other,357,persons,False
2015,MT,jf-survey-2015,92,Malta,Western Europe,institutions,1,institutions,False
2015,MT,jf-survey-2015,92,Malta,Western Europe,teachers,1,persons,False
2015,MT,jf-survey-2015,92,Malta,Western Europe,learners,6,persons,False
2015,MT,jf-survey-2015,92,Malta,Western Europe,school,0,persons,False
2015,MT,jf-survey-2015,92,Malta,Western Europe,multipleStage,,persons,True
2015,MT,jf-survey-2015,92,Malta,Western Europe,primary,0,persons,False
2015,MT,jf-survey-2015,92,Malta,Western Europe,secondary,0,persons,False
2015,MT,jf-survey-2015,92,Malta,Western Europe,higher,0,persons,False
2015,MT,jf-survey-2015,92,Malta,Western Europe,other,6,persons,False
2015,MC,jf-survey-2015,93,Monaco,Western Europe,institutions,1,institutions,False
2015,MC,jf-survey-2015,93,Monaco,Western Europe,teachers,1,persons,False
2015,MC,jf-survey-2015,93,Monaco,Western Europe,learners,5,persons,False
2015,MC,jf-survey-2015,93,Monaco,Western Europe,school,0,persons,False
2015,MC,jf-survey-2015,93,Monaco,Western Europe,multipleStage,,persons,True
2015,MC,jf-survey-2015,93,Monaco,Western Europe,primary,0,persons,False
2015,MC,jf-survey-2015,93,Monaco,Western Europe,secondary,0,persons,False
2015,MC,jf-survey-2015,93,Monaco,Western Europe,higher,0,persons,False
2015,MC,jf-survey-2015,93,Monaco,Western Europe,other,5,persons,False
2015,LU,jf-survey-2015,94,Luxembourg,Western Europe,institutions,3,institutions,False
2015,LU,jf-survey-2015,94,Luxembourg,Western Europe,teachers,3,persons,False
2015,LU,jf-survey-2015,94,Luxembourg,Western Europe,learners,135,persons,False
2015,LU,jf-survey-2015,94,Luxembourg,Western Europe,school,75,persons,False
2015,LU,jf-survey-2015,94,Luxembourg,Western Europe,multipleStage,,persons,True
2015,LU,jf-survey-2015,94,Luxembourg,Western Europe,primary,0,persons,False
2015,LU,jf-survey-2015,94,Luxembourg,Western Europe,secondary,75,persons,False
2015,LU,jf-survey-2015,94,Luxembourg,Western Europe,higher,0,persons,False
2015,LU,jf-survey-2015,94,Luxembourg,Western Europe,other,60,persons,False
2015,AZ,jf-survey-2015,96,Azerbaijan,Eastern Europe,institutions,4,institutions,False
2015,AZ,jf-survey-2015,96,Azerbaijan,Eastern Europe,teachers,9,persons,False
2015,AZ,jf-survey-2015,96,Azerbaijan,Eastern Europe,learners,239,persons,False
2015,AZ,jf-survey-2015,96,Azerbaijan,Eastern Europe,school,150,persons,False
2015,AZ,jf-survey-2015,96,Azerbaijan,Eastern Europe,multipleStage,,persons,True
2015,AZ,jf-survey-2015,96,Azerbaijan,Eastern Europe,primary,0,persons,False
2015,AZ,jf-survey-2015,96,Azerbaijan,Eastern Europe,secondary,150,persons,False
2015,AZ,jf-survey-2015,96,Azerbaijan,Eastern Europe,higher,89,persons,False
2015,AZ,jf-survey-2015,96,Azerbaijan,Eastern Europe,other,0,persons,False
2015,AL,jf-survey-2015,97,Albania,Eastern Europe,institutions,1,institutions,False
2015,AL,jf-survey-2015,97,Albania,Eastern Europe,teachers,2,persons,False
2015,AL,jf-survey-2015,97,Albania,Eastern Europe,learners,15,persons,False
2015,AL,jf-survey-2015,97,Albania,Eastern Europe,school,0,persons,False
2015,AL,jf-survey-2015,97,Albania,Eastern Europe,multipleStage,,persons,True
2015,AL,jf-survey-2015,97,Albania,Eastern Europe,primary,0,persons,False
2015,AL,jf-survey-2015,97,Albania,Eastern Europe,secondary,0,persons,False
2015,AL,jf-survey-2015,97,Albania,Eastern Europe,higher,0,persons,False
2015,AL,jf-survey-2015,97,Albania,Eastern Europe,other,15,persons,False
2015,AM,jf-survey-2015,98,Armenia,Eastern Europe,institutions,9,institutions,False
2015,AM,jf-survey-2015,98,Armenia,Eastern Europe,teachers,23,persons,False
2015,AM,jf-survey-2015,98,Armenia,Eastern Europe,learners,235,persons,False
2015,AM,jf-survey-2015,98,Armenia,Eastern Europe,school,28,persons,False
2015,AM,jf-survey-2015,98,Armenia,Eastern Europe,multipleStage,,persons,True
2015,AM,jf-survey-2015,98,Armenia,Eastern Europe,primary,8,persons,False
2015,AM,jf-survey-2015,98,Armenia,Eastern Europe,secondary,20,persons,False
2015,AM,jf-survey-2015,98,Armenia,Eastern Europe,higher,135,persons,False
2015,AM,jf-survey-2015,98,Armenia,Eastern Europe,other,72,persons,False
2015,UA,jf-survey-2015,99,Ukraine,Eastern Europe,institutions,18,institutions,False
2015,UA,jf-survey-2015,99,Ukraine,Eastern Europe,teachers,97,persons,False
2015,UA,jf-survey-2015,99,Ukraine,Eastern Europe,learners,1523,persons,False
2015,UA,jf-survey-2015,99,Ukraine,Eastern Europe,school,223,persons,False
2015,UA,jf-survey-2015,99,Ukraine,Eastern Europe,multipleStage,,persons,True
2015,UA,jf-survey-2015,99,Ukraine,Eastern Europe,primary,60,persons,False
2015,UA,jf-survey-2015,99,Ukraine,Eastern Europe,secondary,163,persons,False
2015,UA,jf-survey-2015,99,Ukraine,Eastern Europe,higher,974,persons,False
2015,UA,jf-survey-2015,99,Ukraine,Eastern Europe,other,326,persons,False
2015,UZ,jf-survey-2015,100,Uzbekistan,Eastern Europe,institutions,14,institutions,False
2015,UZ,jf-survey-2015,100,Uzbekistan,Eastern Europe,teachers,61,persons,False
2015,UZ,jf-survey-2015,100,Uzbekistan,Eastern Europe,learners,1505,persons,False
2015,UZ,jf-survey-2015,100,Uzbekistan,Eastern Europe,school,126,persons,False
2015,UZ,jf-survey-2015,100,Uzbekistan,Eastern Europe,multipleStage,,persons,True
2015,UZ,jf-survey-2015,100,Uzbekistan,Eastern Europe,primary,0,persons,False
2015,UZ,jf-survey-2015,100,Uzbekistan,Eastern Europe,secondary,126,persons,False
2015,UZ,jf-survey-2015,100,Uzbekistan,Eastern Europe,higher,813,persons,False
2015,UZ,jf-survey-2015,100,Uzbekistan,Eastern Europe,other,566,persons,False
2015,EE,jf-survey-2015,101,Estonia,Eastern Europe,institutions,11,institutions,False
2015,EE,jf-survey-2015,101,Estonia,Eastern Europe,teachers,17,persons,False
2015,EE,jf-survey-2015,101,Estonia,Eastern Europe,learners,317,persons,False
2015,EE,jf-survey-2015,101,Estonia,Eastern Europe,school,44,persons,False
2015,EE,jf-survey-2015,101,Estonia,Eastern Europe,multipleStage,,persons,True
2015,EE,jf-survey-2015,101,Estonia,Eastern Europe,primary,5,persons,False
2015,EE,jf-survey-2015,101,Estonia,Eastern Europe,secondary,39,persons,False
2015,EE,jf-survey-2015,101,Estonia,Eastern Europe,higher,150,persons,False
2015,EE,jf-survey-2015,101,Estonia,Eastern Europe,other,123,persons,False
2015,KZ,jf-survey-2015,102,Kazakhstan,Eastern Europe,institutions,5,institutions,False
2015,KZ,jf-survey-2015,102,Kazakhstan,Eastern Europe,teachers,30,persons,False
2015,KZ,jf-survey-2015,102,Kazakhstan,Eastern Europe,learners,297,persons,False
2015,KZ,jf-survey-2015,102,Kazakhstan,Eastern Europe,school,0,persons,False
2015,KZ,jf-survey-2015,102,Kazakhstan,Eastern Europe,multipleStage,,persons,True
2015,KZ,jf-survey-2015,102,Kazakhstan,Eastern Europe,primary,0,persons,False
2015,KZ,jf-survey-2015,102,Kazakhstan,Eastern Europe,secondary,0,persons,False
2015,KZ,jf-survey-2015,102,Kazakhstan,Eastern Europe,higher,126,persons,False
2015,KZ,jf-survey-2015,102,Kazakhstan,Eastern Europe,other,171,persons,False
2015,KG,jf-survey-2015,103,Kyrgyzstan,Eastern Europe,institutions,23,institutions,False
2015,KG,jf-survey-2015,103,Kyrgyzstan,Eastern Europe,teachers,48,persons,False
2015,KG,jf-survey-2015,103,Kyrgyzstan,Eastern Europe,learners,924,persons,False
2015,KG,jf-survey-2015,103,Kyrgyzstan,Eastern Europe,school,349,persons,False
2015,KG,jf-survey-2015,103,Kyrgyzstan,Eastern Europe,multipleStage,,persons,True
2015,KG,jf-survey-2015,103,Kyrgyzstan,Eastern Europe,primary,180,persons,False
2015,KG,jf-survey-2015,103,Kyrgyzstan,Eastern Europe,secondary,169,persons,False
2015,KG,jf-survey-2015,103,Kyrgyzstan,Eastern Europe,higher,394,persons,False
2015,KG,jf-survey-2015,103,Kyrgyzstan,Eastern Europe,other,181,persons,False
2015,HR,jf-survey-2015,104,Croatia,Eastern Europe,institutions,5,institutions,False
2015,HR,jf-survey-2015,104,Croatia,Eastern Europe,teachers,11,persons,False
2015,HR,jf-survey-2015,104,Croatia,Eastern Europe,learners,175,persons,False
2015,HR,jf-survey-2015,104,Croatia,Eastern Europe,school,12,persons,False
2015,HR,jf-survey-2015,104,Croatia,Eastern Europe,multipleStage,,persons,True
2015,HR,jf-survey-2015,104,Croatia,Eastern Europe,primary,12,persons,False
2015,HR,jf-survey-2015,104,Croatia,Eastern Europe,secondary,0,persons,False
2015,HR,jf-survey-2015,104,Croatia,Eastern Europe,higher,126,persons,False
2015,HR,jf-survey-2015,104,Croatia,Eastern Europe,other,37,persons,False
2015,GE,jf-survey-2015,105,Georgia,Eastern Europe,institutions,5,institutions,False
2015,GE,jf-survey-2015,105,Georgia,Eastern Europe,teachers,12,persons,False
2015,GE,jf-survey-2015,105,Georgia,Eastern Europe,learners,237,persons,False
2015,GE,jf-survey-2015,105,Georgia,Eastern Europe,school,128,persons,False
2015,GE,jf-survey-2015,105,Georgia,Eastern Europe,multipleStage,,persons,True
2015,GE,jf-survey-2015,105,Georgia,Eastern Europe,primary,0,persons,False
2015,GE,jf-survey-2015,105,Georgia,Eastern Europe,secondary,128,persons,False
2015,GE,jf-survey-2015,105,Georgia,Eastern Europe,higher,109,persons,False
2015,GE,jf-survey-2015,105,Georgia,Eastern Europe,other,0,persons,False
2015,SK,jf-survey-2015,106,Slovakia,Eastern Europe,institutions,9,institutions,False
2015,SK,jf-survey-2015,106,Slovakia,Eastern Europe,teachers,22,persons,False
2015,SK,jf-survey-2015,106,Slovakia,Eastern Europe,learners,275,persons,False
2015,SK,jf-survey-2015,106,Slovakia,Eastern Europe,school,0,persons,False
2015,SK,jf-survey-2015,106,Slovakia,Eastern Europe,multipleStage,,persons,True
2015,SK,jf-survey-2015,106,Slovakia,Eastern Europe,primary,0,persons,False
2015,SK,jf-survey-2015,106,Slovakia,Eastern Europe,secondary,0,persons,False
2015,SK,jf-survey-2015,106,Slovakia,Eastern Europe,higher,74,persons,False
2015,SK,jf-survey-2015,106,Slovakia,Eastern Europe,other,201,persons,False
2015,SI,jf-survey-2015,107,Slovenia,Eastern Europe,institutions,1,institutions,False
2015,SI,jf-survey-2015,107,Slovenia,Eastern Europe,teachers,8,persons,False
2015,SI,jf-survey-2015,107,Slovenia,Eastern Europe,learners,275,persons,False
2015,SI,jf-survey-2015,107,Slovenia,Eastern Europe,school,0,persons,False
2015,SI,jf-survey-2015,107,Slovenia,Eastern Europe,multipleStage,,persons,True
2015,SI,jf-survey-2015,107,Slovenia,Eastern Europe,primary,0,persons,False
2015,SI,jf-survey-2015,107,Slovenia,Eastern Europe,secondary,0,persons,False
2015,SI,jf-survey-2015,107,Slovenia,Eastern Europe,higher,275,persons,False
2015,SI,jf-survey-2015,107,Slovenia,Eastern Europe,other,0,persons,False
2015,RS,jf-survey-2015,108,Serbia,Eastern Europe,institutions,11,institutions,False
2015,RS,jf-survey-2015,108,Serbia,Eastern Europe,teachers,31,persons,False
2015,RS,jf-survey-2015,108,Serbia,Eastern Europe,learners,533,persons,False
2015,RS,jf-survey-2015,108,Serbia,Eastern Europe,school,219,persons,False
2015,RS,jf-survey-2015,108,Serbia,Eastern Europe,multipleStage,,persons,True
2015,RS,jf-survey-2015,108,Serbia,Eastern Europe,primary,99,persons,False
2015,RS,jf-survey-2015,108,Serbia,Eastern Europe,secondary,120,persons,False
2015,RS,jf-survey-2015,108,Serbia,Eastern Europe,higher,246,persons,False
2015,RS,jf-survey-2015,108,Serbia,Eastern Europe,other,68,persons,False
2015,TJ,jf-survey-2015,109,Tajikistan,Eastern Europe,institutions,3,institutions,False
2015,TJ,jf-survey-2015,109,Tajikistan,Eastern Europe,teachers,9,persons,False
2015,TJ,jf-survey-2015,109,Tajikistan,Eastern Europe,learners,77,persons,False
2015,TJ,jf-survey-2015,109,Tajikistan,Eastern Europe,school,15,persons,False
2015,TJ,jf-survey-2015,109,Tajikistan,Eastern Europe,multipleStage,,persons,True
2015,TJ,jf-survey-2015,109,Tajikistan,Eastern Europe,primary,0,persons,False
2015,TJ,jf-survey-2015,109,Tajikistan,Eastern Europe,secondary,15,persons,False
2015,TJ,jf-survey-2015,109,Tajikistan,Eastern Europe,higher,62,persons,False
2015,TJ,jf-survey-2015,109,Tajikistan,Eastern Europe,other,0,persons,False
2015,CZ,jf-survey-2015,110,Czechia,Eastern Europe,institutions,17,institutions,False
2015,CZ,jf-survey-2015,110,Czechia,Eastern Europe,teachers,53,persons,False
2015,CZ,jf-survey-2015,110,Czechia,Eastern Europe,learners,1175,persons,False
2015,CZ,jf-survey-2015,110,Czechia,Eastern Europe,school,101,persons,False
2015,CZ,jf-survey-2015,110,Czechia,Eastern Europe,multipleStage,,persons,True
2015,CZ,jf-survey-2015,110,Czechia,Eastern Europe,primary,47,persons,False
2015,CZ,jf-survey-2015,110,Czechia,Eastern Europe,secondary,54,persons,False
2015,CZ,jf-survey-2015,110,Czechia,Eastern Europe,higher,720,persons,False
2015,CZ,jf-survey-2015,110,Czechia,Eastern Europe,other,354,persons,False
2015,TM,jf-survey-2015,111,Turkmenistan,Eastern Europe,institutions,1,institutions,False
2015,TM,jf-survey-2015,111,Turkmenistan,Eastern Europe,teachers,5,persons,False
2015,TM,jf-survey-2015,111,Turkmenistan,Eastern Europe,learners,49,persons,False
2015,TM,jf-survey-2015,111,Turkmenistan,Eastern Europe,school,0,persons,False
2015,TM,jf-survey-2015,111,Turkmenistan,Eastern Europe,multipleStage,,persons,True
2015,TM,jf-survey-2015,111,Turkmenistan,Eastern Europe,primary,0,persons,False
2015,TM,jf-survey-2015,111,Turkmenistan,Eastern Europe,secondary,0,persons,False
2015,TM,jf-survey-2015,111,Turkmenistan,Eastern Europe,higher,49,persons,False
2015,TM,jf-survey-2015,111,Turkmenistan,Eastern Europe,other,0,persons,False
2015,HU,jf-survey-2015,112,Hungary,Eastern Europe,institutions,32,institutions,False
2015,HU,jf-survey-2015,112,Hungary,Eastern Europe,teachers,93,persons,False
2015,HU,jf-survey-2015,112,Hungary,Eastern Europe,learners,1992,persons,False
2015,HU,jf-survey-2015,112,Hungary,Eastern Europe,school,468,persons,False
2015,HU,jf-survey-2015,112,Hungary,Eastern Europe,multipleStage,,persons,True
2015,HU,jf-survey-2015,112,Hungary,Eastern Europe,primary,201,persons,False
2015,HU,jf-survey-2015,112,Hungary,Eastern Europe,secondary,267,persons,False
2015,HU,jf-survey-2015,112,Hungary,Eastern Europe,higher,1007,persons,False
2015,HU,jf-survey-2015,112,Hungary,Eastern Europe,other,517,persons,False
2015,BG,jf-survey-2015,113,Bulgaria,Eastern Europe,institutions,7,institutions,False
2015,BG,jf-survey-2015,113,Bulgaria,Eastern Europe,teachers,33,persons,False
2015,BG,jf-survey-2015,113,Bulgaria,Eastern Europe,learners,1245,persons,False
2015,BG,jf-survey-2015,113,Bulgaria,Eastern Europe,school,971,persons,False
2015,BG,jf-survey-2015,113,Bulgaria,Eastern Europe,multipleStage,,persons,True
2015,BG,jf-survey-2015,113,Bulgaria,Eastern Europe,primary,467,persons,False
2015,BG,jf-survey-2015,113,Bulgaria,Eastern Europe,secondary,504,persons,False
2015,BG,jf-survey-2015,113,Bulgaria,Eastern Europe,higher,207,persons,False
2015,BG,jf-survey-2015,113,Bulgaria,Eastern Europe,other,67,persons,False
2015,BY,jf-survey-2015,114,Belarus,Eastern Europe,institutions,8,institutions,False
2015,BY,jf-survey-2015,114,Belarus,Eastern Europe,teachers,16,persons,False
2015,BY,jf-survey-2015,114,Belarus,Eastern Europe,learners,305,persons,False
2015,BY,jf-survey-2015,114,Belarus,Eastern Europe,school,0,persons,False
2015,BY,jf-survey-2015,114,Belarus,Eastern Europe,multipleStage,,persons,True
2015,BY,jf-survey-2015,114,Belarus,Eastern Europe,primary,0,persons,False
2015,BY,jf-survey-2015,114,Belarus,Eastern Europe,secondary,0,persons,False
2015,BY,jf-survey-2015,114,Belarus,Eastern Europe,higher,95,persons,False
2015,BY,jf-survey-2015,114,Belarus,Eastern Europe,other,210,persons,False
2015,PL,jf-survey-2015,115,Poland,Eastern Europe,institutions,57,institutions,False
2015,PL,jf-survey-2015,115,Poland,Eastern Europe,teachers,222,persons,False
2015,PL,jf-survey-2015,115,Poland,Eastern Europe,learners,4416,persons,False
2015,PL,jf-survey-2015,115,Poland,Eastern Europe,school,104,persons,False
2015,PL,jf-survey-2015,115,Poland,Eastern Europe,multipleStage,,persons,True
2015,PL,jf-survey-2015,115,Poland,Eastern Europe,primary,0,persons,False
2015,PL,jf-survey-2015,115,Poland,Eastern Europe,secondary,104,persons,False
2015,PL,jf-survey-2015,115,Poland,Eastern Europe,higher,2295,persons,False
2015,PL,jf-survey-2015,115,Poland,Eastern Europe,other,2017,persons,False
2015,BA,jf-survey-2015,116,Bosnia & Herzegovina,Eastern Europe,institutions,2,institutions,False
2015,BA,jf-survey-2015,116,Bosnia & Herzegovina,Eastern Europe,teachers,2,persons,False
2015,BA,jf-survey-2015,116,Bosnia & Herzegovina,Eastern Europe,learners,88,persons,False
2015,BA,jf-survey-2015,116,Bosnia & Herzegovina,Eastern Europe,school,13,persons,False
2015,BA,jf-survey-2015,116,Bosnia & Herzegovina,Eastern Europe,multipleStage,,persons,True
2015,BA,jf-survey-2015,116,Bosnia & Herzegovina,Eastern Europe,primary,0,persons,False
2015,BA,jf-survey-2015,116,Bosnia & Herzegovina,Eastern Europe,secondary,13,persons,False
2015,BA,jf-survey-2015,116,Bosnia & Herzegovina,Eastern Europe,higher,75,persons,False
2015,BA,jf-survey-2015,116,Bosnia & Herzegovina,Eastern Europe,other,0,persons,False
2015,MK,jf-survey-2015,117,North Macedonia,Eastern Europe,institutions,1,institutions,False
2015,MK,jf-survey-2015,117,North Macedonia,Eastern Europe,teachers,1,persons,False
2015,MK,jf-survey-2015,117,North Macedonia,Eastern Europe,learners,23,persons,False
2015,MK,jf-survey-2015,117,North Macedonia,Eastern Europe,school,0,persons,False
2015,MK,jf-survey-2015,117,North Macedonia,Eastern Europe,multipleStage,,persons,True
2015,MK,jf-survey-2015,117,North Macedonia,Eastern Europe,primary,0,persons,False
2015,MK,jf-survey-2015,117,North Macedonia,Eastern Europe,secondary,0,persons,False
2015,MK,jf-survey-2015,117,North Macedonia,Eastern Europe,higher,23,persons,False
2015,MK,jf-survey-2015,117,North Macedonia,Eastern Europe,other,0,persons,False
2015,MD,jf-survey-2015,118,Moldova,Eastern Europe,institutions,1,institutions,False
2015,MD,jf-survey-2015,118,Moldova,Eastern Europe,teachers,2,persons,False
2015,MD,jf-survey-2015,118,Moldova,Eastern Europe,learners,75,persons,False
2015,MD,jf-survey-2015,118,Moldova,Eastern Europe,school,0,persons,False
2015,MD,jf-survey-2015,118,Moldova,Eastern Europe,multipleStage,,persons,True
2015,MD,jf-survey-2015,118,Moldova,Eastern Europe,primary,0,persons,False
2015,MD,jf-survey-2015,118,Moldova,Eastern Europe,secondary,0,persons,False
2015,MD,jf-survey-2015,118,Moldova,Eastern Europe,higher,0,persons,False
2015,MD,jf-survey-2015,118,Moldova,Eastern Europe,other,75,persons,False
2015,LV,jf-survey-2015,119,Latvia,Eastern Europe,institutions,3,institutions,False
2015,LV,jf-survey-2015,119,Latvia,Eastern Europe,teachers,8,persons,False
2015,LV,jf-survey-2015,119,Latvia,Eastern Europe,learners,156,persons,False
2015,LV,jf-survey-2015,119,Latvia,Eastern Europe,school,50,persons,False
2015,LV,jf-survey-2015,119,Latvia,Eastern Europe,multipleStage,,persons,True
2015,LV,jf-survey-2015,119,Latvia,Eastern Europe,primary,0,persons,False
2015,LV,jf-survey-2015,119,Latvia,Eastern Europe,secondary,50,persons,False
2015,LV,jf-survey-2015,119,Latvia,Eastern Europe,higher,74,persons,False
2015,LV,jf-survey-2015,119,Latvia,Eastern Europe,other,32,persons,False
2015,LT,jf-survey-2015,120,Lithuania,Eastern Europe,institutions,6,institutions,False
2015,LT,jf-survey-2015,120,Lithuania,Eastern Europe,teachers,10,persons,False
2015,LT,jf-survey-2015,120,Lithuania,Eastern Europe,learners,301,persons,False
2015,LT,jf-survey-2015,120,Lithuania,Eastern Europe,school,35,persons,False
2015,LT,jf-survey-2015,120,Lithuania,Eastern Europe,multipleStage,,persons,True
2015,LT,jf-survey-2015,120,Lithuania,Eastern Europe,primary,0,persons,False
2015,LT,jf-survey-2015,120,Lithuania,Eastern Europe,secondary,35,persons,False
2015,LT,jf-survey-2015,120,Lithuania,Eastern Europe,higher,236,persons,False
2015,LT,jf-survey-2015,120,Lithuania,Eastern Europe,other,30,persons,False
2015,RO,jf-survey-2015,121,Romania,Eastern Europe,institutions,18,institutions,False
2015,RO,jf-survey-2015,121,Romania,Eastern Europe,teachers,41,persons,False
2015,RO,jf-survey-2015,121,Romania,Eastern Europe,learners,2052,persons,False
2015,RO,jf-survey-2015,121,Romania,Eastern Europe,school,513,persons,False
2015,RO,jf-survey-2015,121,Romania,Eastern Europe,multipleStage,,persons,True
2015,RO,jf-survey-2015,121,Romania,Eastern Europe,primary,53,persons,False
2015,RO,jf-survey-2015,121,Romania,Eastern Europe,secondary,460,persons,False
2015,RO,jf-survey-2015,121,Romania,Eastern Europe,higher,986,persons,False
2015,RO,jf-survey-2015,121,Romania,Eastern Europe,other,553,persons,False
2015,RU,jf-survey-2015,122,Russia,Eastern Europe,institutions,126,institutions,False
2015,RU,jf-survey-2015,122,Russia,Eastern Europe,teachers,480,persons,False
2015,RU,jf-survey-2015,122,Russia,Eastern Europe,learners,8650,persons,False
2015,RU,jf-survey-2015,122,Russia,Eastern Europe,school,3133,persons,False
2015,RU,jf-survey-2015,122,Russia,Eastern Europe,multipleStage,,persons,True
2015,RU,jf-survey-2015,122,Russia,Eastern Europe,primary,778,persons,False
2015,RU,jf-survey-2015,122,Russia,Eastern Europe,secondary,2355,persons,False
2015,RU,jf-survey-2015,122,Russia,Eastern Europe,higher,2971,persons,False
2015,RU,jf-survey-2015,122,Russia,Eastern Europe,other,2546,persons,False
2015,AF,jf-survey-2015,124,Afghanistan,Middle East,institutions,1,institutions,False
2015,AF,jf-survey-2015,124,Afghanistan,Middle East,teachers,2,persons,False
2015,AF,jf-survey-2015,124,Afghanistan,Middle East,learners,40,persons,False
2015,AF,jf-survey-2015,124,Afghanistan,Middle East,school,0,persons,False
2015,AF,jf-survey-2015,124,Afghanistan,Middle East,multipleStage,,persons,True
2015,AF,jf-survey-2015,124,Afghanistan,Middle East,primary,0,persons,False
2015,AF,jf-survey-2015,124,Afghanistan,Middle East,secondary,0,persons,False
2015,AF,jf-survey-2015,124,Afghanistan,Middle East,higher,40,persons,False
2015,AF,jf-survey-2015,124,Afghanistan,Middle East,other,0,persons,False
2015,AE,jf-survey-2015,125,United Arab Emirates,Middle East,institutions,5,institutions,False
2015,AE,jf-survey-2015,125,United Arab Emirates,Middle East,teachers,16,persons,False
2015,AE,jf-survey-2015,125,United Arab Emirates,Middle East,learners,395,persons,False
2015,AE,jf-survey-2015,125,United Arab Emirates,Middle East,school,103,persons,False
2015,AE,jf-survey-2015,125,United Arab Emirates,Middle East,multipleStage,,persons,True
2015,AE,jf-survey-2015,125,United Arab Emirates,Middle East,primary,0,persons,False
2015,AE,jf-survey-2015,125,United Arab Emirates,Middle East,secondary,103,persons,False
2015,AE,jf-survey-2015,125,United Arab Emirates,Middle East,higher,165,persons,False
2015,AE,jf-survey-2015,125,United Arab Emirates,Middle East,other,127,persons,False
2015,YE,jf-survey-2015,126,Yemen,Middle East,institutions,,institutions,True
2015,YE,jf-survey-2015,126,Yemen,Middle East,teachers,,persons,True
2015,YE,jf-survey-2015,126,Yemen,Middle East,learners,0,persons,False
2015,YE,jf-survey-2015,126,Yemen,Middle East,school,0,persons,False
2015,YE,jf-survey-2015,126,Yemen,Middle East,multipleStage,,persons,True
2015,YE,jf-survey-2015,126,Yemen,Middle East,primary,0,persons,False
2015,YE,jf-survey-2015,126,Yemen,Middle East,secondary,0,persons,False
2015,YE,jf-survey-2015,126,Yemen,Middle East,higher,0,persons,False
2015,YE,jf-survey-2015,126,Yemen,Middle East,other,,persons,True
2015,IL,jf-survey-2015,127,Israel,Middle East,institutions,10,institutions,False
2015,IL,jf-survey-2015,127,Israel,Middle East,teachers,22,persons,False
2015,IL,jf-survey-2015,127,Israel,Middle East,learners,458,persons,False
2015,IL,jf-survey-2015,127,Israel,Middle East,school,0,persons,False
2015,IL,jf-survey-2015,127,Israel,Middle East,multipleStage,,persons,True
2015,IL,jf-survey-2015,127,Israel,Middle East,primary,0,persons,False
2015,IL,jf-survey-2015,127,Israel,Middle East,secondary,0,persons,False
2015,IL,jf-survey-2015,127,Israel,Middle East,higher,252,persons,False
2015,IL,jf-survey-2015,127,Israel,Middle East,other,206,persons,False
2015,IR,jf-survey-2015,128,Iran,Middle East,institutions,2,institutions,False
2015,IR,jf-survey-2015,128,Iran,Middle East,teachers,13,persons,False
2015,IR,jf-survey-2015,128,Iran,Middle East,learners,227,persons,False
2015,IR,jf-survey-2015,128,Iran,Middle East,school,0,persons,False
2015,IR,jf-survey-2015,128,Iran,Middle East,multipleStage,,persons,True
2015,IR,jf-survey-2015,128,Iran,Middle East,primary,0,persons,False
2015,IR,jf-survey-2015,128,Iran,Middle East,secondary,0,persons,False
2015,IR,jf-survey-2015,128,Iran,Middle East,higher,107,persons,False
2015,IR,jf-survey-2015,128,Iran,Middle East,other,120,persons,False
2015,OM,jf-survey-2015,129,Oman,Middle East,institutions,1,institutions,False
2015,OM,jf-survey-2015,129,Oman,Middle East,teachers,1,persons,False
2015,OM,jf-survey-2015,129,Oman,Middle East,learners,20,persons,False
2015,OM,jf-survey-2015,129,Oman,Middle East,school,0,persons,False
2015,OM,jf-survey-2015,129,Oman,Middle East,multipleStage,,persons,True
2015,OM,jf-survey-2015,129,Oman,Middle East,primary,0,persons,False
2015,OM,jf-survey-2015,129,Oman,Middle East,secondary,0,persons,False
2015,OM,jf-survey-2015,129,Oman,Middle East,higher,0,persons,False
2015,OM,jf-survey-2015,129,Oman,Middle East,other,20,persons,False
2015,QA,jf-survey-2015,130,Qatar,Middle East,institutions,4,institutions,False
2015,QA,jf-survey-2015,130,Qatar,Middle East,teachers,14,persons,False
2015,QA,jf-survey-2015,130,Qatar,Middle East,learners,146,persons,False
2015,QA,jf-survey-2015,130,Qatar,Middle East,school,55,persons,False
2015,QA,jf-survey-2015,130,Qatar,Middle East,multipleStage,,persons,True
2015,QA,jf-survey-2015,130,Qatar,Middle East,primary,0,persons,False
2015,QA,jf-survey-2015,130,Qatar,Middle East,secondary,55,persons,False
2015,QA,jf-survey-2015,130,Qatar,Middle East,higher,40,persons,False
2015,QA,jf-survey-2015,130,Qatar,Middle East,other,51,persons,False
2015,KW,jf-survey-2015,131,Kuwait,Middle East,institutions,1,institutions,False
2015,KW,jf-survey-2015,131,Kuwait,Middle East,teachers,3,persons,False
2015,KW,jf-survey-2015,131,Kuwait,Middle East,learners,55,persons,False
2015,KW,jf-survey-2015,131,Kuwait,Middle East,school,0,persons,False
2015,KW,jf-survey-2015,131,Kuwait,Middle East,multipleStage,,persons,True
2015,KW,jf-survey-2015,131,Kuwait,Middle East,primary,0,persons,False
2015,KW,jf-survey-2015,131,Kuwait,Middle East,secondary,0,persons,False
2015,KW,jf-survey-2015,131,Kuwait,Middle East,higher,55,persons,False
2015,KW,jf-survey-2015,131,Kuwait,Middle East,other,0,persons,False
2015,SA,jf-survey-2015,132,Saudi Arabia,Middle East,institutions,1,institutions,False
2015,SA,jf-survey-2015,132,Saudi Arabia,Middle East,teachers,4,persons,False
2015,SA,jf-survey-2015,132,Saudi Arabia,Middle East,learners,27,persons,False
2015,SA,jf-survey-2015,132,Saudi Arabia,Middle East,school,0,persons,False
2015,SA,jf-survey-2015,132,Saudi Arabia,Middle East,multipleStage,,persons,True
2015,SA,jf-survey-2015,132,Saudi Arabia,Middle East,primary,0,persons,False
2015,SA,jf-survey-2015,132,Saudi Arabia,Middle East,secondary,0,persons,False
2015,SA,jf-survey-2015,132,Saudi Arabia,Middle East,higher,27,persons,False
2015,SA,jf-survey-2015,132,Saudi Arabia,Middle East,other,0,persons,False
2015,SY,jf-survey-2015,133,Syria,Middle East,institutions,2,institutions,False
2015,SY,jf-survey-2015,133,Syria,Middle East,teachers,13,persons,False
2015,SY,jf-survey-2015,133,Syria,Middle East,learners,168,persons,False
2015,SY,jf-survey-2015,133,Syria,Middle East,school,0,persons,False
2015,SY,jf-survey-2015,133,Syria,Middle East,multipleStage,,persons,True
2015,SY,jf-survey-2015,133,Syria,Middle East,primary,0,persons,False
2015,SY,jf-survey-2015,133,Syria,Middle East,secondary,0,persons,False
2015,SY,jf-survey-2015,133,Syria,Middle East,higher,80,persons,False
2015,SY,jf-survey-2015,133,Syria,Middle East,other,88,persons,False
2015,TR,jf-survey-2015,134,Türkiye,Middle East,institutions,42,institutions,False
2015,TR,jf-survey-2015,134,Türkiye,Middle East,teachers,87,persons,False
2015,TR,jf-survey-2015,134,Türkiye,Middle East,learners,2194,persons,False
2015,TR,jf-survey-2015,134,Türkiye,Middle East,school,277,persons,False
2015,TR,jf-survey-2015,134,Türkiye,Middle East,multipleStage,,persons,True
2015,TR,jf-survey-2015,134,Türkiye,Middle East,primary,15,persons,False
2015,TR,jf-survey-2015,134,Türkiye,Middle East,secondary,262,persons,False
2015,TR,jf-survey-2015,134,Türkiye,Middle East,higher,1426,persons,False
2015,TR,jf-survey-2015,134,Türkiye,Middle East,other,491,persons,False
2015,BH,jf-survey-2015,135,Bahrain,Middle East,institutions,2,institutions,False
2015,BH,jf-survey-2015,135,Bahrain,Middle East,teachers,2,persons,False
2015,BH,jf-survey-2015,135,Bahrain,Middle East,learners,95,persons,False
2015,BH,jf-survey-2015,135,Bahrain,Middle East,school,0,persons,False
2015,BH,jf-survey-2015,135,Bahrain,Middle East,multipleStage,,persons,True
2015,BH,jf-survey-2015,135,Bahrain,Middle East,primary,0,persons,False
2015,BH,jf-survey-2015,135,Bahrain,Middle East,secondary,0,persons,False
2015,BH,jf-survey-2015,135,Bahrain,Middle East,higher,15,persons,False
2015,BH,jf-survey-2015,135,Bahrain,Middle East,other,80,persons,False
2015,JO,jf-survey-2015,136,Jordan,Middle East,institutions,3,institutions,False
2015,JO,jf-survey-2015,136,Jordan,Middle East,teachers,9,persons,False
2015,JO,jf-survey-2015,136,Jordan,Middle East,learners,166,persons,False
2015,JO,jf-survey-2015,136,Jordan,Middle East,school,0,persons,False
2015,JO,jf-survey-2015,136,Jordan,Middle East,multipleStage,,persons,True
2015,JO,jf-survey-2015,136,Jordan,Middle East,primary,0,persons,False
2015,JO,jf-survey-2015,136,Jordan,Middle East,secondary,0,persons,False
2015,JO,jf-survey-2015,136,Jordan,Middle East,higher,58,persons,False
2015,JO,jf-survey-2015,136,Jordan,Middle East,other,108,persons,False
2015,LB,jf-survey-2015,137,Lebanon,Middle East,institutions,1,institutions,False
2015,LB,jf-survey-2015,137,Lebanon,Middle East,teachers,1,persons,False
2015,LB,jf-survey-2015,137,Lebanon,Middle East,learners,63,persons,False
2015,LB,jf-survey-2015,137,Lebanon,Middle East,school,0,persons,False
2015,LB,jf-survey-2015,137,Lebanon,Middle East,multipleStage,,persons,True
2015,LB,jf-survey-2015,137,Lebanon,Middle East,primary,0,persons,False
2015,LB,jf-survey-2015,137,Lebanon,Middle East,secondary,0,persons,False
2015,LB,jf-survey-2015,137,Lebanon,Middle East,higher,31,persons,False
2015,LB,jf-survey-2015,137,Lebanon,Middle East,other,32,persons,False
2015,DZ,jf-survey-2015,139,Algeria,North Africa,institutions,1,institutions,False
2015,DZ,jf-survey-2015,139,Algeria,North Africa,teachers,3,persons,False
2015,DZ,jf-survey-2015,139,Algeria,North Africa,learners,17,persons,False
2015,DZ,jf-survey-2015,139,Algeria,North Africa,school,0,persons,False
2015,DZ,jf-survey-2015,139,Algeria,North Africa,multipleStage,,persons,True
2015,DZ,jf-survey-2015,139,Algeria,North Africa,primary,0,persons,False
2015,DZ,jf-survey-2015,139,Algeria,North Africa,secondary,0,persons,False
2015,DZ,jf-survey-2015,139,Algeria,North Africa,higher,0,persons,False
2015,DZ,jf-survey-2015,139,Algeria,North Africa,other,17,persons,False
2015,EG,jf-survey-2015,140,Egypt,North Africa,institutions,12,institutions,False
2015,EG,jf-survey-2015,140,Egypt,North Africa,teachers,100,persons,False
2015,EG,jf-survey-2015,140,Egypt,North Africa,learners,832,persons,False
2015,EG,jf-survey-2015,140,Egypt,North Africa,school,0,persons,False
2015,EG,jf-survey-2015,140,Egypt,North Africa,multipleStage,,persons,True
2015,EG,jf-survey-2015,140,Egypt,North Africa,primary,0,persons,False
2015,EG,jf-survey-2015,140,Egypt,North Africa,secondary,0,persons,False
2015,EG,jf-survey-2015,140,Egypt,North Africa,higher,509,persons,False
2015,EG,jf-survey-2015,140,Egypt,North Africa,other,323,persons,False
2015,SD,jf-survey-2015,141,Sudan,North Africa,institutions,1,institutions,False
2015,SD,jf-survey-2015,141,Sudan,North Africa,teachers,1,persons,False
2015,SD,jf-survey-2015,141,Sudan,North Africa,learners,150,persons,False
2015,SD,jf-survey-2015,141,Sudan,North Africa,school,0,persons,False
2015,SD,jf-survey-2015,141,Sudan,North Africa,multipleStage,,persons,True
2015,SD,jf-survey-2015,141,Sudan,North Africa,primary,0,persons,False
2015,SD,jf-survey-2015,141,Sudan,North Africa,secondary,0,persons,False
2015,SD,jf-survey-2015,141,Sudan,North Africa,higher,150,persons,False
2015,SD,jf-survey-2015,141,Sudan,North Africa,other,0,persons,False
2015,TN,jf-survey-2015,142,Tunisia,North Africa,institutions,1,institutions,False
2015,TN,jf-survey-2015,142,Tunisia,North Africa,teachers,3,persons,False
2015,TN,jf-survey-2015,142,Tunisia,North Africa,learners,113,persons,False
2015,TN,jf-survey-2015,142,Tunisia,North Africa,school,0,persons,False
2015,TN,jf-survey-2015,142,Tunisia,North Africa,multipleStage,,persons,True
2015,TN,jf-survey-2015,142,Tunisia,North Africa,primary,0,persons,False
2015,TN,jf-survey-2015,142,Tunisia,North Africa,secondary,0,persons,False
2015,TN,jf-survey-2015,142,Tunisia,North Africa,higher,0,persons,False
2015,TN,jf-survey-2015,142,Tunisia,North Africa,other,113,persons,False
2015,MA,jf-survey-2015,143,Morocco,North Africa,institutions,6,institutions,False
2015,MA,jf-survey-2015,143,Morocco,North Africa,teachers,13,persons,False
2015,MA,jf-survey-2015,143,Morocco,North Africa,learners,665,persons,False
2015,MA,jf-survey-2015,143,Morocco,North Africa,school,0,persons,False
2015,MA,jf-survey-2015,143,Morocco,North Africa,multipleStage,,persons,True
2015,MA,jf-survey-2015,143,Morocco,North Africa,primary,0,persons,False
2015,MA,jf-survey-2015,143,Morocco,North Africa,secondary,0,persons,False
2015,MA,jf-survey-2015,143,Morocco,North Africa,higher,46,persons,False
2015,MA,jf-survey-2015,143,Morocco,North Africa,other,619,persons,False
2015,ET,jf-survey-2015,145,Ethiopia,Africa,institutions,2,institutions,False
2015,ET,jf-survey-2015,145,Ethiopia,Africa,teachers,6,persons,False
2015,ET,jf-survey-2015,145,Ethiopia,Africa,learners,505,persons,False
2015,ET,jf-survey-2015,145,Ethiopia,Africa,school,212,persons,False
2015,ET,jf-survey-2015,145,Ethiopia,Africa,multipleStage,,persons,True
2015,ET,jf-survey-2015,145,Ethiopia,Africa,primary,212,persons,False
2015,ET,jf-survey-2015,145,Ethiopia,Africa,secondary,0,persons,False
2015,ET,jf-survey-2015,145,Ethiopia,Africa,higher,293,persons,False
2015,ET,jf-survey-2015,145,Ethiopia,Africa,other,0,persons,False
2015,GH,jf-survey-2015,146,Ghana,Africa,institutions,3,institutions,False
2015,GH,jf-survey-2015,146,Ghana,Africa,teachers,3,persons,False
2015,GH,jf-survey-2015,146,Ghana,Africa,learners,755,persons,False
2015,GH,jf-survey-2015,146,Ghana,Africa,school,750,persons,False
2015,GH,jf-survey-2015,146,Ghana,Africa,multipleStage,,persons,True
2015,GH,jf-survey-2015,146,Ghana,Africa,primary,750,persons,False
2015,GH,jf-survey-2015,146,Ghana,Africa,secondary,0,persons,False
2015,GH,jf-survey-2015,146,Ghana,Africa,higher,5,persons,False
2015,GH,jf-survey-2015,146,Ghana,Africa,other,0,persons,False
2015,CM,jf-survey-2015,147,Cameroon,Africa,institutions,3,institutions,False
2015,CM,jf-survey-2015,147,Cameroon,Africa,teachers,6,persons,False
2015,CM,jf-survey-2015,147,Cameroon,Africa,learners,140,persons,False
2015,CM,jf-survey-2015,147,Cameroon,Africa,school,140,persons,False
2015,CM,jf-survey-2015,147,Cameroon,Africa,multipleStage,,persons,True
2015,CM,jf-survey-2015,147,Cameroon,Africa,primary,120,persons,False
2015,CM,jf-survey-2015,147,Cameroon,Africa,secondary,20,persons,False
2015,CM,jf-survey-2015,147,Cameroon,Africa,higher,0,persons,False
2015,CM,jf-survey-2015,147,Cameroon,Africa,other,0,persons,False
2015,GN,jf-survey-2015,148,Guinea,Africa,institutions,,institutions,True
2015,GN,jf-survey-2015,148,Guinea,Africa,teachers,,persons,True
2015,GN,jf-survey-2015,148,Guinea,Africa,learners,0,persons,False
2015,GN,jf-survey-2015,148,Guinea,Africa,school,0,persons,False
2015,GN,jf-survey-2015,148,Guinea,Africa,multipleStage,,persons,True
2015,GN,jf-survey-2015,148,Guinea,Africa,primary,0,persons,False
2015,GN,jf-survey-2015,148,Guinea,Africa,secondary,0,persons,False
2015,GN,jf-survey-2015,148,Guinea,Africa,higher,0,persons,False
2015,GN,jf-survey-2015,148,Guinea,Africa,other,,persons,True
2015,KE,jf-survey-2015,149,Kenya,Africa,institutions,31,institutions,False
2015,KE,jf-survey-2015,149,Kenya,Africa,teachers,48,persons,False
2015,KE,jf-survey-2015,149,Kenya,Africa,learners,1107,persons,False
2015,KE,jf-survey-2015,149,Kenya,Africa,school,560,persons,False
2015,KE,jf-survey-2015,149,Kenya,Africa,multipleStage,,persons,True
2015,KE,jf-survey-2015,149,Kenya,Africa,primary,340,persons,False
2015,KE,jf-survey-2015,149,Kenya,Africa,secondary,220,persons,False
2015,KE,jf-survey-2015,149,Kenya,Africa,higher,513,persons,False
2015,KE,jf-survey-2015,149,Kenya,Africa,other,34,persons,False
2015,CI,jf-survey-2015,150,Côte d’Ivoire,Africa,institutions,7,institutions,False
2015,CI,jf-survey-2015,150,Côte d’Ivoire,Africa,teachers,15,persons,False
2015,CI,jf-survey-2015,150,Côte d’Ivoire,Africa,learners,2662,persons,False
2015,CI,jf-survey-2015,150,Côte d’Ivoire,Africa,school,1947,persons,False
2015,CI,jf-survey-2015,150,Côte d’Ivoire,Africa,multipleStage,,persons,True
2015,CI,jf-survey-2015,150,Côte d’Ivoire,Africa,primary,0,persons,False
2015,CI,jf-survey-2015,150,Côte d’Ivoire,Africa,secondary,1947,persons,False
2015,CI,jf-survey-2015,150,Côte d’Ivoire,Africa,higher,695,persons,False
2015,CI,jf-survey-2015,150,Côte d’Ivoire,Africa,other,20,persons,False
2015,CD,jf-survey-2015,151,Congo - Kinshasa,Africa,institutions,1,institutions,False
2015,CD,jf-survey-2015,151,Congo - Kinshasa,Africa,teachers,9,persons,False
2015,CD,jf-survey-2015,151,Congo - Kinshasa,Africa,learners,28,persons,False
2015,CD,jf-survey-2015,151,Congo - Kinshasa,Africa,school,0,persons,False
2015,CD,jf-survey-2015,151,Congo - Kinshasa,Africa,multipleStage,,persons,True
2015,CD,jf-survey-2015,151,Congo - Kinshasa,Africa,primary,0,persons,False
2015,CD,jf-survey-2015,151,Congo - Kinshasa,Africa,secondary,0,persons,False
2015,CD,jf-survey-2015,151,Congo - Kinshasa,Africa,higher,0,persons,False
2015,CD,jf-survey-2015,151,Congo - Kinshasa,Africa,other,28,persons,False
2015,ZM,jf-survey-2015,152,Zambia,Africa,institutions,1,institutions,False
2015,ZM,jf-survey-2015,152,Zambia,Africa,teachers,4,persons,False
2015,ZM,jf-survey-2015,152,Zambia,Africa,learners,20,persons,False
2015,ZM,jf-survey-2015,152,Zambia,Africa,school,0,persons,False
2015,ZM,jf-survey-2015,152,Zambia,Africa,multipleStage,,persons,True
2015,ZM,jf-survey-2015,152,Zambia,Africa,primary,0,persons,False
2015,ZM,jf-survey-2015,152,Zambia,Africa,secondary,0,persons,False
2015,ZM,jf-survey-2015,152,Zambia,Africa,higher,20,persons,False
2015,ZM,jf-survey-2015,152,Zambia,Africa,other,0,persons,False
2015,SN,jf-survey-2015,153,Senegal,Africa,institutions,2,institutions,False
2015,SN,jf-survey-2015,153,Senegal,Africa,teachers,2,persons,False
2015,SN,jf-survey-2015,153,Senegal,Africa,learners,155,persons,False
2015,SN,jf-survey-2015,153,Senegal,Africa,school,0,persons,False
2015,SN,jf-survey-2015,153,Senegal,Africa,multipleStage,,persons,True
2015,SN,jf-survey-2015,153,Senegal,Africa,primary,0,persons,False
2015,SN,jf-survey-2015,153,Senegal,Africa,secondary,0,persons,False
2015,SN,jf-survey-2015,153,Senegal,Africa,higher,145,persons,False
2015,SN,jf-survey-2015,153,Senegal,Africa,other,10,persons,False
2015,TZ,jf-survey-2015,154,Tanzania,Africa,institutions,1,institutions,False
2015,TZ,jf-survey-2015,154,Tanzania,Africa,teachers,1,persons,False
2015,TZ,jf-survey-2015,154,Tanzania,Africa,learners,14,persons,False
2015,TZ,jf-survey-2015,154,Tanzania,Africa,school,0,persons,False
2015,TZ,jf-survey-2015,154,Tanzania,Africa,multipleStage,,persons,True
2015,TZ,jf-survey-2015,154,Tanzania,Africa,primary,0,persons,False
2015,TZ,jf-survey-2015,154,Tanzania,Africa,secondary,0,persons,False
2015,TZ,jf-survey-2015,154,Tanzania,Africa,higher,14,persons,False
2015,TZ,jf-survey-2015,154,Tanzania,Africa,other,0,persons,False
2015,CF,jf-survey-2015,155,Central African Republic,Africa,institutions,,institutions,True
2015,CF,jf-survey-2015,155,Central African Republic,Africa,teachers,,persons,True
2015,CF,jf-survey-2015,155,Central African Republic,Africa,learners,0,persons,False
2015,CF,jf-survey-2015,155,Central African Republic,Africa,school,0,persons,False
2015,CF,jf-survey-2015,155,Central African Republic,Africa,multipleStage,,persons,True
2015,CF,jf-survey-2015,155,Central African Republic,Africa,primary,0,persons,False
2015,CF,jf-survey-2015,155,Central African Republic,Africa,secondary,0,persons,False
2015,CF,jf-survey-2015,155,Central African Republic,Africa,higher,0,persons,False
2015,CF,jf-survey-2015,155,Central African Republic,Africa,other,,persons,True
2015,BJ,jf-survey-2015,156,Benin,Africa,institutions,1,institutions,False
2015,BJ,jf-survey-2015,156,Benin,Africa,teachers,1,persons,False
2015,BJ,jf-survey-2015,156,Benin,Africa,learners,122,persons,False
2015,BJ,jf-survey-2015,156,Benin,Africa,school,0,persons,False
2015,BJ,jf-survey-2015,156,Benin,Africa,multipleStage,,persons,True
2015,BJ,jf-survey-2015,156,Benin,Africa,primary,0,persons,False
2015,BJ,jf-survey-2015,156,Benin,Africa,secondary,0,persons,False
2015,BJ,jf-survey-2015,156,Benin,Africa,higher,0,persons,False
2015,BJ,jf-survey-2015,156,Benin,Africa,other,122,persons,False
2015,MG,jf-survey-2015,157,Madagascar,Africa,institutions,15,institutions,False
2015,MG,jf-survey-2015,157,Madagascar,Africa,teachers,28,persons,False
2015,MG,jf-survey-2015,157,Madagascar,Africa,learners,1537,persons,False
2015,MG,jf-survey-2015,157,Madagascar,Africa,school,272,persons,False
2015,MG,jf-survey-2015,157,Madagascar,Africa,multipleStage,,persons,True
2015,MG,jf-survey-2015,157,Madagascar,Africa,primary,78,persons,False
2015,MG,jf-survey-2015,157,Madagascar,Africa,secondary,194,persons,False
2015,MG,jf-survey-2015,157,Madagascar,Africa,higher,1064,persons,False
2015,MG,jf-survey-2015,157,Madagascar,Africa,other,201,persons,False
2015,ZA,jf-survey-2015,158,South Africa,Africa,institutions,1,institutions,False
2015,ZA,jf-survey-2015,158,South Africa,Africa,teachers,3,persons,False
2015,ZA,jf-survey-2015,158,South Africa,Africa,learners,47,persons,False
2015,ZA,jf-survey-2015,158,South Africa,Africa,school,0,persons,False
2015,ZA,jf-survey-2015,158,South Africa,Africa,multipleStage,,persons,True
2015,ZA,jf-survey-2015,158,South Africa,Africa,primary,0,persons,False
2015,ZA,jf-survey-2015,158,South Africa,Africa,secondary,0,persons,False
2015,ZA,jf-survey-2015,158,South Africa,Africa,higher,0,persons,False
2015,ZA,jf-survey-2015,158,South Africa,Africa,other,47,persons,False
2018,KR,jf-survey-2018,4,South Korea,East Asia,institutions,2998,institutions,False
2018,KR,jf-survey-2018,4,South Korea,East Asia,teachers,15345,persons,False
2018,KR,jf-survey-2018,4,South Korea,East Asia,learners,531511,persons,False
2018,KR,jf-survey-2018,4,South Korea,East Asia,school,411735,persons,False
2018,KR,jf-survey-2018,4,South Korea,East Asia,multipleStage,,persons,True
2018,KR,jf-survey-2018,4,South Korea,East Asia,primary,480,persons,False
2018,KR,jf-survey-2018,4,South Korea,East Asia,secondary,411255,persons,False
2018,KR,jf-survey-2018,4,South Korea,East Asia,higher,39774,persons,False
2018,KR,jf-survey-2018,4,South Korea,East Asia,other,80002,persons,False
2018,TW,jf-survey-2018,5,Taiwan,East Asia,institutions,846,institutions,False
2018,TW,jf-survey-2018,5,Taiwan,East Asia,teachers,4106,persons,False
2018,TW,jf-survey-2018,5,Taiwan,East Asia,learners,170159,persons,False
2018,TW,jf-survey-2018,5,Taiwan,East Asia,school,57125,persons,False
2018,TW,jf-survey-2018,5,Taiwan,East Asia,multipleStage,,persons,True
2018,TW,jf-survey-2018,5,Taiwan,East Asia,primary,2574,persons,False
2018,TW,jf-survey-2018,5,Taiwan,East Asia,secondary,54551,persons,False
2018,TW,jf-survey-2018,5,Taiwan,East Asia,higher,70433,persons,False
2018,TW,jf-survey-2018,5,Taiwan,East Asia,other,42601,persons,False
2018,CN,jf-survey-2018,6,China,East Asia,institutions,2435,institutions,False
2018,CN,jf-survey-2018,6,China,East Asia,teachers,20220,persons,False
2018,CN,jf-survey-2018,6,China,East Asia,learners,1004625,persons,False
2018,CN,jf-survey-2018,6,China,East Asia,school,94001,persons,False
2018,CN,jf-survey-2018,6,China,East Asia,multipleStage,,persons,True
2018,CN,jf-survey-2018,6,China,East Asia,primary,3892,persons,False
2018,CN,jf-survey-2018,6,China,East Asia,secondary,90109,persons,False
2018,CN,jf-survey-2018,6,China,East Asia,higher,575455,persons,False
2018,CN,jf-survey-2018,6,China,East Asia,other,335169,persons,False
2018,HK,jf-survey-2018,7,Hong Kong SAR China,East Asia,institutions,70,institutions,False
2018,HK,jf-survey-2018,7,Hong Kong SAR China,East Asia,teachers,575,persons,False
2018,HK,jf-survey-2018,7,Hong Kong SAR China,East Asia,learners,24558,persons,False
2018,HK,jf-survey-2018,7,Hong Kong SAR China,East Asia,school,2958,persons,False
2018,HK,jf-survey-2018,7,Hong Kong SAR China,East Asia,multipleStage,,persons,True
2018,HK,jf-survey-2018,7,Hong Kong SAR China,East Asia,primary,927,persons,False
2018,HK,jf-survey-2018,7,Hong Kong SAR China,East Asia,secondary,2031,persons,False
2018,HK,jf-survey-2018,7,Hong Kong SAR China,East Asia,higher,5694,persons,False
2018,HK,jf-survey-2018,7,Hong Kong SAR China,East Asia,other,15906,persons,False
2018,MO,jf-survey-2018,8,Macao SAR China,East Asia,institutions,6,institutions,False
2018,MO,jf-survey-2018,8,Macao SAR China,East Asia,teachers,63,persons,False
2018,MO,jf-survey-2018,8,Macao SAR China,East Asia,learners,1502,persons,False
2018,MO,jf-survey-2018,8,Macao SAR China,East Asia,school,0,persons,False
2018,MO,jf-survey-2018,8,Macao SAR China,East Asia,multipleStage,,persons,True
2018,MO,jf-survey-2018,8,Macao SAR China,East Asia,primary,0,persons,False
2018,MO,jf-survey-2018,8,Macao SAR China,East Asia,secondary,0,persons,False
2018,MO,jf-survey-2018,8,Macao SAR China,East Asia,higher,658,persons,False
2018,MO,jf-survey-2018,8,Macao SAR China,East Asia,other,844,persons,False
2018,MN,jf-survey-2018,9,Mongolia,East Asia,institutions,128,institutions,False
2018,MN,jf-survey-2018,9,Mongolia,East Asia,teachers,363,persons,False
2018,MN,jf-survey-2018,9,Mongolia,East Asia,learners,11755,persons,False
2018,MN,jf-survey-2018,9,Mongolia,East Asia,school,6600,persons,False
2018,MN,jf-survey-2018,9,Mongolia,East Asia,multipleStage,,persons,True
2018,MN,jf-survey-2018,9,Mongolia,East Asia,primary,2755,persons,False
2018,MN,jf-survey-2018,9,Mongolia,East Asia,secondary,3845,persons,False
2018,MN,jf-survey-2018,9,Mongolia,East Asia,higher,2738,persons,False
2018,MN,jf-survey-2018,9,Mongolia,East Asia,other,2417,persons,False
2018,ID,jf-survey-2018,11,Indonesia,Southeast Asia,institutions,2879,institutions,False
2018,ID,jf-survey-2018,11,Indonesia,Southeast Asia,teachers,5793,persons,False
2018,ID,jf-survey-2018,11,Indonesia,Southeast Asia,learners,709479,persons,False
2018,ID,jf-survey-2018,11,Indonesia,Southeast Asia,school,657363,persons,False
2018,ID,jf-survey-2018,11,Indonesia,Southeast Asia,multipleStage,,persons,True
2018,ID,jf-survey-2018,11,Indonesia,Southeast Asia,primary,7148,persons,False
2018,ID,jf-survey-2018,11,Indonesia,Southeast Asia,secondary,650215,persons,False
2018,ID,jf-survey-2018,11,Indonesia,Southeast Asia,higher,28799,persons,False
2018,ID,jf-survey-2018,11,Indonesia,Southeast Asia,other,23317,persons,False
2018,KH,jf-survey-2018,12,Cambodia,Southeast Asia,institutions,51,institutions,False
2018,KH,jf-survey-2018,12,Cambodia,Southeast Asia,teachers,307,persons,False
2018,KH,jf-survey-2018,12,Cambodia,Southeast Asia,learners,5419,persons,False
2018,KH,jf-survey-2018,12,Cambodia,Southeast Asia,school,1240,persons,False
2018,KH,jf-survey-2018,12,Cambodia,Southeast Asia,multipleStage,,persons,True
2018,KH,jf-survey-2018,12,Cambodia,Southeast Asia,primary,35,persons,False
2018,KH,jf-survey-2018,12,Cambodia,Southeast Asia,secondary,1205,persons,False
2018,KH,jf-survey-2018,12,Cambodia,Southeast Asia,higher,931,persons,False
2018,KH,jf-survey-2018,12,Cambodia,Southeast Asia,other,3248,persons,False
2018,SG,jf-survey-2018,13,Singapore,Southeast Asia,institutions,19,institutions,False
2018,SG,jf-survey-2018,13,Singapore,Southeast Asia,teachers,221,persons,False
2018,SG,jf-survey-2018,13,Singapore,Southeast Asia,learners,12300,persons,False
2018,SG,jf-survey-2018,13,Singapore,Southeast Asia,school,1851,persons,False
2018,SG,jf-survey-2018,13,Singapore,Southeast Asia,multipleStage,,persons,True
2018,SG,jf-survey-2018,13,Singapore,Southeast Asia,primary,394,persons,False
2018,SG,jf-survey-2018,13,Singapore,Southeast Asia,secondary,1457,persons,False
2018,SG,jf-survey-2018,13,Singapore,Southeast Asia,higher,4056,persons,False
2018,SG,jf-survey-2018,13,Singapore,Southeast Asia,other,6393,persons,False
2018,TH,jf-survey-2018,14,Thailand,Southeast Asia,institutions,659,institutions,False
2018,TH,jf-survey-2018,14,Thailand,Southeast Asia,teachers,2047,persons,False
2018,TH,jf-survey-2018,14,Thailand,Southeast Asia,learners,184962,persons,False
2018,TH,jf-survey-2018,14,Thailand,Southeast Asia,school,147900,persons,False
2018,TH,jf-survey-2018,14,Thailand,Southeast Asia,multipleStage,,persons,True
2018,TH,jf-survey-2018,14,Thailand,Southeast Asia,primary,4028,persons,False
2018,TH,jf-survey-2018,14,Thailand,Southeast Asia,secondary,143872,persons,False
2018,TH,jf-survey-2018,14,Thailand,Southeast Asia,higher,20506,persons,False
2018,TH,jf-survey-2018,14,Thailand,Southeast Asia,other,16556,persons,False
2018,TL,jf-survey-2018,15,Timor-Leste,Southeast Asia,institutions,6,institutions,False
2018,TL,jf-survey-2018,15,Timor-Leste,Southeast Asia,teachers,17,persons,False
2018,TL,jf-survey-2018,15,Timor-Leste,Southeast Asia,learners,651,persons,False
2018,TL,jf-survey-2018,15,Timor-Leste,Southeast Asia,school,0,persons,False
2018,TL,jf-survey-2018,15,Timor-Leste,Southeast Asia,multipleStage,,persons,True
2018,TL,jf-survey-2018,15,Timor-Leste,Southeast Asia,primary,0,persons,False
2018,TL,jf-survey-2018,15,Timor-Leste,Southeast Asia,secondary,0,persons,False
2018,TL,jf-survey-2018,15,Timor-Leste,Southeast Asia,higher,70,persons,False
2018,TL,jf-survey-2018,15,Timor-Leste,Southeast Asia,other,581,persons,False
2018,PH,jf-survey-2018,16,Philippines,Southeast Asia,institutions,315,institutions,False
2018,PH,jf-survey-2018,16,Philippines,Southeast Asia,teachers,1289,persons,False
2018,PH,jf-survey-2018,16,Philippines,Southeast Asia,learners,51530,persons,False
2018,PH,jf-survey-2018,16,Philippines,Southeast Asia,school,12629,persons,False
2018,PH,jf-survey-2018,16,Philippines,Southeast Asia,multipleStage,,persons,True
2018,PH,jf-survey-2018,16,Philippines,Southeast Asia,primary,1217,persons,False
2018,PH,jf-survey-2018,16,Philippines,Southeast Asia,secondary,11412,persons,False
2018,PH,jf-survey-2018,16,Philippines,Southeast Asia,higher,13508,persons,False
2018,PH,jf-survey-2018,16,Philippines,Southeast Asia,other,25393,persons,False
2018,BN,jf-survey-2018,17,Brunei,Southeast Asia,institutions,2,institutions,False
2018,BN,jf-survey-2018,17,Brunei,Southeast Asia,teachers,5,persons,False
2018,BN,jf-survey-2018,17,Brunei,Southeast Asia,learners,171,persons,False
2018,BN,jf-survey-2018,17,Brunei,Southeast Asia,school,0,persons,False
2018,BN,jf-survey-2018,17,Brunei,Southeast Asia,multipleStage,,persons,True
2018,BN,jf-survey-2018,17,Brunei,Southeast Asia,primary,0,persons,False
2018,BN,jf-survey-2018,17,Brunei,Southeast Asia,secondary,0,persons,False
2018,BN,jf-survey-2018,17,Brunei,Southeast Asia,higher,121,persons,False
2018,BN,jf-survey-2018,17,Brunei,Southeast Asia,other,50,persons,False
2018,VN,jf-survey-2018,18,Vietnam,Southeast Asia,institutions,818,institutions,False
2018,VN,jf-survey-2018,18,Vietnam,Southeast Asia,teachers,7030,persons,False
2018,VN,jf-survey-2018,18,Vietnam,Southeast Asia,learners,174521,persons,False
2018,VN,jf-survey-2018,18,Vietnam,Southeast Asia,school,28293,persons,False
2018,VN,jf-survey-2018,18,Vietnam,Southeast Asia,multipleStage,,persons,True
2018,VN,jf-survey-2018,18,Vietnam,Southeast Asia,primary,2054,persons,False
2018,VN,jf-survey-2018,18,Vietnam,Southeast Asia,secondary,26239,persons,False
2018,VN,jf-survey-2018,18,Vietnam,Southeast Asia,higher,31271,persons,False
2018,VN,jf-survey-2018,18,Vietnam,Southeast Asia,other,114957,persons,False
2018,MY,jf-survey-2018,19,Malaysia,Southeast Asia,institutions,212,institutions,False
2018,MY,jf-survey-2018,19,Malaysia,Southeast Asia,teachers,485,persons,False
2018,MY,jf-survey-2018,19,Malaysia,Southeast Asia,learners,39247,persons,False
2018,MY,jf-survey-2018,19,Malaysia,Southeast Asia,school,19462,persons,False
2018,MY,jf-survey-2018,19,Malaysia,Southeast Asia,multipleStage,,persons,True
2018,MY,jf-survey-2018,19,Malaysia,Southeast Asia,primary,45,persons,False
2018,MY,jf-survey-2018,19,Malaysia,Southeast Asia,secondary,19417,persons,False
2018,MY,jf-survey-2018,19,Malaysia,Southeast Asia,higher,14720,persons,False
2018,MY,jf-survey-2018,19,Malaysia,Southeast Asia,other,5065,persons,False
2018,MM,jf-survey-2018,20,Myanmar (Burma),Southeast Asia,institutions,411,institutions,False
2018,MM,jf-survey-2018,20,Myanmar (Burma),Southeast Asia,teachers,1593,persons,False
2018,MM,jf-survey-2018,20,Myanmar (Burma),Southeast Asia,learners,35600,persons,False
2018,MM,jf-survey-2018,20,Myanmar (Burma),Southeast Asia,school,44,persons,False
2018,MM,jf-survey-2018,20,Myanmar (Burma),Southeast Asia,multipleStage,,persons,True
2018,MM,jf-survey-2018,20,Myanmar (Burma),Southeast Asia,primary,21,persons,False
2018,MM,jf-survey-2018,20,Myanmar (Burma),Southeast Asia,secondary,23,persons,False
2018,MM,jf-survey-2018,20,Myanmar (Burma),Southeast Asia,higher,1760,persons,False
2018,MM,jf-survey-2018,20,Myanmar (Burma),Southeast Asia,other,33796,persons,False
2018,LA,jf-survey-2018,21,Laos,Southeast Asia,institutions,16,institutions,False
2018,LA,jf-survey-2018,21,Laos,Southeast Asia,teachers,58,persons,False
2018,LA,jf-survey-2018,21,Laos,Southeast Asia,learners,1955,persons,False
2018,LA,jf-survey-2018,21,Laos,Southeast Asia,school,1097,persons,False
2018,LA,jf-survey-2018,21,Laos,Southeast Asia,multipleStage,,persons,True
2018,LA,jf-survey-2018,21,Laos,Southeast Asia,primary,312,persons,False
2018,LA,jf-survey-2018,21,Laos,Southeast Asia,secondary,785,persons,False
2018,LA,jf-survey-2018,21,Laos,Southeast Asia,higher,173,persons,False
2018,LA,jf-survey-2018,21,Laos,Southeast Asia,other,685,persons,False
2018,IN,jf-survey-2018,23,India,South Asia,institutions,304,institutions,False
2018,IN,jf-survey-2018,23,India,South Asia,teachers,1006,persons,False
2018,IN,jf-survey-2018,23,India,South Asia,learners,38100,persons,False
2018,IN,jf-survey-2018,23,India,South Asia,school,13509,persons,False
2018,IN,jf-survey-2018,23,India,South Asia,multipleStage,,persons,True
2018,IN,jf-survey-2018,23,India,South Asia,primary,7983,persons,False
2018,IN,jf-survey-2018,23,India,South Asia,secondary,5526,persons,False
2018,IN,jf-survey-2018,23,India,South Asia,higher,7553,persons,False
2018,IN,jf-survey-2018,23,India,South Asia,other,17038,persons,False
2018,LK,jf-survey-2018,24,Sri Lanka,South Asia,institutions,77,institutions,False
2018,LK,jf-survey-2018,24,Sri Lanka,South Asia,teachers,125,persons,False
2018,LK,jf-survey-2018,24,Sri Lanka,South Asia,learners,8454,persons,False
2018,LK,jf-survey-2018,24,Sri Lanka,South Asia,school,7285,persons,False
2018,LK,jf-survey-2018,24,Sri Lanka,South Asia,multipleStage,,persons,True
2018,LK,jf-survey-2018,24,Sri Lanka,South Asia,primary,517,persons,False
2018,LK,jf-survey-2018,24,Sri Lanka,South Asia,secondary,6768,persons,False
2018,LK,jf-survey-2018,24,Sri Lanka,South Asia,higher,584,persons,False
2018,LK,jf-survey-2018,24,Sri Lanka,South Asia,other,585,persons,False
2018,NP,jf-survey-2018,25,Nepal,South Asia,institutions,126,institutions,False
2018,NP,jf-survey-2018,25,Nepal,South Asia,teachers,443,persons,False
2018,NP,jf-survey-2018,25,Nepal,South Asia,learners,5326,persons,False
2018,NP,jf-survey-2018,25,Nepal,South Asia,school,0,persons,False
2018,NP,jf-survey-2018,25,Nepal,South Asia,multipleStage,,persons,True
2018,NP,jf-survey-2018,25,Nepal,South Asia,primary,0,persons,False
2018,NP,jf-survey-2018,25,Nepal,South Asia,secondary,0,persons,False
2018,NP,jf-survey-2018,25,Nepal,South Asia,higher,200,persons,False
2018,NP,jf-survey-2018,25,Nepal,South Asia,other,5126,persons,False
2018,PK,jf-survey-2018,26,Pakistan,South Asia,institutions,8,institutions,False
2018,PK,jf-survey-2018,26,Pakistan,South Asia,teachers,16,persons,False
2018,PK,jf-survey-2018,26,Pakistan,South Asia,learners,587,persons,False
2018,PK,jf-survey-2018,26,Pakistan,South Asia,school,5,persons,False
2018,PK,jf-survey-2018,26,Pakistan,South Asia,multipleStage,,persons,True
2018,PK,jf-survey-2018,26,Pakistan,South Asia,primary,0,persons,False
2018,PK,jf-survey-2018,26,Pakistan,South Asia,secondary,5,persons,False
2018,PK,jf-survey-2018,26,Pakistan,South Asia,higher,244,persons,False
2018,PK,jf-survey-2018,26,Pakistan,South Asia,other,338,persons,False
2018,BD,jf-survey-2018,27,Bangladesh,South Asia,institutions,85,institutions,False
2018,BD,jf-survey-2018,27,Bangladesh,South Asia,teachers,220,persons,False
2018,BD,jf-survey-2018,27,Bangladesh,South Asia,learners,4801,persons,False
2018,BD,jf-survey-2018,27,Bangladesh,South Asia,school,100,persons,False
2018,BD,jf-survey-2018,27,Bangladesh,South Asia,multipleStage,,persons,True
2018,BD,jf-survey-2018,27,Bangladesh,South Asia,primary,0,persons,False
2018,BD,jf-survey-2018,27,Bangladesh,South Asia,secondary,100,persons,False
2018,BD,jf-survey-2018,27,Bangladesh,South Asia,higher,648,persons,False
2018,BD,jf-survey-2018,27,Bangladesh,South Asia,other,4053,persons,False
2018,BT,jf-survey-2018,28,Bhutan,South Asia,institutions,2,institutions,False
2018,BT,jf-survey-2018,28,Bhutan,South Asia,teachers,8,persons,False
2018,BT,jf-survey-2018,28,Bhutan,South Asia,learners,48,persons,False
2018,BT,jf-survey-2018,28,Bhutan,South Asia,school,0,persons,False
2018,BT,jf-survey-2018,28,Bhutan,South Asia,multipleStage,,persons,True
2018,BT,jf-survey-2018,28,Bhutan,South Asia,primary,0,persons,False
2018,BT,jf-survey-2018,28,Bhutan,South Asia,secondary,0,persons,False
2018,BT,jf-survey-2018,28,Bhutan,South Asia,higher,0,persons,False
2018,BT,jf-survey-2018,28,Bhutan,South Asia,other,48,persons,False
2018,MV,jf-survey-2018,29,Maldives,South Asia,institutions,2,institutions,False
2018,MV,jf-survey-2018,29,Maldives,South Asia,teachers,2,persons,False
2018,MV,jf-survey-2018,29,Maldives,South Asia,learners,40,persons,False
2018,MV,jf-survey-2018,29,Maldives,South Asia,school,0,persons,False
2018,MV,jf-survey-2018,29,Maldives,South Asia,multipleStage,,persons,True
2018,MV,jf-survey-2018,29,Maldives,South Asia,primary,0,persons,False
2018,MV,jf-survey-2018,29,Maldives,South Asia,secondary,0,persons,False
2018,MV,jf-survey-2018,29,Maldives,South Asia,higher,20,persons,False
2018,MV,jf-survey-2018,29,Maldives,South Asia,other,20,persons,False
2018,AU,jf-survey-2018,31,Australia,Oceania,institutions,1764,institutions,False
2018,AU,jf-survey-2018,31,Australia,Oceania,teachers,3135,persons,False
2018,AU,jf-survey-2018,31,Australia,Oceania,learners,405175,persons,False
2018,AU,jf-survey-2018,31,Australia,Oceania,school,390017,persons,False
2018,AU,jf-survey-2018,31,Australia,Oceania,multipleStage,,persons,True
2018,AU,jf-survey-2018,31,Australia,Oceania,primary,258794,persons,False
2018,AU,jf-survey-2018,31,Australia,Oceania,secondary,131223,persons,False
2018,AU,jf-survey-2018,31,Australia,Oceania,higher,11353,persons,False
2018,AU,jf-survey-2018,31,Australia,Oceania,other,3805,persons,False
2018,MP,jf-survey-2018,32,Northern Mariana Islands,Oceania,institutions,4,institutions,False
2018,MP,jf-survey-2018,32,Northern Mariana Islands,Oceania,teachers,4,persons,False
2018,MP,jf-survey-2018,32,Northern Mariana Islands,Oceania,learners,540,persons,False
2018,MP,jf-survey-2018,32,Northern Mariana Islands,Oceania,school,500,persons,False
2018,MP,jf-survey-2018,32,Northern Mariana Islands,Oceania,multipleStage,,persons,True
2018,MP,jf-survey-2018,32,Northern Mariana Islands,Oceania,primary,0,persons,False
2018,MP,jf-survey-2018,32,Northern Mariana Islands,Oceania,secondary,500,persons,False
2018,MP,jf-survey-2018,32,Northern Mariana Islands,Oceania,higher,40,persons,False
2018,MP,jf-survey-2018,32,Northern Mariana Islands,Oceania,other,0,persons,False
2018,KI,jf-survey-2018,33,Kiribati,Oceania,institutions,1,institutions,False
2018,KI,jf-survey-2018,33,Kiribati,Oceania,teachers,3,persons,False
2018,KI,jf-survey-2018,33,Kiribati,Oceania,learners,45,persons,False
2018,KI,jf-survey-2018,33,Kiribati,Oceania,school,0,persons,False
2018,KI,jf-survey-2018,33,Kiribati,Oceania,multipleStage,,persons,True
2018,KI,jf-survey-2018,33,Kiribati,Oceania,primary,0,persons,False
2018,KI,jf-survey-2018,33,Kiribati,Oceania,secondary,0,persons,False
2018,KI,jf-survey-2018,33,Kiribati,Oceania,higher,0,persons,False
2018,KI,jf-survey-2018,33,Kiribati,Oceania,other,45,persons,False
2018,GU,jf-survey-2018,34,Guam,Oceania,institutions,14,institutions,False
2018,GU,jf-survey-2018,34,Guam,Oceania,teachers,21,persons,False
2018,GU,jf-survey-2018,34,Guam,Oceania,learners,1505,persons,False
2018,GU,jf-survey-2018,34,Guam,Oceania,school,1260,persons,False
2018,GU,jf-survey-2018,34,Guam,Oceania,multipleStage,,persons,True
2018,GU,jf-survey-2018,34,Guam,Oceania,primary,52,persons,False
2018,GU,jf-survey-2018,34,Guam,Oceania,secondary,1208,persons,False
2018,GU,jf-survey-2018,34,Guam,Oceania,higher,245,persons,False
2018,GU,jf-survey-2018,34,Guam,Oceania,other,0,persons,False
2018,WS,jf-survey-2018,35,Samoa,Oceania,institutions,1,institutions,False
2018,WS,jf-survey-2018,35,Samoa,Oceania,teachers,2,persons,False
2018,WS,jf-survey-2018,35,Samoa,Oceania,learners,33,persons,False
2018,WS,jf-survey-2018,35,Samoa,Oceania,school,0,persons,False
2018,WS,jf-survey-2018,35,Samoa,Oceania,multipleStage,,persons,True
2018,WS,jf-survey-2018,35,Samoa,Oceania,primary,0,persons,False
2018,WS,jf-survey-2018,35,Samoa,Oceania,secondary,0,persons,False
2018,WS,jf-survey-2018,35,Samoa,Oceania,higher,30,persons,False
2018,WS,jf-survey-2018,35,Samoa,Oceania,other,3,persons,False
2018,TO,jf-survey-2018,36,Tonga,Oceania,institutions,8,institutions,False
2018,TO,jf-survey-2018,36,Tonga,Oceania,teachers,13,persons,False
2018,TO,jf-survey-2018,36,Tonga,Oceania,learners,219,persons,False
2018,TO,jf-survey-2018,36,Tonga,Oceania,school,205,persons,False
2018,TO,jf-survey-2018,36,Tonga,Oceania,multipleStage,,persons,True
2018,TO,jf-survey-2018,36,Tonga,Oceania,primary,0,persons,False
2018,TO,jf-survey-2018,36,Tonga,Oceania,secondary,205,persons,False
2018,TO,jf-survey-2018,36,Tonga,Oceania,higher,3,persons,False
2018,TO,jf-survey-2018,36,Tonga,Oceania,other,11,persons,False
2018,NC,jf-survey-2018,37,New Caledonia,Oceania,institutions,25,institutions,False
2018,NC,jf-survey-2018,37,New Caledonia,Oceania,teachers,47,persons,False
2018,NC,jf-survey-2018,37,New Caledonia,Oceania,learners,2159,persons,False
2018,NC,jf-survey-2018,37,New Caledonia,Oceania,school,2039,persons,False
2018,NC,jf-survey-2018,37,New Caledonia,Oceania,multipleStage,,persons,True
2018,NC,jf-survey-2018,37,New Caledonia,Oceania,primary,0,persons,False
2018,NC,jf-survey-2018,37,New Caledonia,Oceania,secondary,2039,persons,False
2018,NC,jf-survey-2018,37,New Caledonia,Oceania,higher,120,persons,False
2018,NC,jf-survey-2018,37,New Caledonia,Oceania,other,0,persons,False
2018,NZ,jf-survey-2018,38,New Zealand,Oceania,institutions,275,institutions,False
2018,NZ,jf-survey-2018,38,New Zealand,Oceania,teachers,421,persons,False
2018,NZ,jf-survey-2018,38,New Zealand,Oceania,learners,32764,persons,False
2018,NZ,jf-survey-2018,38,New Zealand,Oceania,school,30862,persons,False
2018,NZ,jf-survey-2018,38,New Zealand,Oceania,multipleStage,,persons,True
2018,NZ,jf-survey-2018,38,New Zealand,Oceania,primary,11270,persons,False
2018,NZ,jf-survey-2018,38,New Zealand,Oceania,secondary,19592,persons,False
2018,NZ,jf-survey-2018,38,New Zealand,Oceania,higher,1853,persons,False
2018,NZ,jf-survey-2018,38,New Zealand,Oceania,other,49,persons,False
2018,PG,jf-survey-2018,39,Papua New Guinea,Oceania,institutions,2,institutions,False
2018,PG,jf-survey-2018,39,Papua New Guinea,Oceania,teachers,3,persons,False
2018,PG,jf-survey-2018,39,Papua New Guinea,Oceania,learners,79,persons,False
2018,PG,jf-survey-2018,39,Papua New Guinea,Oceania,school,54,persons,False
2018,PG,jf-survey-2018,39,Papua New Guinea,Oceania,multipleStage,,persons,True
2018,PG,jf-survey-2018,39,Papua New Guinea,Oceania,primary,0,persons,False
2018,PG,jf-survey-2018,39,Papua New Guinea,Oceania,secondary,54,persons,False
2018,PG,jf-survey-2018,39,Papua New Guinea,Oceania,higher,25,persons,False
2018,PG,jf-survey-2018,39,Papua New Guinea,Oceania,other,0,persons,False
2018,PW,jf-survey-2018,40,Palau,Oceania,institutions,2,institutions,False
2018,PW,jf-survey-2018,40,Palau,Oceania,teachers,2,persons,False
2018,PW,jf-survey-2018,40,Palau,Oceania,learners,77,persons,False
2018,PW,jf-survey-2018,40,Palau,Oceania,school,42,persons,False
2018,PW,jf-survey-2018,40,Palau,Oceania,multipleStage,,persons,True
2018,PW,jf-survey-2018,40,Palau,Oceania,primary,0,persons,False
2018,PW,jf-survey-2018,40,Palau,Oceania,secondary,42,persons,False
2018,PW,jf-survey-2018,40,Palau,Oceania,higher,35,persons,False
2018,PW,jf-survey-2018,40,Palau,Oceania,other,0,persons,False
2018,FJ,jf-survey-2018,41,Fiji,Oceania,institutions,0,institutions,False
2018,FJ,jf-survey-2018,41,Fiji,Oceania,teachers,0,persons,False
2018,FJ,jf-survey-2018,41,Fiji,Oceania,learners,0,persons,False
2018,FJ,jf-survey-2018,41,Fiji,Oceania,school,0,persons,False
2018,FJ,jf-survey-2018,41,Fiji,Oceania,multipleStage,,persons,True
2018,FJ,jf-survey-2018,41,Fiji,Oceania,primary,0,persons,False
2018,FJ,jf-survey-2018,41,Fiji,Oceania,secondary,0,persons,False
2018,FJ,jf-survey-2018,41,Fiji,Oceania,higher,0,persons,False
2018,FJ,jf-survey-2018,41,Fiji,Oceania,other,0,persons,False
2018,PF,jf-survey-2018,42,French Polynesia,Oceania,institutions,3,institutions,False
2018,PF,jf-survey-2018,42,French Polynesia,Oceania,teachers,2,persons,False
2018,PF,jf-survey-2018,42,French Polynesia,Oceania,learners,134,persons,False
2018,PF,jf-survey-2018,42,French Polynesia,Oceania,school,80,persons,False
2018,PF,jf-survey-2018,42,French Polynesia,Oceania,multipleStage,,persons,True
2018,PF,jf-survey-2018,42,French Polynesia,Oceania,primary,0,persons,False
2018,PF,jf-survey-2018,42,French Polynesia,Oceania,secondary,80,persons,False
2018,PF,jf-survey-2018,42,French Polynesia,Oceania,higher,0,persons,False
2018,PF,jf-survey-2018,42,French Polynesia,Oceania,other,54,persons,False
2018,MH,jf-survey-2018,43,Marshall Islands,Oceania,institutions,4,institutions,False
2018,MH,jf-survey-2018,43,Marshall Islands,Oceania,teachers,4,persons,False
2018,MH,jf-survey-2018,43,Marshall Islands,Oceania,learners,242,persons,False
2018,MH,jf-survey-2018,43,Marshall Islands,Oceania,school,186,persons,False
2018,MH,jf-survey-2018,43,Marshall Islands,Oceania,multipleStage,,persons,True
2018,MH,jf-survey-2018,43,Marshall Islands,Oceania,primary,0,persons,False
2018,MH,jf-survey-2018,43,Marshall Islands,Oceania,secondary,186,persons,False
2018,MH,jf-survey-2018,43,Marshall Islands,Oceania,higher,56,persons,False
2018,MH,jf-survey-2018,43,Marshall Islands,Oceania,other,0,persons,False
2018,FM,jf-survey-2018,44,Micronesia,Oceania,institutions,5,institutions,False
2018,FM,jf-survey-2018,44,Micronesia,Oceania,teachers,6,persons,False
2018,FM,jf-survey-2018,44,Micronesia,Oceania,learners,243,persons,False
2018,FM,jf-survey-2018,44,Micronesia,Oceania,school,122,persons,False
2018,FM,jf-survey-2018,44,Micronesia,Oceania,multipleStage,,persons,True
2018,FM,jf-survey-2018,44,Micronesia,Oceania,primary,0,persons,False
2018,FM,jf-survey-2018,44,Micronesia,Oceania,secondary,122,persons,False
2018,FM,jf-survey-2018,44,Micronesia,Oceania,higher,30,persons,False
2018,FM,jf-survey-2018,44,Micronesia,Oceania,other,91,persons,False
2018,CA,jf-survey-2018,46,Canada,North America,institutions,161,institutions,False
2018,CA,jf-survey-2018,46,Canada,North America,teachers,662,persons,False
2018,CA,jf-survey-2018,46,Canada,North America,learners,19489,persons,False
2018,CA,jf-survey-2018,46,Canada,North America,school,4465,persons,False
2018,CA,jf-survey-2018,46,Canada,North America,multipleStage,,persons,True
2018,CA,jf-survey-2018,46,Canada,North America,primary,90,persons,False
2018,CA,jf-survey-2018,46,Canada,North America,secondary,4375,persons,False
2018,CA,jf-survey-2018,46,Canada,North America,higher,9774,persons,False
2018,CA,jf-survey-2018,46,Canada,North America,other,5250,persons,False
2018,US,jf-survey-2018,47,United States,North America,institutions,1446,institutions,False
2018,US,jf-survey-2018,47,United States,North America,teachers,4021,persons,False
2018,US,jf-survey-2018,47,United States,North America,learners,166905,persons,False
2018,US,jf-survey-2018,47,United States,North America,school,88064,persons,False
2018,US,jf-survey-2018,47,United States,North America,multipleStage,,persons,True
2018,US,jf-survey-2018,47,United States,North America,primary,17609,persons,False
2018,US,jf-survey-2018,47,United States,North America,secondary,70455,persons,False
2018,US,jf-survey-2018,47,United States,North America,higher,68237,persons,False
2018,US,jf-survey-2018,47,United States,North America,other,10604,persons,False
2018,SV,jf-survey-2018,49,El Salvador,Central America,institutions,4,institutions,False
2018,SV,jf-survey-2018,49,El Salvador,Central America,teachers,24,persons,False
2018,SV,jf-survey-2018,49,El Salvador,Central America,learners,424,persons,False
2018,SV,jf-survey-2018,49,El Salvador,Central America,school,0,persons,False
2018,SV,jf-survey-2018,49,El Salvador,Central America,multipleStage,,persons,True
2018,SV,jf-survey-2018,49,El Salvador,Central America,primary,0,persons,False
2018,SV,jf-survey-2018,49,El Salvador,Central America,secondary,0,persons,False
2018,SV,jf-survey-2018,49,El Salvador,Central America,higher,10,persons,False
2018,SV,jf-survey-2018,49,El Salvador,Central America,other,414,persons,False
2018,CU,jf-survey-2018,50,Cuba,Central America,institutions,4,institutions,False
2018,CU,jf-survey-2018,50,Cuba,Central America,teachers,10,persons,False
2018,CU,jf-survey-2018,50,Cuba,Central America,learners,574,persons,False
2018,CU,jf-survey-2018,50,Cuba,Central America,school,0,persons,False
2018,CU,jf-survey-2018,50,Cuba,Central America,multipleStage,,persons,True
2018,CU,jf-survey-2018,50,Cuba,Central America,primary,0,persons,False
2018,CU,jf-survey-2018,50,Cuba,Central America,secondary,0,persons,False
2018,CU,jf-survey-2018,50,Cuba,Central America,higher,22,persons,False
2018,CU,jf-survey-2018,50,Cuba,Central America,other,552,persons,False
2018,GT,jf-survey-2018,51,Guatemala,Central America,institutions,6,institutions,False
2018,GT,jf-survey-2018,51,Guatemala,Central America,teachers,10,persons,False
2018,GT,jf-survey-2018,51,Guatemala,Central America,learners,333,persons,False
2018,GT,jf-survey-2018,51,Guatemala,Central America,school,0,persons,False
2018,GT,jf-survey-2018,51,Guatemala,Central America,multipleStage,,persons,True
2018,GT,jf-survey-2018,51,Guatemala,Central America,primary,0,persons,False
2018,GT,jf-survey-2018,51,Guatemala,Central America,secondary,0,persons,False
2018,GT,jf-survey-2018,51,Guatemala,Central America,higher,19,persons,False
2018,GT,jf-survey-2018,51,Guatemala,Central America,other,314,persons,False
2018,CR,jf-survey-2018,52,Costa Rica,Central America,institutions,12,institutions,False
2018,CR,jf-survey-2018,52,Costa Rica,Central America,teachers,39,persons,False
2018,CR,jf-survey-2018,52,Costa Rica,Central America,learners,892,persons,False
2018,CR,jf-survey-2018,52,Costa Rica,Central America,school,0,persons,False
2018,CR,jf-survey-2018,52,Costa Rica,Central America,multipleStage,,persons,True
2018,CR,jf-survey-2018,52,Costa Rica,Central America,primary,0,persons,False
2018,CR,jf-survey-2018,52,Costa Rica,Central America,secondary,0,persons,False
2018,CR,jf-survey-2018,52,Costa Rica,Central America,higher,300,persons,False
2018,CR,jf-survey-2018,52,Costa Rica,Central America,other,592,persons,False
2018,JM,jf-survey-2018,53,Jamaica,Central America,institutions,3,institutions,False
2018,JM,jf-survey-2018,53,Jamaica,Central America,teachers,5,persons,False
2018,JM,jf-survey-2018,53,Jamaica,Central America,learners,217,persons,False
2018,JM,jf-survey-2018,53,Jamaica,Central America,school,0,persons,False
2018,JM,jf-survey-2018,53,Jamaica,Central America,multipleStage,,persons,True
2018,JM,jf-survey-2018,53,Jamaica,Central America,primary,0,persons,False
2018,JM,jf-survey-2018,53,Jamaica,Central America,secondary,0,persons,False
2018,JM,jf-survey-2018,53,Jamaica,Central America,higher,177,persons,False
2018,JM,jf-survey-2018,53,Jamaica,Central America,other,40,persons,False
2018,DO,jf-survey-2018,54,Dominican Republic,Central America,institutions,4,institutions,False
2018,DO,jf-survey-2018,54,Dominican Republic,Central America,teachers,26,persons,False
2018,DO,jf-survey-2018,54,Dominican Republic,Central America,learners,227,persons,False
2018,DO,jf-survey-2018,54,Dominican Republic,Central America,school,0,persons,False
2018,DO,jf-survey-2018,54,Dominican Republic,Central America,multipleStage,,persons,True
2018,DO,jf-survey-2018,54,Dominican Republic,Central America,primary,0,persons,False
2018,DO,jf-survey-2018,54,Dominican Republic,Central America,secondary,0,persons,False
2018,DO,jf-survey-2018,54,Dominican Republic,Central America,higher,60,persons,False
2018,DO,jf-survey-2018,54,Dominican Republic,Central America,other,167,persons,False
2018,TT,jf-survey-2018,55,Trinidad & Tobago,Central America,institutions,1,institutions,False
2018,TT,jf-survey-2018,55,Trinidad & Tobago,Central America,teachers,3,persons,False
2018,TT,jf-survey-2018,55,Trinidad & Tobago,Central America,learners,170,persons,False
2018,TT,jf-survey-2018,55,Trinidad & Tobago,Central America,school,0,persons,False
2018,TT,jf-survey-2018,55,Trinidad & Tobago,Central America,multipleStage,,persons,True
2018,TT,jf-survey-2018,55,Trinidad & Tobago,Central America,primary,0,persons,False
2018,TT,jf-survey-2018,55,Trinidad & Tobago,Central America,secondary,0,persons,False
2018,TT,jf-survey-2018,55,Trinidad & Tobago,Central America,higher,0,persons,False
2018,TT,jf-survey-2018,55,Trinidad & Tobago,Central America,other,170,persons,False
2018,NI,jf-survey-2018,56,Nicaragua,Central America,institutions,1,institutions,False
2018,NI,jf-survey-2018,56,Nicaragua,Central America,teachers,7,persons,False
2018,NI,jf-survey-2018,56,Nicaragua,Central America,learners,120,persons,False
2018,NI,jf-survey-2018,56,Nicaragua,Central America,school,0,persons,False
2018,NI,jf-survey-2018,56,Nicaragua,Central America,multipleStage,,persons,True
2018,NI,jf-survey-2018,56,Nicaragua,Central America,primary,0,persons,False
2018,NI,jf-survey-2018,56,Nicaragua,Central America,secondary,0,persons,False
2018,NI,jf-survey-2018,56,Nicaragua,Central America,higher,0,persons,False
2018,NI,jf-survey-2018,56,Nicaragua,Central America,other,120,persons,False
2018,HT,jf-survey-2018,57,Haiti,Central America,institutions,1,institutions,False
2018,HT,jf-survey-2018,57,Haiti,Central America,teachers,4,persons,False
2018,HT,jf-survey-2018,57,Haiti,Central America,learners,36,persons,False
2018,HT,jf-survey-2018,57,Haiti,Central America,school,0,persons,False
2018,HT,jf-survey-2018,57,Haiti,Central America,multipleStage,,persons,True
2018,HT,jf-survey-2018,57,Haiti,Central America,primary,0,persons,False
2018,HT,jf-survey-2018,57,Haiti,Central America,secondary,0,persons,False
2018,HT,jf-survey-2018,57,Haiti,Central America,higher,0,persons,False
2018,HT,jf-survey-2018,57,Haiti,Central America,other,36,persons,False
2018,PA,jf-survey-2018,58,Panama,Central America,institutions,3,institutions,False
2018,PA,jf-survey-2018,58,Panama,Central America,teachers,6,persons,False
2018,PA,jf-survey-2018,58,Panama,Central America,learners,132,persons,False
2018,PA,jf-survey-2018,58,Panama,Central America,school,37,persons,False
2018,PA,jf-survey-2018,58,Panama,Central America,multipleStage,,persons,True
2018,PA,jf-survey-2018,58,Panama,Central America,primary,0,persons,False
2018,PA,jf-survey-2018,58,Panama,Central America,secondary,37,persons,False
2018,PA,jf-survey-2018,58,Panama,Central America,higher,30,persons,False
2018,PA,jf-survey-2018,58,Panama,Central America,other,65,persons,False
2018,PR,jf-survey-2018,59,Puerto Rico,Central America,institutions,1,institutions,False
2018,PR,jf-survey-2018,59,Puerto Rico,Central America,teachers,1,persons,False
2018,PR,jf-survey-2018,59,Puerto Rico,Central America,learners,50,persons,False
2018,PR,jf-survey-2018,59,Puerto Rico,Central America,school,0,persons,False
2018,PR,jf-survey-2018,59,Puerto Rico,Central America,multipleStage,,persons,True
2018,PR,jf-survey-2018,59,Puerto Rico,Central America,primary,0,persons,False
2018,PR,jf-survey-2018,59,Puerto Rico,Central America,secondary,0,persons,False
2018,PR,jf-survey-2018,59,Puerto Rico,Central America,higher,50,persons,False
2018,PR,jf-survey-2018,59,Puerto Rico,Central America,other,0,persons,False
2018,BZ,jf-survey-2018,60,Belize,Central America,institutions,2,institutions,False
2018,BZ,jf-survey-2018,60,Belize,Central America,teachers,3,persons,False
2018,BZ,jf-survey-2018,60,Belize,Central America,learners,27,persons,False
2018,BZ,jf-survey-2018,60,Belize,Central America,school,15,persons,False
2018,BZ,jf-survey-2018,60,Belize,Central America,multipleStage,,persons,True
2018,BZ,jf-survey-2018,60,Belize,Central America,primary,0,persons,False
2018,BZ,jf-survey-2018,60,Belize,Central America,secondary,15,persons,False
2018,BZ,jf-survey-2018,60,Belize,Central America,higher,0,persons,False
2018,BZ,jf-survey-2018,60,Belize,Central America,other,12,persons,False
2018,HN,jf-survey-2018,61,Honduras,Central America,institutions,6,institutions,False
2018,HN,jf-survey-2018,61,Honduras,Central America,teachers,21,persons,False
2018,HN,jf-survey-2018,61,Honduras,Central America,learners,492,persons,False
2018,HN,jf-survey-2018,61,Honduras,Central America,school,142,persons,False
2018,HN,jf-survey-2018,61,Honduras,Central America,multipleStage,,persons,True
2018,HN,jf-survey-2018,61,Honduras,Central America,primary,111,persons,False
2018,HN,jf-survey-2018,61,Honduras,Central America,secondary,31,persons,False
2018,HN,jf-survey-2018,61,Honduras,Central America,higher,15,persons,False
2018,HN,jf-survey-2018,61,Honduras,Central America,other,335,persons,False
2018,MX,jf-survey-2018,62,Mexico,Central America,institutions,120,institutions,False
2018,MX,jf-survey-2018,62,Mexico,Central America,teachers,483,persons,False
2018,MX,jf-survey-2018,62,Mexico,Central America,learners,13673,persons,False
2018,MX,jf-survey-2018,62,Mexico,Central America,school,2196,persons,False
2018,MX,jf-survey-2018,62,Mexico,Central America,multipleStage,,persons,True
2018,MX,jf-survey-2018,62,Mexico,Central America,primary,1081,persons,False
2018,MX,jf-survey-2018,62,Mexico,Central America,secondary,1115,persons,False
2018,MX,jf-survey-2018,62,Mexico,Central America,higher,3307,persons,False
2018,MX,jf-survey-2018,62,Mexico,Central America,other,8170,persons,False
2018,AR,jf-survey-2018,64,Argentina,South America,institutions,46,institutions,False
2018,AR,jf-survey-2018,64,Argentina,South America,teachers,206,persons,False
2018,AR,jf-survey-2018,64,Argentina,South America,learners,5054,persons,False
2018,AR,jf-survey-2018,64,Argentina,South America,school,670,persons,False
2018,AR,jf-survey-2018,64,Argentina,South America,multipleStage,,persons,True
2018,AR,jf-survey-2018,64,Argentina,South America,primary,490,persons,False
2018,AR,jf-survey-2018,64,Argentina,South America,secondary,180,persons,False
2018,AR,jf-survey-2018,64,Argentina,South America,higher,0,persons,False
2018,AR,jf-survey-2018,64,Argentina,South America,other,4384,persons,False
2018,UY,jf-survey-2018,65,Uruguay,South America,institutions,4,institutions,False
2018,UY,jf-survey-2018,65,Uruguay,South America,teachers,12,persons,False
2018,UY,jf-survey-2018,65,Uruguay,South America,learners,251,persons,False
2018,UY,jf-survey-2018,65,Uruguay,South America,school,0,persons,False
2018,UY,jf-survey-2018,65,Uruguay,South America,multipleStage,,persons,True
2018,UY,jf-survey-2018,65,Uruguay,South America,primary,0,persons,False
2018,UY,jf-survey-2018,65,Uruguay,South America,secondary,0,persons,False
2018,UY,jf-survey-2018,65,Uruguay,South America,higher,100,persons,False
2018,UY,jf-survey-2018,65,Uruguay,South America,other,151,persons,False
2018,EC,jf-survey-2018,66,Ecuador,South America,institutions,4,institutions,False
2018,EC,jf-survey-2018,66,Ecuador,South America,teachers,11,persons,False
2018,EC,jf-survey-2018,66,Ecuador,South America,learners,112,persons,False
2018,EC,jf-survey-2018,66,Ecuador,South America,school,0,persons,False
2018,EC,jf-survey-2018,66,Ecuador,South America,multipleStage,,persons,True
2018,EC,jf-survey-2018,66,Ecuador,South America,primary,0,persons,False
2018,EC,jf-survey-2018,66,Ecuador,South America,secondary,0,persons,False
2018,EC,jf-survey-2018,66,Ecuador,South America,higher,30,persons,False
2018,EC,jf-survey-2018,66,Ecuador,South America,other,82,persons,False
2018,CO,jf-survey-2018,67,Colombia,South America,institutions,18,institutions,False
2018,CO,jf-survey-2018,67,Colombia,South America,teachers,91,persons,False
2018,CO,jf-survey-2018,67,Colombia,South America,learners,1645,persons,False
2018,CO,jf-survey-2018,67,Colombia,South America,school,173,persons,False
2018,CO,jf-survey-2018,67,Colombia,South America,multipleStage,,persons,True
2018,CO,jf-survey-2018,67,Colombia,South America,primary,47,persons,False
2018,CO,jf-survey-2018,67,Colombia,South America,secondary,126,persons,False
2018,CO,jf-survey-2018,67,Colombia,South America,higher,547,persons,False
2018,CO,jf-survey-2018,67,Colombia,South America,other,925,persons,False
2018,CL,jf-survey-2018,68,Chile,South America,institutions,10,institutions,False
2018,CL,jf-survey-2018,68,Chile,South America,teachers,43,persons,False
2018,CL,jf-survey-2018,68,Chile,South America,learners,1205,persons,False
2018,CL,jf-survey-2018,68,Chile,South America,school,100,persons,False
2018,CL,jf-survey-2018,68,Chile,South America,multipleStage,,persons,True
2018,CL,jf-survey-2018,68,Chile,South America,primary,0,persons,False
2018,CL,jf-survey-2018,68,Chile,South America,secondary,100,persons,False
2018,CL,jf-survey-2018,68,Chile,South America,higher,238,persons,False
2018,CL,jf-survey-2018,68,Chile,South America,other,867,persons,False
2018,PY,jf-survey-2018,69,Paraguay,South America,institutions,12,institutions,False
2018,PY,jf-survey-2018,69,Paraguay,South America,teachers,146,persons,False
2018,PY,jf-survey-2018,69,Paraguay,South America,learners,3010,persons,False
2018,PY,jf-survey-2018,69,Paraguay,South America,school,2252,persons,False
2018,PY,jf-survey-2018,69,Paraguay,South America,multipleStage,,persons,True
2018,PY,jf-survey-2018,69,Paraguay,South America,primary,1336,persons,False
2018,PY,jf-survey-2018,69,Paraguay,South America,secondary,916,persons,False
2018,PY,jf-survey-2018,69,Paraguay,South America,higher,100,persons,False
2018,PY,jf-survey-2018,69,Paraguay,South America,other,658,persons,False
2018,BR,jf-survey-2018,70,Brazil,South America,institutions,380,institutions,False
2018,BR,jf-survey-2018,70,Brazil,South America,teachers,1182,persons,False
2018,BR,jf-survey-2018,70,Brazil,South America,learners,26157,persons,False
2018,BR,jf-survey-2018,70,Brazil,South America,school,8491,persons,False
2018,BR,jf-survey-2018,70,Brazil,South America,multipleStage,,persons,True
2018,BR,jf-survey-2018,70,Brazil,South America,primary,2666,persons,False
2018,BR,jf-survey-2018,70,Brazil,South America,secondary,5825,persons,False
2018,BR,jf-survey-2018,70,Brazil,South America,higher,1499,persons,False
2018,BR,jf-survey-2018,70,Brazil,South America,other,16167,persons,False
2018,VE,jf-survey-2018,71,Venezuela,South America,institutions,11,institutions,False
2018,VE,jf-survey-2018,71,Venezuela,South America,teachers,35,persons,False
2018,VE,jf-survey-2018,71,Venezuela,South America,learners,443,persons,False
2018,VE,jf-survey-2018,71,Venezuela,South America,school,4,persons,False
2018,VE,jf-survey-2018,71,Venezuela,South America,multipleStage,,persons,True
2018,VE,jf-survey-2018,71,Venezuela,South America,primary,4,persons,False
2018,VE,jf-survey-2018,71,Venezuela,South America,secondary,0,persons,False
2018,VE,jf-survey-2018,71,Venezuela,South America,higher,25,persons,False
2018,VE,jf-survey-2018,71,Venezuela,South America,other,414,persons,False
2018,PE,jf-survey-2018,72,Peru,South America,institutions,10,institutions,False
2018,PE,jf-survey-2018,72,Peru,South America,teachers,72,persons,False
2018,PE,jf-survey-2018,72,Peru,South America,learners,3792,persons,False
2018,PE,jf-survey-2018,72,Peru,South America,school,2658,persons,False
2018,PE,jf-survey-2018,72,Peru,South America,multipleStage,,persons,True
2018,PE,jf-survey-2018,72,Peru,South America,primary,1602,persons,False
2018,PE,jf-survey-2018,72,Peru,South America,secondary,1056,persons,False
2018,PE,jf-survey-2018,72,Peru,South America,higher,40,persons,False
2018,PE,jf-survey-2018,72,Peru,South America,other,1094,persons,False
2018,BO,jf-survey-2018,73,Bolivia,South America,institutions,6,institutions,False
2018,BO,jf-survey-2018,73,Bolivia,South America,teachers,40,persons,False
2018,BO,jf-survey-2018,73,Bolivia,South America,learners,557,persons,False
2018,BO,jf-survey-2018,73,Bolivia,South America,school,338,persons,False
2018,BO,jf-survey-2018,73,Bolivia,South America,multipleStage,,persons,True
2018,BO,jf-survey-2018,73,Bolivia,South America,primary,272,persons,False
2018,BO,jf-survey-2018,73,Bolivia,South America,secondary,66,persons,False
2018,BO,jf-survey-2018,73,Bolivia,South America,higher,0,persons,False
2018,BO,jf-survey-2018,73,Bolivia,South America,other,219,persons,False
2018,IS,jf-survey-2018,75,Iceland,Western Europe,institutions,4,institutions,False
2018,IS,jf-survey-2018,75,Iceland,Western Europe,teachers,5,persons,False
2018,IS,jf-survey-2018,75,Iceland,Western Europe,learners,99,persons,False
2018,IS,jf-survey-2018,75,Iceland,Western Europe,school,53,persons,False
2018,IS,jf-survey-2018,75,Iceland,Western Europe,multipleStage,,persons,True
2018,IS,jf-survey-2018,75,Iceland,Western Europe,primary,0,persons,False
2018,IS,jf-survey-2018,75,Iceland,Western Europe,secondary,53,persons,False
2018,IS,jf-survey-2018,75,Iceland,Western Europe,higher,41,persons,False
2018,IS,jf-survey-2018,75,Iceland,Western Europe,other,5,persons,False
2018,IE,jf-survey-2018,76,Ireland,Western Europe,institutions,44,institutions,False
2018,IE,jf-survey-2018,76,Ireland,Western Europe,teachers,67,persons,False
2018,IE,jf-survey-2018,76,Ireland,Western Europe,learners,2803,persons,False
2018,IE,jf-survey-2018,76,Ireland,Western Europe,school,2195,persons,False
2018,IE,jf-survey-2018,76,Ireland,Western Europe,multipleStage,,persons,True
2018,IE,jf-survey-2018,76,Ireland,Western Europe,primary,1,persons,False
2018,IE,jf-survey-2018,76,Ireland,Western Europe,secondary,2194,persons,False
2018,IE,jf-survey-2018,76,Ireland,Western Europe,higher,503,persons,False
2018,IE,jf-survey-2018,76,Ireland,Western Europe,other,105,persons,False
2018,IT,jf-survey-2018,77,Italy,Western Europe,institutions,62,institutions,False
2018,IT,jf-survey-2018,77,Italy,Western Europe,teachers,235,persons,False
2018,IT,jf-survey-2018,77,Italy,Western Europe,learners,7831,persons,False
2018,IT,jf-survey-2018,77,Italy,Western Europe,school,706,persons,False
2018,IT,jf-survey-2018,77,Italy,Western Europe,multipleStage,,persons,True
2018,IT,jf-survey-2018,77,Italy,Western Europe,primary,0,persons,False
2018,IT,jf-survey-2018,77,Italy,Western Europe,secondary,706,persons,False
2018,IT,jf-survey-2018,77,Italy,Western Europe,higher,5639,persons,False
2018,IT,jf-survey-2018,77,Italy,Western Europe,other,1486,persons,False
2018,GB,jf-survey-2018,78,United Kingdom,Western Europe,institutions,288,institutions,False
2018,GB,jf-survey-2018,78,United Kingdom,Western Europe,teachers,646,persons,False
2018,GB,jf-survey-2018,78,United Kingdom,Western Europe,learners,20040,persons,False
2018,GB,jf-survey-2018,78,United Kingdom,Western Europe,school,8372,persons,False
2018,GB,jf-survey-2018,78,United Kingdom,Western Europe,multipleStage,,persons,True
2018,GB,jf-survey-2018,78,United Kingdom,Western Europe,primary,3878,persons,False
2018,GB,jf-survey-2018,78,United Kingdom,Western Europe,secondary,4494,persons,False
2018,GB,jf-survey-2018,78,United Kingdom,Western Europe,higher,7678,persons,False
2018,GB,jf-survey-2018,78,United Kingdom,Western Europe,other,3990,persons,False
2018,AT,jf-survey-2018,79,Austria,Western Europe,institutions,14,institutions,False
2018,AT,jf-survey-2018,79,Austria,Western Europe,teachers,28,persons,False
2018,AT,jf-survey-2018,79,Austria,Western Europe,learners,800,persons,False
2018,AT,jf-survey-2018,79,Austria,Western Europe,school,41,persons,False
2018,AT,jf-survey-2018,79,Austria,Western Europe,multipleStage,,persons,True
2018,AT,jf-survey-2018,79,Austria,Western Europe,primary,0,persons,False
2018,AT,jf-survey-2018,79,Austria,Western Europe,secondary,41,persons,False
2018,AT,jf-survey-2018,79,Austria,Western Europe,higher,632,persons,False
2018,AT,jf-survey-2018,79,Austria,Western Europe,other,127,persons,False
2018,NL,jf-survey-2018,80,Netherlands,Western Europe,institutions,16,institutions,False
2018,NL,jf-survey-2018,80,Netherlands,Western Europe,teachers,40,persons,False
2018,NL,jf-survey-2018,80,Netherlands,Western Europe,learners,1496,persons,False
2018,NL,jf-survey-2018,80,Netherlands,Western Europe,school,0,persons,False
2018,NL,jf-survey-2018,80,Netherlands,Western Europe,multipleStage,,persons,True
2018,NL,jf-survey-2018,80,Netherlands,Western Europe,primary,0,persons,False
2018,NL,jf-survey-2018,80,Netherlands,Western Europe,secondary,0,persons,False
2018,NL,jf-survey-2018,80,Netherlands,Western Europe,higher,1079,persons,False
2018,NL,jf-survey-2018,80,Netherlands,Western Europe,other,417,persons,False
2018,GR,jf-survey-2018,81,Greece,Western Europe,institutions,11,institutions,False
2018,GR,jf-survey-2018,81,Greece,Western Europe,teachers,29,persons,False
2018,GR,jf-survey-2018,81,Greece,Western Europe,learners,608,persons,False
2018,GR,jf-survey-2018,81,Greece,Western Europe,school,0,persons,False
2018,GR,jf-survey-2018,81,Greece,Western Europe,multipleStage,,persons,True
2018,GR,jf-survey-2018,81,Greece,Western Europe,primary,0,persons,False
2018,GR,jf-survey-2018,81,Greece,Western Europe,secondary,0,persons,False
2018,GR,jf-survey-2018,81,Greece,Western Europe,higher,0,persons,False
2018,GR,jf-survey-2018,81,Greece,Western Europe,other,608,persons,False
2018,CH,jf-survey-2018,82,Switzerland,Western Europe,institutions,72,institutions,False
2018,CH,jf-survey-2018,82,Switzerland,Western Europe,teachers,194,persons,False
2018,CH,jf-survey-2018,82,Switzerland,Western Europe,learners,3008,persons,False
2018,CH,jf-survey-2018,82,Switzerland,Western Europe,school,124,persons,False
2018,CH,jf-survey-2018,82,Switzerland,Western Europe,multipleStage,,persons,True
2018,CH,jf-survey-2018,82,Switzerland,Western Europe,primary,4,persons,False
2018,CH,jf-survey-2018,82,Switzerland,Western Europe,secondary,120,persons,False
2018,CH,jf-survey-2018,82,Switzerland,Western Europe,higher,676,persons,False
2018,CH,jf-survey-2018,82,Switzerland,Western Europe,other,2208,persons,False
2018,SE,jf-survey-2018,83,Sweden,Western Europe,institutions,29,institutions,False
2018,SE,jf-survey-2018,83,Sweden,Western Europe,teachers,57,persons,False
2018,SE,jf-survey-2018,83,Sweden,Western Europe,learners,1769,persons,False
2018,SE,jf-survey-2018,83,Sweden,Western Europe,school,408,persons,False
2018,SE,jf-survey-2018,83,Sweden,Western Europe,multipleStage,,persons,True
2018,SE,jf-survey-2018,83,Sweden,Western Europe,primary,55,persons,False
2018,SE,jf-survey-2018,83,Sweden,Western Europe,secondary,353,persons,False
2018,SE,jf-survey-2018,83,Sweden,Western Europe,higher,1186,persons,False
2018,SE,jf-survey-2018,83,Sweden,Western Europe,other,175,persons,False
2018,ES,jf-survey-2018,84,Spain,Western Europe,institutions,141,institutions,False
2018,ES,jf-survey-2018,84,Spain,Western Europe,teachers,325,persons,False
2018,ES,jf-survey-2018,84,Spain,Western Europe,learners,8495,persons,False
2018,ES,jf-survey-2018,84,Spain,Western Europe,school,41,persons,False
2018,ES,jf-survey-2018,84,Spain,Western Europe,multipleStage,,persons,True
2018,ES,jf-survey-2018,84,Spain,Western Europe,primary,5,persons,False
2018,ES,jf-survey-2018,84,Spain,Western Europe,secondary,36,persons,False
2018,ES,jf-survey-2018,84,Spain,Western Europe,higher,1743,persons,False
2018,ES,jf-survey-2018,84,Spain,Western Europe,other,6711,persons,False
2018,DK,jf-survey-2018,85,Denmark,Western Europe,institutions,15,institutions,False
2018,DK,jf-survey-2018,85,Denmark,Western Europe,teachers,23,persons,False
2018,DK,jf-survey-2018,85,Denmark,Western Europe,learners,751,persons,False
2018,DK,jf-survey-2018,85,Denmark,Western Europe,school,187,persons,False
2018,DK,jf-survey-2018,85,Denmark,Western Europe,multipleStage,,persons,True
2018,DK,jf-survey-2018,85,Denmark,Western Europe,primary,0,persons,False
2018,DK,jf-survey-2018,85,Denmark,Western Europe,secondary,187,persons,False
2018,DK,jf-survey-2018,85,Denmark,Western Europe,higher,174,persons,False
2018,DK,jf-survey-2018,85,Denmark,Western Europe,other,390,persons,False
2018,DE,jf-survey-2018,86,Germany,Western Europe,institutions,157,institutions,False
2018,DE,jf-survey-2018,86,Germany,Western Europe,teachers,473,persons,False
2018,DE,jf-survey-2018,86,Germany,Western Europe,learners,15465,persons,False
2018,DE,jf-survey-2018,86,Germany,Western Europe,school,1754,persons,False
2018,DE,jf-survey-2018,86,Germany,Western Europe,multipleStage,,persons,True
2018,DE,jf-survey-2018,86,Germany,Western Europe,primary,18,persons,False
2018,DE,jf-survey-2018,86,Germany,Western Europe,secondary,1736,persons,False
2018,DE,jf-survey-2018,86,Germany,Western Europe,higher,7043,persons,False
2018,DE,jf-survey-2018,86,Germany,Western Europe,other,6668,persons,False
2018,NO,jf-survey-2018,87,Norway,Western Europe,institutions,9,institutions,False
2018,NO,jf-survey-2018,87,Norway,Western Europe,teachers,17,persons,False
2018,NO,jf-survey-2018,87,Norway,Western Europe,learners,640,persons,False
2018,NO,jf-survey-2018,87,Norway,Western Europe,school,210,persons,False
2018,NO,jf-survey-2018,87,Norway,Western Europe,multipleStage,,persons,True
2018,NO,jf-survey-2018,87,Norway,Western Europe,primary,0,persons,False
2018,NO,jf-survey-2018,87,Norway,Western Europe,secondary,210,persons,False
2018,NO,jf-survey-2018,87,Norway,Western Europe,higher,389,persons,False
2018,NO,jf-survey-2018,87,Norway,Western Europe,other,41,persons,False
2018,FI,jf-survey-2018,88,Finland,Western Europe,institutions,6,institutions,False
2018,FI,jf-survey-2018,88,Finland,Western Europe,teachers,11,persons,False
2018,FI,jf-survey-2018,88,Finland,Western Europe,learners,284,persons,False
2018,FI,jf-survey-2018,88,Finland,Western Europe,school,0,persons,False
2018,FI,jf-survey-2018,88,Finland,Western Europe,multipleStage,,persons,True
2018,FI,jf-survey-2018,88,Finland,Western Europe,primary,0,persons,False
2018,FI,jf-survey-2018,88,Finland,Western Europe,secondary,0,persons,False
2018,FI,jf-survey-2018,88,Finland,Western Europe,higher,158,persons,False
2018,FI,jf-survey-2018,88,Finland,Western Europe,other,126,persons,False
2018,FR,jf-survey-2018,89,France,Western Europe,institutions,229,institutions,False
2018,FR,jf-survey-2018,89,France,Western Europe,teachers,763,persons,False
2018,FR,jf-survey-2018,89,France,Western Europe,learners,24150,persons,False
2018,FR,jf-survey-2018,89,France,Western Europe,school,5809,persons,False
2018,FR,jf-survey-2018,89,France,Western Europe,multipleStage,,persons,True
2018,FR,jf-survey-2018,89,France,Western Europe,primary,175,persons,False
2018,FR,jf-survey-2018,89,France,Western Europe,secondary,5634,persons,False
2018,FR,jf-survey-2018,89,France,Western Europe,higher,12321,persons,False
2018,FR,jf-survey-2018,89,France,Western Europe,other,6020,persons,False
2018,BE,jf-survey-2018,90,Belgium,Western Europe,institutions,5,institutions,False
2018,BE,jf-survey-2018,90,Belgium,Western Europe,teachers,20,persons,False
2018,BE,jf-survey-2018,90,Belgium,Western Europe,learners,960,persons,False
2018,BE,jf-survey-2018,90,Belgium,Western Europe,school,0,persons,False
2018,BE,jf-survey-2018,90,Belgium,Western Europe,multipleStage,,persons,True
2018,BE,jf-survey-2018,90,Belgium,Western Europe,primary,0,persons,False
2018,BE,jf-survey-2018,90,Belgium,Western Europe,secondary,0,persons,False
2018,BE,jf-survey-2018,90,Belgium,Western Europe,higher,353,persons,False
2018,BE,jf-survey-2018,90,Belgium,Western Europe,other,607,persons,False
2018,PT,jf-survey-2018,91,Portugal,Western Europe,institutions,14,institutions,False
2018,PT,jf-survey-2018,91,Portugal,Western Europe,teachers,28,persons,False
2018,PT,jf-survey-2018,91,Portugal,Western Europe,learners,682,persons,False
2018,PT,jf-survey-2018,91,Portugal,Western Europe,school,0,persons,False
2018,PT,jf-survey-2018,91,Portugal,Western Europe,multipleStage,,persons,True
2018,PT,jf-survey-2018,91,Portugal,Western Europe,primary,0,persons,False
2018,PT,jf-survey-2018,91,Portugal,Western Europe,secondary,0,persons,False
2018,PT,jf-survey-2018,91,Portugal,Western Europe,higher,185,persons,False
2018,PT,jf-survey-2018,91,Portugal,Western Europe,other,497,persons,False
2018,MT,jf-survey-2018,92,Malta,Western Europe,institutions,1,institutions,False
2018,MT,jf-survey-2018,92,Malta,Western Europe,teachers,2,persons,False
2018,MT,jf-survey-2018,92,Malta,Western Europe,learners,15,persons,False
2018,MT,jf-survey-2018,92,Malta,Western Europe,school,0,persons,False
2018,MT,jf-survey-2018,92,Malta,Western Europe,multipleStage,,persons,True
2018,MT,jf-survey-2018,92,Malta,Western Europe,primary,0,persons,False
2018,MT,jf-survey-2018,92,Malta,Western Europe,secondary,0,persons,False
2018,MT,jf-survey-2018,92,Malta,Western Europe,higher,0,persons,False
2018,MT,jf-survey-2018,92,Malta,Western Europe,other,15,persons,False
2018,MC,jf-survey-2018,93,Monaco,Western Europe,institutions,0,institutions,False
2018,MC,jf-survey-2018,93,Monaco,Western Europe,teachers,0,persons,False
2018,MC,jf-survey-2018,93,Monaco,Western Europe,learners,0,persons,False
2018,MC,jf-survey-2018,93,Monaco,Western Europe,school,0,persons,False
2018,MC,jf-survey-2018,93,Monaco,Western Europe,multipleStage,,persons,True
2018,MC,jf-survey-2018,93,Monaco,Western Europe,primary,0,persons,False
2018,MC,jf-survey-2018,93,Monaco,Western Europe,secondary,0,persons,False
2018,MC,jf-survey-2018,93,Monaco,Western Europe,higher,0,persons,False
2018,MC,jf-survey-2018,93,Monaco,Western Europe,other,0,persons,False
2018,LU,jf-survey-2018,94,Luxembourg,Western Europe,institutions,6,institutions,False
2018,LU,jf-survey-2018,94,Luxembourg,Western Europe,teachers,6,persons,False
2018,LU,jf-survey-2018,94,Luxembourg,Western Europe,learners,218,persons,False
2018,LU,jf-survey-2018,94,Luxembourg,Western Europe,school,160,persons,False
2018,LU,jf-survey-2018,94,Luxembourg,Western Europe,multipleStage,,persons,True
2018,LU,jf-survey-2018,94,Luxembourg,Western Europe,primary,0,persons,False
2018,LU,jf-survey-2018,94,Luxembourg,Western Europe,secondary,160,persons,False
2018,LU,jf-survey-2018,94,Luxembourg,Western Europe,higher,0,persons,False
2018,LU,jf-survey-2018,94,Luxembourg,Western Europe,other,58,persons,False
2018,AZ,jf-survey-2018,96,Azerbaijan,Eastern Europe,institutions,5,institutions,False
2018,AZ,jf-survey-2018,96,Azerbaijan,Eastern Europe,teachers,12,persons,False
2018,AZ,jf-survey-2018,96,Azerbaijan,Eastern Europe,learners,255,persons,False
2018,AZ,jf-survey-2018,96,Azerbaijan,Eastern Europe,school,96,persons,False
2018,AZ,jf-survey-2018,96,Azerbaijan,Eastern Europe,multipleStage,,persons,True
2018,AZ,jf-survey-2018,96,Azerbaijan,Eastern Europe,primary,46,persons,False
2018,AZ,jf-survey-2018,96,Azerbaijan,Eastern Europe,secondary,50,persons,False
2018,AZ,jf-survey-2018,96,Azerbaijan,Eastern Europe,higher,95,persons,False
2018,AZ,jf-survey-2018,96,Azerbaijan,Eastern Europe,other,64,persons,False
2018,AL,jf-survey-2018,97,Albania,Eastern Europe,institutions,1,institutions,False
2018,AL,jf-survey-2018,97,Albania,Eastern Europe,teachers,1,persons,False
2018,AL,jf-survey-2018,97,Albania,Eastern Europe,learners,200,persons,False
2018,AL,jf-survey-2018,97,Albania,Eastern Europe,school,0,persons,False
2018,AL,jf-survey-2018,97,Albania,Eastern Europe,multipleStage,,persons,True
2018,AL,jf-survey-2018,97,Albania,Eastern Europe,primary,0,persons,False
2018,AL,jf-survey-2018,97,Albania,Eastern Europe,secondary,0,persons,False
2018,AL,jf-survey-2018,97,Albania,Eastern Europe,higher,200,persons,False
2018,AL,jf-survey-2018,97,Albania,Eastern Europe,other,0,persons,False
2018,AM,jf-survey-2018,98,Armenia,Eastern Europe,institutions,6,institutions,False
2018,AM,jf-survey-2018,98,Armenia,Eastern Europe,teachers,21,persons,False
2018,AM,jf-survey-2018,98,Armenia,Eastern Europe,learners,217,persons,False
2018,AM,jf-survey-2018,98,Armenia,Eastern Europe,school,52,persons,False
2018,AM,jf-survey-2018,98,Armenia,Eastern Europe,multipleStage,,persons,True
2018,AM,jf-survey-2018,98,Armenia,Eastern Europe,primary,9,persons,False
2018,AM,jf-survey-2018,98,Armenia,Eastern Europe,secondary,43,persons,False
2018,AM,jf-survey-2018,98,Armenia,Eastern Europe,higher,45,persons,False
2018,AM,jf-survey-2018,98,Armenia,Eastern Europe,other,120,persons,False
2018,UA,jf-survey-2018,99,Ukraine,Eastern Europe,institutions,20,institutions,False
2018,UA,jf-survey-2018,99,Ukraine,Eastern Europe,teachers,97,persons,False
2018,UA,jf-survey-2018,99,Ukraine,Eastern Europe,learners,2174,persons,False
2018,UA,jf-survey-2018,99,Ukraine,Eastern Europe,school,674,persons,False
2018,UA,jf-survey-2018,99,Ukraine,Eastern Europe,multipleStage,,persons,True
2018,UA,jf-survey-2018,99,Ukraine,Eastern Europe,primary,209,persons,False
2018,UA,jf-survey-2018,99,Ukraine,Eastern Europe,secondary,465,persons,False
2018,UA,jf-survey-2018,99,Ukraine,Eastern Europe,higher,809,persons,False
2018,UA,jf-survey-2018,99,Ukraine,Eastern Europe,other,691,persons,False
2018,UZ,jf-survey-2018,100,Uzbekistan,Eastern Europe,institutions,15,institutions,False
2018,UZ,jf-survey-2018,100,Uzbekistan,Eastern Europe,teachers,85,persons,False
2018,UZ,jf-survey-2018,100,Uzbekistan,Eastern Europe,learners,2288,persons,False
2018,UZ,jf-survey-2018,100,Uzbekistan,Eastern Europe,school,192,persons,False
2018,UZ,jf-survey-2018,100,Uzbekistan,Eastern Europe,multipleStage,,persons,True
2018,UZ,jf-survey-2018,100,Uzbekistan,Eastern Europe,primary,10,persons,False
2018,UZ,jf-survey-2018,100,Uzbekistan,Eastern Europe,secondary,182,persons,False
2018,UZ,jf-survey-2018,100,Uzbekistan,Eastern Europe,higher,868,persons,False
2018,UZ,jf-survey-2018,100,Uzbekistan,Eastern Europe,other,1228,persons,False
2018,EE,jf-survey-2018,101,Estonia,Eastern Europe,institutions,14,institutions,False
2018,EE,jf-survey-2018,101,Estonia,Eastern Europe,teachers,25,persons,False
2018,EE,jf-survey-2018,101,Estonia,Eastern Europe,learners,390,persons,False
2018,EE,jf-survey-2018,101,Estonia,Eastern Europe,school,120,persons,False
2018,EE,jf-survey-2018,101,Estonia,Eastern Europe,multipleStage,,persons,True
2018,EE,jf-survey-2018,101,Estonia,Eastern Europe,primary,0,persons,False
2018,EE,jf-survey-2018,101,Estonia,Eastern Europe,secondary,120,persons,False
2018,EE,jf-survey-2018,101,Estonia,Eastern Europe,higher,129,persons,False
2018,EE,jf-survey-2018,101,Estonia,Eastern Europe,other,141,persons,False
2018,KZ,jf-survey-2018,102,Kazakhstan,Eastern Europe,institutions,10,institutions,False
2018,KZ,jf-survey-2018,102,Kazakhstan,Eastern Europe,teachers,35,persons,False
2018,KZ,jf-survey-2018,102,Kazakhstan,Eastern Europe,learners,451,persons,False
2018,KZ,jf-survey-2018,102,Kazakhstan,Eastern Europe,school,48,persons,False
2018,KZ,jf-survey-2018,102,Kazakhstan,Eastern Europe,multipleStage,,persons,True
2018,KZ,jf-survey-2018,102,Kazakhstan,Eastern Europe,primary,0,persons,False
2018,KZ,jf-survey-2018,102,Kazakhstan,Eastern Europe,secondary,48,persons,False
2018,KZ,jf-survey-2018,102,Kazakhstan,Eastern Europe,higher,149,persons,False
2018,KZ,jf-survey-2018,102,Kazakhstan,Eastern Europe,other,254,persons,False
2018,KG,jf-survey-2018,103,Kyrgyzstan,Eastern Europe,institutions,19,institutions,False
2018,KG,jf-survey-2018,103,Kyrgyzstan,Eastern Europe,teachers,47,persons,False
2018,KG,jf-survey-2018,103,Kyrgyzstan,Eastern Europe,learners,1606,persons,False
2018,KG,jf-survey-2018,103,Kyrgyzstan,Eastern Europe,school,913,persons,False
2018,KG,jf-survey-2018,103,Kyrgyzstan,Eastern Europe,multipleStage,,persons,True
2018,KG,jf-survey-2018,103,Kyrgyzstan,Eastern Europe,primary,503,persons,False
2018,KG,jf-survey-2018,103,Kyrgyzstan,Eastern Europe,secondary,410,persons,False
2018,KG,jf-survey-2018,103,Kyrgyzstan,Eastern Europe,higher,388,persons,False
2018,KG,jf-survey-2018,103,Kyrgyzstan,Eastern Europe,other,305,persons,False
2018,HR,jf-survey-2018,104,Croatia,Eastern Europe,institutions,7,institutions,False
2018,HR,jf-survey-2018,104,Croatia,Eastern Europe,teachers,19,persons,False
2018,HR,jf-survey-2018,104,Croatia,Eastern Europe,learners,199,persons,False
2018,HR,jf-survey-2018,104,Croatia,Eastern Europe,school,7,persons,False
2018,HR,jf-survey-2018,104,Croatia,Eastern Europe,multipleStage,,persons,True
2018,HR,jf-survey-2018,104,Croatia,Eastern Europe,primary,7,persons,False
2018,HR,jf-survey-2018,104,Croatia,Eastern Europe,secondary,0,persons,False
2018,HR,jf-survey-2018,104,Croatia,Eastern Europe,higher,45,persons,False
2018,HR,jf-survey-2018,104,Croatia,Eastern Europe,other,147,persons,False
2018,GE,jf-survey-2018,105,Georgia,Eastern Europe,institutions,6,institutions,False
2018,GE,jf-survey-2018,105,Georgia,Eastern Europe,teachers,18,persons,False
2018,GE,jf-survey-2018,105,Georgia,Eastern Europe,learners,385,persons,False
2018,GE,jf-survey-2018,105,Georgia,Eastern Europe,school,0,persons,False
2018,GE,jf-survey-2018,105,Georgia,Eastern Europe,multipleStage,,persons,True
2018,GE,jf-survey-2018,105,Georgia,Eastern Europe,primary,0,persons,False
2018,GE,jf-survey-2018,105,Georgia,Eastern Europe,secondary,0,persons,False
2018,GE,jf-survey-2018,105,Georgia,Eastern Europe,higher,111,persons,False
2018,GE,jf-survey-2018,105,Georgia,Eastern Europe,other,274,persons,False
2018,SK,jf-survey-2018,106,Slovakia,Eastern Europe,institutions,8,institutions,False
2018,SK,jf-survey-2018,106,Slovakia,Eastern Europe,teachers,16,persons,False
2018,SK,jf-survey-2018,106,Slovakia,Eastern Europe,learners,259,persons,False
2018,SK,jf-survey-2018,106,Slovakia,Eastern Europe,school,0,persons,False
2018,SK,jf-survey-2018,106,Slovakia,Eastern Europe,multipleStage,,persons,True
2018,SK,jf-survey-2018,106,Slovakia,Eastern Europe,primary,0,persons,False
2018,SK,jf-survey-2018,106,Slovakia,Eastern Europe,secondary,0,persons,False
2018,SK,jf-survey-2018,106,Slovakia,Eastern Europe,higher,46,persons,False
2018,SK,jf-survey-2018,106,Slovakia,Eastern Europe,other,213,persons,False
2018,SI,jf-survey-2018,107,Slovenia,Eastern Europe,institutions,6,institutions,False
2018,SI,jf-survey-2018,107,Slovenia,Eastern Europe,teachers,19,persons,False
2018,SI,jf-survey-2018,107,Slovenia,Eastern Europe,learners,312,persons,False
2018,SI,jf-survey-2018,107,Slovenia,Eastern Europe,school,10,persons,False
2018,SI,jf-survey-2018,107,Slovenia,Eastern Europe,multipleStage,,persons,True
2018,SI,jf-survey-2018,107,Slovenia,Eastern Europe,primary,0,persons,False
2018,SI,jf-survey-2018,107,Slovenia,Eastern Europe,secondary,10,persons,False
2018,SI,jf-survey-2018,107,Slovenia,Eastern Europe,higher,145,persons,False
2018,SI,jf-survey-2018,107,Slovenia,Eastern Europe,other,157,persons,False
2018,RS,jf-survey-2018,108,Serbia,Eastern Europe,institutions,23,institutions,False
2018,RS,jf-survey-2018,108,Serbia,Eastern Europe,teachers,35,persons,False
2018,RS,jf-survey-2018,108,Serbia,Eastern Europe,learners,797,persons,False
2018,RS,jf-survey-2018,108,Serbia,Eastern Europe,school,338,persons,False
2018,RS,jf-survey-2018,108,Serbia,Eastern Europe,multipleStage,,persons,True
2018,RS,jf-survey-2018,108,Serbia,Eastern Europe,primary,167,persons,False
2018,RS,jf-survey-2018,108,Serbia,Eastern Europe,secondary,171,persons,False
2018,RS,jf-survey-2018,108,Serbia,Eastern Europe,higher,378,persons,False
2018,RS,jf-survey-2018,108,Serbia,Eastern Europe,other,81,persons,False
2018,TJ,jf-survey-2018,109,Tajikistan,Eastern Europe,institutions,2,institutions,False
2018,TJ,jf-survey-2018,109,Tajikistan,Eastern Europe,teachers,4,persons,False
2018,TJ,jf-survey-2018,109,Tajikistan,Eastern Europe,learners,186,persons,False
2018,TJ,jf-survey-2018,109,Tajikistan,Eastern Europe,school,0,persons,False
2018,TJ,jf-survey-2018,109,Tajikistan,Eastern Europe,multipleStage,,persons,True
2018,TJ,jf-survey-2018,109,Tajikistan,Eastern Europe,primary,0,persons,False
2018,TJ,jf-survey-2018,109,Tajikistan,Eastern Europe,secondary,0,persons,False
2018,TJ,jf-survey-2018,109,Tajikistan,Eastern Europe,higher,186,persons,False
2018,TJ,jf-survey-2018,109,Tajikistan,Eastern Europe,other,0,persons,False
2018,CZ,jf-survey-2018,110,Czechia,Eastern Europe,institutions,21,institutions,False
2018,CZ,jf-survey-2018,110,Czechia,Eastern Europe,teachers,73,persons,False
2018,CZ,jf-survey-2018,110,Czechia,Eastern Europe,learners,1246,persons,False
2018,CZ,jf-survey-2018,110,Czechia,Eastern Europe,school,51,persons,False
2018,CZ,jf-survey-2018,110,Czechia,Eastern Europe,multipleStage,,persons,True
2018,CZ,jf-survey-2018,110,Czechia,Eastern Europe,primary,0,persons,False
2018,CZ,jf-survey-2018,110,Czechia,Eastern Europe,secondary,51,persons,False
2018,CZ,jf-survey-2018,110,Czechia,Eastern Europe,higher,651,persons,False
2018,CZ,jf-survey-2018,110,Czechia,Eastern Europe,other,544,persons,False
2018,TM,jf-survey-2018,111,Turkmenistan,Eastern Europe,institutions,9,institutions,False
2018,TM,jf-survey-2018,111,Turkmenistan,Eastern Europe,teachers,35,persons,False
2018,TM,jf-survey-2018,111,Turkmenistan,Eastern Europe,learners,3259,persons,False
2018,TM,jf-survey-2018,111,Turkmenistan,Eastern Europe,school,1590,persons,False
2018,TM,jf-survey-2018,111,Turkmenistan,Eastern Europe,multipleStage,,persons,True
2018,TM,jf-survey-2018,111,Turkmenistan,Eastern Europe,primary,0,persons,False
2018,TM,jf-survey-2018,111,Turkmenistan,Eastern Europe,secondary,1590,persons,False
2018,TM,jf-survey-2018,111,Turkmenistan,Eastern Europe,higher,1669,persons,False
2018,TM,jf-survey-2018,111,Turkmenistan,Eastern Europe,other,0,persons,False
2018,HU,jf-survey-2018,112,Hungary,Eastern Europe,institutions,39,institutions,False
2018,HU,jf-survey-2018,112,Hungary,Eastern Europe,teachers,95,persons,False
2018,HU,jf-survey-2018,112,Hungary,Eastern Europe,learners,1906,persons,False
2018,HU,jf-survey-2018,112,Hungary,Eastern Europe,school,467,persons,False
2018,HU,jf-survey-2018,112,Hungary,Eastern Europe,multipleStage,,persons,True
2018,HU,jf-survey-2018,112,Hungary,Eastern Europe,primary,139,persons,False
2018,HU,jf-survey-2018,112,Hungary,Eastern Europe,secondary,328,persons,False
2018,HU,jf-survey-2018,112,Hungary,Eastern Europe,higher,949,persons,False
2018,HU,jf-survey-2018,112,Hungary,Eastern Europe,other,490,persons,False
2018,BG,jf-survey-2018,113,Bulgaria,Eastern Europe,institutions,8,institutions,False
2018,BG,jf-survey-2018,113,Bulgaria,Eastern Europe,teachers,40,persons,False
2018,BG,jf-survey-2018,113,Bulgaria,Eastern Europe,learners,1347,persons,False
2018,BG,jf-survey-2018,113,Bulgaria,Eastern Europe,school,939,persons,False
2018,BG,jf-survey-2018,113,Bulgaria,Eastern Europe,multipleStage,,persons,True
2018,BG,jf-survey-2018,113,Bulgaria,Eastern Europe,primary,400,persons,False
2018,BG,jf-survey-2018,113,Bulgaria,Eastern Europe,secondary,539,persons,False
2018,BG,jf-survey-2018,113,Bulgaria,Eastern Europe,higher,142,persons,False
2018,BG,jf-survey-2018,113,Bulgaria,Eastern Europe,other,266,persons,False
2018,BY,jf-survey-2018,114,Belarus,Eastern Europe,institutions,9,institutions,False
2018,BY,jf-survey-2018,114,Belarus,Eastern Europe,teachers,27,persons,False
2018,BY,jf-survey-2018,114,Belarus,Eastern Europe,learners,415,persons,False
2018,BY,jf-survey-2018,114,Belarus,Eastern Europe,school,0,persons,False
2018,BY,jf-survey-2018,114,Belarus,Eastern Europe,multipleStage,,persons,True
2018,BY,jf-survey-2018,114,Belarus,Eastern Europe,primary,0,persons,False
2018,BY,jf-survey-2018,114,Belarus,Eastern Europe,secondary,0,persons,False
2018,BY,jf-survey-2018,114,Belarus,Eastern Europe,higher,136,persons,False
2018,BY,jf-survey-2018,114,Belarus,Eastern Europe,other,279,persons,False
2018,PL,jf-survey-2018,115,Poland,Eastern Europe,institutions,48,institutions,False
2018,PL,jf-survey-2018,115,Poland,Eastern Europe,teachers,200,persons,False
2018,PL,jf-survey-2018,115,Poland,Eastern Europe,learners,4483,persons,False
2018,PL,jf-survey-2018,115,Poland,Eastern Europe,school,308,persons,False
2018,PL,jf-survey-2018,115,Poland,Eastern Europe,multipleStage,,persons,True
2018,PL,jf-survey-2018,115,Poland,Eastern Europe,primary,0,persons,False
2018,PL,jf-survey-2018,115,Poland,Eastern Europe,secondary,308,persons,False
2018,PL,jf-survey-2018,115,Poland,Eastern Europe,higher,2364,persons,False
2018,PL,jf-survey-2018,115,Poland,Eastern Europe,other,1811,persons,False
2018,BA,jf-survey-2018,116,Bosnia & Herzegovina,Eastern Europe,institutions,1,institutions,False
2018,BA,jf-survey-2018,116,Bosnia & Herzegovina,Eastern Europe,teachers,1,persons,False
2018,BA,jf-survey-2018,116,Bosnia & Herzegovina,Eastern Europe,learners,65,persons,False
2018,BA,jf-survey-2018,116,Bosnia & Herzegovina,Eastern Europe,school,0,persons,False
2018,BA,jf-survey-2018,116,Bosnia & Herzegovina,Eastern Europe,multipleStage,,persons,True
2018,BA,jf-survey-2018,116,Bosnia & Herzegovina,Eastern Europe,primary,0,persons,False
2018,BA,jf-survey-2018,116,Bosnia & Herzegovina,Eastern Europe,secondary,0,persons,False
2018,BA,jf-survey-2018,116,Bosnia & Herzegovina,Eastern Europe,higher,0,persons,False
2018,BA,jf-survey-2018,116,Bosnia & Herzegovina,Eastern Europe,other,65,persons,False
2018,MK,jf-survey-2018,117,North Macedonia,Eastern Europe,institutions,2,institutions,False
2018,MK,jf-survey-2018,117,North Macedonia,Eastern Europe,teachers,2,persons,False
2018,MK,jf-survey-2018,117,North Macedonia,Eastern Europe,learners,49,persons,False
2018,MK,jf-survey-2018,117,North Macedonia,Eastern Europe,school,0,persons,False
2018,MK,jf-survey-2018,117,North Macedonia,Eastern Europe,multipleStage,,persons,True
2018,MK,jf-survey-2018,117,North Macedonia,Eastern Europe,primary,0,persons,False
2018,MK,jf-survey-2018,117,North Macedonia,Eastern Europe,secondary,0,persons,False
2018,MK,jf-survey-2018,117,North Macedonia,Eastern Europe,higher,30,persons,False
2018,MK,jf-survey-2018,117,North Macedonia,Eastern Europe,other,19,persons,False
2018,MD,jf-survey-2018,118,Moldova,Eastern Europe,institutions,1,institutions,False
2018,MD,jf-survey-2018,118,Moldova,Eastern Europe,teachers,3,persons,False
2018,MD,jf-survey-2018,118,Moldova,Eastern Europe,learners,115,persons,False
2018,MD,jf-survey-2018,118,Moldova,Eastern Europe,school,0,persons,False
2018,MD,jf-survey-2018,118,Moldova,Eastern Europe,multipleStage,,persons,True
2018,MD,jf-survey-2018,118,Moldova,Eastern Europe,primary,0,persons,False
2018,MD,jf-survey-2018,118,Moldova,Eastern Europe,secondary,0,persons,False
2018,MD,jf-survey-2018,118,Moldova,Eastern Europe,higher,0,persons,False
2018,MD,jf-survey-2018,118,Moldova,Eastern Europe,other,115,persons,False
2018,ME,jf-survey-2018,119,Montenegro,Eastern Europe,institutions,1,institutions,False
2018,ME,jf-survey-2018,119,Montenegro,Eastern Europe,teachers,1,persons,False
2018,ME,jf-survey-2018,119,Montenegro,Eastern Europe,learners,9,persons,False
2018,ME,jf-survey-2018,119,Montenegro,Eastern Europe,school,0,persons,False
2018,ME,jf-survey-2018,119,Montenegro,Eastern Europe,multipleStage,,persons,True
2018,ME,jf-survey-2018,119,Montenegro,Eastern Europe,primary,0,persons,False
2018,ME,jf-survey-2018,119,Montenegro,Eastern Europe,secondary,0,persons,False
2018,ME,jf-survey-2018,119,Montenegro,Eastern Europe,higher,0,persons,False
2018,ME,jf-survey-2018,119,Montenegro,Eastern Europe,other,9,persons,False
2018,LV,jf-survey-2018,120,Latvia,Eastern Europe,institutions,2,institutions,False
2018,LV,jf-survey-2018,120,Latvia,Eastern Europe,teachers,4,persons,False
2018,LV,jf-survey-2018,120,Latvia,Eastern Europe,learners,697,persons,False
2018,LV,jf-survey-2018,120,Latvia,Eastern Europe,school,568,persons,False
2018,LV,jf-survey-2018,120,Latvia,Eastern Europe,multipleStage,,persons,True
2018,LV,jf-survey-2018,120,Latvia,Eastern Europe,primary,163,persons,False
2018,LV,jf-survey-2018,120,Latvia,Eastern Europe,secondary,405,persons,False
2018,LV,jf-survey-2018,120,Latvia,Eastern Europe,higher,129,persons,False
2018,LV,jf-survey-2018,120,Latvia,Eastern Europe,other,0,persons,False
2018,LT,jf-survey-2018,121,Lithuania,Eastern Europe,institutions,11,institutions,False
2018,LT,jf-survey-2018,121,Lithuania,Eastern Europe,teachers,17,persons,False
2018,LT,jf-survey-2018,121,Lithuania,Eastern Europe,learners,373,persons,False
2018,LT,jf-survey-2018,121,Lithuania,Eastern Europe,school,122,persons,False
2018,LT,jf-survey-2018,121,Lithuania,Eastern Europe,multipleStage,,persons,True
2018,LT,jf-survey-2018,121,Lithuania,Eastern Europe,primary,10,persons,False
2018,LT,jf-survey-2018,121,Lithuania,Eastern Europe,secondary,112,persons,False
2018,LT,jf-survey-2018,121,Lithuania,Eastern Europe,higher,167,persons,False
2018,LT,jf-survey-2018,121,Lithuania,Eastern Europe,other,84,persons,False
2018,RO,jf-survey-2018,122,Romania,Eastern Europe,institutions,14,institutions,False
2018,RO,jf-survey-2018,122,Romania,Eastern Europe,teachers,87,persons,False
2018,RO,jf-survey-2018,122,Romania,Eastern Europe,learners,1389,persons,False
2018,RO,jf-survey-2018,122,Romania,Eastern Europe,school,75,persons,False
2018,RO,jf-survey-2018,122,Romania,Eastern Europe,multipleStage,,persons,True
2018,RO,jf-survey-2018,122,Romania,Eastern Europe,primary,25,persons,False
2018,RO,jf-survey-2018,122,Romania,Eastern Europe,secondary,50,persons,False
2018,RO,jf-survey-2018,122,Romania,Eastern Europe,higher,585,persons,False
2018,RO,jf-survey-2018,122,Romania,Eastern Europe,other,729,persons,False
2018,RU,jf-survey-2018,123,Russia,Eastern Europe,institutions,169,institutions,False
2018,RU,jf-survey-2018,123,Russia,Eastern Europe,teachers,633,persons,False
2018,RU,jf-survey-2018,123,Russia,Eastern Europe,learners,11764,persons,False
2018,RU,jf-survey-2018,123,Russia,Eastern Europe,school,4316,persons,False
2018,RU,jf-survey-2018,123,Russia,Eastern Europe,multipleStage,,persons,True
2018,RU,jf-survey-2018,123,Russia,Eastern Europe,primary,1059,persons,False
2018,RU,jf-survey-2018,123,Russia,Eastern Europe,secondary,3257,persons,False
2018,RU,jf-survey-2018,123,Russia,Eastern Europe,higher,3497,persons,False
2018,RU,jf-survey-2018,123,Russia,Eastern Europe,other,3951,persons,False
2018,AF,jf-survey-2018,125,Afghanistan,Middle East,institutions,0,institutions,False
2018,AF,jf-survey-2018,125,Afghanistan,Middle East,teachers,0,persons,False
2018,AF,jf-survey-2018,125,Afghanistan,Middle East,learners,0,persons,False
2018,AF,jf-survey-2018,125,Afghanistan,Middle East,school,0,persons,False
2018,AF,jf-survey-2018,125,Afghanistan,Middle East,multipleStage,,persons,True
2018,AF,jf-survey-2018,125,Afghanistan,Middle East,primary,0,persons,False
2018,AF,jf-survey-2018,125,Afghanistan,Middle East,secondary,0,persons,False
2018,AF,jf-survey-2018,125,Afghanistan,Middle East,higher,0,persons,False
2018,AF,jf-survey-2018,125,Afghanistan,Middle East,other,0,persons,False
2018,AE,jf-survey-2018,126,United Arab Emirates,Middle East,institutions,9,institutions,False
2018,AE,jf-survey-2018,126,United Arab Emirates,Middle East,teachers,29,persons,False
2018,AE,jf-survey-2018,126,United Arab Emirates,Middle East,learners,406,persons,False
2018,AE,jf-survey-2018,126,United Arab Emirates,Middle East,school,81,persons,False
2018,AE,jf-survey-2018,126,United Arab Emirates,Middle East,multipleStage,,persons,True
2018,AE,jf-survey-2018,126,United Arab Emirates,Middle East,primary,0,persons,False
2018,AE,jf-survey-2018,126,United Arab Emirates,Middle East,secondary,81,persons,False
2018,AE,jf-survey-2018,126,United Arab Emirates,Middle East,higher,72,persons,False
2018,AE,jf-survey-2018,126,United Arab Emirates,Middle East,other,253,persons,False
2018,IL,jf-survey-2018,127,Israel,Middle East,institutions,9,institutions,False
2018,IL,jf-survey-2018,127,Israel,Middle East,teachers,16,persons,False
2018,IL,jf-survey-2018,127,Israel,Middle East,learners,491,persons,False
2018,IL,jf-survey-2018,127,Israel,Middle East,school,0,persons,False
2018,IL,jf-survey-2018,127,Israel,Middle East,multipleStage,,persons,True
2018,IL,jf-survey-2018,127,Israel,Middle East,primary,0,persons,False
2018,IL,jf-survey-2018,127,Israel,Middle East,secondary,0,persons,False
2018,IL,jf-survey-2018,127,Israel,Middle East,higher,231,persons,False
2018,IL,jf-survey-2018,127,Israel,Middle East,other,260,persons,False
2018,IQ,jf-survey-2018,128,Iraq,Middle East,institutions,2,institutions,False
2018,IQ,jf-survey-2018,128,Iraq,Middle East,teachers,4,persons,False
2018,IQ,jf-survey-2018,128,Iraq,Middle East,learners,485,persons,False
2018,IQ,jf-survey-2018,128,Iraq,Middle East,school,425,persons,False
2018,IQ,jf-survey-2018,128,Iraq,Middle East,multipleStage,,persons,True
2018,IQ,jf-survey-2018,128,Iraq,Middle East,primary,425,persons,False
2018,IQ,jf-survey-2018,128,Iraq,Middle East,secondary,0,persons,False
2018,IQ,jf-survey-2018,128,Iraq,Middle East,higher,60,persons,False
2018,IQ,jf-survey-2018,128,Iraq,Middle East,other,0,persons,False
2018,IR,jf-survey-2018,129,Iran,Middle East,institutions,2,institutions,False
2018,IR,jf-survey-2018,129,Iran,Middle East,teachers,15,persons,False
2018,IR,jf-survey-2018,129,Iran,Middle East,learners,215,persons,False
2018,IR,jf-survey-2018,129,Iran,Middle East,school,0,persons,False
2018,IR,jf-survey-2018,129,Iran,Middle East,multipleStage,,persons,True
2018,IR,jf-survey-2018,129,Iran,Middle East,primary,0,persons,False
2018,IR,jf-survey-2018,129,Iran,Middle East,secondary,0,persons,False
2018,IR,jf-survey-2018,129,Iran,Middle East,higher,97,persons,False
2018,IR,jf-survey-2018,129,Iran,Middle East,other,118,persons,False
2018,OM,jf-survey-2018,130,Oman,Middle East,institutions,2,institutions,False
2018,OM,jf-survey-2018,130,Oman,Middle East,teachers,2,persons,False
2018,OM,jf-survey-2018,130,Oman,Middle East,learners,75,persons,False
2018,OM,jf-survey-2018,130,Oman,Middle East,school,0,persons,False
2018,OM,jf-survey-2018,130,Oman,Middle East,multipleStage,,persons,True
2018,OM,jf-survey-2018,130,Oman,Middle East,primary,0,persons,False
2018,OM,jf-survey-2018,130,Oman,Middle East,secondary,0,persons,False
2018,OM,jf-survey-2018,130,Oman,Middle East,higher,50,persons,False
2018,OM,jf-survey-2018,130,Oman,Middle East,other,25,persons,False
2018,QA,jf-survey-2018,131,Qatar,Middle East,institutions,5,institutions,False
2018,QA,jf-survey-2018,131,Qatar,Middle East,teachers,12,persons,False
2018,QA,jf-survey-2018,131,Qatar,Middle East,learners,256,persons,False
2018,QA,jf-survey-2018,131,Qatar,Middle East,school,60,persons,False
2018,QA,jf-survey-2018,131,Qatar,Middle East,multipleStage,,persons,True
2018,QA,jf-survey-2018,131,Qatar,Middle East,primary,0,persons,False
2018,QA,jf-survey-2018,131,Qatar,Middle East,secondary,60,persons,False
2018,QA,jf-survey-2018,131,Qatar,Middle East,higher,100,persons,False
2018,QA,jf-survey-2018,131,Qatar,Middle East,other,96,persons,False
2018,KW,jf-survey-2018,132,Kuwait,Middle East,institutions,1,institutions,False
2018,KW,jf-survey-2018,132,Kuwait,Middle East,teachers,2,persons,False
2018,KW,jf-survey-2018,132,Kuwait,Middle East,learners,65,persons,False
2018,KW,jf-survey-2018,132,Kuwait,Middle East,school,0,persons,False
2018,KW,jf-survey-2018,132,Kuwait,Middle East,multipleStage,,persons,True
2018,KW,jf-survey-2018,132,Kuwait,Middle East,primary,0,persons,False
2018,KW,jf-survey-2018,132,Kuwait,Middle East,secondary,0,persons,False
2018,KW,jf-survey-2018,132,Kuwait,Middle East,higher,0,persons,False
2018,KW,jf-survey-2018,132,Kuwait,Middle East,other,65,persons,False
2018,SA,jf-survey-2018,133,Saudi Arabia,Middle East,institutions,1,institutions,False
2018,SA,jf-survey-2018,133,Saudi Arabia,Middle East,teachers,4,persons,False
2018,SA,jf-survey-2018,133,Saudi Arabia,Middle East,learners,60,persons,False
2018,SA,jf-survey-2018,133,Saudi Arabia,Middle East,school,0,persons,False
2018,SA,jf-survey-2018,133,Saudi Arabia,Middle East,multipleStage,,persons,True
2018,SA,jf-survey-2018,133,Saudi Arabia,Middle East,primary,0,persons,False
2018,SA,jf-survey-2018,133,Saudi Arabia,Middle East,secondary,0,persons,False
2018,SA,jf-survey-2018,133,Saudi Arabia,Middle East,higher,60,persons,False
2018,SA,jf-survey-2018,133,Saudi Arabia,Middle East,other,0,persons,False
2018,SY,jf-survey-2018,134,Syria,Middle East,institutions,0,institutions,False
2018,SY,jf-survey-2018,134,Syria,Middle East,teachers,0,persons,False
2018,SY,jf-survey-2018,134,Syria,Middle East,learners,0,persons,False
2018,SY,jf-survey-2018,134,Syria,Middle East,school,0,persons,False
2018,SY,jf-survey-2018,134,Syria,Middle East,multipleStage,,persons,True
2018,SY,jf-survey-2018,134,Syria,Middle East,primary,0,persons,False
2018,SY,jf-survey-2018,134,Syria,Middle East,secondary,0,persons,False
2018,SY,jf-survey-2018,134,Syria,Middle East,higher,0,persons,False
2018,SY,jf-survey-2018,134,Syria,Middle East,other,0,persons,False
2018,TR,jf-survey-2018,135,Türkiye,Middle East,institutions,34,institutions,False
2018,TR,jf-survey-2018,135,Türkiye,Middle East,teachers,85,persons,False
2018,TR,jf-survey-2018,135,Türkiye,Middle East,learners,2500,persons,False
2018,TR,jf-survey-2018,135,Türkiye,Middle East,school,155,persons,False
2018,TR,jf-survey-2018,135,Türkiye,Middle East,multipleStage,,persons,True
2018,TR,jf-survey-2018,135,Türkiye,Middle East,primary,0,persons,False
2018,TR,jf-survey-2018,135,Türkiye,Middle East,secondary,155,persons,False
2018,TR,jf-survey-2018,135,Türkiye,Middle East,higher,1788,persons,False
2018,TR,jf-survey-2018,135,Türkiye,Middle East,other,557,persons,False
2018,BH,jf-survey-2018,136,Bahrain,Middle East,institutions,2,institutions,False
2018,BH,jf-survey-2018,136,Bahrain,Middle East,teachers,2,persons,False
2018,BH,jf-survey-2018,136,Bahrain,Middle East,learners,110,persons,False
2018,BH,jf-survey-2018,136,Bahrain,Middle East,school,0,persons,False
2018,BH,jf-survey-2018,136,Bahrain,Middle East,multipleStage,,persons,True
2018,BH,jf-survey-2018,136,Bahrain,Middle East,primary,0,persons,False
2018,BH,jf-survey-2018,136,Bahrain,Middle East,secondary,0,persons,False
2018,BH,jf-survey-2018,136,Bahrain,Middle East,higher,35,persons,False
2018,BH,jf-survey-2018,136,Bahrain,Middle East,other,75,persons,False
2018,JO,jf-survey-2018,137,Jordan,Middle East,institutions,2,institutions,False
2018,JO,jf-survey-2018,137,Jordan,Middle East,teachers,3,persons,False
2018,JO,jf-survey-2018,137,Jordan,Middle East,learners,250,persons,False
2018,JO,jf-survey-2018,137,Jordan,Middle East,school,0,persons,False
2018,JO,jf-survey-2018,137,Jordan,Middle East,multipleStage,,persons,True
2018,JO,jf-survey-2018,137,Jordan,Middle East,primary,0,persons,False
2018,JO,jf-survey-2018,137,Jordan,Middle East,secondary,0,persons,False
2018,JO,jf-survey-2018,137,Jordan,Middle East,higher,250,persons,False
2018,JO,jf-survey-2018,137,Jordan,Middle East,other,0,persons,False
2018,LB,jf-survey-2018,138,Lebanon,Middle East,institutions,2,institutions,False
2018,LB,jf-survey-2018,138,Lebanon,Middle East,teachers,2,persons,False
2018,LB,jf-survey-2018,138,Lebanon,Middle East,learners,35,persons,False
2018,LB,jf-survey-2018,138,Lebanon,Middle East,school,0,persons,False
2018,LB,jf-survey-2018,138,Lebanon,Middle East,multipleStage,,persons,True
2018,LB,jf-survey-2018,138,Lebanon,Middle East,primary,0,persons,False
2018,LB,jf-survey-2018,138,Lebanon,Middle East,secondary,0,persons,False
2018,LB,jf-survey-2018,138,Lebanon,Middle East,higher,25,persons,False
2018,LB,jf-survey-2018,138,Lebanon,Middle East,other,10,persons,False
2018,DZ,jf-survey-2018,140,Algeria,North Africa,institutions,3,institutions,False
2018,DZ,jf-survey-2018,140,Algeria,North Africa,teachers,5,persons,False
2018,DZ,jf-survey-2018,140,Algeria,North Africa,learners,105,persons,False
2018,DZ,jf-survey-2018,140,Algeria,North Africa,school,0,persons,False
2018,DZ,jf-survey-2018,140,Algeria,North Africa,multipleStage,,persons,True
2018,DZ,jf-survey-2018,140,Algeria,North Africa,primary,0,persons,False
2018,DZ,jf-survey-2018,140,Algeria,North Africa,secondary,0,persons,False
2018,DZ,jf-survey-2018,140,Algeria,North Africa,higher,0,persons,False
2018,DZ,jf-survey-2018,140,Algeria,North Africa,other,105,persons,False
2018,EG,jf-survey-2018,141,Egypt,North Africa,institutions,21,institutions,False
2018,EG,jf-survey-2018,141,Egypt,North Africa,teachers,120,persons,False
2018,EG,jf-survey-2018,141,Egypt,North Africa,learners,1602,persons,False
2018,EG,jf-survey-2018,141,Egypt,North Africa,school,148,persons,False
2018,EG,jf-survey-2018,141,Egypt,North Africa,multipleStage,,persons,True
2018,EG,jf-survey-2018,141,Egypt,North Africa,primary,0,persons,False
2018,EG,jf-survey-2018,141,Egypt,North Africa,secondary,148,persons,False
2018,EG,jf-survey-2018,141,Egypt,North Africa,higher,972,persons,False
2018,EG,jf-survey-2018,141,Egypt,North Africa,other,482,persons,False
2018,SD,jf-survey-2018,142,Sudan,North Africa,institutions,1,institutions,False
2018,SD,jf-survey-2018,142,Sudan,North Africa,teachers,1,persons,False
2018,SD,jf-survey-2018,142,Sudan,North Africa,learners,130,persons,False
2018,SD,jf-survey-2018,142,Sudan,North Africa,school,0,persons,False
2018,SD,jf-survey-2018,142,Sudan,North Africa,multipleStage,,persons,True
2018,SD,jf-survey-2018,142,Sudan,North Africa,primary,0,persons,False
2018,SD,jf-survey-2018,142,Sudan,North Africa,secondary,0,persons,False
2018,SD,jf-survey-2018,142,Sudan,North Africa,higher,0,persons,False
2018,SD,jf-survey-2018,142,Sudan,North Africa,other,130,persons,False
2018,TN,jf-survey-2018,143,Tunisia,North Africa,institutions,4,institutions,False
2018,TN,jf-survey-2018,143,Tunisia,North Africa,teachers,6,persons,False
2018,TN,jf-survey-2018,143,Tunisia,North Africa,learners,185,persons,False
2018,TN,jf-survey-2018,143,Tunisia,North Africa,school,0,persons,False
2018,TN,jf-survey-2018,143,Tunisia,North Africa,multipleStage,,persons,True
2018,TN,jf-survey-2018,143,Tunisia,North Africa,primary,0,persons,False
2018,TN,jf-survey-2018,143,Tunisia,North Africa,secondary,0,persons,False
2018,TN,jf-survey-2018,143,Tunisia,North Africa,higher,55,persons,False
2018,TN,jf-survey-2018,143,Tunisia,North Africa,other,130,persons,False
2018,MA,jf-survey-2018,144,Morocco,North Africa,institutions,7,institutions,False
2018,MA,jf-survey-2018,144,Morocco,North Africa,teachers,15,persons,False
2018,MA,jf-survey-2018,144,Morocco,North Africa,learners,547,persons,False
2018,MA,jf-survey-2018,144,Morocco,North Africa,school,0,persons,False
2018,MA,jf-survey-2018,144,Morocco,North Africa,multipleStage,,persons,True
2018,MA,jf-survey-2018,144,Morocco,North Africa,primary,0,persons,False
2018,MA,jf-survey-2018,144,Morocco,North Africa,secondary,0,persons,False
2018,MA,jf-survey-2018,144,Morocco,North Africa,higher,267,persons,False
2018,MA,jf-survey-2018,144,Morocco,North Africa,other,280,persons,False
2018,UG,jf-survey-2018,146,Uganda,Africa,institutions,2,institutions,False
2018,UG,jf-survey-2018,146,Uganda,Africa,teachers,2,persons,False
2018,UG,jf-survey-2018,146,Uganda,Africa,learners,35,persons,False
2018,UG,jf-survey-2018,146,Uganda,Africa,school,0,persons,False
2018,UG,jf-survey-2018,146,Uganda,Africa,multipleStage,,persons,True
2018,UG,jf-survey-2018,146,Uganda,Africa,primary,0,persons,False
2018,UG,jf-survey-2018,146,Uganda,Africa,secondary,0,persons,False
2018,UG,jf-survey-2018,146,Uganda,Africa,higher,20,persons,False
2018,UG,jf-survey-2018,146,Uganda,Africa,other,15,persons,False
2018,ET,jf-survey-2018,147,Ethiopia,Africa,institutions,2,institutions,False
2018,ET,jf-survey-2018,147,Ethiopia,Africa,teachers,5,persons,False
2018,ET,jf-survey-2018,147,Ethiopia,Africa,learners,190,persons,False
2018,ET,jf-survey-2018,147,Ethiopia,Africa,school,0,persons,False
2018,ET,jf-survey-2018,147,Ethiopia,Africa,multipleStage,,persons,True
2018,ET,jf-survey-2018,147,Ethiopia,Africa,primary,0,persons,False
2018,ET,jf-survey-2018,147,Ethiopia,Africa,secondary,0,persons,False
2018,ET,jf-survey-2018,147,Ethiopia,Africa,higher,190,persons,False
2018,ET,jf-survey-2018,147,Ethiopia,Africa,other,0,persons,False
2018,GH,jf-survey-2018,148,Ghana,Africa,institutions,7,institutions,False
2018,GH,jf-survey-2018,148,Ghana,Africa,teachers,16,persons,False
2018,GH,jf-survey-2018,148,Ghana,Africa,learners,939,persons,False
2018,GH,jf-survey-2018,148,Ghana,Africa,school,850,persons,False
2018,GH,jf-survey-2018,148,Ghana,Africa,multipleStage,,persons,True
2018,GH,jf-survey-2018,148,Ghana,Africa,primary,750,persons,False
2018,GH,jf-survey-2018,148,Ghana,Africa,secondary,100,persons,False
2018,GH,jf-survey-2018,148,Ghana,Africa,higher,59,persons,False
2018,GH,jf-survey-2018,148,Ghana,Africa,other,30,persons,False
2018,CM,jf-survey-2018,149,Cameroon,Africa,institutions,2,institutions,False
2018,CM,jf-survey-2018,149,Cameroon,Africa,teachers,5,persons,False
2018,CM,jf-survey-2018,149,Cameroon,Africa,learners,380,persons,False
2018,CM,jf-survey-2018,149,Cameroon,Africa,school,30,persons,False
2018,CM,jf-survey-2018,149,Cameroon,Africa,multipleStage,,persons,True
2018,CM,jf-survey-2018,149,Cameroon,Africa,primary,0,persons,False
2018,CM,jf-survey-2018,149,Cameroon,Africa,secondary,30,persons,False
2018,CM,jf-survey-2018,149,Cameroon,Africa,higher,0,persons,False
2018,CM,jf-survey-2018,149,Cameroon,Africa,other,350,persons,False
2018,KE,jf-survey-2018,150,Kenya,Africa,institutions,43,institutions,False
2018,KE,jf-survey-2018,150,Kenya,Africa,teachers,111,persons,False
2018,KE,jf-survey-2018,150,Kenya,Africa,learners,2573,persons,False
2018,KE,jf-survey-2018,150,Kenya,Africa,school,1643,persons,False
2018,KE,jf-survey-2018,150,Kenya,Africa,multipleStage,,persons,True
2018,KE,jf-survey-2018,150,Kenya,Africa,primary,375,persons,False
2018,KE,jf-survey-2018,150,Kenya,Africa,secondary,1268,persons,False
2018,KE,jf-survey-2018,150,Kenya,Africa,higher,709,persons,False
2018,KE,jf-survey-2018,150,Kenya,Africa,other,221,persons,False
2018,CI,jf-survey-2018,151,Côte d’Ivoire,Africa,institutions,11,institutions,False
2018,CI,jf-survey-2018,151,Côte d’Ivoire,Africa,teachers,16,persons,False
2018,CI,jf-survey-2018,151,Côte d’Ivoire,Africa,learners,3392,persons,False
2018,CI,jf-survey-2018,151,Côte d’Ivoire,Africa,school,3008,persons,False
2018,CI,jf-survey-2018,151,Côte d’Ivoire,Africa,multipleStage,,persons,True
2018,CI,jf-survey-2018,151,Côte d’Ivoire,Africa,primary,382,persons,False
2018,CI,jf-survey-2018,151,Côte d’Ivoire,Africa,secondary,2626,persons,False
2018,CI,jf-survey-2018,151,Côte d’Ivoire,Africa,higher,341,persons,False
2018,CI,jf-survey-2018,151,Côte d’Ivoire,Africa,other,43,persons,False
2018,CD,jf-survey-2018,152,Congo - Kinshasa,Africa,institutions,1,institutions,False
2018,CD,jf-survey-2018,152,Congo - Kinshasa,Africa,teachers,5,persons,False
2018,CD,jf-survey-2018,152,Congo - Kinshasa,Africa,learners,30,persons,False
2018,CD,jf-survey-2018,152,Congo - Kinshasa,Africa,school,0,persons,False
2018,CD,jf-survey-2018,152,Congo - Kinshasa,Africa,multipleStage,,persons,True
2018,CD,jf-survey-2018,152,Congo - Kinshasa,Africa,primary,0,persons,False
2018,CD,jf-survey-2018,152,Congo - Kinshasa,Africa,secondary,0,persons,False
2018,CD,jf-survey-2018,152,Congo - Kinshasa,Africa,higher,0,persons,False
2018,CD,jf-survey-2018,152,Congo - Kinshasa,Africa,other,30,persons,False
2018,ZM,jf-survey-2018,153,Zambia,Africa,institutions,1,institutions,False
2018,ZM,jf-survey-2018,153,Zambia,Africa,teachers,2,persons,False
2018,ZM,jf-survey-2018,153,Zambia,Africa,learners,155,persons,False
2018,ZM,jf-survey-2018,153,Zambia,Africa,school,100,persons,False
2018,ZM,jf-survey-2018,153,Zambia,Africa,multipleStage,,persons,True
2018,ZM,jf-survey-2018,153,Zambia,Africa,primary,0,persons,False
2018,ZM,jf-survey-2018,153,Zambia,Africa,secondary,100,persons,False
2018,ZM,jf-survey-2018,153,Zambia,Africa,higher,45,persons,False
2018,ZM,jf-survey-2018,153,Zambia,Africa,other,10,persons,False
2018,ZW,jf-survey-2018,154,Zimbabwe,Africa,institutions,1,institutions,False
2018,ZW,jf-survey-2018,154,Zimbabwe,Africa,teachers,1,persons,False
2018,ZW,jf-survey-2018,154,Zimbabwe,Africa,learners,15,persons,False
2018,ZW,jf-survey-2018,154,Zimbabwe,Africa,school,0,persons,False
2018,ZW,jf-survey-2018,154,Zimbabwe,Africa,multipleStage,,persons,True
2018,ZW,jf-survey-2018,154,Zimbabwe,Africa,primary,0,persons,False
2018,ZW,jf-survey-2018,154,Zimbabwe,Africa,secondary,0,persons,False
2018,ZW,jf-survey-2018,154,Zimbabwe,Africa,higher,0,persons,False
2018,ZW,jf-survey-2018,154,Zimbabwe,Africa,other,15,persons,False
2018,SN,jf-survey-2018,155,Senegal,Africa,institutions,1,institutions,False
2018,SN,jf-survey-2018,155,Senegal,Africa,teachers,1,persons,False
2018,SN,jf-survey-2018,155,Senegal,Africa,learners,128,persons,False
2018,SN,jf-survey-2018,155,Senegal,Africa,school,0,persons,False
2018,SN,jf-survey-2018,155,Senegal,Africa,multipleStage,,persons,True
2018,SN,jf-survey-2018,155,Senegal,Africa,primary,0,persons,False
2018,SN,jf-survey-2018,155,Senegal,Africa,secondary,0,persons,False
2018,SN,jf-survey-2018,155,Senegal,Africa,higher,128,persons,False
2018,SN,jf-survey-2018,155,Senegal,Africa,other,0,persons,False
2018,TZ,jf-survey-2018,156,Tanzania,Africa,institutions,1,institutions,False
2018,TZ,jf-survey-2018,156,Tanzania,Africa,teachers,1,persons,False
2018,TZ,jf-survey-2018,156,Tanzania,Africa,learners,108,persons,False
2018,TZ,jf-survey-2018,156,Tanzania,Africa,school,0,persons,False
2018,TZ,jf-survey-2018,156,Tanzania,Africa,multipleStage,,persons,True
2018,TZ,jf-survey-2018,156,Tanzania,Africa,primary,0,persons,False
2018,TZ,jf-survey-2018,156,Tanzania,Africa,secondary,0,persons,False
2018,TZ,jf-survey-2018,156,Tanzania,Africa,higher,108,persons,False
2018,TZ,jf-survey-2018,156,Tanzania,Africa,other,0,persons,False
2018,BJ,jf-survey-2018,157,Benin,Africa,institutions,1,institutions,False
2018,BJ,jf-survey-2018,157,Benin,Africa,teachers,2,persons,False
2018,BJ,jf-survey-2018,157,Benin,Africa,learners,225,persons,False
2018,BJ,jf-survey-2018,157,Benin,Africa,school,0,persons,False
2018,BJ,jf-survey-2018,157,Benin,Africa,multipleStage,,persons,True
2018,BJ,jf-survey-2018,157,Benin,Africa,primary,0,persons,False
2018,BJ,jf-survey-2018,157,Benin,Africa,secondary,0,persons,False
2018,BJ,jf-survey-2018,157,Benin,Africa,higher,0,persons,False
2018,BJ,jf-survey-2018,157,Benin,Africa,other,225,persons,False
2018,MG,jf-survey-2018,158,Madagascar,Africa,institutions,20,institutions,False
2018,MG,jf-survey-2018,158,Madagascar,Africa,teachers,47,persons,False
2018,MG,jf-survey-2018,158,Madagascar,Africa,learners,2532,persons,False
2018,MG,jf-survey-2018,158,Madagascar,Africa,school,342,persons,False
2018,MG,jf-survey-2018,158,Madagascar,Africa,multipleStage,,persons,True
2018,MG,jf-survey-2018,158,Madagascar,Africa,primary,46,persons,False
2018,MG,jf-survey-2018,158,Madagascar,Africa,secondary,296,persons,False
2018,MG,jf-survey-2018,158,Madagascar,Africa,higher,1180,persons,False
2018,MG,jf-survey-2018,158,Madagascar,Africa,other,1010,persons,False
2018,ZA,jf-survey-2018,159,South Africa,Africa,institutions,1,institutions,False
2018,ZA,jf-survey-2018,159,South Africa,Africa,teachers,1,persons,False
2018,ZA,jf-survey-2018,159,South Africa,Africa,learners,20,persons,False
2018,ZA,jf-survey-2018,159,South Africa,Africa,school,0,persons,False
2018,ZA,jf-survey-2018,159,South Africa,Africa,multipleStage,,persons,True
2018,ZA,jf-survey-2018,159,South Africa,Africa,primary,0,persons,False
2018,ZA,jf-survey-2018,159,South Africa,Africa,secondary,0,persons,False
2018,ZA,jf-survey-2018,159,South Africa,Africa,higher,0,persons,False
2018,ZA,jf-survey-2018,159,South Africa,Africa,other,20,persons,False
2018,MZ,jf-survey-2018,160,Mozambique,Africa,institutions,1,institutions,False
2018,MZ,jf-survey-2018,160,Mozambique,Africa,teachers,1,persons,False
2018,MZ,jf-survey-2018,160,Mozambique,Africa,learners,82,persons,False
2018,MZ,jf-survey-2018,160,Mozambique,Africa,school,0,persons,False
2018,MZ,jf-survey-2018,160,Mozambique,Africa,multipleStage,,persons,True
2018,MZ,jf-survey-2018,160,Mozambique,Africa,primary,0,persons,False
2018,MZ,jf-survey-2018,160,Mozambique,Africa,secondary,0,persons,False
2018,MZ,jf-survey-2018,160,Mozambique,Africa,higher,38,persons,False
2018,MZ,jf-survey-2018,160,Mozambique,Africa,other,44,persons,False
2021,KR,jf-survey-2021,4,South Korea,East Asia,institutions,2868,institutions,False
2021,KR,jf-survey-2021,4,South Korea,East Asia,teachers,13229,persons,False
2021,KR,jf-survey-2021,4,South Korea,East Asia,learners,470334,persons,False
2021,KR,jf-survey-2021,4,South Korea,East Asia,school,347294,persons,False
2021,KR,jf-survey-2021,4,South Korea,East Asia,multipleStage,,persons,True
2021,KR,jf-survey-2021,4,South Korea,East Asia,primary,156,persons,False
2021,KR,jf-survey-2021,4,South Korea,East Asia,secondary,347138,persons,False
2021,KR,jf-survey-2021,4,South Korea,East Asia,higher,55708,persons,False
2021,KR,jf-survey-2021,4,South Korea,East Asia,other,67332,persons,False
2021,TW,jf-survey-2021,5,Taiwan,East Asia,institutions,907,institutions,False
2021,TW,jf-survey-2021,5,Taiwan,East Asia,teachers,3375,persons,False
2021,TW,jf-survey-2021,5,Taiwan,East Asia,learners,143632,persons,False
2021,TW,jf-survey-2021,5,Taiwan,East Asia,school,49467,persons,False
2021,TW,jf-survey-2021,5,Taiwan,East Asia,multipleStage,,persons,True
2021,TW,jf-survey-2021,5,Taiwan,East Asia,primary,3270,persons,False
2021,TW,jf-survey-2021,5,Taiwan,East Asia,secondary,46197,persons,False
2021,TW,jf-survey-2021,5,Taiwan,East Asia,higher,61990,persons,False
2021,TW,jf-survey-2021,5,Taiwan,East Asia,other,32175,persons,False
2021,CN,jf-survey-2021,6,China,East Asia,institutions,2965,institutions,False
2021,CN,jf-survey-2021,6,China,East Asia,teachers,21361,persons,False
2021,CN,jf-survey-2021,6,China,East Asia,learners,1057318,persons,False
2021,CN,jf-survey-2021,6,China,East Asia,school,339318,persons,False
2021,CN,jf-survey-2021,6,China,East Asia,multipleStage,,persons,True
2021,CN,jf-survey-2021,6,China,East Asia,primary,3442,persons,False
2021,CN,jf-survey-2021,6,China,East Asia,secondary,335876,persons,False
2021,CN,jf-survey-2021,6,China,East Asia,higher,557153,persons,False
2021,CN,jf-survey-2021,6,China,East Asia,other,160847,persons,False
2021,HK,jf-survey-2021,7,Hong Kong SAR China,East Asia,institutions,73,institutions,False
2021,HK,jf-survey-2021,7,Hong Kong SAR China,East Asia,teachers,625,persons,False
2021,HK,jf-survey-2021,7,Hong Kong SAR China,East Asia,learners,27665,persons,False
2021,HK,jf-survey-2021,7,Hong Kong SAR China,East Asia,school,4797,persons,False
2021,HK,jf-survey-2021,7,Hong Kong SAR China,East Asia,multipleStage,,persons,True
2021,HK,jf-survey-2021,7,Hong Kong SAR China,East Asia,primary,1260,persons,False
2021,HK,jf-survey-2021,7,Hong Kong SAR China,East Asia,secondary,3537,persons,False
2021,HK,jf-survey-2021,7,Hong Kong SAR China,East Asia,higher,6213,persons,False
2021,HK,jf-survey-2021,7,Hong Kong SAR China,East Asia,other,16655,persons,False
2021,MO,jf-survey-2021,8,Macao SAR China,East Asia,institutions,9,institutions,False
2021,MO,jf-survey-2021,8,Macao SAR China,East Asia,teachers,49,persons,False
2021,MO,jf-survey-2021,8,Macao SAR China,East Asia,learners,1550,persons,False
2021,MO,jf-survey-2021,8,Macao SAR China,East Asia,school,156,persons,False
2021,MO,jf-survey-2021,8,Macao SAR China,East Asia,multipleStage,,persons,True
2021,MO,jf-survey-2021,8,Macao SAR China,East Asia,primary,69,persons,False
2021,MO,jf-survey-2021,8,Macao SAR China,East Asia,secondary,87,persons,False
2021,MO,jf-survey-2021,8,Macao SAR China,East Asia,higher,675,persons,False
2021,MO,jf-survey-2021,8,Macao SAR China,East Asia,other,719,persons,False
2021,MN,jf-survey-2021,9,Mongolia,East Asia,institutions,117,institutions,False
2021,MN,jf-survey-2021,9,Mongolia,East Asia,teachers,363,persons,False
2021,MN,jf-survey-2021,9,Mongolia,East Asia,learners,13334,persons,False
2021,MN,jf-survey-2021,9,Mongolia,East Asia,school,8049,persons,False
2021,MN,jf-survey-2021,9,Mongolia,East Asia,multipleStage,,persons,True
2021,MN,jf-survey-2021,9,Mongolia,East Asia,primary,2817,persons,False
2021,MN,jf-survey-2021,9,Mongolia,East Asia,secondary,5232,persons,False
2021,MN,jf-survey-2021,9,Mongolia,East Asia,higher,2474,persons,False
2021,MN,jf-survey-2021,9,Mongolia,East Asia,other,2811,persons,False
2021,ID,jf-survey-2021,11,Indonesia,Southeast Asia,institutions,2958,institutions,False
2021,ID,jf-survey-2021,11,Indonesia,Southeast Asia,teachers,6617,persons,False
2021,ID,jf-survey-2021,11,Indonesia,Southeast Asia,learners,711732,persons,False
2021,ID,jf-survey-2021,11,Indonesia,Southeast Asia,school,649391,persons,False
2021,ID,jf-survey-2021,11,Indonesia,Southeast Asia,multipleStage,,persons,True
2021,ID,jf-survey-2021,11,Indonesia,Southeast Asia,primary,6786,persons,False
2021,ID,jf-survey-2021,11,Indonesia,Southeast Asia,secondary,642605,persons,False
2021,ID,jf-survey-2021,11,Indonesia,Southeast Asia,higher,27454,persons,False
2021,ID,jf-survey-2021,11,Indonesia,Southeast Asia,other,34887,persons,False
2021,KH,jf-survey-2021,12,Cambodia,Southeast Asia,institutions,51,institutions,False
2021,KH,jf-survey-2021,12,Cambodia,Southeast Asia,teachers,301,persons,False
2021,KH,jf-survey-2021,12,Cambodia,Southeast Asia,learners,3874,persons,False
2021,KH,jf-survey-2021,12,Cambodia,Southeast Asia,school,658,persons,False
2021,KH,jf-survey-2021,12,Cambodia,Southeast Asia,multipleStage,,persons,True
2021,KH,jf-survey-2021,12,Cambodia,Southeast Asia,primary,216,persons,False
2021,KH,jf-survey-2021,12,Cambodia,Southeast Asia,secondary,442,persons,False
2021,KH,jf-survey-2021,12,Cambodia,Southeast Asia,higher,918,persons,False
2021,KH,jf-survey-2021,12,Cambodia,Southeast Asia,other,2298,persons,False
2021,SG,jf-survey-2021,13,Singapore,Southeast Asia,institutions,19,institutions,False
2021,SG,jf-survey-2021,13,Singapore,Southeast Asia,teachers,182,persons,False
2021,SG,jf-survey-2021,13,Singapore,Southeast Asia,learners,10837,persons,False
2021,SG,jf-survey-2021,13,Singapore,Southeast Asia,school,1697,persons,False
2021,SG,jf-survey-2021,13,Singapore,Southeast Asia,multipleStage,,persons,True
2021,SG,jf-survey-2021,13,Singapore,Southeast Asia,primary,384,persons,False
2021,SG,jf-survey-2021,13,Singapore,Southeast Asia,secondary,1313,persons,False
2021,SG,jf-survey-2021,13,Singapore,Southeast Asia,higher,3226,persons,False
2021,SG,jf-survey-2021,13,Singapore,Southeast Asia,other,5914,persons,False
2021,TH,jf-survey-2021,14,Thailand,Southeast Asia,institutions,676,institutions,False
2021,TH,jf-survey-2021,14,Thailand,Southeast Asia,teachers,2015,persons,False
2021,TH,jf-survey-2021,14,Thailand,Southeast Asia,learners,183957,persons,False
2021,TH,jf-survey-2021,14,Thailand,Southeast Asia,school,156837,persons,False
2021,TH,jf-survey-2021,14,Thailand,Southeast Asia,multipleStage,,persons,True
2021,TH,jf-survey-2021,14,Thailand,Southeast Asia,primary,6597,persons,False
2021,TH,jf-survey-2021,14,Thailand,Southeast Asia,secondary,150240,persons,False
2021,TH,jf-survey-2021,14,Thailand,Southeast Asia,higher,19803,persons,False
2021,TH,jf-survey-2021,14,Thailand,Southeast Asia,other,7317,persons,False
2021,TL,jf-survey-2021,15,Timor-Leste,Southeast Asia,institutions,4,institutions,False
2021,TL,jf-survey-2021,15,Timor-Leste,Southeast Asia,teachers,16,persons,False
2021,TL,jf-survey-2021,15,Timor-Leste,Southeast Asia,learners,417,persons,False
2021,TL,jf-survey-2021,15,Timor-Leste,Southeast Asia,school,0,persons,False
2021,TL,jf-survey-2021,15,Timor-Leste,Southeast Asia,multipleStage,,persons,True
2021,TL,jf-survey-2021,15,Timor-Leste,Southeast Asia,primary,0,persons,False
2021,TL,jf-survey-2021,15,Timor-Leste,Southeast Asia,secondary,0,persons,False
2021,TL,jf-survey-2021,15,Timor-Leste,Southeast Asia,higher,100,persons,False
2021,TL,jf-survey-2021,15,Timor-Leste,Southeast Asia,other,317,persons,False
2021,PH,jf-survey-2021,16,Philippines,Southeast Asia,institutions,242,institutions,False
2021,PH,jf-survey-2021,16,Philippines,Southeast Asia,teachers,1111,persons,False
2021,PH,jf-survey-2021,16,Philippines,Southeast Asia,learners,44457,persons,False
2021,PH,jf-survey-2021,16,Philippines,Southeast Asia,school,9860,persons,False
2021,PH,jf-survey-2021,16,Philippines,Southeast Asia,multipleStage,,persons,True
2021,PH,jf-survey-2021,16,Philippines,Southeast Asia,primary,640,persons,False
2021,PH,jf-survey-2021,16,Philippines,Southeast Asia,secondary,9220,persons,False
2021,PH,jf-survey-2021,16,Philippines,Southeast Asia,higher,9181,persons,False
2021,PH,jf-survey-2021,16,Philippines,Southeast Asia,other,25416,persons,False
2021,BN,jf-survey-2021,17,Brunei,Southeast Asia,institutions,2,institutions,False
2021,BN,jf-survey-2021,17,Brunei,Southeast Asia,teachers,3,persons,False
2021,BN,jf-survey-2021,17,Brunei,Southeast Asia,learners,148,persons,False
2021,BN,jf-survey-2021,17,Brunei,Southeast Asia,school,0,persons,False
2021,BN,jf-survey-2021,17,Brunei,Southeast Asia,multipleStage,,persons,True
2021,BN,jf-survey-2021,17,Brunei,Southeast Asia,primary,0,persons,False
2021,BN,jf-survey-2021,17,Brunei,Southeast Asia,secondary,0,persons,False
2021,BN,jf-survey-2021,17,Brunei,Southeast Asia,higher,130,persons,False
2021,BN,jf-survey-2021,17,Brunei,Southeast Asia,other,18,persons,False
2021,VN,jf-survey-2021,18,Vietnam,Southeast Asia,institutions,629,institutions,False
2021,VN,jf-survey-2021,18,Vietnam,Southeast Asia,teachers,5644,persons,False
2021,VN,jf-survey-2021,18,Vietnam,Southeast Asia,learners,169582,persons,False
2021,VN,jf-survey-2021,18,Vietnam,Southeast Asia,school,34576,persons,False
2021,VN,jf-survey-2021,18,Vietnam,Southeast Asia,multipleStage,,persons,True
2021,VN,jf-survey-2021,18,Vietnam,Southeast Asia,primary,3986,persons,False
2021,VN,jf-survey-2021,18,Vietnam,Southeast Asia,secondary,30590,persons,False
2021,VN,jf-survey-2021,18,Vietnam,Southeast Asia,higher,45752,persons,False
2021,VN,jf-survey-2021,18,Vietnam,Southeast Asia,other,89254,persons,False
2021,MY,jf-survey-2021,19,Malaysia,Southeast Asia,institutions,215,institutions,False
2021,MY,jf-survey-2021,19,Malaysia,Southeast Asia,teachers,484,persons,False
2021,MY,jf-survey-2021,19,Malaysia,Southeast Asia,learners,38129,persons,False
2021,MY,jf-survey-2021,19,Malaysia,Southeast Asia,school,19157,persons,False
2021,MY,jf-survey-2021,19,Malaysia,Southeast Asia,multipleStage,,persons,True
2021,MY,jf-survey-2021,19,Malaysia,Southeast Asia,primary,17,persons,False
2021,MY,jf-survey-2021,19,Malaysia,Southeast Asia,secondary,19140,persons,False
2021,MY,jf-survey-2021,19,Malaysia,Southeast Asia,higher,13715,persons,False
2021,MY,jf-survey-2021,19,Malaysia,Southeast Asia,other,5257,persons,False
2021,MM,jf-survey-2021,20,Myanmar (Burma),Southeast Asia,institutions,189,institutions,False
2021,MM,jf-survey-2021,20,Myanmar (Burma),Southeast Asia,teachers,896,persons,False
2021,MM,jf-survey-2021,20,Myanmar (Burma),Southeast Asia,learners,19124,persons,False
2021,MM,jf-survey-2021,20,Myanmar (Burma),Southeast Asia,school,0,persons,False
2021,MM,jf-survey-2021,20,Myanmar (Burma),Southeast Asia,multipleStage,,persons,True
2021,MM,jf-survey-2021,20,Myanmar (Burma),Southeast Asia,primary,0,persons,False
2021,MM,jf-survey-2021,20,Myanmar (Burma),Southeast Asia,secondary,0,persons,False
2021,MM,jf-survey-2021,20,Myanmar (Burma),Southeast Asia,higher,855,persons,False
2021,MM,jf-survey-2021,20,Myanmar (Burma),Southeast Asia,other,18269,persons,False
2021,LA,jf-survey-2021,21,Laos,Southeast Asia,institutions,16,institutions,False
2021,LA,jf-survey-2021,21,Laos,Southeast Asia,teachers,74,persons,False
2021,LA,jf-survey-2021,21,Laos,Southeast Asia,learners,3118,persons,False
2021,LA,jf-survey-2021,21,Laos,Southeast Asia,school,1977,persons,False
2021,LA,jf-survey-2021,21,Laos,Southeast Asia,multipleStage,,persons,True
2021,LA,jf-survey-2021,21,Laos,Southeast Asia,primary,422,persons,False
2021,LA,jf-survey-2021,21,Laos,Southeast Asia,secondary,1555,persons,False
2021,LA,jf-survey-2021,21,Laos,Southeast Asia,higher,369,persons,False
2021,LA,jf-survey-2021,21,Laos,Southeast Asia,other,772,persons,False
2021,IN,jf-survey-2021,23,India,South Asia,institutions,323,institutions,False
2021,IN,jf-survey-2021,23,India,South Asia,teachers,1132,persons,False
2021,IN,jf-survey-2021,23,India,South Asia,learners,36015,persons,False
2021,IN,jf-survey-2021,23,India,South Asia,school,6735,persons,False
2021,IN,jf-survey-2021,23,India,South Asia,multipleStage,,persons,True
2021,IN,jf-survey-2021,23,India,South Asia,primary,2296,persons,False
2021,IN,jf-survey-2021,23,India,South Asia,secondary,4439,persons,False
2021,IN,jf-survey-2021,23,India,South Asia,higher,8525,persons,False
2021,IN,jf-survey-2021,23,India,South Asia,other,20755,persons,False
2021,LK,jf-survey-2021,24,Sri Lanka,South Asia,institutions,89,institutions,False
2021,LK,jf-survey-2021,24,Sri Lanka,South Asia,teachers,164,persons,False
2021,LK,jf-survey-2021,24,Sri Lanka,South Asia,learners,9746,persons,False
2021,LK,jf-survey-2021,24,Sri Lanka,South Asia,school,6412,persons,False
2021,LK,jf-survey-2021,24,Sri Lanka,South Asia,multipleStage,,persons,True
2021,LK,jf-survey-2021,24,Sri Lanka,South Asia,primary,0,persons,False
2021,LK,jf-survey-2021,24,Sri Lanka,South Asia,secondary,6412,persons,False
2021,LK,jf-survey-2021,24,Sri Lanka,South Asia,higher,833,persons,False
2021,LK,jf-survey-2021,24,Sri Lanka,South Asia,other,2501,persons,False
2021,NP,jf-survey-2021,25,Nepal,South Asia,institutions,241,institutions,False
2021,NP,jf-survey-2021,25,Nepal,South Asia,teachers,812,persons,False
2021,NP,jf-survey-2021,25,Nepal,South Asia,learners,9646,persons,False
2021,NP,jf-survey-2021,25,Nepal,South Asia,school,150,persons,False
2021,NP,jf-survey-2021,25,Nepal,South Asia,multipleStage,,persons,True
2021,NP,jf-survey-2021,25,Nepal,South Asia,primary,0,persons,False
2021,NP,jf-survey-2021,25,Nepal,South Asia,secondary,150,persons,False
2021,NP,jf-survey-2021,25,Nepal,South Asia,higher,215,persons,False
2021,NP,jf-survey-2021,25,Nepal,South Asia,other,9281,persons,False
2021,PK,jf-survey-2021,26,Pakistan,South Asia,institutions,5,institutions,False
2021,PK,jf-survey-2021,26,Pakistan,South Asia,teachers,13,persons,False
2021,PK,jf-survey-2021,26,Pakistan,South Asia,learners,243,persons,False
2021,PK,jf-survey-2021,26,Pakistan,South Asia,school,0,persons,False
2021,PK,jf-survey-2021,26,Pakistan,South Asia,multipleStage,,persons,True
2021,PK,jf-survey-2021,26,Pakistan,South Asia,primary,0,persons,False
2021,PK,jf-survey-2021,26,Pakistan,South Asia,secondary,0,persons,False
2021,PK,jf-survey-2021,26,Pakistan,South Asia,higher,90,persons,False
2021,PK,jf-survey-2021,26,Pakistan,South Asia,other,153,persons,False
2021,BD,jf-survey-2021,27,Bangladesh,South Asia,institutions,116,institutions,False
2021,BD,jf-survey-2021,27,Bangladesh,South Asia,teachers,346,persons,False
2021,BD,jf-survey-2021,27,Bangladesh,South Asia,learners,7418,persons,False
2021,BD,jf-survey-2021,27,Bangladesh,South Asia,school,378,persons,False
2021,BD,jf-survey-2021,27,Bangladesh,South Asia,multipleStage,,persons,True
2021,BD,jf-survey-2021,27,Bangladesh,South Asia,primary,266,persons,False
2021,BD,jf-survey-2021,27,Bangladesh,South Asia,secondary,112,persons,False
2021,BD,jf-survey-2021,27,Bangladesh,South Asia,higher,925,persons,False
2021,BD,jf-survey-2021,27,Bangladesh,South Asia,other,6115,persons,False
2021,BT,jf-survey-2021,28,Bhutan,South Asia,institutions,1,institutions,False
2021,BT,jf-survey-2021,28,Bhutan,South Asia,teachers,3,persons,False
2021,BT,jf-survey-2021,28,Bhutan,South Asia,learners,18,persons,False
2021,BT,jf-survey-2021,28,Bhutan,South Asia,school,0,persons,False
2021,BT,jf-survey-2021,28,Bhutan,South Asia,multipleStage,,persons,True
2021,BT,jf-survey-2021,28,Bhutan,South Asia,primary,0,persons,False
2021,BT,jf-survey-2021,28,Bhutan,South Asia,secondary,0,persons,False
2021,BT,jf-survey-2021,28,Bhutan,South Asia,higher,0,persons,False
2021,BT,jf-survey-2021,28,Bhutan,South Asia,other,18,persons,False
2021,MV,jf-survey-2021,29,Maldives,South Asia,institutions,1,institutions,False
2021,MV,jf-survey-2021,29,Maldives,South Asia,teachers,1,persons,False
2021,MV,jf-survey-2021,29,Maldives,South Asia,learners,7,persons,False
2021,MV,jf-survey-2021,29,Maldives,South Asia,school,0,persons,False
2021,MV,jf-survey-2021,29,Maldives,South Asia,multipleStage,,persons,True
2021,MV,jf-survey-2021,29,Maldives,South Asia,primary,0,persons,False
2021,MV,jf-survey-2021,29,Maldives,South Asia,secondary,0,persons,False
2021,MV,jf-survey-2021,29,Maldives,South Asia,higher,7,persons,False
2021,MV,jf-survey-2021,29,Maldives,South Asia,other,0,persons,False
2021,AU,jf-survey-2021,31,Australia,Oceania,institutions,1648,institutions,False
2021,AU,jf-survey-2021,31,Australia,Oceania,teachers,3052,persons,False
2021,AU,jf-survey-2021,31,Australia,Oceania,learners,415348,persons,False
2021,AU,jf-survey-2021,31,Australia,Oceania,school,399134,persons,False
2021,AU,jf-survey-2021,31,Australia,Oceania,multipleStage,,persons,True
2021,AU,jf-survey-2021,31,Australia,Oceania,primary,258811,persons,False
2021,AU,jf-survey-2021,31,Australia,Oceania,secondary,140323,persons,False
2021,AU,jf-survey-2021,31,Australia,Oceania,higher,11301,persons,False
2021,AU,jf-survey-2021,31,Australia,Oceania,other,4913,persons,False
2021,MP,jf-survey-2021,32,Northern Mariana Islands,Oceania,institutions,3,institutions,False
2021,MP,jf-survey-2021,32,Northern Mariana Islands,Oceania,teachers,3,persons,False
2021,MP,jf-survey-2021,32,Northern Mariana Islands,Oceania,learners,270,persons,False
2021,MP,jf-survey-2021,32,Northern Mariana Islands,Oceania,school,230,persons,False
2021,MP,jf-survey-2021,32,Northern Mariana Islands,Oceania,multipleStage,,persons,True
2021,MP,jf-survey-2021,32,Northern Mariana Islands,Oceania,primary,0,persons,False
2021,MP,jf-survey-2021,32,Northern Mariana Islands,Oceania,secondary,230,persons,False
2021,MP,jf-survey-2021,32,Northern Mariana Islands,Oceania,higher,40,persons,False
2021,MP,jf-survey-2021,32,Northern Mariana Islands,Oceania,other,0,persons,False
2021,KI,jf-survey-2021,33,Kiribati,Oceania,institutions,1,institutions,False
2021,KI,jf-survey-2021,33,Kiribati,Oceania,teachers,2,persons,False
2021,KI,jf-survey-2021,33,Kiribati,Oceania,learners,20,persons,False
2021,KI,jf-survey-2021,33,Kiribati,Oceania,school,0,persons,False
2021,KI,jf-survey-2021,33,Kiribati,Oceania,multipleStage,,persons,True
2021,KI,jf-survey-2021,33,Kiribati,Oceania,primary,0,persons,False
2021,KI,jf-survey-2021,33,Kiribati,Oceania,secondary,0,persons,False
2021,KI,jf-survey-2021,33,Kiribati,Oceania,higher,0,persons,False
2021,KI,jf-survey-2021,33,Kiribati,Oceania,other,20,persons,False
2021,GU,jf-survey-2021,34,Guam,Oceania,institutions,9,institutions,False
2021,GU,jf-survey-2021,34,Guam,Oceania,teachers,16,persons,False
2021,GU,jf-survey-2021,34,Guam,Oceania,learners,1076,persons,False
2021,GU,jf-survey-2021,34,Guam,Oceania,school,923,persons,False
2021,GU,jf-survey-2021,34,Guam,Oceania,multipleStage,,persons,True
2021,GU,jf-survey-2021,34,Guam,Oceania,primary,56,persons,False
2021,GU,jf-survey-2021,34,Guam,Oceania,secondary,867,persons,False
2021,GU,jf-survey-2021,34,Guam,Oceania,higher,153,persons,False
2021,GU,jf-survey-2021,34,Guam,Oceania,other,0,persons,False
2021,WS,jf-survey-2021,35,Samoa,Oceania,institutions,1,institutions,False
2021,WS,jf-survey-2021,35,Samoa,Oceania,teachers,1,persons,False
2021,WS,jf-survey-2021,35,Samoa,Oceania,learners,56,persons,False
2021,WS,jf-survey-2021,35,Samoa,Oceania,school,0,persons,False
2021,WS,jf-survey-2021,35,Samoa,Oceania,multipleStage,,persons,True
2021,WS,jf-survey-2021,35,Samoa,Oceania,primary,0,persons,False
2021,WS,jf-survey-2021,35,Samoa,Oceania,secondary,0,persons,False
2021,WS,jf-survey-2021,35,Samoa,Oceania,higher,56,persons,False
2021,WS,jf-survey-2021,35,Samoa,Oceania,other,0,persons,False
2021,TO,jf-survey-2021,36,Tonga,Oceania,institutions,7,institutions,False
2021,TO,jf-survey-2021,36,Tonga,Oceania,teachers,13,persons,False
2021,TO,jf-survey-2021,36,Tonga,Oceania,learners,162,persons,False
2021,TO,jf-survey-2021,36,Tonga,Oceania,school,162,persons,False
2021,TO,jf-survey-2021,36,Tonga,Oceania,multipleStage,,persons,True
2021,TO,jf-survey-2021,36,Tonga,Oceania,primary,0,persons,False
2021,TO,jf-survey-2021,36,Tonga,Oceania,secondary,162,persons,False
2021,TO,jf-survey-2021,36,Tonga,Oceania,higher,0,persons,False
2021,TO,jf-survey-2021,36,Tonga,Oceania,other,0,persons,False
2021,NC,jf-survey-2021,37,New Caledonia,Oceania,institutions,36,institutions,False
2021,NC,jf-survey-2021,37,New Caledonia,Oceania,teachers,56,persons,False
2021,NC,jf-survey-2021,37,New Caledonia,Oceania,learners,3426,persons,False
2021,NC,jf-survey-2021,37,New Caledonia,Oceania,school,3262,persons,False
2021,NC,jf-survey-2021,37,New Caledonia,Oceania,multipleStage,,persons,True
2021,NC,jf-survey-2021,37,New Caledonia,Oceania,primary,0,persons,False
2021,NC,jf-survey-2021,37,New Caledonia,Oceania,secondary,3262,persons,False
2021,NC,jf-survey-2021,37,New Caledonia,Oceania,higher,104,persons,False
2021,NC,jf-survey-2021,37,New Caledonia,Oceania,other,60,persons,False
2021,NZ,jf-survey-2021,38,New Zealand,Oceania,institutions,224,institutions,False
2021,NZ,jf-survey-2021,38,New Zealand,Oceania,teachers,432,persons,False
2021,NZ,jf-survey-2021,38,New Zealand,Oceania,learners,28072,persons,False
2021,NZ,jf-survey-2021,38,New Zealand,Oceania,school,25382,persons,False
2021,NZ,jf-survey-2021,38,New Zealand,Oceania,multipleStage,,persons,True
2021,NZ,jf-survey-2021,38,New Zealand,Oceania,primary,7983,persons,False
2021,NZ,jf-survey-2021,38,New Zealand,Oceania,secondary,17399,persons,False
2021,NZ,jf-survey-2021,38,New Zealand,Oceania,higher,1799,persons,False
2021,NZ,jf-survey-2021,38,New Zealand,Oceania,other,891,persons,False
2021,PG,jf-survey-2021,39,Papua New Guinea,Oceania,institutions,1,institutions,False
2021,PG,jf-survey-2021,39,Papua New Guinea,Oceania,teachers,2,persons,False
2021,PG,jf-survey-2021,39,Papua New Guinea,Oceania,learners,50,persons,False
2021,PG,jf-survey-2021,39,Papua New Guinea,Oceania,school,50,persons,False
2021,PG,jf-survey-2021,39,Papua New Guinea,Oceania,multipleStage,,persons,True
2021,PG,jf-survey-2021,39,Papua New Guinea,Oceania,primary,0,persons,False
2021,PG,jf-survey-2021,39,Papua New Guinea,Oceania,secondary,50,persons,False
2021,PG,jf-survey-2021,39,Papua New Guinea,Oceania,higher,0,persons,False
2021,PG,jf-survey-2021,39,Papua New Guinea,Oceania,other,0,persons,False
2021,PW,jf-survey-2021,40,Palau,Oceania,institutions,3,institutions,False
2021,PW,jf-survey-2021,40,Palau,Oceania,teachers,3,persons,False
2021,PW,jf-survey-2021,40,Palau,Oceania,learners,155,persons,False
2021,PW,jf-survey-2021,40,Palau,Oceania,school,110,persons,False
2021,PW,jf-survey-2021,40,Palau,Oceania,multipleStage,,persons,True
2021,PW,jf-survey-2021,40,Palau,Oceania,primary,0,persons,False
2021,PW,jf-survey-2021,40,Palau,Oceania,secondary,110,persons,False
2021,PW,jf-survey-2021,40,Palau,Oceania,higher,45,persons,False
2021,PW,jf-survey-2021,40,Palau,Oceania,other,0,persons,False
2021,PF,jf-survey-2021,41,French Polynesia,Oceania,institutions,6,institutions,False
2021,PF,jf-survey-2021,41,French Polynesia,Oceania,teachers,14,persons,False
2021,PF,jf-survey-2021,41,French Polynesia,Oceania,learners,113,persons,False
2021,PF,jf-survey-2021,41,French Polynesia,Oceania,school,3,persons,False
2021,PF,jf-survey-2021,41,French Polynesia,Oceania,multipleStage,,persons,True
2021,PF,jf-survey-2021,41,French Polynesia,Oceania,primary,0,persons,False
2021,PF,jf-survey-2021,41,French Polynesia,Oceania,secondary,3,persons,False
2021,PF,jf-survey-2021,41,French Polynesia,Oceania,higher,0,persons,False
2021,PF,jf-survey-2021,41,French Polynesia,Oceania,other,110,persons,False
2021,FM,jf-survey-2021,42,Micronesia,Oceania,institutions,4,institutions,False
2021,FM,jf-survey-2021,42,Micronesia,Oceania,teachers,5,persons,False
2021,FM,jf-survey-2021,42,Micronesia,Oceania,learners,229,persons,False
2021,FM,jf-survey-2021,42,Micronesia,Oceania,school,62,persons,False
2021,FM,jf-survey-2021,42,Micronesia,Oceania,multipleStage,,persons,True
2021,FM,jf-survey-2021,42,Micronesia,Oceania,primary,0,persons,False
2021,FM,jf-survey-2021,42,Micronesia,Oceania,secondary,62,persons,False
2021,FM,jf-survey-2021,42,Micronesia,Oceania,higher,52,persons,False
2021,FM,jf-survey-2021,42,Micronesia,Oceania,other,115,persons,False
2021,CA,jf-survey-2021,44,Canada,North America,institutions,131,institutions,False
2021,CA,jf-survey-2021,44,Canada,North America,teachers,566,persons,False
2021,CA,jf-survey-2021,44,Canada,North America,learners,18293,persons,False
2021,CA,jf-survey-2021,44,Canada,North America,school,4128,persons,False
2021,CA,jf-survey-2021,44,Canada,North America,multipleStage,,persons,True
2021,CA,jf-survey-2021,44,Canada,North America,primary,128,persons,False
2021,CA,jf-survey-2021,44,Canada,North America,secondary,4000,persons,False
2021,CA,jf-survey-2021,44,Canada,North America,higher,10241,persons,False
2021,CA,jf-survey-2021,44,Canada,North America,other,3924,persons,False
2021,US,jf-survey-2021,45,United States,North America,institutions,1241,institutions,False
2021,US,jf-survey-2021,45,United States,North America,teachers,4109,persons,False
2021,US,jf-survey-2021,45,United States,North America,learners,161402,persons,False
2021,US,jf-survey-2021,45,United States,North America,school,90603,persons,False
2021,US,jf-survey-2021,45,United States,North America,multipleStage,,persons,True
2021,US,jf-survey-2021,45,United States,North America,primary,19163,persons,False
2021,US,jf-survey-2021,45,United States,North America,secondary,71440,persons,False
2021,US,jf-survey-2021,45,United States,North America,higher,60200,persons,False
2021,US,jf-survey-2021,45,United States,North America,other,10599,persons,False
2021,SV,jf-survey-2021,47,El Salvador,Central America,institutions,5,institutions,False
2021,SV,jf-survey-2021,47,El Salvador,Central America,teachers,28,persons,False
2021,SV,jf-survey-2021,47,El Salvador,Central America,learners,387,persons,False
2021,SV,jf-survey-2021,47,El Salvador,Central America,school,0,persons,False
2021,SV,jf-survey-2021,47,El Salvador,Central America,multipleStage,,persons,True
2021,SV,jf-survey-2021,47,El Salvador,Central America,primary,0,persons,False
2021,SV,jf-survey-2021,47,El Salvador,Central America,secondary,0,persons,False
2021,SV,jf-survey-2021,47,El Salvador,Central America,higher,63,persons,False
2021,SV,jf-survey-2021,47,El Salvador,Central America,other,324,persons,False
2021,CU,jf-survey-2021,48,Cuba,Central America,institutions,1,institutions,False
2021,CU,jf-survey-2021,48,Cuba,Central America,teachers,2,persons,False
2021,CU,jf-survey-2021,48,Cuba,Central America,learners,28,persons,False
2021,CU,jf-survey-2021,48,Cuba,Central America,school,0,persons,False
2021,CU,jf-survey-2021,48,Cuba,Central America,multipleStage,,persons,True
2021,CU,jf-survey-2021,48,Cuba,Central America,primary,0,persons,False
2021,CU,jf-survey-2021,48,Cuba,Central America,secondary,0,persons,False
2021,CU,jf-survey-2021,48,Cuba,Central America,higher,28,persons,False
2021,CU,jf-survey-2021,48,Cuba,Central America,other,0,persons,False
2021,GT,jf-survey-2021,49,Guatemala,Central America,institutions,4,institutions,False
2021,GT,jf-survey-2021,49,Guatemala,Central America,teachers,12,persons,False
2021,GT,jf-survey-2021,49,Guatemala,Central America,learners,414,persons,False
2021,GT,jf-survey-2021,49,Guatemala,Central America,school,0,persons,False
2021,GT,jf-survey-2021,49,Guatemala,Central America,multipleStage,,persons,True
2021,GT,jf-survey-2021,49,Guatemala,Central America,primary,0,persons,False
2021,GT,jf-survey-2021,49,Guatemala,Central America,secondary,0,persons,False
2021,GT,jf-survey-2021,49,Guatemala,Central America,higher,0,persons,False
2021,GT,jf-survey-2021,49,Guatemala,Central America,other,414,persons,False
2021,CR,jf-survey-2021,50,Costa Rica,Central America,institutions,10,institutions,False
2021,CR,jf-survey-2021,50,Costa Rica,Central America,teachers,44,persons,False
2021,CR,jf-survey-2021,50,Costa Rica,Central America,learners,829,persons,False
2021,CR,jf-survey-2021,50,Costa Rica,Central America,school,0,persons,False
2021,CR,jf-survey-2021,50,Costa Rica,Central America,multipleStage,,persons,True
2021,CR,jf-survey-2021,50,Costa Rica,Central America,primary,0,persons,False
2021,CR,jf-survey-2021,50,Costa Rica,Central America,secondary,0,persons,False
2021,CR,jf-survey-2021,50,Costa Rica,Central America,higher,0,persons,False
2021,CR,jf-survey-2021,50,Costa Rica,Central America,other,829,persons,False
2021,JM,jf-survey-2021,51,Jamaica,Central America,institutions,3,institutions,False
2021,JM,jf-survey-2021,51,Jamaica,Central America,teachers,5,persons,False
2021,JM,jf-survey-2021,51,Jamaica,Central America,learners,213,persons,False
2021,JM,jf-survey-2021,51,Jamaica,Central America,school,0,persons,False
2021,JM,jf-survey-2021,51,Jamaica,Central America,multipleStage,,persons,True
2021,JM,jf-survey-2021,51,Jamaica,Central America,primary,0,persons,False
2021,JM,jf-survey-2021,51,Jamaica,Central America,secondary,0,persons,False
2021,JM,jf-survey-2021,51,Jamaica,Central America,higher,153,persons,False
2021,JM,jf-survey-2021,51,Jamaica,Central America,other,60,persons,False
2021,DO,jf-survey-2021,52,Dominican Republic,Central America,institutions,3,institutions,False
2021,DO,jf-survey-2021,52,Dominican Republic,Central America,teachers,19,persons,False
2021,DO,jf-survey-2021,52,Dominican Republic,Central America,learners,175,persons,False
2021,DO,jf-survey-2021,52,Dominican Republic,Central America,school,0,persons,False
2021,DO,jf-survey-2021,52,Dominican Republic,Central America,multipleStage,,persons,True
2021,DO,jf-survey-2021,52,Dominican Republic,Central America,primary,0,persons,False
2021,DO,jf-survey-2021,52,Dominican Republic,Central America,secondary,0,persons,False
2021,DO,jf-survey-2021,52,Dominican Republic,Central America,higher,0,persons,False
2021,DO,jf-survey-2021,52,Dominican Republic,Central America,other,175,persons,False
2021,TT,jf-survey-2021,53,Trinidad & Tobago,Central America,institutions,1,institutions,False
2021,TT,jf-survey-2021,53,Trinidad & Tobago,Central America,teachers,2,persons,False
2021,TT,jf-survey-2021,53,Trinidad & Tobago,Central America,learners,150,persons,False
2021,TT,jf-survey-2021,53,Trinidad & Tobago,Central America,school,0,persons,False
2021,TT,jf-survey-2021,53,Trinidad & Tobago,Central America,multipleStage,,persons,True
2021,TT,jf-survey-2021,53,Trinidad & Tobago,Central America,primary,0,persons,False
2021,TT,jf-survey-2021,53,Trinidad & Tobago,Central America,secondary,0,persons,False
2021,TT,jf-survey-2021,53,Trinidad & Tobago,Central America,higher,3,persons,False
2021,TT,jf-survey-2021,53,Trinidad & Tobago,Central America,other,147,persons,False
2021,NI,jf-survey-2021,54,Nicaragua,Central America,institutions,2,institutions,False
2021,NI,jf-survey-2021,54,Nicaragua,Central America,teachers,7,persons,False
2021,NI,jf-survey-2021,54,Nicaragua,Central America,learners,62,persons,False
2021,NI,jf-survey-2021,54,Nicaragua,Central America,school,0,persons,False
2021,NI,jf-survey-2021,54,Nicaragua,Central America,multipleStage,,persons,True
2021,NI,jf-survey-2021,54,Nicaragua,Central America,primary,0,persons,False
2021,NI,jf-survey-2021,54,Nicaragua,Central America,secondary,0,persons,False
2021,NI,jf-survey-2021,54,Nicaragua,Central America,higher,0,persons,False
2021,NI,jf-survey-2021,54,Nicaragua,Central America,other,62,persons,False
2021,HT,jf-survey-2021,55,Haiti,Central America,institutions,1,institutions,False
2021,HT,jf-survey-2021,55,Haiti,Central America,teachers,4,persons,False
2021,HT,jf-survey-2021,55,Haiti,Central America,learners,108,persons,False
2021,HT,jf-survey-2021,55,Haiti,Central America,school,54,persons,False
2021,HT,jf-survey-2021,55,Haiti,Central America,multipleStage,,persons,True
2021,HT,jf-survey-2021,55,Haiti,Central America,primary,0,persons,False
2021,HT,jf-survey-2021,55,Haiti,Central America,secondary,54,persons,False
2021,HT,jf-survey-2021,55,Haiti,Central America,higher,54,persons,False
2021,HT,jf-survey-2021,55,Haiti,Central America,other,0,persons,False
2021,PA,jf-survey-2021,56,Panama,Central America,institutions,3,institutions,False
2021,PA,jf-survey-2021,56,Panama,Central America,teachers,6,persons,False
2021,PA,jf-survey-2021,56,Panama,Central America,learners,140,persons,False
2021,PA,jf-survey-2021,56,Panama,Central America,school,15,persons,False
2021,PA,jf-survey-2021,56,Panama,Central America,multipleStage,,persons,True
2021,PA,jf-survey-2021,56,Panama,Central America,primary,0,persons,False
2021,PA,jf-survey-2021,56,Panama,Central America,secondary,15,persons,False
2021,PA,jf-survey-2021,56,Panama,Central America,higher,25,persons,False
2021,PA,jf-survey-2021,56,Panama,Central America,other,100,persons,False
2021,PR,jf-survey-2021,57,Puerto Rico,Central America,institutions,2,institutions,False
2021,PR,jf-survey-2021,57,Puerto Rico,Central America,teachers,2,persons,False
2021,PR,jf-survey-2021,57,Puerto Rico,Central America,learners,139,persons,False
2021,PR,jf-survey-2021,57,Puerto Rico,Central America,school,0,persons,False
2021,PR,jf-survey-2021,57,Puerto Rico,Central America,multipleStage,,persons,True
2021,PR,jf-survey-2021,57,Puerto Rico,Central America,primary,0,persons,False
2021,PR,jf-survey-2021,57,Puerto Rico,Central America,secondary,0,persons,False
2021,PR,jf-survey-2021,57,Puerto Rico,Central America,higher,121,persons,False
2021,PR,jf-survey-2021,57,Puerto Rico,Central America,other,18,persons,False
2021,BZ,jf-survey-2021,58,Belize,Central America,institutions,1,institutions,False
2021,BZ,jf-survey-2021,58,Belize,Central America,teachers,2,persons,False
2021,BZ,jf-survey-2021,58,Belize,Central America,learners,10,persons,False
2021,BZ,jf-survey-2021,58,Belize,Central America,school,0,persons,False
2021,BZ,jf-survey-2021,58,Belize,Central America,multipleStage,,persons,True
2021,BZ,jf-survey-2021,58,Belize,Central America,primary,0,persons,False
2021,BZ,jf-survey-2021,58,Belize,Central America,secondary,0,persons,False
2021,BZ,jf-survey-2021,58,Belize,Central America,higher,0,persons,False
2021,BZ,jf-survey-2021,58,Belize,Central America,other,10,persons,False
2021,HN,jf-survey-2021,59,Honduras,Central America,institutions,5,institutions,False
2021,HN,jf-survey-2021,59,Honduras,Central America,teachers,20,persons,False
2021,HN,jf-survey-2021,59,Honduras,Central America,learners,355,persons,False
2021,HN,jf-survey-2021,59,Honduras,Central America,school,42,persons,False
2021,HN,jf-survey-2021,59,Honduras,Central America,multipleStage,,persons,True
2021,HN,jf-survey-2021,59,Honduras,Central America,primary,21,persons,False
2021,HN,jf-survey-2021,59,Honduras,Central America,secondary,21,persons,False
2021,HN,jf-survey-2021,59,Honduras,Central America,higher,27,persons,False
2021,HN,jf-survey-2021,59,Honduras,Central America,other,286,persons,False
2021,MX,jf-survey-2021,60,Mexico,Central America,institutions,139,institutions,False
2021,MX,jf-survey-2021,60,Mexico,Central America,teachers,612,persons,False
2021,MX,jf-survey-2021,60,Mexico,Central America,learners,14552,persons,False
2021,MX,jf-survey-2021,60,Mexico,Central America,school,1733,persons,False
2021,MX,jf-survey-2021,60,Mexico,Central America,multipleStage,,persons,True
2021,MX,jf-survey-2021,60,Mexico,Central America,primary,588,persons,False
2021,MX,jf-survey-2021,60,Mexico,Central America,secondary,1145,persons,False
2021,MX,jf-survey-2021,60,Mexico,Central America,higher,2103,persons,False
2021,MX,jf-survey-2021,60,Mexico,Central America,other,10716,persons,False
2021,AR,jf-survey-2021,62,Argentina,South America,institutions,51,institutions,False
2021,AR,jf-survey-2021,62,Argentina,South America,teachers,252,persons,False
2021,AR,jf-survey-2021,62,Argentina,South America,learners,4486,persons,False
2021,AR,jf-survey-2021,62,Argentina,South America,school,490,persons,False
2021,AR,jf-survey-2021,62,Argentina,South America,multipleStage,,persons,True
2021,AR,jf-survey-2021,62,Argentina,South America,primary,350,persons,False
2021,AR,jf-survey-2021,62,Argentina,South America,secondary,140,persons,False
2021,AR,jf-survey-2021,62,Argentina,South America,higher,227,persons,False
2021,AR,jf-survey-2021,62,Argentina,South America,other,3769,persons,False
2021,UY,jf-survey-2021,63,Uruguay,South America,institutions,6,institutions,False
2021,UY,jf-survey-2021,63,Uruguay,South America,teachers,16,persons,False
2021,UY,jf-survey-2021,63,Uruguay,South America,learners,181,persons,False
2021,UY,jf-survey-2021,63,Uruguay,South America,school,0,persons,False
2021,UY,jf-survey-2021,63,Uruguay,South America,multipleStage,,persons,True
2021,UY,jf-survey-2021,63,Uruguay,South America,primary,0,persons,False
2021,UY,jf-survey-2021,63,Uruguay,South America,secondary,0,persons,False
2021,UY,jf-survey-2021,63,Uruguay,South America,higher,10,persons,False
2021,UY,jf-survey-2021,63,Uruguay,South America,other,171,persons,False
2021,EC,jf-survey-2021,64,Ecuador,South America,institutions,4,institutions,False
2021,EC,jf-survey-2021,64,Ecuador,South America,teachers,20,persons,False
2021,EC,jf-survey-2021,64,Ecuador,South America,learners,225,persons,False
2021,EC,jf-survey-2021,64,Ecuador,South America,school,0,persons,False
2021,EC,jf-survey-2021,64,Ecuador,South America,multipleStage,,persons,True
2021,EC,jf-survey-2021,64,Ecuador,South America,primary,0,persons,False
2021,EC,jf-survey-2021,64,Ecuador,South America,secondary,0,persons,False
2021,EC,jf-survey-2021,64,Ecuador,South America,higher,70,persons,False
2021,EC,jf-survey-2021,64,Ecuador,South America,other,155,persons,False
2021,CO,jf-survey-2021,65,Colombia,South America,institutions,20,institutions,False
2021,CO,jf-survey-2021,65,Colombia,South America,teachers,85,persons,False
2021,CO,jf-survey-2021,65,Colombia,South America,learners,2024,persons,False
2021,CO,jf-survey-2021,65,Colombia,South America,school,0,persons,False
2021,CO,jf-survey-2021,65,Colombia,South America,multipleStage,,persons,True
2021,CO,jf-survey-2021,65,Colombia,South America,primary,0,persons,False
2021,CO,jf-survey-2021,65,Colombia,South America,secondary,0,persons,False
2021,CO,jf-survey-2021,65,Colombia,South America,higher,436,persons,False
2021,CO,jf-survey-2021,65,Colombia,South America,other,1588,persons,False
2021,CL,jf-survey-2021,66,Chile,South America,institutions,11,institutions,False
2021,CL,jf-survey-2021,66,Chile,South America,teachers,39,persons,False
2021,CL,jf-survey-2021,66,Chile,South America,learners,1096,persons,False
2021,CL,jf-survey-2021,66,Chile,South America,school,108,persons,False
2021,CL,jf-survey-2021,66,Chile,South America,multipleStage,,persons,True
2021,CL,jf-survey-2021,66,Chile,South America,primary,44,persons,False
2021,CL,jf-survey-2021,66,Chile,South America,secondary,64,persons,False
2021,CL,jf-survey-2021,66,Chile,South America,higher,323,persons,False
2021,CL,jf-survey-2021,66,Chile,South America,other,665,persons,False
2021,PY,jf-survey-2021,67,Paraguay,South America,institutions,13,institutions,False
2021,PY,jf-survey-2021,67,Paraguay,South America,teachers,59,persons,False
2021,PY,jf-survey-2021,67,Paraguay,South America,learners,1262,persons,False
2021,PY,jf-survey-2021,67,Paraguay,South America,school,657,persons,False
2021,PY,jf-survey-2021,67,Paraguay,South America,multipleStage,,persons,True
2021,PY,jf-survey-2021,67,Paraguay,South America,primary,413,persons,False
2021,PY,jf-survey-2021,67,Paraguay,South America,secondary,244,persons,False
2021,PY,jf-survey-2021,67,Paraguay,South America,higher,1,persons,False
2021,PY,jf-survey-2021,67,Paraguay,South America,other,604,persons,False
2021,BR,jf-survey-2021,68,Brazil,South America,institutions,261,institutions,False
2021,BR,jf-survey-2021,68,Brazil,South America,teachers,942,persons,False
2021,BR,jf-survey-2021,68,Brazil,South America,learners,20732,persons,False
2021,BR,jf-survey-2021,68,Brazil,South America,school,7058,persons,False
2021,BR,jf-survey-2021,68,Brazil,South America,multipleStage,,persons,True
2021,BR,jf-survey-2021,68,Brazil,South America,primary,2189,persons,False
2021,BR,jf-survey-2021,68,Brazil,South America,secondary,4869,persons,False
2021,BR,jf-survey-2021,68,Brazil,South America,higher,1705,persons,False
2021,BR,jf-survey-2021,68,Brazil,South America,other,11969,persons,False
2021,VE,jf-survey-2021,69,Venezuela,South America,institutions,10,institutions,False
2021,VE,jf-survey-2021,69,Venezuela,South America,teachers,32,persons,False
2021,VE,jf-survey-2021,69,Venezuela,South America,learners,302,persons,False
2021,VE,jf-survey-2021,69,Venezuela,South America,school,0,persons,False
2021,VE,jf-survey-2021,69,Venezuela,South America,multipleStage,,persons,True
2021,VE,jf-survey-2021,69,Venezuela,South America,primary,0,persons,False
2021,VE,jf-survey-2021,69,Venezuela,South America,secondary,0,persons,False
2021,VE,jf-survey-2021,69,Venezuela,South America,higher,34,persons,False
2021,VE,jf-survey-2021,69,Venezuela,South America,other,268,persons,False
2021,PE,jf-survey-2021,70,Peru,South America,institutions,13,institutions,False
2021,PE,jf-survey-2021,70,Peru,South America,teachers,81,persons,False
2021,PE,jf-survey-2021,70,Peru,South America,learners,3761,persons,False
2021,PE,jf-survey-2021,70,Peru,South America,school,2154,persons,False
2021,PE,jf-survey-2021,70,Peru,South America,multipleStage,,persons,True
2021,PE,jf-survey-2021,70,Peru,South America,primary,1156,persons,False
2021,PE,jf-survey-2021,70,Peru,South America,secondary,998,persons,False
2021,PE,jf-survey-2021,70,Peru,South America,higher,10,persons,False
2021,PE,jf-survey-2021,70,Peru,South America,other,1597,persons,False
2021,BO,jf-survey-2021,71,Bolivia,South America,institutions,5,institutions,False
2021,BO,jf-survey-2021,71,Bolivia,South America,teachers,22,persons,False
2021,BO,jf-survey-2021,71,Bolivia,South America,learners,488,persons,False
2021,BO,jf-survey-2021,71,Bolivia,South America,school,233,persons,False
2021,BO,jf-survey-2021,71,Bolivia,South America,multipleStage,,persons,True
2021,BO,jf-survey-2021,71,Bolivia,South America,primary,172,persons,False
2021,BO,jf-survey-2021,71,Bolivia,South America,secondary,61,persons,False
2021,BO,jf-survey-2021,71,Bolivia,South America,higher,0,persons,False
2021,BO,jf-survey-2021,71,Bolivia,South America,other,255,persons,False
2021,IS,jf-survey-2021,73,Iceland,Western Europe,institutions,3,institutions,False
2021,IS,jf-survey-2021,73,Iceland,Western Europe,teachers,9,persons,False
2021,IS,jf-survey-2021,73,Iceland,Western Europe,learners,145,persons,False
2021,IS,jf-survey-2021,73,Iceland,Western Europe,school,55,persons,False
2021,IS,jf-survey-2021,73,Iceland,Western Europe,multipleStage,,persons,True
2021,IS,jf-survey-2021,73,Iceland,Western Europe,primary,0,persons,False
2021,IS,jf-survey-2021,73,Iceland,Western Europe,secondary,55,persons,False
2021,IS,jf-survey-2021,73,Iceland,Western Europe,higher,90,persons,False
2021,IS,jf-survey-2021,73,Iceland,Western Europe,other,0,persons,False
2021,IE,jf-survey-2021,74,Ireland,Western Europe,institutions,35,institutions,False
2021,IE,jf-survey-2021,74,Ireland,Western Europe,teachers,48,persons,False
2021,IE,jf-survey-2021,74,Ireland,Western Europe,learners,3084,persons,False
2021,IE,jf-survey-2021,74,Ireland,Western Europe,school,2644,persons,False
2021,IE,jf-survey-2021,74,Ireland,Western Europe,multipleStage,,persons,True
2021,IE,jf-survey-2021,74,Ireland,Western Europe,primary,0,persons,False
2021,IE,jf-survey-2021,74,Ireland,Western Europe,secondary,2644,persons,False
2021,IE,jf-survey-2021,74,Ireland,Western Europe,higher,416,persons,False
2021,IE,jf-survey-2021,74,Ireland,Western Europe,other,24,persons,False
2021,IT,jf-survey-2021,75,Italy,Western Europe,institutions,45,institutions,False
2021,IT,jf-survey-2021,75,Italy,Western Europe,teachers,186,persons,False
2021,IT,jf-survey-2021,75,Italy,Western Europe,learners,8387,persons,False
2021,IT,jf-survey-2021,75,Italy,Western Europe,school,669,persons,False
2021,IT,jf-survey-2021,75,Italy,Western Europe,multipleStage,,persons,True
2021,IT,jf-survey-2021,75,Italy,Western Europe,primary,0,persons,False
2021,IT,jf-survey-2021,75,Italy,Western Europe,secondary,669,persons,False
2021,IT,jf-survey-2021,75,Italy,Western Europe,higher,6583,persons,False
2021,IT,jf-survey-2021,75,Italy,Western Europe,other,1135,persons,False
2021,GB,jf-survey-2021,76,United Kingdom,Western Europe,institutions,172,institutions,False
2021,GB,jf-survey-2021,76,United Kingdom,Western Europe,teachers,473,persons,False
2021,GB,jf-survey-2021,76,United Kingdom,Western Europe,learners,14631,persons,False
2021,GB,jf-survey-2021,76,United Kingdom,Western Europe,school,5206,persons,False
2021,GB,jf-survey-2021,76,United Kingdom,Western Europe,multipleStage,,persons,True
2021,GB,jf-survey-2021,76,United Kingdom,Western Europe,primary,1558,persons,False
2021,GB,jf-survey-2021,76,United Kingdom,Western Europe,secondary,3648,persons,False
2021,GB,jf-survey-2021,76,United Kingdom,Western Europe,higher,6573,persons,False
2021,GB,jf-survey-2021,76,United Kingdom,Western Europe,other,2852,persons,False
2021,AT,jf-survey-2021,77,Austria,Western Europe,institutions,8,institutions,False
2021,AT,jf-survey-2021,77,Austria,Western Europe,teachers,22,persons,False
2021,AT,jf-survey-2021,77,Austria,Western Europe,learners,880,persons,False
2021,AT,jf-survey-2021,77,Austria,Western Europe,school,21,persons,False
2021,AT,jf-survey-2021,77,Austria,Western Europe,multipleStage,,persons,True
2021,AT,jf-survey-2021,77,Austria,Western Europe,primary,0,persons,False
2021,AT,jf-survey-2021,77,Austria,Western Europe,secondary,21,persons,False
2021,AT,jf-survey-2021,77,Austria,Western Europe,higher,585,persons,False
2021,AT,jf-survey-2021,77,Austria,Western Europe,other,274,persons,False
2021,NL,jf-survey-2021,78,Netherlands,Western Europe,institutions,22,institutions,False
2021,NL,jf-survey-2021,78,Netherlands,Western Europe,teachers,69,persons,False
2021,NL,jf-survey-2021,78,Netherlands,Western Europe,learners,1599,persons,False
2021,NL,jf-survey-2021,78,Netherlands,Western Europe,school,32,persons,False
2021,NL,jf-survey-2021,78,Netherlands,Western Europe,multipleStage,,persons,True
2021,NL,jf-survey-2021,78,Netherlands,Western Europe,primary,0,persons,False
2021,NL,jf-survey-2021,78,Netherlands,Western Europe,secondary,32,persons,False
2021,NL,jf-survey-2021,78,Netherlands,Western Europe,higher,1130,persons,False
2021,NL,jf-survey-2021,78,Netherlands,Western Europe,other,437,persons,False
2021,CY,jf-survey-2021,79,Cyprus,Western Europe,institutions,1,institutions,False
2021,CY,jf-survey-2021,79,Cyprus,Western Europe,teachers,1,persons,False
2021,CY,jf-survey-2021,79,Cyprus,Western Europe,learners,45,persons,False
2021,CY,jf-survey-2021,79,Cyprus,Western Europe,school,0,persons,False
2021,CY,jf-survey-2021,79,Cyprus,Western Europe,multipleStage,,persons,True
2021,CY,jf-survey-2021,79,Cyprus,Western Europe,primary,0,persons,False
2021,CY,jf-survey-2021,79,Cyprus,Western Europe,secondary,0,persons,False
2021,CY,jf-survey-2021,79,Cyprus,Western Europe,higher,0,persons,False
2021,CY,jf-survey-2021,79,Cyprus,Western Europe,other,45,persons,False
2021,GR,jf-survey-2021,80,Greece,Western Europe,institutions,12,institutions,False
2021,GR,jf-survey-2021,80,Greece,Western Europe,teachers,25,persons,False
2021,GR,jf-survey-2021,80,Greece,Western Europe,learners,568,persons,False
2021,GR,jf-survey-2021,80,Greece,Western Europe,school,0,persons,False
2021,GR,jf-survey-2021,80,Greece,Western Europe,multipleStage,,persons,True
2021,GR,jf-survey-2021,80,Greece,Western Europe,primary,0,persons,False
2021,GR,jf-survey-2021,80,Greece,Western Europe,secondary,0,persons,False
2021,GR,jf-survey-2021,80,Greece,Western Europe,higher,30,persons,False
2021,GR,jf-survey-2021,80,Greece,Western Europe,other,538,persons,False
2021,SM,jf-survey-2021,81,San Marino,Western Europe,institutions,1,institutions,False
2021,SM,jf-survey-2021,81,San Marino,Western Europe,teachers,1,persons,False
2021,SM,jf-survey-2021,81,San Marino,Western Europe,learners,14,persons,False
2021,SM,jf-survey-2021,81,San Marino,Western Europe,school,0,persons,False
2021,SM,jf-survey-2021,81,San Marino,Western Europe,multipleStage,,persons,True
2021,SM,jf-survey-2021,81,San Marino,Western Europe,primary,0,persons,False
2021,SM,jf-survey-2021,81,San Marino,Western Europe,secondary,0,persons,False
2021,SM,jf-survey-2021,81,San Marino,Western Europe,higher,0,persons,False
2021,SM,jf-survey-2021,81,San Marino,Western Europe,other,14,persons,False
2021,CH,jf-survey-2021,82,Switzerland,Western Europe,institutions,77,institutions,False
2021,CH,jf-survey-2021,82,Switzerland,Western Europe,teachers,197,persons,False
2021,CH,jf-survey-2021,82,Switzerland,Western Europe,learners,2791,persons,False
2021,CH,jf-survey-2021,82,Switzerland,Western Europe,school,178,persons,False
2021,CH,jf-survey-2021,82,Switzerland,Western Europe,multipleStage,,persons,True
2021,CH,jf-survey-2021,82,Switzerland,Western Europe,primary,0,persons,False
2021,CH,jf-survey-2021,82,Switzerland,Western Europe,secondary,178,persons,False
2021,CH,jf-survey-2021,82,Switzerland,Western Europe,higher,931,persons,False
2021,CH,jf-survey-2021,82,Switzerland,Western Europe,other,1682,persons,False
2021,SE,jf-survey-2021,83,Sweden,Western Europe,institutions,18,institutions,False
2021,SE,jf-survey-2021,83,Sweden,Western Europe,teachers,45,persons,False
2021,SE,jf-survey-2021,83,Sweden,Western Europe,learners,1471,persons,False
2021,SE,jf-survey-2021,83,Sweden,Western Europe,school,362,persons,False
2021,SE,jf-survey-2021,83,Sweden,Western Europe,multipleStage,,persons,True
2021,SE,jf-survey-2021,83,Sweden,Western Europe,primary,126,persons,False
2021,SE,jf-survey-2021,83,Sweden,Western Europe,secondary,236,persons,False
2021,SE,jf-survey-2021,83,Sweden,Western Europe,higher,948,persons,False
2021,SE,jf-survey-2021,83,Sweden,Western Europe,other,161,persons,False
2021,ES,jf-survey-2021,84,Spain,Western Europe,institutions,158,institutions,False
2021,ES,jf-survey-2021,84,Spain,Western Europe,teachers,404,persons,False
2021,ES,jf-survey-2021,84,Spain,Western Europe,learners,9383,persons,False
2021,ES,jf-survey-2021,84,Spain,Western Europe,school,36,persons,False
2021,ES,jf-survey-2021,84,Spain,Western Europe,multipleStage,,persons,True
2021,ES,jf-survey-2021,84,Spain,Western Europe,primary,15,persons,False
2021,ES,jf-survey-2021,84,Spain,Western Europe,secondary,21,persons,False
2021,ES,jf-survey-2021,84,Spain,Western Europe,higher,1872,persons,False
2021,ES,jf-survey-2021,84,Spain,Western Europe,other,7475,persons,False
2021,DK,jf-survey-2021,85,Denmark,Western Europe,institutions,18,institutions,False
2021,DK,jf-survey-2021,85,Denmark,Western Europe,teachers,42,persons,False
2021,DK,jf-survey-2021,85,Denmark,Western Europe,learners,897,persons,False
2021,DK,jf-survey-2021,85,Denmark,Western Europe,school,224,persons,False
2021,DK,jf-survey-2021,85,Denmark,Western Europe,multipleStage,,persons,True
2021,DK,jf-survey-2021,85,Denmark,Western Europe,primary,0,persons,False
2021,DK,jf-survey-2021,85,Denmark,Western Europe,secondary,224,persons,False
2021,DK,jf-survey-2021,85,Denmark,Western Europe,higher,274,persons,False
2021,DK,jf-survey-2021,85,Denmark,Western Europe,other,399,persons,False
2021,DE,jf-survey-2021,86,Germany,Western Europe,institutions,128,institutions,False
2021,DE,jf-survey-2021,86,Germany,Western Europe,teachers,353,persons,False
2021,DE,jf-survey-2021,86,Germany,Western Europe,learners,11687,persons,False
2021,DE,jf-survey-2021,86,Germany,Western Europe,school,1576,persons,False
2021,DE,jf-survey-2021,86,Germany,Western Europe,multipleStage,,persons,True
2021,DE,jf-survey-2021,86,Germany,Western Europe,primary,47,persons,False
2021,DE,jf-survey-2021,86,Germany,Western Europe,secondary,1529,persons,False
2021,DE,jf-survey-2021,86,Germany,Western Europe,higher,5480,persons,False
2021,DE,jf-survey-2021,86,Germany,Western Europe,other,4631,persons,False
2021,NO,jf-survey-2021,87,Norway,Western Europe,institutions,14,institutions,False
2021,NO,jf-survey-2021,87,Norway,Western Europe,teachers,35,persons,False
2021,NO,jf-survey-2021,87,Norway,Western Europe,learners,667,persons,False
2021,NO,jf-survey-2021,87,Norway,Western Europe,school,196,persons,False
2021,NO,jf-survey-2021,87,Norway,Western Europe,multipleStage,,persons,True
2021,NO,jf-survey-2021,87,Norway,Western Europe,primary,0,persons,False
2021,NO,jf-survey-2021,87,Norway,Western Europe,secondary,196,persons,False
2021,NO,jf-survey-2021,87,Norway,Western Europe,higher,341,persons,False
2021,NO,jf-survey-2021,87,Norway,Western Europe,other,130,persons,False
2021,FI,jf-survey-2021,88,Finland,Western Europe,institutions,15,institutions,False
2021,FI,jf-survey-2021,88,Finland,Western Europe,teachers,28,persons,False
2021,FI,jf-survey-2021,88,Finland,Western Europe,learners,1584,persons,False
2021,FI,jf-survey-2021,88,Finland,Western Europe,school,404,persons,False
2021,FI,jf-survey-2021,88,Finland,Western Europe,multipleStage,,persons,True
2021,FI,jf-survey-2021,88,Finland,Western Europe,primary,0,persons,False
2021,FI,jf-survey-2021,88,Finland,Western Europe,secondary,404,persons,False
2021,FI,jf-survey-2021,88,Finland,Western Europe,higher,415,persons,False
2021,FI,jf-survey-2021,88,Finland,Western Europe,other,765,persons,False
2021,FR,jf-survey-2021,89,France,Western Europe,institutions,302,institutions,False
2021,FR,jf-survey-2021,89,France,Western Europe,teachers,930,persons,False
2021,FR,jf-survey-2021,89,France,Western Europe,learners,29569,persons,False
2021,FR,jf-survey-2021,89,France,Western Europe,school,8065,persons,False
2021,FR,jf-survey-2021,89,France,Western Europe,multipleStage,,persons,True
2021,FR,jf-survey-2021,89,France,Western Europe,primary,663,persons,False
2021,FR,jf-survey-2021,89,France,Western Europe,secondary,7402,persons,False
2021,FR,jf-survey-2021,89,France,Western Europe,higher,12880,persons,False
2021,FR,jf-survey-2021,89,France,Western Europe,other,8624,persons,False
2021,BE,jf-survey-2021,90,Belgium,Western Europe,institutions,12,institutions,False
2021,BE,jf-survey-2021,90,Belgium,Western Europe,teachers,38,persons,False
2021,BE,jf-survey-2021,90,Belgium,Western Europe,learners,1196,persons,False
2021,BE,jf-survey-2021,90,Belgium,Western Europe,school,0,persons,False
2021,BE,jf-survey-2021,90,Belgium,Western Europe,multipleStage,,persons,True
2021,BE,jf-survey-2021,90,Belgium,Western Europe,primary,0,persons,False
2021,BE,jf-survey-2021,90,Belgium,Western Europe,secondary,0,persons,False
2021,BE,jf-survey-2021,90,Belgium,Western Europe,higher,696,persons,False
2021,BE,jf-survey-2021,90,Belgium,Western Europe,other,500,persons,False
2021,PT,jf-survey-2021,91,Portugal,Western Europe,institutions,11,institutions,False
2021,PT,jf-survey-2021,91,Portugal,Western Europe,teachers,27,persons,False
2021,PT,jf-survey-2021,91,Portugal,Western Europe,learners,663,persons,False
2021,PT,jf-survey-2021,91,Portugal,Western Europe,school,0,persons,False
2021,PT,jf-survey-2021,91,Portugal,Western Europe,multipleStage,,persons,True
2021,PT,jf-survey-2021,91,Portugal,Western Europe,primary,0,persons,False
2021,PT,jf-survey-2021,91,Portugal,Western Europe,secondary,0,persons,False
2021,PT,jf-survey-2021,91,Portugal,Western Europe,higher,287,persons,False
2021,PT,jf-survey-2021,91,Portugal,Western Europe,other,376,persons,False
2021,MT,jf-survey-2021,92,Malta,Western Europe,institutions,1,institutions,False
2021,MT,jf-survey-2021,92,Malta,Western Europe,teachers,1,persons,False
2021,MT,jf-survey-2021,92,Malta,Western Europe,learners,34,persons,False
2021,MT,jf-survey-2021,92,Malta,Western Europe,school,0,persons,False
2021,MT,jf-survey-2021,92,Malta,Western Europe,multipleStage,,persons,True
2021,MT,jf-survey-2021,92,Malta,Western Europe,primary,0,persons,False
2021,MT,jf-survey-2021,92,Malta,Western Europe,secondary,0,persons,False
2021,MT,jf-survey-2021,92,Malta,Western Europe,higher,0,persons,False
2021,MT,jf-survey-2021,92,Malta,Western Europe,other,34,persons,False
2021,MC,jf-survey-2021,93,Monaco,Western Europe,institutions,1,institutions,False
2021,MC,jf-survey-2021,93,Monaco,Western Europe,teachers,3,persons,False
2021,MC,jf-survey-2021,93,Monaco,Western Europe,learners,7,persons,False
2021,MC,jf-survey-2021,93,Monaco,Western Europe,school,0,persons,False
2021,MC,jf-survey-2021,93,Monaco,Western Europe,multipleStage,,persons,True
2021,MC,jf-survey-2021,93,Monaco,Western Europe,primary,0,persons,False
2021,MC,jf-survey-2021,93,Monaco,Western Europe,secondary,0,persons,False
2021,MC,jf-survey-2021,93,Monaco,Western Europe,higher,0,persons,False
2021,MC,jf-survey-2021,93,Monaco,Western Europe,other,7,persons,False
2021,LU,jf-survey-2021,94,Luxembourg,Western Europe,institutions,7,institutions,False
2021,LU,jf-survey-2021,94,Luxembourg,Western Europe,teachers,7,persons,False
2021,LU,jf-survey-2021,94,Luxembourg,Western Europe,learners,228,persons,False
2021,LU,jf-survey-2021,94,Luxembourg,Western Europe,school,144,persons,False
2021,LU,jf-survey-2021,94,Luxembourg,Western Europe,multipleStage,,persons,True
2021,LU,jf-survey-2021,94,Luxembourg,Western Europe,primary,21,persons,False
2021,LU,jf-survey-2021,94,Luxembourg,Western Europe,secondary,123,persons,False
2021,LU,jf-survey-2021,94,Luxembourg,Western Europe,higher,0,persons,False
2021,LU,jf-survey-2021,94,Luxembourg,Western Europe,other,84,persons,False
2021,AZ,jf-survey-2021,96,Azerbaijan,Eastern Europe,institutions,4,institutions,False
2021,AZ,jf-survey-2021,96,Azerbaijan,Eastern Europe,teachers,15,persons,False
2021,AZ,jf-survey-2021,96,Azerbaijan,Eastern Europe,learners,339,persons,False
2021,AZ,jf-survey-2021,96,Azerbaijan,Eastern Europe,school,145,persons,False
2021,AZ,jf-survey-2021,96,Azerbaijan,Eastern Europe,multipleStage,,persons,True
2021,AZ,jf-survey-2021,96,Azerbaijan,Eastern Europe,primary,0,persons,False
2021,AZ,jf-survey-2021,96,Azerbaijan,Eastern Europe,secondary,145,persons,False
2021,AZ,jf-survey-2021,96,Azerbaijan,Eastern Europe,higher,157,persons,False
2021,AZ,jf-survey-2021,96,Azerbaijan,Eastern Europe,other,37,persons,False
2021,AL,jf-survey-2021,97,Albania,Eastern Europe,institutions,1,institutions,False
2021,AL,jf-survey-2021,97,Albania,Eastern Europe,teachers,1,persons,False
2021,AL,jf-survey-2021,97,Albania,Eastern Europe,learners,300,persons,False
2021,AL,jf-survey-2021,97,Albania,Eastern Europe,school,0,persons,False
2021,AL,jf-survey-2021,97,Albania,Eastern Europe,multipleStage,,persons,True
2021,AL,jf-survey-2021,97,Albania,Eastern Europe,primary,0,persons,False
2021,AL,jf-survey-2021,97,Albania,Eastern Europe,secondary,0,persons,False
2021,AL,jf-survey-2021,97,Albania,Eastern Europe,higher,300,persons,False
2021,AL,jf-survey-2021,97,Albania,Eastern Europe,other,0,persons,False
2021,AM,jf-survey-2021,98,Armenia,Eastern Europe,institutions,8,institutions,False
2021,AM,jf-survey-2021,98,Armenia,Eastern Europe,teachers,23,persons,False
2021,AM,jf-survey-2021,98,Armenia,Eastern Europe,learners,321,persons,False
2021,AM,jf-survey-2021,98,Armenia,Eastern Europe,school,129,persons,False
2021,AM,jf-survey-2021,98,Armenia,Eastern Europe,multipleStage,,persons,True
2021,AM,jf-survey-2021,98,Armenia,Eastern Europe,primary,29,persons,False
2021,AM,jf-survey-2021,98,Armenia,Eastern Europe,secondary,100,persons,False
2021,AM,jf-survey-2021,98,Armenia,Eastern Europe,higher,66,persons,False
2021,AM,jf-survey-2021,98,Armenia,Eastern Europe,other,126,persons,False
2021,UA,jf-survey-2021,99,Ukraine,Eastern Europe,institutions,17,institutions,False
2021,UA,jf-survey-2021,99,Ukraine,Eastern Europe,teachers,105,persons,False
2021,UA,jf-survey-2021,99,Ukraine,Eastern Europe,learners,2052,persons,False
2021,UA,jf-survey-2021,99,Ukraine,Eastern Europe,school,434,persons,False
2021,UA,jf-survey-2021,99,Ukraine,Eastern Europe,multipleStage,,persons,True
2021,UA,jf-survey-2021,99,Ukraine,Eastern Europe,primary,187,persons,False
2021,UA,jf-survey-2021,99,Ukraine,Eastern Europe,secondary,247,persons,False
2021,UA,jf-survey-2021,99,Ukraine,Eastern Europe,higher,1151,persons,False
2021,UA,jf-survey-2021,99,Ukraine,Eastern Europe,other,467,persons,False
2021,UZ,jf-survey-2021,100,Uzbekistan,Eastern Europe,institutions,18,institutions,False
2021,UZ,jf-survey-2021,100,Uzbekistan,Eastern Europe,teachers,129,persons,False
2021,UZ,jf-survey-2021,100,Uzbekistan,Eastern Europe,learners,3579,persons,False
2021,UZ,jf-survey-2021,100,Uzbekistan,Eastern Europe,school,366,persons,False
2021,UZ,jf-survey-2021,100,Uzbekistan,Eastern Europe,multipleStage,,persons,True
2021,UZ,jf-survey-2021,100,Uzbekistan,Eastern Europe,primary,286,persons,False
2021,UZ,jf-survey-2021,100,Uzbekistan,Eastern Europe,secondary,80,persons,False
2021,UZ,jf-survey-2021,100,Uzbekistan,Eastern Europe,higher,1852,persons,False
2021,UZ,jf-survey-2021,100,Uzbekistan,Eastern Europe,other,1361,persons,False
2021,EE,jf-survey-2021,101,Estonia,Eastern Europe,institutions,14,institutions,False
2021,EE,jf-survey-2021,101,Estonia,Eastern Europe,teachers,18,persons,False
2021,EE,jf-survey-2021,101,Estonia,Eastern Europe,learners,376,persons,False
2021,EE,jf-survey-2021,101,Estonia,Eastern Europe,school,180,persons,False
2021,EE,jf-survey-2021,101,Estonia,Eastern Europe,multipleStage,,persons,True
2021,EE,jf-survey-2021,101,Estonia,Eastern Europe,primary,44,persons,False
2021,EE,jf-survey-2021,101,Estonia,Eastern Europe,secondary,136,persons,False
2021,EE,jf-survey-2021,101,Estonia,Eastern Europe,higher,131,persons,False
2021,EE,jf-survey-2021,101,Estonia,Eastern Europe,other,65,persons,False
2021,KZ,jf-survey-2021,102,Kazakhstan,Eastern Europe,institutions,8,institutions,False
2021,KZ,jf-survey-2021,102,Kazakhstan,Eastern Europe,teachers,38,persons,False
2021,KZ,jf-survey-2021,102,Kazakhstan,Eastern Europe,learners,611,persons,False
2021,KZ,jf-survey-2021,102,Kazakhstan,Eastern Europe,school,15,persons,False
2021,KZ,jf-survey-2021,102,Kazakhstan,Eastern Europe,multipleStage,,persons,True
2021,KZ,jf-survey-2021,102,Kazakhstan,Eastern Europe,primary,0,persons,False
2021,KZ,jf-survey-2021,102,Kazakhstan,Eastern Europe,secondary,15,persons,False
2021,KZ,jf-survey-2021,102,Kazakhstan,Eastern Europe,higher,310,persons,False
2021,KZ,jf-survey-2021,102,Kazakhstan,Eastern Europe,other,286,persons,False
2021,KG,jf-survey-2021,103,Kyrgyzstan,Eastern Europe,institutions,13,institutions,False
2021,KG,jf-survey-2021,103,Kyrgyzstan,Eastern Europe,teachers,40,persons,False
2021,KG,jf-survey-2021,103,Kyrgyzstan,Eastern Europe,learners,1300,persons,False
2021,KG,jf-survey-2021,103,Kyrgyzstan,Eastern Europe,school,828,persons,False
2021,KG,jf-survey-2021,103,Kyrgyzstan,Eastern Europe,multipleStage,,persons,True
2021,KG,jf-survey-2021,103,Kyrgyzstan,Eastern Europe,primary,366,persons,False
2021,KG,jf-survey-2021,103,Kyrgyzstan,Eastern Europe,secondary,462,persons,False
2021,KG,jf-survey-2021,103,Kyrgyzstan,Eastern Europe,higher,384,persons,False
2021,KG,jf-survey-2021,103,Kyrgyzstan,Eastern Europe,other,88,persons,False
2021,HR,jf-survey-2021,104,Croatia,Eastern Europe,institutions,6,institutions,False
2021,HR,jf-survey-2021,104,Croatia,Eastern Europe,teachers,21,persons,False
2021,HR,jf-survey-2021,104,Croatia,Eastern Europe,learners,441,persons,False
2021,HR,jf-survey-2021,104,Croatia,Eastern Europe,school,0,persons,False
2021,HR,jf-survey-2021,104,Croatia,Eastern Europe,multipleStage,,persons,True
2021,HR,jf-survey-2021,104,Croatia,Eastern Europe,primary,0,persons,False
2021,HR,jf-survey-2021,104,Croatia,Eastern Europe,secondary,0,persons,False
2021,HR,jf-survey-2021,104,Croatia,Eastern Europe,higher,209,persons,False
2021,HR,jf-survey-2021,104,Croatia,Eastern Europe,other,232,persons,False
2021,GE,jf-survey-2021,105,Georgia,Eastern Europe,institutions,9,institutions,False
2021,GE,jf-survey-2021,105,Georgia,Eastern Europe,teachers,25,persons,False
2021,GE,jf-survey-2021,105,Georgia,Eastern Europe,learners,588,persons,False
2021,GE,jf-survey-2021,105,Georgia,Eastern Europe,school,249,persons,False
2021,GE,jf-survey-2021,105,Georgia,Eastern Europe,multipleStage,,persons,True
2021,GE,jf-survey-2021,105,Georgia,Eastern Europe,primary,128,persons,False
2021,GE,jf-survey-2021,105,Georgia,Eastern Europe,secondary,121,persons,False
2021,GE,jf-survey-2021,105,Georgia,Eastern Europe,higher,187,persons,False
2021,GE,jf-survey-2021,105,Georgia,Eastern Europe,other,152,persons,False
2021,SK,jf-survey-2021,106,Slovakia,Eastern Europe,institutions,11,institutions,False
2021,SK,jf-survey-2021,106,Slovakia,Eastern Europe,teachers,16,persons,False
2021,SK,jf-survey-2021,106,Slovakia,Eastern Europe,learners,246,persons,False
2021,SK,jf-survey-2021,106,Slovakia,Eastern Europe,school,38,persons,False
2021,SK,jf-survey-2021,106,Slovakia,Eastern Europe,multipleStage,,persons,True
2021,SK,jf-survey-2021,106,Slovakia,Eastern Europe,primary,0,persons,False
2021,SK,jf-survey-2021,106,Slovakia,Eastern Europe,secondary,38,persons,False
2021,SK,jf-survey-2021,106,Slovakia,Eastern Europe,higher,40,persons,False
2021,SK,jf-survey-2021,106,Slovakia,Eastern Europe,other,168,persons,False
2021,SI,jf-survey-2021,107,Slovenia,Eastern Europe,institutions,4,institutions,False
2021,SI,jf-survey-2021,107,Slovenia,Eastern Europe,teachers,19,persons,False
2021,SI,jf-survey-2021,107,Slovenia,Eastern Europe,learners,244,persons,False
2021,SI,jf-survey-2021,107,Slovenia,Eastern Europe,school,0,persons,False
2021,SI,jf-survey-2021,107,Slovenia,Eastern Europe,multipleStage,,persons,True
2021,SI,jf-survey-2021,107,Slovenia,Eastern Europe,primary,0,persons,False
2021,SI,jf-survey-2021,107,Slovenia,Eastern Europe,secondary,0,persons,False
2021,SI,jf-survey-2021,107,Slovenia,Eastern Europe,higher,111,persons,False
2021,SI,jf-survey-2021,107,Slovenia,Eastern Europe,other,133,persons,False
2021,RS,jf-survey-2021,108,Serbia,Eastern Europe,institutions,4,institutions,False
2021,RS,jf-survey-2021,108,Serbia,Eastern Europe,teachers,13,persons,False
2021,RS,jf-survey-2021,108,Serbia,Eastern Europe,learners,484,persons,False
2021,RS,jf-survey-2021,108,Serbia,Eastern Europe,school,154,persons,False
2021,RS,jf-survey-2021,108,Serbia,Eastern Europe,multipleStage,,persons,True
2021,RS,jf-survey-2021,108,Serbia,Eastern Europe,primary,0,persons,False
2021,RS,jf-survey-2021,108,Serbia,Eastern Europe,secondary,154,persons,False
2021,RS,jf-survey-2021,108,Serbia,Eastern Europe,higher,330,persons,False
2021,RS,jf-survey-2021,108,Serbia,Eastern Europe,other,0,persons,False
2021,TJ,jf-survey-2021,109,Tajikistan,Eastern Europe,institutions,5,institutions,False
2021,TJ,jf-survey-2021,109,Tajikistan,Eastern Europe,teachers,8,persons,False
2021,TJ,jf-survey-2021,109,Tajikistan,Eastern Europe,learners,223,persons,False
2021,TJ,jf-survey-2021,109,Tajikistan,Eastern Europe,school,31,persons,False
2021,TJ,jf-survey-2021,109,Tajikistan,Eastern Europe,multipleStage,,persons,True
2021,TJ,jf-survey-2021,109,Tajikistan,Eastern Europe,primary,0,persons,False
2021,TJ,jf-survey-2021,109,Tajikistan,Eastern Europe,secondary,31,persons,False
2021,TJ,jf-survey-2021,109,Tajikistan,Eastern Europe,higher,142,persons,False
2021,TJ,jf-survey-2021,109,Tajikistan,Eastern Europe,other,50,persons,False
2021,CZ,jf-survey-2021,110,Czechia,Eastern Europe,institutions,13,institutions,False
2021,CZ,jf-survey-2021,110,Czechia,Eastern Europe,teachers,83,persons,False
2021,CZ,jf-survey-2021,110,Czechia,Eastern Europe,learners,1304,persons,False
2021,CZ,jf-survey-2021,110,Czechia,Eastern Europe,school,44,persons,False
2021,CZ,jf-survey-2021,110,Czechia,Eastern Europe,multipleStage,,persons,True
2021,CZ,jf-survey-2021,110,Czechia,Eastern Europe,primary,0,persons,False
2021,CZ,jf-survey-2021,110,Czechia,Eastern Europe,secondary,44,persons,False
2021,CZ,jf-survey-2021,110,Czechia,Eastern Europe,higher,622,persons,False
2021,CZ,jf-survey-2021,110,Czechia,Eastern Europe,other,638,persons,False
2021,TM,jf-survey-2021,111,Turkmenistan,Eastern Europe,institutions,12,institutions,False
2021,TM,jf-survey-2021,111,Turkmenistan,Eastern Europe,teachers,56,persons,False
2021,TM,jf-survey-2021,111,Turkmenistan,Eastern Europe,learners,8865,persons,False
2021,TM,jf-survey-2021,111,Turkmenistan,Eastern Europe,school,6345,persons,False
2021,TM,jf-survey-2021,111,Turkmenistan,Eastern Europe,multipleStage,,persons,True
2021,TM,jf-survey-2021,111,Turkmenistan,Eastern Europe,primary,970,persons,False
2021,TM,jf-survey-2021,111,Turkmenistan,Eastern Europe,secondary,5375,persons,False
2021,TM,jf-survey-2021,111,Turkmenistan,Eastern Europe,higher,2520,persons,False
2021,TM,jf-survey-2021,111,Turkmenistan,Eastern Europe,other,0,persons,False
2021,HU,jf-survey-2021,112,Hungary,Eastern Europe,institutions,32,institutions,False
2021,HU,jf-survey-2021,112,Hungary,Eastern Europe,teachers,94,persons,False
2021,HU,jf-survey-2021,112,Hungary,Eastern Europe,learners,1815,persons,False
2021,HU,jf-survey-2021,112,Hungary,Eastern Europe,school,556,persons,False
2021,HU,jf-survey-2021,112,Hungary,Eastern Europe,multipleStage,,persons,True
2021,HU,jf-survey-2021,112,Hungary,Eastern Europe,primary,145,persons,False
2021,HU,jf-survey-2021,112,Hungary,Eastern Europe,secondary,411,persons,False
2021,HU,jf-survey-2021,112,Hungary,Eastern Europe,higher,788,persons,False
2021,HU,jf-survey-2021,112,Hungary,Eastern Europe,other,471,persons,False
2021,BG,jf-survey-2021,113,Bulgaria,Eastern Europe,institutions,6,institutions,False
2021,BG,jf-survey-2021,113,Bulgaria,Eastern Europe,teachers,25,persons,False
2021,BG,jf-survey-2021,113,Bulgaria,Eastern Europe,learners,1207,persons,False
2021,BG,jf-survey-2021,113,Bulgaria,Eastern Europe,school,937,persons,False
2021,BG,jf-survey-2021,113,Bulgaria,Eastern Europe,multipleStage,,persons,True
2021,BG,jf-survey-2021,113,Bulgaria,Eastern Europe,primary,415,persons,False
2021,BG,jf-survey-2021,113,Bulgaria,Eastern Europe,secondary,522,persons,False
2021,BG,jf-survey-2021,113,Bulgaria,Eastern Europe,higher,244,persons,False
2021,BG,jf-survey-2021,113,Bulgaria,Eastern Europe,other,26,persons,False
2021,BY,jf-survey-2021,114,Belarus,Eastern Europe,institutions,10,institutions,False
2021,BY,jf-survey-2021,114,Belarus,Eastern Europe,teachers,26,persons,False
2021,BY,jf-survey-2021,114,Belarus,Eastern Europe,learners,384,persons,False
2021,BY,jf-survey-2021,114,Belarus,Eastern Europe,school,0,persons,False
2021,BY,jf-survey-2021,114,Belarus,Eastern Europe,multipleStage,,persons,True
2021,BY,jf-survey-2021,114,Belarus,Eastern Europe,primary,0,persons,False
2021,BY,jf-survey-2021,114,Belarus,Eastern Europe,secondary,0,persons,False
2021,BY,jf-survey-2021,114,Belarus,Eastern Europe,higher,127,persons,False
2021,BY,jf-survey-2021,114,Belarus,Eastern Europe,other,257,persons,False
2021,PL,jf-survey-2021,115,Poland,Eastern Europe,institutions,47,institutions,False
2021,PL,jf-survey-2021,115,Poland,Eastern Europe,teachers,234,persons,False
2021,PL,jf-survey-2021,115,Poland,Eastern Europe,learners,5008,persons,False
2021,PL,jf-survey-2021,115,Poland,Eastern Europe,school,379,persons,False
2021,PL,jf-survey-2021,115,Poland,Eastern Europe,multipleStage,,persons,True
2021,PL,jf-survey-2021,115,Poland,Eastern Europe,primary,197,persons,False
2021,PL,jf-survey-2021,115,Poland,Eastern Europe,secondary,182,persons,False
2021,PL,jf-survey-2021,115,Poland,Eastern Europe,higher,2247,persons,False
2021,PL,jf-survey-2021,115,Poland,Eastern Europe,other,2382,persons,False
2021,BA,jf-survey-2021,116,Bosnia & Herzegovina,Eastern Europe,institutions,3,institutions,False
2021,BA,jf-survey-2021,116,Bosnia & Herzegovina,Eastern Europe,teachers,4,persons,False
2021,BA,jf-survey-2021,116,Bosnia & Herzegovina,Eastern Europe,learners,76,persons,False
2021,BA,jf-survey-2021,116,Bosnia & Herzegovina,Eastern Europe,school,0,persons,False
2021,BA,jf-survey-2021,116,Bosnia & Herzegovina,Eastern Europe,multipleStage,,persons,True
2021,BA,jf-survey-2021,116,Bosnia & Herzegovina,Eastern Europe,primary,0,persons,False
2021,BA,jf-survey-2021,116,Bosnia & Herzegovina,Eastern Europe,secondary,0,persons,False
2021,BA,jf-survey-2021,116,Bosnia & Herzegovina,Eastern Europe,higher,9,persons,False
2021,BA,jf-survey-2021,116,Bosnia & Herzegovina,Eastern Europe,other,67,persons,False
2021,MK,jf-survey-2021,117,North Macedonia,Eastern Europe,institutions,1,institutions,False
2021,MK,jf-survey-2021,117,North Macedonia,Eastern Europe,teachers,1,persons,False
2021,MK,jf-survey-2021,117,North Macedonia,Eastern Europe,learners,75,persons,False
2021,MK,jf-survey-2021,117,North Macedonia,Eastern Europe,school,0,persons,False
2021,MK,jf-survey-2021,117,North Macedonia,Eastern Europe,multipleStage,,persons,True
2021,MK,jf-survey-2021,117,North Macedonia,Eastern Europe,primary,0,persons,False
2021,MK,jf-survey-2021,117,North Macedonia,Eastern Europe,secondary,0,persons,False
2021,MK,jf-survey-2021,117,North Macedonia,Eastern Europe,higher,75,persons,False
2021,MK,jf-survey-2021,117,North Macedonia,Eastern Europe,other,0,persons,False
2021,MD,jf-survey-2021,118,Moldova,Eastern Europe,institutions,1,institutions,False
2021,MD,jf-survey-2021,118,Moldova,Eastern Europe,teachers,2,persons,False
2021,MD,jf-survey-2021,118,Moldova,Eastern Europe,learners,131,persons,False
2021,MD,jf-survey-2021,118,Moldova,Eastern Europe,school,0,persons,False
2021,MD,jf-survey-2021,118,Moldova,Eastern Europe,multipleStage,,persons,True
2021,MD,jf-survey-2021,118,Moldova,Eastern Europe,primary,0,persons,False
2021,MD,jf-survey-2021,118,Moldova,Eastern Europe,secondary,0,persons,False
2021,MD,jf-survey-2021,118,Moldova,Eastern Europe,higher,0,persons,False
2021,MD,jf-survey-2021,118,Moldova,Eastern Europe,other,131,persons,False
2021,LV,jf-survey-2021,119,Latvia,Eastern Europe,institutions,3,institutions,False
2021,LV,jf-survey-2021,119,Latvia,Eastern Europe,teachers,5,persons,False
2021,LV,jf-survey-2021,119,Latvia,Eastern Europe,learners,175,persons,False
2021,LV,jf-survey-2021,119,Latvia,Eastern Europe,school,73,persons,False
2021,LV,jf-survey-2021,119,Latvia,Eastern Europe,multipleStage,,persons,True
2021,LV,jf-survey-2021,119,Latvia,Eastern Europe,primary,0,persons,False
2021,LV,jf-survey-2021,119,Latvia,Eastern Europe,secondary,73,persons,False
2021,LV,jf-survey-2021,119,Latvia,Eastern Europe,higher,72,persons,False
2021,LV,jf-survey-2021,119,Latvia,Eastern Europe,other,30,persons,False
2021,LT,jf-survey-2021,120,Lithuania,Eastern Europe,institutions,10,institutions,False
2021,LT,jf-survey-2021,120,Lithuania,Eastern Europe,teachers,16,persons,False
2021,LT,jf-survey-2021,120,Lithuania,Eastern Europe,learners,404,persons,False
2021,LT,jf-survey-2021,120,Lithuania,Eastern Europe,school,69,persons,False
2021,LT,jf-survey-2021,120,Lithuania,Eastern Europe,multipleStage,,persons,True
2021,LT,jf-survey-2021,120,Lithuania,Eastern Europe,primary,0,persons,False
2021,LT,jf-survey-2021,120,Lithuania,Eastern Europe,secondary,69,persons,False
2021,LT,jf-survey-2021,120,Lithuania,Eastern Europe,higher,130,persons,False
2021,LT,jf-survey-2021,120,Lithuania,Eastern Europe,other,205,persons,False
2021,RO,jf-survey-2021,121,Romania,Eastern Europe,institutions,12,institutions,False
2021,RO,jf-survey-2021,121,Romania,Eastern Europe,teachers,40,persons,False
2021,RO,jf-survey-2021,121,Romania,Eastern Europe,learners,1892,persons,False
2021,RO,jf-survey-2021,121,Romania,Eastern Europe,school,690,persons,False
2021,RO,jf-survey-2021,121,Romania,Eastern Europe,multipleStage,,persons,True
2021,RO,jf-survey-2021,121,Romania,Eastern Europe,primary,39,persons,False
2021,RO,jf-survey-2021,121,Romania,Eastern Europe,secondary,651,persons,False
2021,RO,jf-survey-2021,121,Romania,Eastern Europe,higher,522,persons,False
2021,RO,jf-survey-2021,121,Romania,Eastern Europe,other,680,persons,False
2021,RU,jf-survey-2021,122,Russia,Eastern Europe,institutions,151,institutions,False
2021,RU,jf-survey-2021,122,Russia,Eastern Europe,teachers,666,persons,False
2021,RU,jf-survey-2021,122,Russia,Eastern Europe,learners,12426,persons,False
2021,RU,jf-survey-2021,122,Russia,Eastern Europe,school,4161,persons,False
2021,RU,jf-survey-2021,122,Russia,Eastern Europe,multipleStage,,persons,True
2021,RU,jf-survey-2021,122,Russia,Eastern Europe,primary,964,persons,False
2021,RU,jf-survey-2021,122,Russia,Eastern Europe,secondary,3197,persons,False
2021,RU,jf-survey-2021,122,Russia,Eastern Europe,higher,4129,persons,False
2021,RU,jf-survey-2021,122,Russia,Eastern Europe,other,4136,persons,False
2021,AE,jf-survey-2021,124,United Arab Emirates,Middle East,institutions,10,institutions,False
2021,AE,jf-survey-2021,124,United Arab Emirates,Middle East,teachers,28,persons,False
2021,AE,jf-survey-2021,124,United Arab Emirates,Middle East,learners,598,persons,False
2021,AE,jf-survey-2021,124,United Arab Emirates,Middle East,school,377,persons,False
2021,AE,jf-survey-2021,124,United Arab Emirates,Middle East,multipleStage,,persons,True
2021,AE,jf-survey-2021,124,United Arab Emirates,Middle East,primary,0,persons,False
2021,AE,jf-survey-2021,124,United Arab Emirates,Middle East,secondary,377,persons,False
2021,AE,jf-survey-2021,124,United Arab Emirates,Middle East,higher,58,persons,False
2021,AE,jf-survey-2021,124,United Arab Emirates,Middle East,other,163,persons,False
2021,YE,jf-survey-2021,125,Yemen,Middle East,institutions,1,institutions,False
2021,YE,jf-survey-2021,125,Yemen,Middle East,teachers,2,persons,False
2021,YE,jf-survey-2021,125,Yemen,Middle East,learners,14,persons,False
2021,YE,jf-survey-2021,125,Yemen,Middle East,school,0,persons,False
2021,YE,jf-survey-2021,125,Yemen,Middle East,multipleStage,,persons,True
2021,YE,jf-survey-2021,125,Yemen,Middle East,primary,0,persons,False
2021,YE,jf-survey-2021,125,Yemen,Middle East,secondary,0,persons,False
2021,YE,jf-survey-2021,125,Yemen,Middle East,higher,0,persons,False
2021,YE,jf-survey-2021,125,Yemen,Middle East,other,14,persons,False
2021,IL,jf-survey-2021,126,Israel,Middle East,institutions,11,institutions,False
2021,IL,jf-survey-2021,126,Israel,Middle East,teachers,25,persons,False
2021,IL,jf-survey-2021,126,Israel,Middle East,learners,753,persons,False
2021,IL,jf-survey-2021,126,Israel,Middle East,school,0,persons,False
2021,IL,jf-survey-2021,126,Israel,Middle East,multipleStage,,persons,True
2021,IL,jf-survey-2021,126,Israel,Middle East,primary,0,persons,False
2021,IL,jf-survey-2021,126,Israel,Middle East,secondary,0,persons,False
2021,IL,jf-survey-2021,126,Israel,Middle East,higher,381,persons,False
2021,IL,jf-survey-2021,126,Israel,Middle East,other,372,persons,False
2021,IQ,jf-survey-2021,127,Iraq,Middle East,institutions,2,institutions,False
2021,IQ,jf-survey-2021,127,Iraq,Middle East,teachers,6,persons,False
2021,IQ,jf-survey-2021,127,Iraq,Middle East,learners,450,persons,False
2021,IQ,jf-survey-2021,127,Iraq,Middle East,school,420,persons,False
2021,IQ,jf-survey-2021,127,Iraq,Middle East,multipleStage,,persons,True
2021,IQ,jf-survey-2021,127,Iraq,Middle East,primary,420,persons,False
2021,IQ,jf-survey-2021,127,Iraq,Middle East,secondary,0,persons,False
2021,IQ,jf-survey-2021,127,Iraq,Middle East,higher,30,persons,False
2021,IQ,jf-survey-2021,127,Iraq,Middle East,other,0,persons,False
2021,IR,jf-survey-2021,128,Iran,Middle East,institutions,1,institutions,False
2021,IR,jf-survey-2021,128,Iran,Middle East,teachers,6,persons,False
2021,IR,jf-survey-2021,128,Iran,Middle East,learners,108,persons,False
2021,IR,jf-survey-2021,128,Iran,Middle East,school,0,persons,False
2021,IR,jf-survey-2021,128,Iran,Middle East,multipleStage,,persons,True
2021,IR,jf-survey-2021,128,Iran,Middle East,primary,0,persons,False
2021,IR,jf-survey-2021,128,Iran,Middle East,secondary,0,persons,False
2021,IR,jf-survey-2021,128,Iran,Middle East,higher,108,persons,False
2021,IR,jf-survey-2021,128,Iran,Middle East,other,0,persons,False
2021,QA,jf-survey-2021,129,Qatar,Middle East,institutions,4,institutions,False
2021,QA,jf-survey-2021,129,Qatar,Middle East,teachers,9,persons,False
2021,QA,jf-survey-2021,129,Qatar,Middle East,learners,71,persons,False
2021,QA,jf-survey-2021,129,Qatar,Middle East,school,0,persons,False
2021,QA,jf-survey-2021,129,Qatar,Middle East,multipleStage,,persons,True
2021,QA,jf-survey-2021,129,Qatar,Middle East,primary,0,persons,False
2021,QA,jf-survey-2021,129,Qatar,Middle East,secondary,0,persons,False
2021,QA,jf-survey-2021,129,Qatar,Middle East,higher,40,persons,False
2021,QA,jf-survey-2021,129,Qatar,Middle East,other,31,persons,False
2021,KW,jf-survey-2021,130,Kuwait,Middle East,institutions,1,institutions,False
2021,KW,jf-survey-2021,130,Kuwait,Middle East,teachers,2,persons,False
2021,KW,jf-survey-2021,130,Kuwait,Middle East,learners,121,persons,False
2021,KW,jf-survey-2021,130,Kuwait,Middle East,school,0,persons,False
2021,KW,jf-survey-2021,130,Kuwait,Middle East,multipleStage,,persons,True
2021,KW,jf-survey-2021,130,Kuwait,Middle East,primary,0,persons,False
2021,KW,jf-survey-2021,130,Kuwait,Middle East,secondary,0,persons,False
2021,KW,jf-survey-2021,130,Kuwait,Middle East,higher,0,persons,False
2021,KW,jf-survey-2021,130,Kuwait,Middle East,other,121,persons,False
2021,SA,jf-survey-2021,131,Saudi Arabia,Middle East,institutions,1,institutions,False
2021,SA,jf-survey-2021,131,Saudi Arabia,Middle East,teachers,4,persons,False
2021,SA,jf-survey-2021,131,Saudi Arabia,Middle East,learners,80,persons,False
2021,SA,jf-survey-2021,131,Saudi Arabia,Middle East,school,0,persons,False
2021,SA,jf-survey-2021,131,Saudi Arabia,Middle East,multipleStage,,persons,True
2021,SA,jf-survey-2021,131,Saudi Arabia,Middle East,primary,0,persons,False
2021,SA,jf-survey-2021,131,Saudi Arabia,Middle East,secondary,0,persons,False
2021,SA,jf-survey-2021,131,Saudi Arabia,Middle East,higher,80,persons,False
2021,SA,jf-survey-2021,131,Saudi Arabia,Middle East,other,0,persons,False
2021,SY,jf-survey-2021,132,Syria,Middle East,institutions,1,institutions,False
2021,SY,jf-survey-2021,132,Syria,Middle East,teachers,7,persons,False
2021,SY,jf-survey-2021,132,Syria,Middle East,learners,110,persons,False
2021,SY,jf-survey-2021,132,Syria,Middle East,school,0,persons,False
2021,SY,jf-survey-2021,132,Syria,Middle East,multipleStage,,persons,True
2021,SY,jf-survey-2021,132,Syria,Middle East,primary,0,persons,False
2021,SY,jf-survey-2021,132,Syria,Middle East,secondary,0,persons,False
2021,SY,jf-survey-2021,132,Syria,Middle East,higher,0,persons,False
2021,SY,jf-survey-2021,132,Syria,Middle East,other,110,persons,False
2021,TR,jf-survey-2021,133,Türkiye,Middle East,institutions,40,institutions,False
2021,TR,jf-survey-2021,133,Türkiye,Middle East,teachers,97,persons,False
2021,TR,jf-survey-2021,133,Türkiye,Middle East,learners,3305,persons,False
2021,TR,jf-survey-2021,133,Türkiye,Middle East,school,362,persons,False
2021,TR,jf-survey-2021,133,Türkiye,Middle East,multipleStage,,persons,True
2021,TR,jf-survey-2021,133,Türkiye,Middle East,primary,0,persons,False
2021,TR,jf-survey-2021,133,Türkiye,Middle East,secondary,362,persons,False
2021,TR,jf-survey-2021,133,Türkiye,Middle East,higher,2224,persons,False
2021,TR,jf-survey-2021,133,Türkiye,Middle East,other,719,persons,False
2021,BH,jf-survey-2021,134,Bahrain,Middle East,institutions,1,institutions,False
2021,BH,jf-survey-2021,134,Bahrain,Middle East,teachers,3,persons,False
2021,BH,jf-survey-2021,134,Bahrain,Middle East,learners,96,persons,False
2021,BH,jf-survey-2021,134,Bahrain,Middle East,school,0,persons,False
2021,BH,jf-survey-2021,134,Bahrain,Middle East,multipleStage,,persons,True
2021,BH,jf-survey-2021,134,Bahrain,Middle East,primary,0,persons,False
2021,BH,jf-survey-2021,134,Bahrain,Middle East,secondary,0,persons,False
2021,BH,jf-survey-2021,134,Bahrain,Middle East,higher,0,persons,False
2021,BH,jf-survey-2021,134,Bahrain,Middle East,other,96,persons,False
2021,JO,jf-survey-2021,135,Jordan,Middle East,institutions,7,institutions,False
2021,JO,jf-survey-2021,135,Jordan,Middle East,teachers,12,persons,False
2021,JO,jf-survey-2021,135,Jordan,Middle East,learners,299,persons,False
2021,JO,jf-survey-2021,135,Jordan,Middle East,school,0,persons,False
2021,JO,jf-survey-2021,135,Jordan,Middle East,multipleStage,,persons,True
2021,JO,jf-survey-2021,135,Jordan,Middle East,primary,0,persons,False
2021,JO,jf-survey-2021,135,Jordan,Middle East,secondary,0,persons,False
2021,JO,jf-survey-2021,135,Jordan,Middle East,higher,225,persons,False
2021,JO,jf-survey-2021,135,Jordan,Middle East,other,74,persons,False
2021,LB,jf-survey-2021,136,Lebanon,Middle East,institutions,2,institutions,False
2021,LB,jf-survey-2021,136,Lebanon,Middle East,teachers,2,persons,False
2021,LB,jf-survey-2021,136,Lebanon,Middle East,learners,25,persons,False
2021,LB,jf-survey-2021,136,Lebanon,Middle East,school,0,persons,False
2021,LB,jf-survey-2021,136,Lebanon,Middle East,multipleStage,,persons,True
2021,LB,jf-survey-2021,136,Lebanon,Middle East,primary,0,persons,False
2021,LB,jf-survey-2021,136,Lebanon,Middle East,secondary,0,persons,False
2021,LB,jf-survey-2021,136,Lebanon,Middle East,higher,15,persons,False
2021,LB,jf-survey-2021,136,Lebanon,Middle East,other,10,persons,False
2021,DZ,jf-survey-2021,138,Algeria,North Africa,institutions,4,institutions,False
2021,DZ,jf-survey-2021,138,Algeria,North Africa,teachers,8,persons,False
2021,DZ,jf-survey-2021,138,Algeria,North Africa,learners,270,persons,False
2021,DZ,jf-survey-2021,138,Algeria,North Africa,school,0,persons,False
2021,DZ,jf-survey-2021,138,Algeria,North Africa,multipleStage,,persons,True
2021,DZ,jf-survey-2021,138,Algeria,North Africa,primary,0,persons,False
2021,DZ,jf-survey-2021,138,Algeria,North Africa,secondary,0,persons,False
2021,DZ,jf-survey-2021,138,Algeria,North Africa,higher,80,persons,False
2021,DZ,jf-survey-2021,138,Algeria,North Africa,other,190,persons,False
2021,EG,jf-survey-2021,139,Egypt,North Africa,institutions,14,institutions,False
2021,EG,jf-survey-2021,139,Egypt,North Africa,teachers,147,persons,False
2021,EG,jf-survey-2021,139,Egypt,North Africa,learners,3514,persons,False
2021,EG,jf-survey-2021,139,Egypt,North Africa,school,0,persons,False
2021,EG,jf-survey-2021,139,Egypt,North Africa,multipleStage,,persons,True
2021,EG,jf-survey-2021,139,Egypt,North Africa,primary,0,persons,False
2021,EG,jf-survey-2021,139,Egypt,North Africa,secondary,0,persons,False
2021,EG,jf-survey-2021,139,Egypt,North Africa,higher,3026,persons,False
2021,EG,jf-survey-2021,139,Egypt,North Africa,other,488,persons,False
2021,TN,jf-survey-2021,140,Tunisia,North Africa,institutions,2,institutions,False
2021,TN,jf-survey-2021,140,Tunisia,North Africa,teachers,4,persons,False
2021,TN,jf-survey-2021,140,Tunisia,North Africa,learners,170,persons,False
2021,TN,jf-survey-2021,140,Tunisia,North Africa,school,0,persons,False
2021,TN,jf-survey-2021,140,Tunisia,North Africa,multipleStage,,persons,True
2021,TN,jf-survey-2021,140,Tunisia,North Africa,primary,0,persons,False
2021,TN,jf-survey-2021,140,Tunisia,North Africa,secondary,0,persons,False
2021,TN,jf-survey-2021,140,Tunisia,North Africa,higher,0,persons,False
2021,TN,jf-survey-2021,140,Tunisia,North Africa,other,170,persons,False
2021,MA,jf-survey-2021,141,Morocco,North Africa,institutions,13,institutions,False
2021,MA,jf-survey-2021,141,Morocco,North Africa,teachers,31,persons,False
2021,MA,jf-survey-2021,141,Morocco,North Africa,learners,626,persons,False
2021,MA,jf-survey-2021,141,Morocco,North Africa,school,50,persons,False
2021,MA,jf-survey-2021,141,Morocco,North Africa,multipleStage,,persons,True
2021,MA,jf-survey-2021,141,Morocco,North Africa,primary,0,persons,False
2021,MA,jf-survey-2021,141,Morocco,North Africa,secondary,50,persons,False
2021,MA,jf-survey-2021,141,Morocco,North Africa,higher,190,persons,False
2021,MA,jf-survey-2021,141,Morocco,North Africa,other,386,persons,False
2021,GH,jf-survey-2021,143,Ghana,Africa,institutions,5,institutions,False
2021,GH,jf-survey-2021,143,Ghana,Africa,teachers,14,persons,False
2021,GH,jf-survey-2021,143,Ghana,Africa,learners,814,persons,False
2021,GH,jf-survey-2021,143,Ghana,Africa,school,755,persons,False
2021,GH,jf-survey-2021,143,Ghana,Africa,multipleStage,,persons,True
2021,GH,jf-survey-2021,143,Ghana,Africa,primary,615,persons,False
2021,GH,jf-survey-2021,143,Ghana,Africa,secondary,140,persons,False
2021,GH,jf-survey-2021,143,Ghana,Africa,higher,35,persons,False
2021,GH,jf-survey-2021,143,Ghana,Africa,other,24,persons,False
2021,CM,jf-survey-2021,144,Cameroon,Africa,institutions,1,institutions,False
2021,CM,jf-survey-2021,144,Cameroon,Africa,teachers,1,persons,False
2021,CM,jf-survey-2021,144,Cameroon,Africa,learners,18,persons,False
2021,CM,jf-survey-2021,144,Cameroon,Africa,school,18,persons,False
2021,CM,jf-survey-2021,144,Cameroon,Africa,multipleStage,,persons,True
2021,CM,jf-survey-2021,144,Cameroon,Africa,primary,0,persons,False
2021,CM,jf-survey-2021,144,Cameroon,Africa,secondary,18,persons,False
2021,CM,jf-survey-2021,144,Cameroon,Africa,higher,0,persons,False
2021,CM,jf-survey-2021,144,Cameroon,Africa,other,0,persons,False
2021,KE,jf-survey-2021,145,Kenya,Africa,institutions,26,institutions,False
2021,KE,jf-survey-2021,145,Kenya,Africa,teachers,44,persons,False
2021,KE,jf-survey-2021,145,Kenya,Africa,learners,1726,persons,False
2021,KE,jf-survey-2021,145,Kenya,Africa,school,1140,persons,False
2021,KE,jf-survey-2021,145,Kenya,Africa,multipleStage,,persons,True
2021,KE,jf-survey-2021,145,Kenya,Africa,primary,586,persons,False
2021,KE,jf-survey-2021,145,Kenya,Africa,secondary,554,persons,False
2021,KE,jf-survey-2021,145,Kenya,Africa,higher,542,persons,False
2021,KE,jf-survey-2021,145,Kenya,Africa,other,44,persons,False
2021,CI,jf-survey-2021,146,Côte d’Ivoire,Africa,institutions,4,institutions,False
2021,CI,jf-survey-2021,146,Côte d’Ivoire,Africa,teachers,5,persons,False
2021,CI,jf-survey-2021,146,Côte d’Ivoire,Africa,learners,634,persons,False
2021,CI,jf-survey-2021,146,Côte d’Ivoire,Africa,school,363,persons,False
2021,CI,jf-survey-2021,146,Côte d’Ivoire,Africa,multipleStage,,persons,True
2021,CI,jf-survey-2021,146,Côte d’Ivoire,Africa,primary,0,persons,False
2021,CI,jf-survey-2021,146,Côte d’Ivoire,Africa,secondary,363,persons,False
2021,CI,jf-survey-2021,146,Côte d’Ivoire,Africa,higher,250,persons,False
2021,CI,jf-survey-2021,146,Côte d’Ivoire,Africa,other,21,persons,False
2021,CD,jf-survey-2021,147,Congo - Kinshasa,Africa,institutions,1,institutions,False
2021,CD,jf-survey-2021,147,Congo - Kinshasa,Africa,teachers,13,persons,False
2021,CD,jf-survey-2021,147,Congo - Kinshasa,Africa,learners,60,persons,False
2021,CD,jf-survey-2021,147,Congo - Kinshasa,Africa,school,0,persons,False
2021,CD,jf-survey-2021,147,Congo - Kinshasa,Africa,multipleStage,,persons,True
2021,CD,jf-survey-2021,147,Congo - Kinshasa,Africa,primary,0,persons,False
2021,CD,jf-survey-2021,147,Congo - Kinshasa,Africa,secondary,0,persons,False
2021,CD,jf-survey-2021,147,Congo - Kinshasa,Africa,higher,0,persons,False
2021,CD,jf-survey-2021,147,Congo - Kinshasa,Africa,other,60,persons,False
2021,ZW,jf-survey-2021,148,Zimbabwe,Africa,institutions,1,institutions,False
2021,ZW,jf-survey-2021,148,Zimbabwe,Africa,teachers,1,persons,False
2021,ZW,jf-survey-2021,148,Zimbabwe,Africa,learners,53,persons,False
2021,ZW,jf-survey-2021,148,Zimbabwe,Africa,school,0,persons,False
2021,ZW,jf-survey-2021,148,Zimbabwe,Africa,multipleStage,,persons,True
2021,ZW,jf-survey-2021,148,Zimbabwe,Africa,primary,0,persons,False
2021,ZW,jf-survey-2021,148,Zimbabwe,Africa,secondary,0,persons,False
2021,ZW,jf-survey-2021,148,Zimbabwe,Africa,higher,0,persons,False
2021,ZW,jf-survey-2021,148,Zimbabwe,Africa,other,53,persons,False
2021,SC,jf-survey-2021,149,Seychelles,Africa,institutions,1,institutions,False
2021,SC,jf-survey-2021,149,Seychelles,Africa,teachers,1,persons,False
2021,SC,jf-survey-2021,149,Seychelles,Africa,learners,7,persons,False
2021,SC,jf-survey-2021,149,Seychelles,Africa,school,0,persons,False
2021,SC,jf-survey-2021,149,Seychelles,Africa,multipleStage,,persons,True
2021,SC,jf-survey-2021,149,Seychelles,Africa,primary,0,persons,False
2021,SC,jf-survey-2021,149,Seychelles,Africa,secondary,0,persons,False
2021,SC,jf-survey-2021,149,Seychelles,Africa,higher,0,persons,False
2021,SC,jf-survey-2021,149,Seychelles,Africa,other,7,persons,False
2021,SN,jf-survey-2021,150,Senegal,Africa,institutions,2,institutions,False
2021,SN,jf-survey-2021,150,Senegal,Africa,teachers,1,persons,False
2021,SN,jf-survey-2021,150,Senegal,Africa,learners,86,persons,False
2021,SN,jf-survey-2021,150,Senegal,Africa,school,0,persons,False
2021,SN,jf-survey-2021,150,Senegal,Africa,multipleStage,,persons,True
2021,SN,jf-survey-2021,150,Senegal,Africa,primary,0,persons,False
2021,SN,jf-survey-2021,150,Senegal,Africa,secondary,0,persons,False
2021,SN,jf-survey-2021,150,Senegal,Africa,higher,86,persons,False
2021,SN,jf-survey-2021,150,Senegal,Africa,other,0,persons,False
2021,NG,jf-survey-2021,151,Nigeria,Africa,institutions,2,institutions,False
2021,NG,jf-survey-2021,151,Nigeria,Africa,teachers,3,persons,False
2021,NG,jf-survey-2021,151,Nigeria,Africa,learners,596,persons,False
2021,NG,jf-survey-2021,151,Nigeria,Africa,school,0,persons,False
2021,NG,jf-survey-2021,151,Nigeria,Africa,multipleStage,,persons,True
2021,NG,jf-survey-2021,151,Nigeria,Africa,primary,0,persons,False
2021,NG,jf-survey-2021,151,Nigeria,Africa,secondary,0,persons,False
2021,NG,jf-survey-2021,151,Nigeria,Africa,higher,596,persons,False
2021,NG,jf-survey-2021,151,Nigeria,Africa,other,0,persons,False
2021,BF,jf-survey-2021,152,Burkina Faso,Africa,institutions,1,institutions,False
2021,BF,jf-survey-2021,152,Burkina Faso,Africa,teachers,2,persons,False
2021,BF,jf-survey-2021,152,Burkina Faso,Africa,learners,9,persons,False
2021,BF,jf-survey-2021,152,Burkina Faso,Africa,school,0,persons,False
2021,BF,jf-survey-2021,152,Burkina Faso,Africa,multipleStage,,persons,True
2021,BF,jf-survey-2021,152,Burkina Faso,Africa,primary,0,persons,False
2021,BF,jf-survey-2021,152,Burkina Faso,Africa,secondary,0,persons,False
2021,BF,jf-survey-2021,152,Burkina Faso,Africa,higher,0,persons,False
2021,BF,jf-survey-2021,152,Burkina Faso,Africa,other,9,persons,False
2021,BJ,jf-survey-2021,153,Benin,Africa,institutions,1,institutions,False
2021,BJ,jf-survey-2021,153,Benin,Africa,teachers,1,persons,False
2021,BJ,jf-survey-2021,153,Benin,Africa,learners,142,persons,False
2021,BJ,jf-survey-2021,153,Benin,Africa,school,0,persons,False
2021,BJ,jf-survey-2021,153,Benin,Africa,multipleStage,,persons,True
2021,BJ,jf-survey-2021,153,Benin,Africa,primary,0,persons,False
2021,BJ,jf-survey-2021,153,Benin,Africa,secondary,0,persons,False
2021,BJ,jf-survey-2021,153,Benin,Africa,higher,0,persons,False
2021,BJ,jf-survey-2021,153,Benin,Africa,other,142,persons,False
2021,MG,jf-survey-2021,154,Madagascar,Africa,institutions,19,institutions,False
2021,MG,jf-survey-2021,154,Madagascar,Africa,teachers,37,persons,False
2021,MG,jf-survey-2021,154,Madagascar,Africa,learners,2413,persons,False
2021,MG,jf-survey-2021,154,Madagascar,Africa,school,966,persons,False
2021,MG,jf-survey-2021,154,Madagascar,Africa,multipleStage,,persons,True
2021,MG,jf-survey-2021,154,Madagascar,Africa,primary,15,persons,False
2021,MG,jf-survey-2021,154,Madagascar,Africa,secondary,951,persons,False
2021,MG,jf-survey-2021,154,Madagascar,Africa,higher,893,persons,False
2021,MG,jf-survey-2021,154,Madagascar,Africa,other,554,persons,False
2021,ZA,jf-survey-2021,155,South Africa,Africa,institutions,4,institutions,False
2021,ZA,jf-survey-2021,155,South Africa,Africa,teachers,6,persons,False
2021,ZA,jf-survey-2021,155,South Africa,Africa,learners,58,persons,False
2021,ZA,jf-survey-2021,155,South Africa,Africa,school,0,persons,False
2021,ZA,jf-survey-2021,155,South Africa,Africa,multipleStage,,persons,True
2021,ZA,jf-survey-2021,155,South Africa,Africa,primary,0,persons,False
2021,ZA,jf-survey-2021,155,South Africa,Africa,secondary,0,persons,False
2021,ZA,jf-survey-2021,155,South Africa,Africa,higher,0,persons,False
2021,ZA,jf-survey-2021,155,South Africa,Africa,other,58,persons,False
2024,KR,jf-survey-2024,,South Korea,East Asia,institutions,2815,institutions,False
2024,KR,jf-survey-2024,,South Korea,East Asia,teachers,14127,persons,False
2024,KR,jf-survey-2024,,South Korea,East Asia,learners,555396,persons,False
2024,KR,jf-survey-2024,,South Korea,East Asia,school,386090,persons,False
2024,KR,jf-survey-2024,,South Korea,East Asia,multipleStage,,persons,True
2024,KR,jf-survey-2024,,South Korea,East Asia,primary,651,persons,False
2024,KR,jf-survey-2024,,South Korea,East Asia,secondary,385439,persons,False
2024,KR,jf-survey-2024,,South Korea,East Asia,higher,51955,persons,False
2024,KR,jf-survey-2024,,South Korea,East Asia,other,117351,persons,False
2024,TW,jf-survey-2024,,Taiwan,East Asia,institutions,809,institutions,False
2024,TW,jf-survey-2024,,Taiwan,East Asia,teachers,3343,persons,False
2024,TW,jf-survey-2024,,Taiwan,East Asia,learners,124149,persons,False
2024,TW,jf-survey-2024,,Taiwan,East Asia,school,34687,persons,False
2024,TW,jf-survey-2024,,Taiwan,East Asia,multipleStage,,persons,True
2024,TW,jf-survey-2024,,Taiwan,East Asia,primary,3018,persons,False
2024,TW,jf-survey-2024,,Taiwan,East Asia,secondary,31669,persons,False
2024,TW,jf-survey-2024,,Taiwan,East Asia,higher,52161,persons,False
2024,TW,jf-survey-2024,,Taiwan,East Asia,other,37301,persons,False
2024,CN,jf-survey-2024,,China,East Asia,institutions,3073,institutions,False
2024,CN,jf-survey-2024,,China,East Asia,teachers,21743,persons,False
2024,CN,jf-survey-2024,,China,East Asia,learners,1019197,persons,False
2024,CN,jf-survey-2024,,China,East Asia,school,285970,persons,False
2024,CN,jf-survey-2024,,China,East Asia,multipleStage,,persons,True
2024,CN,jf-survey-2024,,China,East Asia,primary,1482,persons,False
2024,CN,jf-survey-2024,,China,East Asia,secondary,284488,persons,False
2024,CN,jf-survey-2024,,China,East Asia,higher,477869,persons,False
2024,CN,jf-survey-2024,,China,East Asia,other,255358,persons,False
2024,HK,jf-survey-2024,,Hong Kong SAR China,East Asia,institutions,62,institutions,False
2024,HK,jf-survey-2024,,Hong Kong SAR China,East Asia,teachers,534,persons,False
2024,HK,jf-survey-2024,,Hong Kong SAR China,East Asia,learners,20868,persons,False
2024,HK,jf-survey-2024,,Hong Kong SAR China,East Asia,school,3154,persons,False
2024,HK,jf-survey-2024,,Hong Kong SAR China,East Asia,multipleStage,,persons,True
2024,HK,jf-survey-2024,,Hong Kong SAR China,East Asia,primary,1008,persons,False
2024,HK,jf-survey-2024,,Hong Kong SAR China,East Asia,secondary,2146,persons,False
2024,HK,jf-survey-2024,,Hong Kong SAR China,East Asia,higher,6515,persons,False
2024,HK,jf-survey-2024,,Hong Kong SAR China,East Asia,other,11199,persons,False
2024,MO,jf-survey-2024,,Macao SAR China,East Asia,institutions,5,institutions,False
2024,MO,jf-survey-2024,,Macao SAR China,East Asia,teachers,42,persons,False
2024,MO,jf-survey-2024,,Macao SAR China,East Asia,learners,1471,persons,False
2024,MO,jf-survey-2024,,Macao SAR China,East Asia,school,0,persons,False
2024,MO,jf-survey-2024,,Macao SAR China,East Asia,multipleStage,,persons,True
2024,MO,jf-survey-2024,,Macao SAR China,East Asia,primary,0,persons,False
2024,MO,jf-survey-2024,,Macao SAR China,East Asia,secondary,0,persons,False
2024,MO,jf-survey-2024,,Macao SAR China,East Asia,higher,420,persons,False
2024,MO,jf-survey-2024,,Macao SAR China,East Asia,other,1051,persons,False
2024,MN,jf-survey-2024,,Mongolia,East Asia,institutions,164,institutions,False
2024,MN,jf-survey-2024,,Mongolia,East Asia,teachers,561,persons,False
2024,MN,jf-survey-2024,,Mongolia,East Asia,learners,16123,persons,False
2024,MN,jf-survey-2024,,Mongolia,East Asia,school,8929,persons,False
2024,MN,jf-survey-2024,,Mongolia,East Asia,multipleStage,,persons,True
2024,MN,jf-survey-2024,,Mongolia,East Asia,primary,1659,persons,False
2024,MN,jf-survey-2024,,Mongolia,East Asia,secondary,7270,persons,False
2024,MN,jf-survey-2024,,Mongolia,East Asia,higher,2734,persons,False
2024,MN,jf-survey-2024,,Mongolia,East Asia,other,4460,persons,False
2024,ID,jf-survey-2024,,Indonesia,Southeast Asia,institutions,3103,institutions,False
2024,ID,jf-survey-2024,,Indonesia,Southeast Asia,teachers,7614,persons,False
2024,ID,jf-survey-2024,,Indonesia,Southeast Asia,learners,732914,persons,False
2024,ID,jf-survey-2024,,Indonesia,Southeast Asia,school,651948,persons,False
2024,ID,jf-survey-2024,,Indonesia,Southeast Asia,multipleStage,,persons,True
2024,ID,jf-survey-2024,,Indonesia,Southeast Asia,primary,7445,persons,False
2024,ID,jf-survey-2024,,Indonesia,Southeast Asia,secondary,644503,persons,False
2024,ID,jf-survey-2024,,Indonesia,Southeast Asia,higher,22691,persons,False
2024,ID,jf-survey-2024,,Indonesia,Southeast Asia,other,58275,persons,False
2024,KH,jf-survey-2024,,Cambodia,Southeast Asia,institutions,92,institutions,False
2024,KH,jf-survey-2024,,Cambodia,Southeast Asia,teachers,423,persons,False
2024,KH,jf-survey-2024,,Cambodia,Southeast Asia,learners,5343,persons,False
2024,KH,jf-survey-2024,,Cambodia,Southeast Asia,school,1380,persons,False
2024,KH,jf-survey-2024,,Cambodia,Southeast Asia,multipleStage,,persons,True
2024,KH,jf-survey-2024,,Cambodia,Southeast Asia,primary,126,persons,False
2024,KH,jf-survey-2024,,Cambodia,Southeast Asia,secondary,1254,persons,False
2024,KH,jf-survey-2024,,Cambodia,Southeast Asia,higher,767,persons,False
2024,KH,jf-survey-2024,,Cambodia,Southeast Asia,other,3196,persons,False
2024,SG,jf-survey-2024,,Singapore,Southeast Asia,institutions,17,institutions,False
2024,SG,jf-survey-2024,,Singapore,Southeast Asia,teachers,180,persons,False
2024,SG,jf-survey-2024,,Singapore,Southeast Asia,learners,8532,persons,False
2024,SG,jf-survey-2024,,Singapore,Southeast Asia,school,1415,persons,False
2024,SG,jf-survey-2024,,Singapore,Southeast Asia,multipleStage,,persons,True
2024,SG,jf-survey-2024,,Singapore,Southeast Asia,primary,80,persons,False
2024,SG,jf-survey-2024,,Singapore,Southeast Asia,secondary,1335,persons,False
2024,SG,jf-survey-2024,,Singapore,Southeast Asia,higher,2446,persons,False
2024,SG,jf-survey-2024,,Singapore,Southeast Asia,other,4671,persons,False
2024,TH,jf-survey-2024,,Thailand,Southeast Asia,institutions,755,institutions,False
2024,TH,jf-survey-2024,,Thailand,Southeast Asia,teachers,2286,persons,False
2024,TH,jf-survey-2024,,Thailand,Southeast Asia,learners,194366,persons,False
2024,TH,jf-survey-2024,,Thailand,Southeast Asia,school,165532,persons,False
2024,TH,jf-survey-2024,,Thailand,Southeast Asia,multipleStage,,persons,True
2024,TH,jf-survey-2024,,Thailand,Southeast Asia,primary,7460,persons,False
2024,TH,jf-survey-2024,,Thailand,Southeast Asia,secondary,158072,persons,False
2024,TH,jf-survey-2024,,Thailand,Southeast Asia,higher,21125,persons,False
2024,TH,jf-survey-2024,,Thailand,Southeast Asia,other,7709,persons,False
2024,TL,jf-survey-2024,,Timor-Leste,Southeast Asia,institutions,9,institutions,False
2024,TL,jf-survey-2024,,Timor-Leste,Southeast Asia,teachers,32,persons,False
2024,TL,jf-survey-2024,,Timor-Leste,Southeast Asia,learners,609,persons,False
2024,TL,jf-survey-2024,,Timor-Leste,Southeast Asia,school,0,persons,False
2024,TL,jf-survey-2024,,Timor-Leste,Southeast Asia,multipleStage,,persons,True
2024,TL,jf-survey-2024,,Timor-Leste,Southeast Asia,primary,0,persons,False
2024,TL,jf-survey-2024,,Timor-Leste,Southeast Asia,secondary,0,persons,False
2024,TL,jf-survey-2024,,Timor-Leste,Southeast Asia,higher,0,persons,False
2024,TL,jf-survey-2024,,Timor-Leste,Southeast Asia,other,609,persons,False
2024,PH,jf-survey-2024,,Philippines,Southeast Asia,institutions,227,institutions,False
2024,PH,jf-survey-2024,,Philippines,Southeast Asia,teachers,916,persons,False
2024,PH,jf-survey-2024,,Philippines,Southeast Asia,learners,42677,persons,False
2024,PH,jf-survey-2024,,Philippines,Southeast Asia,school,9709,persons,False
2024,PH,jf-survey-2024,,Philippines,Southeast Asia,multipleStage,,persons,True
2024,PH,jf-survey-2024,,Philippines,Southeast Asia,primary,853,persons,False
2024,PH,jf-survey-2024,,Philippines,Southeast Asia,secondary,8856,persons,False
2024,PH,jf-survey-2024,,Philippines,Southeast Asia,higher,17948,persons,False
2024,PH,jf-survey-2024,,Philippines,Southeast Asia,other,15020,persons,False
2024,BN,jf-survey-2024,,Brunei,Southeast Asia,institutions,2,institutions,False
2024,BN,jf-survey-2024,,Brunei,Southeast Asia,teachers,2,persons,False
2024,BN,jf-survey-2024,,Brunei,Southeast Asia,learners,116,persons,False
2024,BN,jf-survey-2024,,Brunei,Southeast Asia,school,0,persons,False
2024,BN,jf-survey-2024,,Brunei,Southeast Asia,multipleStage,,persons,True
2024,BN,jf-survey-2024,,Brunei,Southeast Asia,primary,0,persons,False
2024,BN,jf-survey-2024,,Brunei,Southeast Asia,secondary,0,persons,False
2024,BN,jf-survey-2024,,Brunei,Southeast Asia,higher,90,persons,False
2024,BN,jf-survey-2024,,Brunei,Southeast Asia,other,26,persons,False
2024,VN,jf-survey-2024,,Vietnam,Southeast Asia,institutions,490,institutions,False
2024,VN,jf-survey-2024,,Vietnam,Southeast Asia,teachers,4230,persons,False
2024,VN,jf-survey-2024,,Vietnam,Southeast Asia,learners,164495,persons,False
2024,VN,jf-survey-2024,,Vietnam,Southeast Asia,school,29323,persons,False
2024,VN,jf-survey-2024,,Vietnam,Southeast Asia,multipleStage,,persons,True
2024,VN,jf-survey-2024,,Vietnam,Southeast Asia,primary,2550,persons,False
2024,VN,jf-survey-2024,,Vietnam,Southeast Asia,secondary,26773,persons,False
2024,VN,jf-survey-2024,,Vietnam,Southeast Asia,higher,48981,persons,False
2024,VN,jf-survey-2024,,Vietnam,Southeast Asia,other,86191,persons,False
2024,MY,jf-survey-2024,,Malaysia,Southeast Asia,institutions,217,institutions,False
2024,MY,jf-survey-2024,,Malaysia,Southeast Asia,teachers,486,persons,False
2024,MY,jf-survey-2024,,Malaysia,Southeast Asia,learners,40669,persons,False
2024,MY,jf-survey-2024,,Malaysia,Southeast Asia,school,21057,persons,False
2024,MY,jf-survey-2024,,Malaysia,Southeast Asia,multipleStage,,persons,True
2024,MY,jf-survey-2024,,Malaysia,Southeast Asia,primary,0,persons,False
2024,MY,jf-survey-2024,,Malaysia,Southeast Asia,secondary,21057,persons,False
2024,MY,jf-survey-2024,,Malaysia,Southeast Asia,higher,14469,persons,False
2024,MY,jf-survey-2024,,Malaysia,Southeast Asia,other,5143,persons,False
2024,MM,jf-survey-2024,,Myanmar (Burma),Southeast Asia,institutions,685,institutions,False
2024,MM,jf-survey-2024,,Myanmar (Burma),Southeast Asia,teachers,3577,persons,False
2024,MM,jf-survey-2024,,Myanmar (Burma),Southeast Asia,learners,100315,persons,False
2024,MM,jf-survey-2024,,Myanmar (Burma),Southeast Asia,school,40,persons,False
2024,MM,jf-survey-2024,,Myanmar (Burma),Southeast Asia,multipleStage,,persons,True
2024,MM,jf-survey-2024,,Myanmar (Burma),Southeast Asia,primary,0,persons,False
2024,MM,jf-survey-2024,,Myanmar (Burma),Southeast Asia,secondary,40,persons,False
2024,MM,jf-survey-2024,,Myanmar (Burma),Southeast Asia,higher,576,persons,False
2024,MM,jf-survey-2024,,Myanmar (Burma),Southeast Asia,other,99699,persons,False
2024,LA,jf-survey-2024,,Laos,Southeast Asia,institutions,29,institutions,False
2024,LA,jf-survey-2024,,Laos,Southeast Asia,teachers,123,persons,False
2024,LA,jf-survey-2024,,Laos,Southeast Asia,learners,4431,persons,False
2024,LA,jf-survey-2024,,Laos,Southeast Asia,school,2741,persons,False
2024,LA,jf-survey-2024,,Laos,Southeast Asia,multipleStage,,persons,True
2024,LA,jf-survey-2024,,Laos,Southeast Asia,primary,527,persons,False
2024,LA,jf-survey-2024,,Laos,Southeast Asia,secondary,2214,persons,False
2024,LA,jf-survey-2024,,Laos,Southeast Asia,higher,240,persons,False
2024,LA,jf-survey-2024,,Laos,Southeast Asia,other,1450,persons,False
2024,IN,jf-survey-2024,,India,South Asia,institutions,381,institutions,False
2024,IN,jf-survey-2024,,India,South Asia,teachers,1285,persons,False
2024,IN,jf-survey-2024,,India,South Asia,learners,52946,persons,False
2024,IN,jf-survey-2024,,India,South Asia,school,14653,persons,False
2024,IN,jf-survey-2024,,India,South Asia,multipleStage,,persons,True
2024,IN,jf-survey-2024,,India,South Asia,primary,4288,persons,False
2024,IN,jf-survey-2024,,India,South Asia,secondary,10365,persons,False
2024,IN,jf-survey-2024,,India,South Asia,higher,15710,persons,False
2024,IN,jf-survey-2024,,India,South Asia,other,22583,persons,False
2024,LK,jf-survey-2024,,Sri Lanka,South Asia,institutions,298,institutions,False
2024,LK,jf-survey-2024,,Sri Lanka,South Asia,teachers,650,persons,False
2024,LK,jf-survey-2024,,Sri Lanka,South Asia,learners,34650,persons,False
2024,LK,jf-survey-2024,,Sri Lanka,South Asia,school,17941,persons,False
2024,LK,jf-survey-2024,,Sri Lanka,South Asia,multipleStage,,persons,True
2024,LK,jf-survey-2024,,Sri Lanka,South Asia,primary,1239,persons,False
2024,LK,jf-survey-2024,,Sri Lanka,South Asia,secondary,16702,persons,False
2024,LK,jf-survey-2024,,Sri Lanka,South Asia,higher,3350,persons,False
2024,LK,jf-survey-2024,,Sri Lanka,South Asia,other,13359,persons,False
2024,NP,jf-survey-2024,,Nepal,South Asia,institutions,318,institutions,False
2024,NP,jf-survey-2024,,Nepal,South Asia,teachers,1146,persons,False
2024,NP,jf-survey-2024,,Nepal,South Asia,learners,25292,persons,False
2024,NP,jf-survey-2024,,Nepal,South Asia,school,107,persons,False
2024,NP,jf-survey-2024,,Nepal,South Asia,multipleStage,,persons,True
2024,NP,jf-survey-2024,,Nepal,South Asia,primary,0,persons,False
2024,NP,jf-survey-2024,,Nepal,South Asia,secondary,107,persons,False
2024,NP,jf-survey-2024,,Nepal,South Asia,higher,339,persons,False
2024,NP,jf-survey-2024,,Nepal,South Asia,other,24846,persons,False
2024,PK,jf-survey-2024,,Pakistan,South Asia,institutions,9,institutions,False
2024,PK,jf-survey-2024,,Pakistan,South Asia,teachers,42,persons,False
2024,PK,jf-survey-2024,,Pakistan,South Asia,learners,906,persons,False
2024,PK,jf-survey-2024,,Pakistan,South Asia,school,0,persons,False
2024,PK,jf-survey-2024,,Pakistan,South Asia,multipleStage,,persons,True
2024,PK,jf-survey-2024,,Pakistan,South Asia,primary,0,persons,False
2024,PK,jf-survey-2024,,Pakistan,South Asia,secondary,0,persons,False
2024,PK,jf-survey-2024,,Pakistan,South Asia,higher,195,persons,False
2024,PK,jf-survey-2024,,Pakistan,South Asia,other,711,persons,False
2024,BD,jf-survey-2024,,Bangladesh,South Asia,institutions,165,institutions,False
2024,BD,jf-survey-2024,,Bangladesh,South Asia,teachers,643,persons,False
2024,BD,jf-survey-2024,,Bangladesh,South Asia,learners,14918,persons,False
2024,BD,jf-survey-2024,,Bangladesh,South Asia,school,528,persons,False
2024,BD,jf-survey-2024,,Bangladesh,South Asia,multipleStage,,persons,True
2024,BD,jf-survey-2024,,Bangladesh,South Asia,primary,500,persons,False
2024,BD,jf-survey-2024,,Bangladesh,South Asia,secondary,28,persons,False
2024,BD,jf-survey-2024,,Bangladesh,South Asia,higher,898,persons,False
2024,BD,jf-survey-2024,,Bangladesh,South Asia,other,13492,persons,False
2024,BT,jf-survey-2024,,Bhutan,South Asia,institutions,2,institutions,False
2024,BT,jf-survey-2024,,Bhutan,South Asia,teachers,4,persons,False
2024,BT,jf-survey-2024,,Bhutan,South Asia,learners,156,persons,False
2024,BT,jf-survey-2024,,Bhutan,South Asia,school,0,persons,False
2024,BT,jf-survey-2024,,Bhutan,South Asia,multipleStage,,persons,True
2024,BT,jf-survey-2024,,Bhutan,South Asia,primary,0,persons,False
2024,BT,jf-survey-2024,,Bhutan,South Asia,secondary,0,persons,False
2024,BT,jf-survey-2024,,Bhutan,South Asia,higher,0,persons,False
2024,BT,jf-survey-2024,,Bhutan,South Asia,other,156,persons,False
2024,MV,jf-survey-2024,,Maldives,South Asia,institutions,1,institutions,False
2024,MV,jf-survey-2024,,Maldives,South Asia,teachers,1,persons,False
2024,MV,jf-survey-2024,,Maldives,South Asia,learners,22,persons,False
2024,MV,jf-survey-2024,,Maldives,South Asia,school,0,persons,False
2024,MV,jf-survey-2024,,Maldives,South Asia,multipleStage,,persons,True
2024,MV,jf-survey-2024,,Maldives,South Asia,primary,0,persons,False
2024,MV,jf-survey-2024,,Maldives,South Asia,secondary,0,persons,False
2024,MV,jf-survey-2024,,Maldives,South Asia,higher,0,persons,False
2024,MV,jf-survey-2024,,Maldives,South Asia,other,22,persons,False
2024,AU,jf-survey-2024,,Australia,Oceania,institutions,1595,institutions,False
2024,AU,jf-survey-2024,,Australia,Oceania,teachers,3280,persons,False
2024,AU,jf-survey-2024,,Australia,Oceania,learners,424316,persons,False
2024,AU,jf-survey-2024,,Australia,Oceania,school,409506,persons,False
2024,AU,jf-survey-2024,,Australia,Oceania,multipleStage,,persons,True
2024,AU,jf-survey-2024,,Australia,Oceania,primary,240650,persons,False
2024,AU,jf-survey-2024,,Australia,Oceania,secondary,168856,persons,False
2024,AU,jf-survey-2024,,Australia,Oceania,higher,10423,persons,False
2024,AU,jf-survey-2024,,Australia,Oceania,other,4387,persons,False
2024,MP,jf-survey-2024,,Northern Mariana Islands,Oceania,institutions,3,institutions,False
2024,MP,jf-survey-2024,,Northern Mariana Islands,Oceania,teachers,3,persons,False
2024,MP,jf-survey-2024,,Northern Mariana Islands,Oceania,learners,240,persons,False
2024,MP,jf-survey-2024,,Northern Mariana Islands,Oceania,school,240,persons,False
2024,MP,jf-survey-2024,,Northern Mariana Islands,Oceania,multipleStage,,persons,True
2024,MP,jf-survey-2024,,Northern Mariana Islands,Oceania,primary,30,persons,False
2024,MP,jf-survey-2024,,Northern Mariana Islands,Oceania,secondary,210,persons,False
2024,MP,jf-survey-2024,,Northern Mariana Islands,Oceania,higher,0,persons,False
2024,MP,jf-survey-2024,,Northern Mariana Islands,Oceania,other,0,persons,False
2024,KI,jf-survey-2024,,Kiribati,Oceania,institutions,0,institutions,False
2024,KI,jf-survey-2024,,Kiribati,Oceania,teachers,0,persons,False
2024,KI,jf-survey-2024,,Kiribati,Oceania,learners,0,persons,False
2024,KI,jf-survey-2024,,Kiribati,Oceania,school,0,persons,False
2024,KI,jf-survey-2024,,Kiribati,Oceania,multipleStage,,persons,True
2024,KI,jf-survey-2024,,Kiribati,Oceania,primary,0,persons,False
2024,KI,jf-survey-2024,,Kiribati,Oceania,secondary,0,persons,False
2024,KI,jf-survey-2024,,Kiribati,Oceania,higher,0,persons,False
2024,KI,jf-survey-2024,,Kiribati,Oceania,other,0,persons,False
2024,GU,jf-survey-2024,,Guam,Oceania,institutions,12,institutions,False
2024,GU,jf-survey-2024,,Guam,Oceania,teachers,17,persons,False
2024,GU,jf-survey-2024,,Guam,Oceania,learners,893,persons,False
2024,GU,jf-survey-2024,,Guam,Oceania,school,803,persons,False
2024,GU,jf-survey-2024,,Guam,Oceania,multipleStage,,persons,True
2024,GU,jf-survey-2024,,Guam,Oceania,primary,60,persons,False
2024,GU,jf-survey-2024,,Guam,Oceania,secondary,743,persons,False
2024,GU,jf-survey-2024,,Guam,Oceania,higher,90,persons,False
2024,GU,jf-survey-2024,,Guam,Oceania,other,0,persons,False
2024,CK,jf-survey-2024,,Cook Islands,Oceania,institutions,0,institutions,False
2024,CK,jf-survey-2024,,Cook Islands,Oceania,teachers,0,persons,False
2024,CK,jf-survey-2024,,Cook Islands,Oceania,learners,0,persons,False
2024,CK,jf-survey-2024,,Cook Islands,Oceania,school,0,persons,False
2024,CK,jf-survey-2024,,Cook Islands,Oceania,multipleStage,,persons,True
2024,CK,jf-survey-2024,,Cook Islands,Oceania,primary,0,persons,False
2024,CK,jf-survey-2024,,Cook Islands,Oceania,secondary,0,persons,False
2024,CK,jf-survey-2024,,Cook Islands,Oceania,higher,0,persons,False
2024,CK,jf-survey-2024,,Cook Islands,Oceania,other,0,persons,False
2024,WS,jf-survey-2024,,Samoa,Oceania,institutions,1,institutions,False
2024,WS,jf-survey-2024,,Samoa,Oceania,teachers,1,persons,False
2024,WS,jf-survey-2024,,Samoa,Oceania,learners,15,persons,False
2024,WS,jf-survey-2024,,Samoa,Oceania,school,0,persons,False
2024,WS,jf-survey-2024,,Samoa,Oceania,multipleStage,,persons,True
2024,WS,jf-survey-2024,,Samoa,Oceania,primary,0,persons,False
2024,WS,jf-survey-2024,,Samoa,Oceania,secondary,0,persons,False
2024,WS,jf-survey-2024,,Samoa,Oceania,higher,15,persons,False
2024,WS,jf-survey-2024,,Samoa,Oceania,other,0,persons,False
2024,SB,jf-survey-2024,,Solomon Islands,Oceania,institutions,0,institutions,False
2024,SB,jf-survey-2024,,Solomon Islands,Oceania,teachers,0,persons,False
2024,SB,jf-survey-2024,,Solomon Islands,Oceania,learners,0,persons,False
2024,SB,jf-survey-2024,,Solomon Islands,Oceania,school,0,persons,False
2024,SB,jf-survey-2024,,Solomon Islands,Oceania,multipleStage,,persons,True
2024,SB,jf-survey-2024,,Solomon Islands,Oceania,primary,0,persons,False
2024,SB,jf-survey-2024,,Solomon Islands,Oceania,secondary,0,persons,False
2024,SB,jf-survey-2024,,Solomon Islands,Oceania,higher,0,persons,False
2024,SB,jf-survey-2024,,Solomon Islands,Oceania,other,0,persons,False
2024,TV,jf-survey-2024,,Tuvalu,Oceania,institutions,0,institutions,False
2024,TV,jf-survey-2024,,Tuvalu,Oceania,teachers,0,persons,False
2024,TV,jf-survey-2024,,Tuvalu,Oceania,learners,0,persons,False
2024,TV,jf-survey-2024,,Tuvalu,Oceania,school,0,persons,False
2024,TV,jf-survey-2024,,Tuvalu,Oceania,multipleStage,,persons,True
2024,TV,jf-survey-2024,,Tuvalu,Oceania,primary,0,persons,False
2024,TV,jf-survey-2024,,Tuvalu,Oceania,secondary,0,persons,False
2024,TV,jf-survey-2024,,Tuvalu,Oceania,higher,0,persons,False
2024,TV,jf-survey-2024,,Tuvalu,Oceania,other,0,persons,False
2024,TO,jf-survey-2024,,Tonga,Oceania,institutions,9,institutions,False
2024,TO,jf-survey-2024,,Tonga,Oceania,teachers,17,persons,False
2024,TO,jf-survey-2024,,Tonga,Oceania,learners,155,persons,False
2024,TO,jf-survey-2024,,Tonga,Oceania,school,149,persons,False
2024,TO,jf-survey-2024,,Tonga,Oceania,multipleStage,,persons,True
2024,TO,jf-survey-2024,,Tonga,Oceania,primary,0,persons,False
2024,TO,jf-survey-2024,,Tonga,Oceania,secondary,149,persons,False
2024,TO,jf-survey-2024,,Tonga,Oceania,higher,6,persons,False
2024,TO,jf-survey-2024,,Tonga,Oceania,other,0,persons,False
2024,NR,jf-survey-2024,,Nauru,Oceania,institutions,0,institutions,False
2024,NR,jf-survey-2024,,Nauru,Oceania,teachers,0,persons,False
2024,NR,jf-survey-2024,,Nauru,Oceania,learners,0,persons,False
2024,NR,jf-survey-2024,,Nauru,Oceania,school,0,persons,False
2024,NR,jf-survey-2024,,Nauru,Oceania,multipleStage,,persons,True
2024,NR,jf-survey-2024,,Nauru,Oceania,primary,0,persons,False
2024,NR,jf-survey-2024,,Nauru,Oceania,secondary,0,persons,False
2024,NR,jf-survey-2024,,Nauru,Oceania,higher,0,persons,False
2024,NR,jf-survey-2024,,Nauru,Oceania,other,0,persons,False
2024,NU,jf-survey-2024,,Niue,Oceania,institutions,0,institutions,False
2024,NU,jf-survey-2024,,Niue,Oceania,teachers,0,persons,False
2024,NU,jf-survey-2024,,Niue,Oceania,learners,0,persons,False
2024,NU,jf-survey-2024,,Niue,Oceania,school,0,persons,False
2024,NU,jf-survey-2024,,Niue,Oceania,multipleStage,,persons,True
2024,NU,jf-survey-2024,,Niue,Oceania,primary,0,persons,False
2024,NU,jf-survey-2024,,Niue,Oceania,secondary,0,persons,False
2024,NU,jf-survey-2024,,Niue,Oceania,higher,0,persons,False
2024,NU,jf-survey-2024,,Niue,Oceania,other,0,persons,False
2024,NC,jf-survey-2024,,New Caledonia,Oceania,institutions,31,institutions,False
2024,NC,jf-survey-2024,,New Caledonia,Oceania,teachers,53,persons,False
2024,NC,jf-survey-2024,,New Caledonia,Oceania,learners,3053,persons,False
2024,NC,jf-survey-2024,,New Caledonia,Oceania,school,2974,persons,False
2024,NC,jf-survey-2024,,New Caledonia,Oceania,multipleStage,,persons,True
2024,NC,jf-survey-2024,,New Caledonia,Oceania,primary,0,persons,False
2024,NC,jf-survey-2024,,New Caledonia,Oceania,secondary,2974,persons,False
2024,NC,jf-survey-2024,,New Caledonia,Oceania,higher,49,persons,False
2024,NC,jf-survey-2024,,New Caledonia,Oceania,other,30,persons,False
2024,NZ,jf-survey-2024,,New Zealand,Oceania,institutions,171,institutions,False
2024,NZ,jf-survey-2024,,New Zealand,Oceania,teachers,296,persons,False
2024,NZ,jf-survey-2024,,New Zealand,Oceania,learners,25456,persons,False
2024,NZ,jf-survey-2024,,New Zealand,Oceania,school,23870,persons,False
2024,NZ,jf-survey-2024,,New Zealand,Oceania,multipleStage,,persons,True
2024,NZ,jf-survey-2024,,New Zealand,Oceania,primary,6774,persons,False
2024,NZ,jf-survey-2024,,New Zealand,Oceania,secondary,17096,persons,False
2024,NZ,jf-survey-2024,,New Zealand,Oceania,higher,1270,persons,False
2024,NZ,jf-survey-2024,,New Zealand,Oceania,other,316,persons,False
2024,VU,jf-survey-2024,,Vanuatu,Oceania,institutions,0,institutions,False
2024,VU,jf-survey-2024,,Vanuatu,Oceania,teachers,0,persons,False
2024,VU,jf-survey-2024,,Vanuatu,Oceania,learners,0,persons,False
2024,VU,jf-survey-2024,,Vanuatu,Oceania,school,0,persons,False
2024,VU,jf-survey-2024,,Vanuatu,Oceania,multipleStage,,persons,True
2024,VU,jf-survey-2024,,Vanuatu,Oceania,primary,0,persons,False
2024,VU,jf-survey-2024,,Vanuatu,Oceania,secondary,0,persons,False
2024,VU,jf-survey-2024,,Vanuatu,Oceania,higher,0,persons,False
2024,VU,jf-survey-2024,,Vanuatu,Oceania,other,0,persons,False
2024,PG,jf-survey-2024,,Papua New Guinea,Oceania,institutions,1,institutions,False
2024,PG,jf-survey-2024,,Papua New Guinea,Oceania,teachers,3,persons,False
2024,PG,jf-survey-2024,,Papua New Guinea,Oceania,learners,50,persons,False
2024,PG,jf-survey-2024,,Papua New Guinea,Oceania,school,50,persons,False
2024,PG,jf-survey-2024,,Papua New Guinea,Oceania,multipleStage,,persons,True
2024,PG,jf-survey-2024,,Papua New Guinea,Oceania,primary,0,persons,False
2024,PG,jf-survey-2024,,Papua New Guinea,Oceania,secondary,50,persons,False
2024,PG,jf-survey-2024,,Papua New Guinea,Oceania,higher,0,persons,False
2024,PG,jf-survey-2024,,Papua New Guinea,Oceania,other,0,persons,False
2024,PW,jf-survey-2024,,Palau,Oceania,institutions,3,institutions,False
2024,PW,jf-survey-2024,,Palau,Oceania,teachers,4,persons,False
2024,PW,jf-survey-2024,,Palau,Oceania,learners,180,persons,False
2024,PW,jf-survey-2024,,Palau,Oceania,school,160,persons,False
2024,PW,jf-survey-2024,,Palau,Oceania,multipleStage,,persons,True
2024,PW,jf-survey-2024,,Palau,Oceania,primary,0,persons,False
2024,PW,jf-survey-2024,,Palau,Oceania,secondary,160,persons,False
2024,PW,jf-survey-2024,,Palau,Oceania,higher,20,persons,False
2024,PW,jf-survey-2024,,Palau,Oceania,other,0,persons,False
2024,FJ,jf-survey-2024,,Fiji,Oceania,institutions,0,institutions,False
2024,FJ,jf-survey-2024,,Fiji,Oceania,teachers,0,persons,False
2024,FJ,jf-survey-2024,,Fiji,Oceania,learners,0,persons,False
2024,FJ,jf-survey-2024,,Fiji,Oceania,school,0,persons,False
2024,FJ,jf-survey-2024,,Fiji,Oceania,multipleStage,,persons,True
2024,FJ,jf-survey-2024,,Fiji,Oceania,primary,0,persons,False
2024,FJ,jf-survey-2024,,Fiji,Oceania,secondary,0,persons,False
2024,FJ,jf-survey-2024,,Fiji,Oceania,higher,0,persons,False
2024,FJ,jf-survey-2024,,Fiji,Oceania,other,0,persons,False
2024,PF,jf-survey-2024,,French Polynesia,Oceania,institutions,4,institutions,False
2024,PF,jf-survey-2024,,French Polynesia,Oceania,teachers,7,persons,False
2024,PF,jf-survey-2024,,French Polynesia,Oceania,learners,197,persons,False
2024,PF,jf-survey-2024,,French Polynesia,Oceania,school,110,persons,False
2024,PF,jf-survey-2024,,French Polynesia,Oceania,multipleStage,,persons,True
2024,PF,jf-survey-2024,,French Polynesia,Oceania,primary,0,persons,False
2024,PF,jf-survey-2024,,French Polynesia,Oceania,secondary,110,persons,False
2024,PF,jf-survey-2024,,French Polynesia,Oceania,higher,0,persons,False
2024,PF,jf-survey-2024,,French Polynesia,Oceania,other,87,persons,False
2024,MH,jf-survey-2024,,Marshall Islands,Oceania,institutions,1,institutions,False
2024,MH,jf-survey-2024,,Marshall Islands,Oceania,teachers,1,persons,False
2024,MH,jf-survey-2024,,Marshall Islands,Oceania,learners,20,persons,False
2024,MH,jf-survey-2024,,Marshall Islands,Oceania,school,0,persons,False
2024,MH,jf-survey-2024,,Marshall Islands,Oceania,multipleStage,,persons,True
2024,MH,jf-survey-2024,,Marshall Islands,Oceania,primary,0,persons,False
2024,MH,jf-survey-2024,,Marshall Islands,Oceania,secondary,0,persons,False
2024,MH,jf-survey-2024,,Marshall Islands,Oceania,higher,20,persons,False
2024,MH,jf-survey-2024,,Marshall Islands,Oceania,other,0,persons,False
2024,FM,jf-survey-2024,,Micronesia,Oceania,institutions,2,institutions,False
2024,FM,jf-survey-2024,,Micronesia,Oceania,teachers,3,persons,False
2024,FM,jf-survey-2024,,Micronesia,Oceania,learners,125,persons,False
2024,FM,jf-survey-2024,,Micronesia,Oceania,school,15,persons,False
2024,FM,jf-survey-2024,,Micronesia,Oceania,multipleStage,,persons,True
2024,FM,jf-survey-2024,,Micronesia,Oceania,primary,0,persons,False
2024,FM,jf-survey-2024,,Micronesia,Oceania,secondary,15,persons,False
2024,FM,jf-survey-2024,,Micronesia,Oceania,higher,0,persons,False
2024,FM,jf-survey-2024,,Micronesia,Oceania,other,110,persons,False
2024,CA,jf-survey-2024,,Canada,North America,institutions,141,institutions,False
2024,CA,jf-survey-2024,,Canada,North America,teachers,639,persons,False
2024,CA,jf-survey-2024,,Canada,North America,learners,18323,persons,False
2024,CA,jf-survey-2024,,Canada,North America,school,4934,persons,False
2024,CA,jf-survey-2024,,Canada,North America,multipleStage,,persons,True
2024,CA,jf-survey-2024,,Canada,North America,primary,82,persons,False
2024,CA,jf-survey-2024,,Canada,North America,secondary,4852,persons,False
2024,CA,jf-survey-2024,,Canada,North America,higher,8188,persons,False
2024,CA,jf-survey-2024,,Canada,North America,other,5201,persons,False
2024,US,jf-survey-2024,,United States,North America,institutions,1155,institutions,False
2024,US,jf-survey-2024,,United States,North America,teachers,3780,persons,False
2024,US,jf-survey-2024,,United States,North America,learners,134096,persons,False
2024,US,jf-survey-2024,,United States,North America,school,66232,persons,False
2024,US,jf-survey-2024,,United States,North America,multipleStage,,persons,True
2024,US,jf-survey-2024,,United States,North America,primary,11849,persons,False
2024,US,jf-survey-2024,,United States,North America,secondary,54383,persons,False
2024,US,jf-survey-2024,,United States,North America,higher,54701,persons,False
2024,US,jf-survey-2024,,United States,North America,other,13163,persons,False
2024,AG,jf-survey-2024,,Antigua & Barbuda,Central America,institutions,0,institutions,False
2024,AG,jf-survey-2024,,Antigua & Barbuda,Central America,teachers,0,persons,False
2024,AG,jf-survey-2024,,Antigua & Barbuda,Central America,learners,0,persons,False
2024,AG,jf-survey-2024,,Antigua & Barbuda,Central America,school,0,persons,False
2024,AG,jf-survey-2024,,Antigua & Barbuda,Central America,multipleStage,,persons,True
2024,AG,jf-survey-2024,,Antigua & Barbuda,Central America,primary,0,persons,False
2024,AG,jf-survey-2024,,Antigua & Barbuda,Central America,secondary,0,persons,False
2024,AG,jf-survey-2024,,Antigua & Barbuda,Central America,higher,0,persons,False
2024,AG,jf-survey-2024,,Antigua & Barbuda,Central America,other,0,persons,False
2024,SV,jf-survey-2024,,El Salvador,Central America,institutions,5,institutions,False
2024,SV,jf-survey-2024,,El Salvador,Central America,teachers,27,persons,False
2024,SV,jf-survey-2024,,El Salvador,Central America,learners,281,persons,False
2024,SV,jf-survey-2024,,El Salvador,Central America,school,0,persons,False
2024,SV,jf-survey-2024,,El Salvador,Central America,multipleStage,,persons,True
2024,SV,jf-survey-2024,,El Salvador,Central America,primary,0,persons,False
2024,SV,jf-survey-2024,,El Salvador,Central America,secondary,0,persons,False
2024,SV,jf-survey-2024,,El Salvador,Central America,higher,44,persons,False
2024,SV,jf-survey-2024,,El Salvador,Central America,other,237,persons,False
2024,CU,jf-survey-2024,,Cuba,Central America,institutions,4,institutions,False
2024,CU,jf-survey-2024,,Cuba,Central America,teachers,9,persons,False
2024,CU,jf-survey-2024,,Cuba,Central America,learners,123,persons,False
2024,CU,jf-survey-2024,,Cuba,Central America,school,0,persons,False
2024,CU,jf-survey-2024,,Cuba,Central America,multipleStage,,persons,True
2024,CU,jf-survey-2024,,Cuba,Central America,primary,0,persons,False
2024,CU,jf-survey-2024,,Cuba,Central America,secondary,0,persons,False
2024,CU,jf-survey-2024,,Cuba,Central America,higher,29,persons,False
2024,CU,jf-survey-2024,,Cuba,Central America,other,94,persons,False
2024,GT,jf-survey-2024,,Guatemala,Central America,institutions,5,institutions,False
2024,GT,jf-survey-2024,,Guatemala,Central America,teachers,14,persons,False
2024,GT,jf-survey-2024,,Guatemala,Central America,learners,280,persons,False
2024,GT,jf-survey-2024,,Guatemala,Central America,school,0,persons,False
2024,GT,jf-survey-2024,,Guatemala,Central America,multipleStage,,persons,True
2024,GT,jf-survey-2024,,Guatemala,Central America,primary,0,persons,False
2024,GT,jf-survey-2024,,Guatemala,Central America,secondary,0,persons,False
2024,GT,jf-survey-2024,,Guatemala,Central America,higher,35,persons,False
2024,GT,jf-survey-2024,,Guatemala,Central America,other,245,persons,False
2024,GD,jf-survey-2024,,Grenada,Central America,institutions,0,institutions,False
2024,GD,jf-survey-2024,,Grenada,Central America,teachers,0,persons,False
2024,GD,jf-survey-2024,,Grenada,Central America,learners,0,persons,False
2024,GD,jf-survey-2024,,Grenada,Central America,school,0,persons,False
2024,GD,jf-survey-2024,,Grenada,Central America,multipleStage,,persons,True
2024,GD,jf-survey-2024,,Grenada,Central America,primary,0,persons,False
2024,GD,jf-survey-2024,,Grenada,Central America,secondary,0,persons,False
2024,GD,jf-survey-2024,,Grenada,Central America,higher,0,persons,False
2024,GD,jf-survey-2024,,Grenada,Central America,other,0,persons,False
2024,CR,jf-survey-2024,,Costa Rica,Central America,institutions,13,institutions,False
2024,CR,jf-survey-2024,,Costa Rica,Central America,teachers,49,persons,False
2024,CR,jf-survey-2024,,Costa Rica,Central America,learners,786,persons,False
2024,CR,jf-survey-2024,,Costa Rica,Central America,school,0,persons,False
2024,CR,jf-survey-2024,,Costa Rica,Central America,multipleStage,,persons,True
2024,CR,jf-survey-2024,,Costa Rica,Central America,primary,0,persons,False
2024,CR,jf-survey-2024,,Costa Rica,Central America,secondary,0,persons,False
2024,CR,jf-survey-2024,,Costa Rica,Central America,higher,217,persons,False
2024,CR,jf-survey-2024,,Costa Rica,Central America,other,569,persons,False
2024,JM,jf-survey-2024,,Jamaica,Central America,institutions,3,institutions,False
2024,JM,jf-survey-2024,,Jamaica,Central America,teachers,5,persons,False
2024,JM,jf-survey-2024,,Jamaica,Central America,learners,219,persons,False
2024,JM,jf-survey-2024,,Jamaica,Central America,school,0,persons,False
2024,JM,jf-survey-2024,,Jamaica,Central America,multipleStage,,persons,True
2024,JM,jf-survey-2024,,Jamaica,Central America,primary,0,persons,False
2024,JM,jf-survey-2024,,Jamaica,Central America,secondary,0,persons,False
2024,JM,jf-survey-2024,,Jamaica,Central America,higher,159,persons,False
2024,JM,jf-survey-2024,,Jamaica,Central America,other,60,persons,False
2024,KN,jf-survey-2024,,St. Kitts & Nevis,Central America,institutions,0,institutions,False
2024,KN,jf-survey-2024,,St. Kitts & Nevis,Central America,teachers,0,persons,False
2024,KN,jf-survey-2024,,St. Kitts & Nevis,Central America,learners,0,persons,False
2024,KN,jf-survey-2024,,St. Kitts & Nevis,Central America,school,0,persons,False
2024,KN,jf-survey-2024,,St. Kitts & Nevis,Central America,multipleStage,,persons,True
2024,KN,jf-survey-2024,,St. Kitts & Nevis,Central America,primary,0,persons,False
2024,KN,jf-survey-2024,,St. Kitts & Nevis,Central America,secondary,0,persons,False
2024,KN,jf-survey-2024,,St. Kitts & Nevis,Central America,higher,0,persons,False
2024,KN,jf-survey-2024,,St. Kitts & Nevis,Central America,other,0,persons,False
2024,VC,jf-survey-2024,,St. Vincent & Grenadines,Central America,institutions,0,institutions,False
2024,VC,jf-survey-2024,,St. Vincent & Grenadines,Central America,teachers,0,persons,False
2024,VC,jf-survey-2024,,St. Vincent & Grenadines,Central America,learners,0,persons,False
2024,VC,jf-survey-2024,,St. Vincent & Grenadines,Central America,school,0,persons,False
2024,VC,jf-survey-2024,,St. Vincent & Grenadines,Central America,multipleStage,,persons,True
2024,VC,jf-survey-2024,,St. Vincent & Grenadines,Central America,primary,0,persons,False
2024,VC,jf-survey-2024,,St. Vincent & Grenadines,Central America,secondary,0,persons,False
2024,VC,jf-survey-2024,,St. Vincent & Grenadines,Central America,higher,0,persons,False
2024,VC,jf-survey-2024,,St. Vincent & Grenadines,Central America,other,0,persons,False
2024,LC,jf-survey-2024,,St. Lucia,Central America,institutions,0,institutions,False
2024,LC,jf-survey-2024,,St. Lucia,Central America,teachers,0,persons,False
2024,LC,jf-survey-2024,,St. Lucia,Central America,learners,0,persons,False
2024,LC,jf-survey-2024,,St. Lucia,Central America,school,0,persons,False
2024,LC,jf-survey-2024,,St. Lucia,Central America,multipleStage,,persons,True
2024,LC,jf-survey-2024,,St. Lucia,Central America,primary,0,persons,False
2024,LC,jf-survey-2024,,St. Lucia,Central America,secondary,0,persons,False
2024,LC,jf-survey-2024,,St. Lucia,Central America,higher,0,persons,False
2024,LC,jf-survey-2024,,St. Lucia,Central America,other,0,persons,False
2024,DM,jf-survey-2024,,Dominica,Central America,institutions,0,institutions,False
2024,DM,jf-survey-2024,,Dominica,Central America,teachers,0,persons,False
2024,DM,jf-survey-2024,,Dominica,Central America,learners,0,persons,False
2024,DM,jf-survey-2024,,Dominica,Central America,school,0,persons,False
2024,DM,jf-survey-2024,,Dominica,Central America,multipleStage,,persons,True
2024,DM,jf-survey-2024,,Dominica,Central America,primary,0,persons,False
2024,DM,jf-survey-2024,,Dominica,Central America,secondary,0,persons,False
2024,DM,jf-survey-2024,,Dominica,Central America,higher,0,persons,False
2024,DM,jf-survey-2024,,Dominica,Central America,other,0,persons,False
2024,DO,jf-survey-2024,,Dominican Republic,Central America,institutions,3,institutions,False
2024,DO,jf-survey-2024,,Dominican Republic,Central America,teachers,26,persons,False
2024,DO,jf-survey-2024,,Dominican Republic,Central America,learners,151,persons,False
2024,DO,jf-survey-2024,,Dominican Republic,Central America,school,0,persons,False
2024,DO,jf-survey-2024,,Dominican Republic,Central America,multipleStage,,persons,True
2024,DO,jf-survey-2024,,Dominican Republic,Central America,primary,0,persons,False
2024,DO,jf-survey-2024,,Dominican Republic,Central America,secondary,0,persons,False
2024,DO,jf-survey-2024,,Dominican Republic,Central America,higher,0,persons,False
2024,DO,jf-survey-2024,,Dominican Republic,Central America,other,151,persons,False
2024,TT,jf-survey-2024,,Trinidad & Tobago,Central America,institutions,1,institutions,False
2024,TT,jf-survey-2024,,Trinidad & Tobago,Central America,teachers,5,persons,False
2024,TT,jf-survey-2024,,Trinidad & Tobago,Central America,learners,149,persons,False
2024,TT,jf-survey-2024,,Trinidad & Tobago,Central America,school,0,persons,False
2024,TT,jf-survey-2024,,Trinidad & Tobago,Central America,multipleStage,,persons,True
2024,TT,jf-survey-2024,,Trinidad & Tobago,Central America,primary,0,persons,False
2024,TT,jf-survey-2024,,Trinidad & Tobago,Central America,secondary,0,persons,False
2024,TT,jf-survey-2024,,Trinidad & Tobago,Central America,higher,73,persons,False
2024,TT,jf-survey-2024,,Trinidad & Tobago,Central America,other,76,persons,False
2024,NI,jf-survey-2024,,Nicaragua,Central America,institutions,2,institutions,False
2024,NI,jf-survey-2024,,Nicaragua,Central America,teachers,5,persons,False
2024,NI,jf-survey-2024,,Nicaragua,Central America,learners,63,persons,False
2024,NI,jf-survey-2024,,Nicaragua,Central America,school,0,persons,False
2024,NI,jf-survey-2024,,Nicaragua,Central America,multipleStage,,persons,True
2024,NI,jf-survey-2024,,Nicaragua,Central America,primary,0,persons,False
2024,NI,jf-survey-2024,,Nicaragua,Central America,secondary,0,persons,False
2024,NI,jf-survey-2024,,Nicaragua,Central America,higher,0,persons,False
2024,NI,jf-survey-2024,,Nicaragua,Central America,other,63,persons,False
2024,HT,jf-survey-2024,,Haiti,Central America,institutions,0,institutions,False
2024,HT,jf-survey-2024,,Haiti,Central America,teachers,0,persons,False
2024,HT,jf-survey-2024,,Haiti,Central America,learners,0,persons,False
2024,HT,jf-survey-2024,,Haiti,Central America,school,0,persons,False
2024,HT,jf-survey-2024,,Haiti,Central America,multipleStage,,persons,True
2024,HT,jf-survey-2024,,Haiti,Central America,primary,0,persons,False
2024,HT,jf-survey-2024,,Haiti,Central America,secondary,0,persons,False
2024,HT,jf-survey-2024,,Haiti,Central America,higher,0,persons,False
2024,HT,jf-survey-2024,,Haiti,Central America,other,0,persons,False
2024,PA,jf-survey-2024,,Panama,Central America,institutions,3,institutions,False
2024,PA,jf-survey-2024,,Panama,Central America,teachers,6,persons,False
2024,PA,jf-survey-2024,,Panama,Central America,learners,139,persons,False
2024,PA,jf-survey-2024,,Panama,Central America,school,30,persons,False
2024,PA,jf-survey-2024,,Panama,Central America,multipleStage,,persons,True
2024,PA,jf-survey-2024,,Panama,Central America,primary,0,persons,False
2024,PA,jf-survey-2024,,Panama,Central America,secondary,30,persons,False
2024,PA,jf-survey-2024,,Panama,Central America,higher,25,persons,False
2024,PA,jf-survey-2024,,Panama,Central America,other,84,persons,False
2024,BS,jf-survey-2024,,Bahamas,Central America,institutions,0,institutions,False
2024,BS,jf-survey-2024,,Bahamas,Central America,teachers,0,persons,False
2024,BS,jf-survey-2024,,Bahamas,Central America,learners,0,persons,False
2024,BS,jf-survey-2024,,Bahamas,Central America,school,0,persons,False
2024,BS,jf-survey-2024,,Bahamas,Central America,multipleStage,,persons,True
2024,BS,jf-survey-2024,,Bahamas,Central America,primary,0,persons,False
2024,BS,jf-survey-2024,,Bahamas,Central America,secondary,0,persons,False
2024,BS,jf-survey-2024,,Bahamas,Central America,higher,0,persons,False
2024,BS,jf-survey-2024,,Bahamas,Central America,other,0,persons,False
2024,BB,jf-survey-2024,,Barbados,Central America,institutions,2,institutions,False
2024,BB,jf-survey-2024,,Barbados,Central America,teachers,3,persons,False
2024,BB,jf-survey-2024,,Barbados,Central America,learners,32,persons,False
2024,BB,jf-survey-2024,,Barbados,Central America,school,16,persons,False
2024,BB,jf-survey-2024,,Barbados,Central America,multipleStage,,persons,True
2024,BB,jf-survey-2024,,Barbados,Central America,primary,0,persons,False
2024,BB,jf-survey-2024,,Barbados,Central America,secondary,16,persons,False
2024,BB,jf-survey-2024,,Barbados,Central America,higher,16,persons,False
2024,BB,jf-survey-2024,,Barbados,Central America,other,0,persons,False
2024,PR,jf-survey-2024,,Puerto Rico,Central America,institutions,1,institutions,False
2024,PR,jf-survey-2024,,Puerto Rico,Central America,teachers,2,persons,False
2024,PR,jf-survey-2024,,Puerto Rico,Central America,learners,76,persons,False
2024,PR,jf-survey-2024,,Puerto Rico,Central America,school,0,persons,False
2024,PR,jf-survey-2024,,Puerto Rico,Central America,multipleStage,,persons,True
2024,PR,jf-survey-2024,,Puerto Rico,Central America,primary,0,persons,False
2024,PR,jf-survey-2024,,Puerto Rico,Central America,secondary,0,persons,False
2024,PR,jf-survey-2024,,Puerto Rico,Central America,higher,51,persons,False
2024,PR,jf-survey-2024,,Puerto Rico,Central America,other,25,persons,False
2024,BZ,jf-survey-2024,,Belize,Central America,institutions,0,institutions,False
2024,BZ,jf-survey-2024,,Belize,Central America,teachers,0,persons,False
2024,BZ,jf-survey-2024,,Belize,Central America,learners,0,persons,False
2024,BZ,jf-survey-2024,,Belize,Central America,school,0,persons,False
2024,BZ,jf-survey-2024,,Belize,Central America,multipleStage,,persons,True
2024,BZ,jf-survey-2024,,Belize,Central America,primary,0,persons,False
2024,BZ,jf-survey-2024,,Belize,Central America,secondary,0,persons,False
2024,BZ,jf-survey-2024,,Belize,Central America,higher,0,persons,False
2024,BZ,jf-survey-2024,,Belize,Central America,other,0,persons,False
2024,HN,jf-survey-2024,,Honduras,Central America,institutions,8,institutions,False
2024,HN,jf-survey-2024,,Honduras,Central America,teachers,28,persons,False
2024,HN,jf-survey-2024,,Honduras,Central America,learners,407,persons,False
2024,HN,jf-survey-2024,,Honduras,Central America,school,75,persons,False
2024,HN,jf-survey-2024,,Honduras,Central America,multipleStage,,persons,True
2024,HN,jf-survey-2024,,Honduras,Central America,primary,35,persons,False
2024,HN,jf-survey-2024,,Honduras,Central America,secondary,40,persons,False
2024,HN,jf-survey-2024,,Honduras,Central America,higher,43,persons,False
2024,HN,jf-survey-2024,,Honduras,Central America,other,289,persons,False
2024,MX,jf-survey-2024,,Mexico,Central America,institutions,153,institutions,False
2024,MX,jf-survey-2024,,Mexico,Central America,teachers,669,persons,False
2024,MX,jf-survey-2024,,Mexico,Central America,learners,15151,persons,False
2024,MX,jf-survey-2024,,Mexico,Central America,school,2553,persons,False
2024,MX,jf-survey-2024,,Mexico,Central America,multipleStage,,persons,True
2024,MX,jf-survey-2024,,Mexico,Central America,primary,1205,persons,False
2024,MX,jf-survey-2024,,Mexico,Central America,secondary,1348,persons,False
2024,MX,jf-survey-2024,,Mexico,Central America,higher,2126,persons,False
2024,MX,jf-survey-2024,,Mexico,Central America,other,10472,persons,False
2024,AR,jf-survey-2024,,Argentina,South America,institutions,62,institutions,False
2024,AR,jf-survey-2024,,Argentina,South America,teachers,282,persons,False
2024,AR,jf-survey-2024,,Argentina,South America,learners,5093,persons,False
2024,AR,jf-survey-2024,,Argentina,South America,school,520,persons,False
2024,AR,jf-survey-2024,,Argentina,South America,multipleStage,,persons,True
2024,AR,jf-survey-2024,,Argentina,South America,primary,350,persons,False
2024,AR,jf-survey-2024,,Argentina,South America,secondary,170,persons,False
2024,AR,jf-survey-2024,,Argentina,South America,higher,220,persons,False
2024,AR,jf-survey-2024,,Argentina,South America,other,4353,persons,False
2024,UY,jf-survey-2024,,Uruguay,South America,institutions,6,institutions,False
2024,UY,jf-survey-2024,,Uruguay,South America,teachers,16,persons,False
2024,UY,jf-survey-2024,,Uruguay,South America,learners,163,persons,False
2024,UY,jf-survey-2024,,Uruguay,South America,school,0,persons,False
2024,UY,jf-survey-2024,,Uruguay,South America,multipleStage,,persons,True
2024,UY,jf-survey-2024,,Uruguay,South America,primary,0,persons,False
2024,UY,jf-survey-2024,,Uruguay,South America,secondary,0,persons,False
2024,UY,jf-survey-2024,,Uruguay,South America,higher,0,persons,False
2024,UY,jf-survey-2024,,Uruguay,South America,other,163,persons,False
2024,EC,jf-survey-2024,,Ecuador,South America,institutions,3,institutions,False
2024,EC,jf-survey-2024,,Ecuador,South America,teachers,16,persons,False
2024,EC,jf-survey-2024,,Ecuador,South America,learners,145,persons,False
2024,EC,jf-survey-2024,,Ecuador,South America,school,0,persons,False
2024,EC,jf-survey-2024,,Ecuador,South America,multipleStage,,persons,True
2024,EC,jf-survey-2024,,Ecuador,South America,primary,0,persons,False
2024,EC,jf-survey-2024,,Ecuador,South America,secondary,0,persons,False
2024,EC,jf-survey-2024,,Ecuador,South America,higher,20,persons,False
2024,EC,jf-survey-2024,,Ecuador,South America,other,125,persons,False
2024,GY,jf-survey-2024,,Guyana,South America,institutions,0,institutions,False
2024,GY,jf-survey-2024,,Guyana,South America,teachers,0,persons,False
2024,GY,jf-survey-2024,,Guyana,South America,learners,0,persons,False
2024,GY,jf-survey-2024,,Guyana,South America,school,0,persons,False
2024,GY,jf-survey-2024,,Guyana,South America,multipleStage,,persons,True
2024,GY,jf-survey-2024,,Guyana,South America,primary,0,persons,False
2024,GY,jf-survey-2024,,Guyana,South America,secondary,0,persons,False
2024,GY,jf-survey-2024,,Guyana,South America,higher,0,persons,False
2024,GY,jf-survey-2024,,Guyana,South America,other,0,persons,False
2024,CO,jf-survey-2024,,Colombia,South America,institutions,16,institutions,False
2024,CO,jf-survey-2024,,Colombia,South America,teachers,75,persons,False
2024,CO,jf-survey-2024,,Colombia,South America,learners,1679,persons,False
2024,CO,jf-survey-2024,,Colombia,South America,school,0,persons,False
2024,CO,jf-survey-2024,,Colombia,South America,multipleStage,,persons,True
2024,CO,jf-survey-2024,,Colombia,South America,primary,0,persons,False
2024,CO,jf-survey-2024,,Colombia,South America,secondary,0,persons,False
2024,CO,jf-survey-2024,,Colombia,South America,higher,412,persons,False
2024,CO,jf-survey-2024,,Colombia,South America,other,1267,persons,False
2024,SR,jf-survey-2024,,Suriname,South America,institutions,0,institutions,False
2024,SR,jf-survey-2024,,Suriname,South America,teachers,0,persons,False
2024,SR,jf-survey-2024,,Suriname,South America,learners,0,persons,False
2024,SR,jf-survey-2024,,Suriname,South America,school,0,persons,False
2024,SR,jf-survey-2024,,Suriname,South America,multipleStage,,persons,True
2024,SR,jf-survey-2024,,Suriname,South America,primary,0,persons,False
2024,SR,jf-survey-2024,,Suriname,South America,secondary,0,persons,False
2024,SR,jf-survey-2024,,Suriname,South America,higher,0,persons,False
2024,SR,jf-survey-2024,,Suriname,South America,other,0,persons,False
2024,CL,jf-survey-2024,,Chile,South America,institutions,14,institutions,False
2024,CL,jf-survey-2024,,Chile,South America,teachers,48,persons,False
2024,CL,jf-survey-2024,,Chile,South America,learners,918,persons,False
2024,CL,jf-survey-2024,,Chile,South America,school,10,persons,False
2024,CL,jf-survey-2024,,Chile,South America,multipleStage,,persons,True
2024,CL,jf-survey-2024,,Chile,South America,primary,10,persons,False
2024,CL,jf-survey-2024,,Chile,South America,secondary,0,persons,False
2024,CL,jf-survey-2024,,Chile,South America,higher,332,persons,False
2024,CL,jf-survey-2024,,Chile,South America,other,576,persons,False
2024,PY,jf-survey-2024,,Paraguay,South America,institutions,13,institutions,False
2024,PY,jf-survey-2024,,Paraguay,South America,teachers,103,persons,False
2024,PY,jf-survey-2024,,Paraguay,South America,learners,3269,persons,False
2024,PY,jf-survey-2024,,Paraguay,South America,school,2069,persons,False
2024,PY,jf-survey-2024,,Paraguay,South America,multipleStage,,persons,True
2024,PY,jf-survey-2024,,Paraguay,South America,primary,1489,persons,False
2024,PY,jf-survey-2024,,Paraguay,South America,secondary,580,persons,False
2024,PY,jf-survey-2024,,Paraguay,South America,higher,900,persons,False
2024,PY,jf-survey-2024,,Paraguay,South America,other,300,persons,False
2024,BR,jf-survey-2024,,Brazil,South America,institutions,309,institutions,False
2024,BR,jf-survey-2024,,Brazil,South America,teachers,1156,persons,False
2024,BR,jf-survey-2024,,Brazil,South America,learners,26708,persons,False
2024,BR,jf-survey-2024,,Brazil,South America,school,7468,persons,False
2024,BR,jf-survey-2024,,Brazil,South America,multipleStage,,persons,True
2024,BR,jf-survey-2024,,Brazil,South America,primary,2680,persons,False
2024,BR,jf-survey-2024,,Brazil,South America,secondary,4788,persons,False
2024,BR,jf-survey-2024,,Brazil,South America,higher,2587,persons,False
2024,BR,jf-survey-2024,,Brazil,South America,other,16653,persons,False
2024,VE,jf-survey-2024,,Venezuela,South America,institutions,12,institutions,False
2024,VE,jf-survey-2024,,Venezuela,South America,teachers,46,persons,False
2024,VE,jf-survey-2024,,Venezuela,South America,learners,477,persons,False
2024,VE,jf-survey-2024,,Venezuela,South America,school,0,persons,False
2024,VE,jf-survey-2024,,Venezuela,South America,multipleStage,,persons,True
2024,VE,jf-survey-2024,,Venezuela,South America,primary,0,persons,False
2024,VE,jf-survey-2024,,Venezuela,South America,secondary,0,persons,False
2024,VE,jf-survey-2024,,Venezuela,South America,higher,8,persons,False
2024,VE,jf-survey-2024,,Venezuela,South America,other,469,persons,False
2024,PE,jf-survey-2024,,Peru,South America,institutions,26,institutions,False
2024,PE,jf-survey-2024,,Peru,South America,teachers,114,persons,False
2024,PE,jf-survey-2024,,Peru,South America,learners,3551,persons,False
2024,PE,jf-survey-2024,,Peru,South America,school,2184,persons,False
2024,PE,jf-survey-2024,,Peru,South America,multipleStage,,persons,True
2024,PE,jf-survey-2024,,Peru,South America,primary,1416,persons,False
2024,PE,jf-survey-2024,,Peru,South America,secondary,768,persons,False
2024,PE,jf-survey-2024,,Peru,South America,higher,0,persons,False
2024,PE,jf-survey-2024,,Peru,South America,other,1367,persons,False
2024,BO,jf-survey-2024,,Bolivia,South America,institutions,6,institutions,False
2024,BO,jf-survey-2024,,Bolivia,South America,teachers,38,persons,False
2024,BO,jf-survey-2024,,Bolivia,South America,learners,470,persons,False
2024,BO,jf-survey-2024,,Bolivia,South America,school,150,persons,False
2024,BO,jf-survey-2024,,Bolivia,South America,multipleStage,,persons,True
2024,BO,jf-survey-2024,,Bolivia,South America,primary,150,persons,False
2024,BO,jf-survey-2024,,Bolivia,South America,secondary,0,persons,False
2024,BO,jf-survey-2024,,Bolivia,South America,higher,0,persons,False
2024,BO,jf-survey-2024,,Bolivia,South America,other,320,persons,False
2024,IS,jf-survey-2024,,Iceland,Western Europe,institutions,2,institutions,False
2024,IS,jf-survey-2024,,Iceland,Western Europe,teachers,7,persons,False
2024,IS,jf-survey-2024,,Iceland,Western Europe,learners,209,persons,False
2024,IS,jf-survey-2024,,Iceland,Western Europe,school,34,persons,False
2024,IS,jf-survey-2024,,Iceland,Western Europe,multipleStage,,persons,True
2024,IS,jf-survey-2024,,Iceland,Western Europe,primary,0,persons,False
2024,IS,jf-survey-2024,,Iceland,Western Europe,secondary,34,persons,False
2024,IS,jf-survey-2024,,Iceland,Western Europe,higher,75,persons,False
2024,IS,jf-survey-2024,,Iceland,Western Europe,other,100,persons,False
2024,IE,jf-survey-2024,,Ireland,Western Europe,institutions,47,institutions,False
2024,IE,jf-survey-2024,,Ireland,Western Europe,teachers,76,persons,False
2024,IE,jf-survey-2024,,Ireland,Western Europe,learners,4396,persons,False
2024,IE,jf-survey-2024,,Ireland,Western Europe,school,3736,persons,False
2024,IE,jf-survey-2024,,Ireland,Western Europe,multipleStage,,persons,True
2024,IE,jf-survey-2024,,Ireland,Western Europe,primary,0,persons,False
2024,IE,jf-survey-2024,,Ireland,Western Europe,secondary,3736,persons,False
2024,IE,jf-survey-2024,,Ireland,Western Europe,higher,560,persons,False
2024,IE,jf-survey-2024,,Ireland,Western Europe,other,100,persons,False
2024,AD,jf-survey-2024,,Andorra,Western Europe,institutions,0,institutions,False
2024,AD,jf-survey-2024,,Andorra,Western Europe,teachers,0,persons,False
2024,AD,jf-survey-2024,,Andorra,Western Europe,learners,0,persons,False
2024,AD,jf-survey-2024,,Andorra,Western Europe,school,0,persons,False
2024,AD,jf-survey-2024,,Andorra,Western Europe,multipleStage,,persons,True
2024,AD,jf-survey-2024,,Andorra,Western Europe,primary,0,persons,False
2024,AD,jf-survey-2024,,Andorra,Western Europe,secondary,0,persons,False
2024,AD,jf-survey-2024,,Andorra,Western Europe,higher,0,persons,False
2024,AD,jf-survey-2024,,Andorra,Western Europe,other,0,persons,False
2024,IT,jf-survey-2024,,Italy,Western Europe,institutions,50,institutions,False
2024,IT,jf-survey-2024,,Italy,Western Europe,teachers,196,persons,False
2024,IT,jf-survey-2024,,Italy,Western Europe,learners,7117,persons,False
2024,IT,jf-survey-2024,,Italy,Western Europe,school,584,persons,False
2024,IT,jf-survey-2024,,Italy,Western Europe,multipleStage,,persons,True
2024,IT,jf-survey-2024,,Italy,Western Europe,primary,0,persons,False
2024,IT,jf-survey-2024,,Italy,Western Europe,secondary,584,persons,False
2024,IT,jf-survey-2024,,Italy,Western Europe,higher,5374,persons,False
2024,IT,jf-survey-2024,,Italy,Western Europe,other,1159,persons,False
2024,GB,jf-survey-2024,,United Kingdom,Western Europe,institutions,219,institutions,False
2024,GB,jf-survey-2024,,United Kingdom,Western Europe,teachers,635,persons,False
2024,GB,jf-survey-2024,,United Kingdom,Western Europe,learners,14646,persons,False
2024,GB,jf-survey-2024,,United Kingdom,Western Europe,school,4298,persons,False
2024,GB,jf-survey-2024,,United Kingdom,Western Europe,multipleStage,,persons,True
2024,GB,jf-survey-2024,,United Kingdom,Western Europe,primary,1017,persons,False
2024,GB,jf-survey-2024,,United Kingdom,Western Europe,secondary,3281,persons,False
2024,GB,jf-survey-2024,,United Kingdom,Western Europe,higher,6273,persons,False
2024,GB,jf-survey-2024,,United Kingdom,Western Europe,other,4075,persons,False
2024,AT,jf-survey-2024,,Austria,Western Europe,institutions,17,institutions,False
2024,AT,jf-survey-2024,,Austria,Western Europe,teachers,44,persons,False
2024,AT,jf-survey-2024,,Austria,Western Europe,learners,1564,persons,False
2024,AT,jf-survey-2024,,Austria,Western Europe,school,43,persons,False
2024,AT,jf-survey-2024,,Austria,Western Europe,multipleStage,,persons,True
2024,AT,jf-survey-2024,,Austria,Western Europe,primary,0,persons,False
2024,AT,jf-survey-2024,,Austria,Western Europe,secondary,43,persons,False
2024,AT,jf-survey-2024,,Austria,Western Europe,higher,655,persons,False
2024,AT,jf-survey-2024,,Austria,Western Europe,other,866,persons,False
2024,NL,jf-survey-2024,,Netherlands,Western Europe,institutions,19,institutions,False
2024,NL,jf-survey-2024,,Netherlands,Western Europe,teachers,53,persons,False
2024,NL,jf-survey-2024,,Netherlands,Western Europe,learners,1178,persons,False
2024,NL,jf-survey-2024,,Netherlands,Western Europe,school,0,persons,False
2024,NL,jf-survey-2024,,Netherlands,Western Europe,multipleStage,,persons,True
2024,NL,jf-survey-2024,,Netherlands,Western Europe,primary,0,persons,False
2024,NL,jf-survey-2024,,Netherlands,Western Europe,secondary,0,persons,False
2024,NL,jf-survey-2024,,Netherlands,Western Europe,higher,722,persons,False
2024,NL,jf-survey-2024,,Netherlands,Western Europe,other,456,persons,False
2024,CY,jf-survey-2024,,Cyprus,Western Europe,institutions,1,institutions,False
2024,CY,jf-survey-2024,,Cyprus,Western Europe,teachers,1,persons,False
2024,CY,jf-survey-2024,,Cyprus,Western Europe,learners,50,persons,False
2024,CY,jf-survey-2024,,Cyprus,Western Europe,school,0,persons,False
2024,CY,jf-survey-2024,,Cyprus,Western Europe,multipleStage,,persons,True
2024,CY,jf-survey-2024,,Cyprus,Western Europe,primary,0,persons,False
2024,CY,jf-survey-2024,,Cyprus,Western Europe,secondary,0,persons,False
2024,CY,jf-survey-2024,,Cyprus,Western Europe,higher,0,persons,False
2024,CY,jf-survey-2024,,Cyprus,Western Europe,other,50,persons,False
2024,GR,jf-survey-2024,,Greece,Western Europe,institutions,11,institutions,False
2024,GR,jf-survey-2024,,Greece,Western Europe,teachers,30,persons,False
2024,GR,jf-survey-2024,,Greece,Western Europe,learners,614,persons,False
2024,GR,jf-survey-2024,,Greece,Western Europe,school,0,persons,False
2024,GR,jf-survey-2024,,Greece,Western Europe,multipleStage,,persons,True
2024,GR,jf-survey-2024,,Greece,Western Europe,primary,0,persons,False
2024,GR,jf-survey-2024,,Greece,Western Europe,secondary,0,persons,False
2024,GR,jf-survey-2024,,Greece,Western Europe,higher,0,persons,False
2024,GR,jf-survey-2024,,Greece,Western Europe,other,614,persons,False
2024,SM,jf-survey-2024,,San Marino,Western Europe,institutions,0,institutions,False
2024,SM,jf-survey-2024,,San Marino,Western Europe,teachers,0,persons,False
2024,SM,jf-survey-2024,,San Marino,Western Europe,learners,0,persons,False
2024,SM,jf-survey-2024,,San Marino,Western Europe,school,0,persons,False
2024,SM,jf-survey-2024,,San Marino,Western Europe,multipleStage,,persons,True
2024,SM,jf-survey-2024,,San Marino,Western Europe,primary,0,persons,False
2024,SM,jf-survey-2024,,San Marino,Western Europe,secondary,0,persons,False
2024,SM,jf-survey-2024,,San Marino,Western Europe,higher,0,persons,False
2024,SM,jf-survey-2024,,San Marino,Western Europe,other,0,persons,False
2024,CH,jf-survey-2024,,Switzerland,Western Europe,institutions,72,institutions,False
2024,CH,jf-survey-2024,,Switzerland,Western Europe,teachers,230,persons,False
2024,CH,jf-survey-2024,,Switzerland,Western Europe,learners,2573,persons,False
2024,CH,jf-survey-2024,,Switzerland,Western Europe,school,134,persons,False
2024,CH,jf-survey-2024,,Switzerland,Western Europe,multipleStage,,persons,True
2024,CH,jf-survey-2024,,Switzerland,Western Europe,primary,10,persons,False
2024,CH,jf-survey-2024,,Switzerland,Western Europe,secondary,124,persons,False
2024,CH,jf-survey-2024,,Switzerland,Western Europe,higher,935,persons,False
2024,CH,jf-survey-2024,,Switzerland,Western Europe,other,1504,persons,False
2024,SE,jf-survey-2024,,Sweden,Western Europe,institutions,15,institutions,False
2024,SE,jf-survey-2024,,Sweden,Western Europe,teachers,33,persons,False
2024,SE,jf-survey-2024,,Sweden,Western Europe,learners,1181,persons,False
2024,SE,jf-survey-2024,,Sweden,Western Europe,school,234,persons,False
2024,SE,jf-survey-2024,,Sweden,Western Europe,multipleStage,,persons,True
2024,SE,jf-survey-2024,,Sweden,Western Europe,primary,0,persons,False
2024,SE,jf-survey-2024,,Sweden,Western Europe,secondary,234,persons,False
2024,SE,jf-survey-2024,,Sweden,Western Europe,higher,848,persons,False
2024,SE,jf-survey-2024,,Sweden,Western Europe,other,99,persons,False
2024,ES,jf-survey-2024,,Spain,Western Europe,institutions,140,institutions,False
2024,ES,jf-survey-2024,,Spain,Western Europe,teachers,385,persons,False
2024,ES,jf-survey-2024,,Spain,Western Europe,learners,9536,persons,False
2024,ES,jf-survey-2024,,Spain,Western Europe,school,253,persons,False
2024,ES,jf-survey-2024,,Spain,Western Europe,multipleStage,,persons,True
2024,ES,jf-survey-2024,,Spain,Western Europe,primary,2,persons,False
2024,ES,jf-survey-2024,,Spain,Western Europe,secondary,251,persons,False
2024,ES,jf-survey-2024,,Spain,Western Europe,higher,1715,persons,False
2024,ES,jf-survey-2024,,Spain,Western Europe,other,7568,persons,False
2024,DK,jf-survey-2024,,Denmark,Western Europe,institutions,13,institutions,False
2024,DK,jf-survey-2024,,Denmark,Western Europe,teachers,27,persons,False
2024,DK,jf-survey-2024,,Denmark,Western Europe,learners,549,persons,False
2024,DK,jf-survey-2024,,Denmark,Western Europe,school,148,persons,False
2024,DK,jf-survey-2024,,Denmark,Western Europe,multipleStage,,persons,True
2024,DK,jf-survey-2024,,Denmark,Western Europe,primary,18,persons,False
2024,DK,jf-survey-2024,,Denmark,Western Europe,secondary,130,persons,False
2024,DK,jf-survey-2024,,Denmark,Western Europe,higher,275,persons,False
2024,DK,jf-survey-2024,,Denmark,Western Europe,other,126,persons,False
2024,DE,jf-survey-2024,,Germany,Western Europe,institutions,188,institutions,False
2024,DE,jf-survey-2024,,Germany,Western Europe,teachers,602,persons,False
2024,DE,jf-survey-2024,,Germany,Western Europe,learners,17440,persons,False
2024,DE,jf-survey-2024,,Germany,Western Europe,school,2082,persons,False
2024,DE,jf-survey-2024,,Germany,Western Europe,multipleStage,,persons,True
2024,DE,jf-survey-2024,,Germany,Western Europe,primary,80,persons,False
2024,DE,jf-survey-2024,,Germany,Western Europe,secondary,2002,persons,False
2024,DE,jf-survey-2024,,Germany,Western Europe,higher,5964,persons,False
2024,DE,jf-survey-2024,,Germany,Western Europe,other,9394,persons,False
2024,NO,jf-survey-2024,,Norway,Western Europe,institutions,8,institutions,False
2024,NO,jf-survey-2024,,Norway,Western Europe,teachers,19,persons,False
2024,NO,jf-survey-2024,,Norway,Western Europe,learners,516,persons,False
2024,NO,jf-survey-2024,,Norway,Western Europe,school,102,persons,False
2024,NO,jf-survey-2024,,Norway,Western Europe,multipleStage,,persons,True
2024,NO,jf-survey-2024,,Norway,Western Europe,primary,0,persons,False
2024,NO,jf-survey-2024,,Norway,Western Europe,secondary,102,persons,False
2024,NO,jf-survey-2024,,Norway,Western Europe,higher,398,persons,False
2024,NO,jf-survey-2024,,Norway,Western Europe,other,16,persons,False
2024,VA,jf-survey-2024,,Vatican City,Western Europe,institutions,0,institutions,False
2024,VA,jf-survey-2024,,Vatican City,Western Europe,teachers,0,persons,False
2024,VA,jf-survey-2024,,Vatican City,Western Europe,learners,0,persons,False
2024,VA,jf-survey-2024,,Vatican City,Western Europe,school,0,persons,False
2024,VA,jf-survey-2024,,Vatican City,Western Europe,multipleStage,,persons,True
2024,VA,jf-survey-2024,,Vatican City,Western Europe,primary,0,persons,False
2024,VA,jf-survey-2024,,Vatican City,Western Europe,secondary,0,persons,False
2024,VA,jf-survey-2024,,Vatican City,Western Europe,higher,0,persons,False
2024,VA,jf-survey-2024,,Vatican City,Western Europe,other,0,persons,False
2024,FI,jf-survey-2024,,Finland,Western Europe,institutions,20,institutions,False
2024,FI,jf-survey-2024,,Finland,Western Europe,teachers,35,persons,False
2024,FI,jf-survey-2024,,Finland,Western Europe,learners,1719,persons,False
2024,FI,jf-survey-2024,,Finland,Western Europe,school,211,persons,False
2024,FI,jf-survey-2024,,Finland,Western Europe,multipleStage,,persons,True
2024,FI,jf-survey-2024,,Finland,Western Europe,primary,0,persons,False
2024,FI,jf-survey-2024,,Finland,Western Europe,secondary,211,persons,False
2024,FI,jf-survey-2024,,Finland,Western Europe,higher,890,persons,False
2024,FI,jf-survey-2024,,Finland,Western Europe,other,618,persons,False
2024,FR,jf-survey-2024,,France,Western Europe,institutions,285,institutions,False
2024,FR,jf-survey-2024,,France,Western Europe,teachers,960,persons,False
2024,FR,jf-survey-2024,,France,Western Europe,learners,31381,persons,False
2024,FR,jf-survey-2024,,France,Western Europe,school,6386,persons,False
2024,FR,jf-survey-2024,,France,Western Europe,multipleStage,,persons,True
2024,FR,jf-survey-2024,,France,Western Europe,primary,813,persons,False
2024,FR,jf-survey-2024,,France,Western Europe,secondary,5573,persons,False
2024,FR,jf-survey-2024,,France,Western Europe,higher,10309,persons,False
2024,FR,jf-survey-2024,,France,Western Europe,other,14686,persons,False
2024,BE,jf-survey-2024,,Belgium,Western Europe,institutions,19,institutions,False
2024,BE,jf-survey-2024,,Belgium,Western Europe,teachers,42,persons,False
2024,BE,jf-survey-2024,,Belgium,Western Europe,learners,1559,persons,False
2024,BE,jf-survey-2024,,Belgium,Western Europe,school,0,persons,False
2024,BE,jf-survey-2024,,Belgium,Western Europe,multipleStage,,persons,True
2024,BE,jf-survey-2024,,Belgium,Western Europe,primary,0,persons,False
2024,BE,jf-survey-2024,,Belgium,Western Europe,secondary,0,persons,False
2024,BE,jf-survey-2024,,Belgium,Western Europe,higher,689,persons,False
2024,BE,jf-survey-2024,,Belgium,Western Europe,other,870,persons,False
2024,PT,jf-survey-2024,,Portugal,Western Europe,institutions,12,institutions,False
2024,PT,jf-survey-2024,,Portugal,Western Europe,teachers,33,persons,False
2024,PT,jf-survey-2024,,Portugal,Western Europe,learners,637,persons,False
2024,PT,jf-survey-2024,,Portugal,Western Europe,school,0,persons,False
2024,PT,jf-survey-2024,,Portugal,Western Europe,multipleStage,,persons,True
2024,PT,jf-survey-2024,,Portugal,Western Europe,primary,0,persons,False
2024,PT,jf-survey-2024,,Portugal,Western Europe,secondary,0,persons,False
2024,PT,jf-survey-2024,,Portugal,Western Europe,higher,228,persons,False
2024,PT,jf-survey-2024,,Portugal,Western Europe,other,409,persons,False
2024,MT,jf-survey-2024,,Malta,Western Europe,institutions,1,institutions,False
2024,MT,jf-survey-2024,,Malta,Western Europe,teachers,1,persons,False
2024,MT,jf-survey-2024,,Malta,Western Europe,learners,32,persons,False
2024,MT,jf-survey-2024,,Malta,Western Europe,school,0,persons,False
2024,MT,jf-survey-2024,,Malta,Western Europe,multipleStage,,persons,True
2024,MT,jf-survey-2024,,Malta,Western Europe,primary,0,persons,False
2024,MT,jf-survey-2024,,Malta,Western Europe,secondary,0,persons,False
2024,MT,jf-survey-2024,,Malta,Western Europe,higher,0,persons,False
2024,MT,jf-survey-2024,,Malta,Western Europe,other,32,persons,False
2024,MC,jf-survey-2024,,Monaco,Western Europe,institutions,1,institutions,False
2024,MC,jf-survey-2024,,Monaco,Western Europe,teachers,1,persons,False
2024,MC,jf-survey-2024,,Monaco,Western Europe,learners,15,persons,False
2024,MC,jf-survey-2024,,Monaco,Western Europe,school,0,persons,False
2024,MC,jf-survey-2024,,Monaco,Western Europe,multipleStage,,persons,True
2024,MC,jf-survey-2024,,Monaco,Western Europe,primary,0,persons,False
2024,MC,jf-survey-2024,,Monaco,Western Europe,secondary,0,persons,False
2024,MC,jf-survey-2024,,Monaco,Western Europe,higher,0,persons,False
2024,MC,jf-survey-2024,,Monaco,Western Europe,other,15,persons,False
2024,LI,jf-survey-2024,,Liechtenstein,Western Europe,institutions,0,institutions,False
2024,LI,jf-survey-2024,,Liechtenstein,Western Europe,teachers,0,persons,False
2024,LI,jf-survey-2024,,Liechtenstein,Western Europe,learners,0,persons,False
2024,LI,jf-survey-2024,,Liechtenstein,Western Europe,school,0,persons,False
2024,LI,jf-survey-2024,,Liechtenstein,Western Europe,multipleStage,,persons,True
2024,LI,jf-survey-2024,,Liechtenstein,Western Europe,primary,0,persons,False
2024,LI,jf-survey-2024,,Liechtenstein,Western Europe,secondary,0,persons,False
2024,LI,jf-survey-2024,,Liechtenstein,Western Europe,higher,0,persons,False
2024,LI,jf-survey-2024,,Liechtenstein,Western Europe,other,0,persons,False
2024,LU,jf-survey-2024,,Luxembourg,Western Europe,institutions,6,institutions,False
2024,LU,jf-survey-2024,,Luxembourg,Western Europe,teachers,6,persons,False
2024,LU,jf-survey-2024,,Luxembourg,Western Europe,learners,163,persons,False
2024,LU,jf-survey-2024,,Luxembourg,Western Europe,school,29,persons,False
2024,LU,jf-survey-2024,,Luxembourg,Western Europe,multipleStage,,persons,True
2024,LU,jf-survey-2024,,Luxembourg,Western Europe,primary,0,persons,False
2024,LU,jf-survey-2024,,Luxembourg,Western Europe,secondary,29,persons,False
2024,LU,jf-survey-2024,,Luxembourg,Western Europe,higher,0,persons,False
2024,LU,jf-survey-2024,,Luxembourg,Western Europe,other,134,persons,False
2024,AZ,jf-survey-2024,,Azerbaijan,Eastern Europe,institutions,4,institutions,False
2024,AZ,jf-survey-2024,,Azerbaijan,Eastern Europe,teachers,15,persons,False
2024,AZ,jf-survey-2024,,Azerbaijan,Eastern Europe,learners,274,persons,False
2024,AZ,jf-survey-2024,,Azerbaijan,Eastern Europe,school,72,persons,False
2024,AZ,jf-survey-2024,,Azerbaijan,Eastern Europe,multipleStage,,persons,True
2024,AZ,jf-survey-2024,,Azerbaijan,Eastern Europe,primary,0,persons,False
2024,AZ,jf-survey-2024,,Azerbaijan,Eastern Europe,secondary,72,persons,False
2024,AZ,jf-survey-2024,,Azerbaijan,Eastern Europe,higher,164,persons,False
2024,AZ,jf-survey-2024,,Azerbaijan,Eastern Europe,other,38,persons,False
2024,AL,jf-survey-2024,,Albania,Eastern Europe,institutions,1,institutions,False
2024,AL,jf-survey-2024,,Albania,Eastern Europe,teachers,1,persons,False
2024,AL,jf-survey-2024,,Albania,Eastern Europe,learners,150,persons,False
2024,AL,jf-survey-2024,,Albania,Eastern Europe,school,0,persons,False
2024,AL,jf-survey-2024,,Albania,Eastern Europe,multipleStage,,persons,True
2024,AL,jf-survey-2024,,Albania,Eastern Europe,primary,0,persons,False
2024,AL,jf-survey-2024,,Albania,Eastern Europe,secondary,0,persons,False
2024,AL,jf-survey-2024,,Albania,Eastern Europe,higher,150,persons,False
2024,AL,jf-survey-2024,,Albania,Eastern Europe,other,0,persons,False
2024,AM,jf-survey-2024,,Armenia,Eastern Europe,institutions,7,institutions,False
2024,AM,jf-survey-2024,,Armenia,Eastern Europe,teachers,22,persons,False
2024,AM,jf-survey-2024,,Armenia,Eastern Europe,learners,239,persons,False
2024,AM,jf-survey-2024,,Armenia,Eastern Europe,school,0,persons,False
2024,AM,jf-survey-2024,,Armenia,Eastern Europe,multipleStage,,persons,True
2024,AM,jf-survey-2024,,Armenia,Eastern Europe,primary,0,persons,False
2024,AM,jf-survey-2024,,Armenia,Eastern Europe,secondary,0,persons,False
2024,AM,jf-survey-2024,,Armenia,Eastern Europe,higher,99,persons,False
2024,AM,jf-survey-2024,,Armenia,Eastern Europe,other,140,persons,False
2024,UA,jf-survey-2024,,Ukraine,Eastern Europe,institutions,14,institutions,False
2024,UA,jf-survey-2024,,Ukraine,Eastern Europe,teachers,93,persons,False
2024,UA,jf-survey-2024,,Ukraine,Eastern Europe,learners,1498,persons,False
2024,UA,jf-survey-2024,,Ukraine,Eastern Europe,school,140,persons,False
2024,UA,jf-survey-2024,,Ukraine,Eastern Europe,multipleStage,,persons,True
2024,UA,jf-survey-2024,,Ukraine,Eastern Europe,primary,75,persons,False
2024,UA,jf-survey-2024,,Ukraine,Eastern Europe,secondary,65,persons,False
2024,UA,jf-survey-2024,,Ukraine,Eastern Europe,higher,946,persons,False
2024,UA,jf-survey-2024,,Ukraine,Eastern Europe,other,412,persons,False
2024,UZ,jf-survey-2024,,Uzbekistan,Eastern Europe,institutions,19,institutions,False
2024,UZ,jf-survey-2024,,Uzbekistan,Eastern Europe,teachers,157,persons,False
2024,UZ,jf-survey-2024,,Uzbekistan,Eastern Europe,learners,4201,persons,False
2024,UZ,jf-survey-2024,,Uzbekistan,Eastern Europe,school,225,persons,False
2024,UZ,jf-survey-2024,,Uzbekistan,Eastern Europe,multipleStage,,persons,True
2024,UZ,jf-survey-2024,,Uzbekistan,Eastern Europe,primary,0,persons,False
2024,UZ,jf-survey-2024,,Uzbekistan,Eastern Europe,secondary,225,persons,False
2024,UZ,jf-survey-2024,,Uzbekistan,Eastern Europe,higher,3365,persons,False
2024,UZ,jf-survey-2024,,Uzbekistan,Eastern Europe,other,611,persons,False
2024,EE,jf-survey-2024,,Estonia,Eastern Europe,institutions,10,institutions,False
2024,EE,jf-survey-2024,,Estonia,Eastern Europe,teachers,18,persons,False
2024,EE,jf-survey-2024,,Estonia,Eastern Europe,learners,352,persons,False
2024,EE,jf-survey-2024,,Estonia,Eastern Europe,school,113,persons,False
2024,EE,jf-survey-2024,,Estonia,Eastern Europe,multipleStage,,persons,True
2024,EE,jf-survey-2024,,Estonia,Eastern Europe,primary,0,persons,False
2024,EE,jf-survey-2024,,Estonia,Eastern Europe,secondary,113,persons,False
2024,EE,jf-survey-2024,,Estonia,Eastern Europe,higher,150,persons,False
2024,EE,jf-survey-2024,,Estonia,Eastern Europe,other,89,persons,False
2024,KZ,jf-survey-2024,,Kazakhstan,Eastern Europe,institutions,8,institutions,False
2024,KZ,jf-survey-2024,,Kazakhstan,Eastern Europe,teachers,29,persons,False
2024,KZ,jf-survey-2024,,Kazakhstan,Eastern Europe,learners,581,persons,False
2024,KZ,jf-survey-2024,,Kazakhstan,Eastern Europe,school,35,persons,False
2024,KZ,jf-survey-2024,,Kazakhstan,Eastern Europe,multipleStage,,persons,True
2024,KZ,jf-survey-2024,,Kazakhstan,Eastern Europe,primary,0,persons,False
2024,KZ,jf-survey-2024,,Kazakhstan,Eastern Europe,secondary,35,persons,False
2024,KZ,jf-survey-2024,,Kazakhstan,Eastern Europe,higher,282,persons,False
2024,KZ,jf-survey-2024,,Kazakhstan,Eastern Europe,other,264,persons,False
2024,MK,jf-survey-2024,,North Macedonia,Eastern Europe,institutions,2,institutions,False
2024,MK,jf-survey-2024,,North Macedonia,Eastern Europe,teachers,2,persons,False
2024,MK,jf-survey-2024,,North Macedonia,Eastern Europe,learners,11,persons,False
2024,MK,jf-survey-2024,,North Macedonia,Eastern Europe,school,0,persons,False
2024,MK,jf-survey-2024,,North Macedonia,Eastern Europe,multipleStage,,persons,True
2024,MK,jf-survey-2024,,North Macedonia,Eastern Europe,primary,0,persons,False
2024,MK,jf-survey-2024,,North Macedonia,Eastern Europe,secondary,0,persons,False
2024,MK,jf-survey-2024,,North Macedonia,Eastern Europe,higher,6,persons,False
2024,MK,jf-survey-2024,,North Macedonia,Eastern Europe,other,5,persons,False
2024,KG,jf-survey-2024,,Kyrgyzstan,Eastern Europe,institutions,14,institutions,False
2024,KG,jf-survey-2024,,Kyrgyzstan,Eastern Europe,teachers,50,persons,False
2024,KG,jf-survey-2024,,Kyrgyzstan,Eastern Europe,learners,1708,persons,False
2024,KG,jf-survey-2024,,Kyrgyzstan,Eastern Europe,school,411,persons,False
2024,KG,jf-survey-2024,,Kyrgyzstan,Eastern Europe,multipleStage,,persons,True
2024,KG,jf-survey-2024,,Kyrgyzstan,Eastern Europe,primary,131,persons,False
2024,KG,jf-survey-2024,,Kyrgyzstan,Eastern Europe,secondary,280,persons,False
2024,KG,jf-survey-2024,,Kyrgyzstan,Eastern Europe,higher,557,persons,False
2024,KG,jf-survey-2024,,Kyrgyzstan,Eastern Europe,other,740,persons,False
2024,HR,jf-survey-2024,,Croatia,Eastern Europe,institutions,6,institutions,False
2024,HR,jf-survey-2024,,Croatia,Eastern Europe,teachers,27,persons,False
2024,HR,jf-survey-2024,,Croatia,Eastern Europe,learners,436,persons,False
2024,HR,jf-survey-2024,,Croatia,Eastern Europe,school,8,persons,False
2024,HR,jf-survey-2024,,Croatia,Eastern Europe,multipleStage,,persons,True
2024,HR,jf-survey-2024,,Croatia,Eastern Europe,primary,8,persons,False
2024,HR,jf-survey-2024,,Croatia,Eastern Europe,secondary,0,persons,False
2024,HR,jf-survey-2024,,Croatia,Eastern Europe,higher,192,persons,False
2024,HR,jf-survey-2024,,Croatia,Eastern Europe,other,236,persons,False
2024,XK,jf-survey-2024,,Kosovo,Eastern Europe,institutions,1,institutions,False
2024,XK,jf-survey-2024,,Kosovo,Eastern Europe,teachers,2,persons,False
2024,XK,jf-survey-2024,,Kosovo,Eastern Europe,learners,10,persons,False
2024,XK,jf-survey-2024,,Kosovo,Eastern Europe,school,0,persons,False
2024,XK,jf-survey-2024,,Kosovo,Eastern Europe,multipleStage,,persons,True
2024,XK,jf-survey-2024,,Kosovo,Eastern Europe,primary,0,persons,False
2024,XK,jf-survey-2024,,Kosovo,Eastern Europe,secondary,0,persons,False
2024,XK,jf-survey-2024,,Kosovo,Eastern Europe,higher,0,persons,False
2024,XK,jf-survey-2024,,Kosovo,Eastern Europe,other,10,persons,False
2024,GE,jf-survey-2024,,Georgia,Eastern Europe,institutions,9,institutions,False
2024,GE,jf-survey-2024,,Georgia,Eastern Europe,teachers,27,persons,False
2024,GE,jf-survey-2024,,Georgia,Eastern Europe,learners,745,persons,False
2024,GE,jf-survey-2024,,Georgia,Eastern Europe,school,178,persons,False
2024,GE,jf-survey-2024,,Georgia,Eastern Europe,multipleStage,,persons,True
2024,GE,jf-survey-2024,,Georgia,Eastern Europe,primary,35,persons,False
2024,GE,jf-survey-2024,,Georgia,Eastern Europe,secondary,143,persons,False
2024,GE,jf-survey-2024,,Georgia,Eastern Europe,higher,297,persons,False
2024,GE,jf-survey-2024,,Georgia,Eastern Europe,other,270,persons,False
2024,SK,jf-survey-2024,,Slovakia,Eastern Europe,institutions,16,institutions,False
2024,SK,jf-survey-2024,,Slovakia,Eastern Europe,teachers,26,persons,False
2024,SK,jf-survey-2024,,Slovakia,Eastern Europe,learners,326,persons,False
2024,SK,jf-survey-2024,,Slovakia,Eastern Europe,school,28,persons,False
2024,SK,jf-survey-2024,,Slovakia,Eastern Europe,multipleStage,,persons,True
2024,SK,jf-survey-2024,,Slovakia,Eastern Europe,primary,0,persons,False
2024,SK,jf-survey-2024,,Slovakia,Eastern Europe,secondary,28,persons,False
2024,SK,jf-survey-2024,,Slovakia,Eastern Europe,higher,57,persons,False
2024,SK,jf-survey-2024,,Slovakia,Eastern Europe,other,241,persons,False
2024,SI,jf-survey-2024,,Slovenia,Eastern Europe,institutions,5,institutions,False
2024,SI,jf-survey-2024,,Slovenia,Eastern Europe,teachers,21,persons,False
2024,SI,jf-survey-2024,,Slovenia,Eastern Europe,learners,239,persons,False
2024,SI,jf-survey-2024,,Slovenia,Eastern Europe,school,15,persons,False
2024,SI,jf-survey-2024,,Slovenia,Eastern Europe,multipleStage,,persons,True
2024,SI,jf-survey-2024,,Slovenia,Eastern Europe,primary,15,persons,False
2024,SI,jf-survey-2024,,Slovenia,Eastern Europe,secondary,0,persons,False
2024,SI,jf-survey-2024,,Slovenia,Eastern Europe,higher,101,persons,False
2024,SI,jf-survey-2024,,Slovenia,Eastern Europe,other,123,persons,False
2024,RS,jf-survey-2024,,Serbia,Eastern Europe,institutions,4,institutions,False
2024,RS,jf-survey-2024,,Serbia,Eastern Europe,teachers,14,persons,False
2024,RS,jf-survey-2024,,Serbia,Eastern Europe,learners,423,persons,False
2024,RS,jf-survey-2024,,Serbia,Eastern Europe,school,159,persons,False
2024,RS,jf-survey-2024,,Serbia,Eastern Europe,multipleStage,,persons,True
2024,RS,jf-survey-2024,,Serbia,Eastern Europe,primary,0,persons,False
2024,RS,jf-survey-2024,,Serbia,Eastern Europe,secondary,159,persons,False
2024,RS,jf-survey-2024,,Serbia,Eastern Europe,higher,264,persons,False
2024,RS,jf-survey-2024,,Serbia,Eastern Europe,other,0,persons,False
2024,TJ,jf-survey-2024,,Tajikistan,Eastern Europe,institutions,3,institutions,False
2024,TJ,jf-survey-2024,,Tajikistan,Eastern Europe,teachers,8,persons,False
2024,TJ,jf-survey-2024,,Tajikistan,Eastern Europe,learners,174,persons,False
2024,TJ,jf-survey-2024,,Tajikistan,Eastern Europe,school,0,persons,False
2024,TJ,jf-survey-2024,,Tajikistan,Eastern Europe,multipleStage,,persons,True
2024,TJ,jf-survey-2024,,Tajikistan,Eastern Europe,primary,0,persons,False
2024,TJ,jf-survey-2024,,Tajikistan,Eastern Europe,secondary,0,persons,False
2024,TJ,jf-survey-2024,,Tajikistan,Eastern Europe,higher,119,persons,False
2024,TJ,jf-survey-2024,,Tajikistan,Eastern Europe,other,55,persons,False
2024,CZ,jf-survey-2024,,Czechia,Eastern Europe,institutions,23,institutions,False
2024,CZ,jf-survey-2024,,Czechia,Eastern Europe,teachers,106,persons,False
2024,CZ,jf-survey-2024,,Czechia,Eastern Europe,learners,1713,persons,False
2024,CZ,jf-survey-2024,,Czechia,Eastern Europe,school,64,persons,False
2024,CZ,jf-survey-2024,,Czechia,Eastern Europe,multipleStage,,persons,True
2024,CZ,jf-survey-2024,,Czechia,Eastern Europe,primary,0,persons,False
2024,CZ,jf-survey-2024,,Czechia,Eastern Europe,secondary,64,persons,False
2024,CZ,jf-survey-2024,,Czechia,Eastern Europe,higher,688,persons,False
2024,CZ,jf-survey-2024,,Czechia,Eastern Europe,other,961,persons,False
2024,TM,jf-survey-2024,,Turkmenistan,Eastern Europe,institutions,20,institutions,False
2024,TM,jf-survey-2024,,Turkmenistan,Eastern Europe,teachers,88,persons,False
2024,TM,jf-survey-2024,,Turkmenistan,Eastern Europe,learners,14844,persons,False
2024,TM,jf-survey-2024,,Turkmenistan,Eastern Europe,school,11318,persons,False
2024,TM,jf-survey-2024,,Turkmenistan,Eastern Europe,multipleStage,,persons,True
2024,TM,jf-survey-2024,,Turkmenistan,Eastern Europe,primary,0,persons,False
2024,TM,jf-survey-2024,,Turkmenistan,Eastern Europe,secondary,11318,persons,False
2024,TM,jf-survey-2024,,Turkmenistan,Eastern Europe,higher,3526,persons,False
2024,TM,jf-survey-2024,,Turkmenistan,Eastern Europe,other,0,persons,False
2024,HU,jf-survey-2024,,Hungary,Eastern Europe,institutions,35,institutions,False
2024,HU,jf-survey-2024,,Hungary,Eastern Europe,teachers,106,persons,False
2024,HU,jf-survey-2024,,Hungary,Eastern Europe,learners,1847,persons,False
2024,HU,jf-survey-2024,,Hungary,Eastern Europe,school,430,persons,False
2024,HU,jf-survey-2024,,Hungary,Eastern Europe,multipleStage,,persons,True
2024,HU,jf-survey-2024,,Hungary,Eastern Europe,primary,95,persons,False
2024,HU,jf-survey-2024,,Hungary,Eastern Europe,secondary,335,persons,False
2024,HU,jf-survey-2024,,Hungary,Eastern Europe,higher,901,persons,False
2024,HU,jf-survey-2024,,Hungary,Eastern Europe,other,516,persons,False
2024,BG,jf-survey-2024,,Bulgaria,Eastern Europe,institutions,11,institutions,False
2024,BG,jf-survey-2024,,Bulgaria,Eastern Europe,teachers,88,persons,False
2024,BG,jf-survey-2024,,Bulgaria,Eastern Europe,learners,2353,persons,False
2024,BG,jf-survey-2024,,Bulgaria,Eastern Europe,school,1695,persons,False
2024,BG,jf-survey-2024,,Bulgaria,Eastern Europe,multipleStage,,persons,True
2024,BG,jf-survey-2024,,Bulgaria,Eastern Europe,primary,725,persons,False
2024,BG,jf-survey-2024,,Bulgaria,Eastern Europe,secondary,970,persons,False
2024,BG,jf-survey-2024,,Bulgaria,Eastern Europe,higher,240,persons,False
2024,BG,jf-survey-2024,,Bulgaria,Eastern Europe,other,418,persons,False
2024,BY,jf-survey-2024,,Belarus,Eastern Europe,institutions,9,institutions,False
2024,BY,jf-survey-2024,,Belarus,Eastern Europe,teachers,22,persons,False
2024,BY,jf-survey-2024,,Belarus,Eastern Europe,learners,390,persons,False
2024,BY,jf-survey-2024,,Belarus,Eastern Europe,school,0,persons,False
2024,BY,jf-survey-2024,,Belarus,Eastern Europe,multipleStage,,persons,True
2024,BY,jf-survey-2024,,Belarus,Eastern Europe,primary,0,persons,False
2024,BY,jf-survey-2024,,Belarus,Eastern Europe,secondary,0,persons,False
2024,BY,jf-survey-2024,,Belarus,Eastern Europe,higher,125,persons,False
2024,BY,jf-survey-2024,,Belarus,Eastern Europe,other,265,persons,False
2024,PL,jf-survey-2024,,Poland,Eastern Europe,institutions,47,institutions,False
2024,PL,jf-survey-2024,,Poland,Eastern Europe,teachers,269,persons,False
2024,PL,jf-survey-2024,,Poland,Eastern Europe,learners,6409,persons,False
2024,PL,jf-survey-2024,,Poland,Eastern Europe,school,495,persons,False
2024,PL,jf-survey-2024,,Poland,Eastern Europe,multipleStage,,persons,True
2024,PL,jf-survey-2024,,Poland,Eastern Europe,primary,225,persons,False
2024,PL,jf-survey-2024,,Poland,Eastern Europe,secondary,270,persons,False
2024,PL,jf-survey-2024,,Poland,Eastern Europe,higher,2650,persons,False
2024,PL,jf-survey-2024,,Poland,Eastern Europe,other,3264,persons,False
2024,BA,jf-survey-2024,,Bosnia & Herzegovina,Eastern Europe,institutions,3,institutions,False
2024,BA,jf-survey-2024,,Bosnia & Herzegovina,Eastern Europe,teachers,4,persons,False
2024,BA,jf-survey-2024,,Bosnia & Herzegovina,Eastern Europe,learners,136,persons,False
2024,BA,jf-survey-2024,,Bosnia & Herzegovina,Eastern Europe,school,74,persons,False
2024,BA,jf-survey-2024,,Bosnia & Herzegovina,Eastern Europe,multipleStage,,persons,True
2024,BA,jf-survey-2024,,Bosnia & Herzegovina,Eastern Europe,primary,0,persons,False
2024,BA,jf-survey-2024,,Bosnia & Herzegovina,Eastern Europe,secondary,74,persons,False
2024,BA,jf-survey-2024,,Bosnia & Herzegovina,Eastern Europe,higher,10,persons,False
2024,BA,jf-survey-2024,,Bosnia & Herzegovina,Eastern Europe,other,52,persons,False
2024,MD,jf-survey-2024,,Moldova,Eastern Europe,institutions,1,institutions,False
2024,MD,jf-survey-2024,,Moldova,Eastern Europe,teachers,3,persons,False
2024,MD,jf-survey-2024,,Moldova,Eastern Europe,learners,126,persons,False
2024,MD,jf-survey-2024,,Moldova,Eastern Europe,school,0,persons,False
2024,MD,jf-survey-2024,,Moldova,Eastern Europe,multipleStage,,persons,True
2024,MD,jf-survey-2024,,Moldova,Eastern Europe,primary,0,persons,False
2024,MD,jf-survey-2024,,Moldova,Eastern Europe,secondary,0,persons,False
2024,MD,jf-survey-2024,,Moldova,Eastern Europe,higher,0,persons,False
2024,MD,jf-survey-2024,,Moldova,Eastern Europe,other,126,persons,False
2024,ME,jf-survey-2024,,Montenegro,Eastern Europe,institutions,0,institutions,False
2024,ME,jf-survey-2024,,Montenegro,Eastern Europe,teachers,0,persons,False
2024,ME,jf-survey-2024,,Montenegro,Eastern Europe,learners,0,persons,False
2024,ME,jf-survey-2024,,Montenegro,Eastern Europe,school,0,persons,False
2024,ME,jf-survey-2024,,Montenegro,Eastern Europe,multipleStage,,persons,True
2024,ME,jf-survey-2024,,Montenegro,Eastern Europe,primary,0,persons,False
2024,ME,jf-survey-2024,,Montenegro,Eastern Europe,secondary,0,persons,False
2024,ME,jf-survey-2024,,Montenegro,Eastern Europe,higher,0,persons,False
2024,ME,jf-survey-2024,,Montenegro,Eastern Europe,other,0,persons,False
2024,LV,jf-survey-2024,,Latvia,Eastern Europe,institutions,3,institutions,False
2024,LV,jf-survey-2024,,Latvia,Eastern Europe,teachers,7,persons,False
2024,LV,jf-survey-2024,,Latvia,Eastern Europe,learners,130,persons,False
2024,LV,jf-survey-2024,,Latvia,Eastern Europe,school,45,persons,False
2024,LV,jf-survey-2024,,Latvia,Eastern Europe,multipleStage,,persons,True
2024,LV,jf-survey-2024,,Latvia,Eastern Europe,primary,0,persons,False
2024,LV,jf-survey-2024,,Latvia,Eastern Europe,secondary,45,persons,False
2024,LV,jf-survey-2024,,Latvia,Eastern Europe,higher,55,persons,False
2024,LV,jf-survey-2024,,Latvia,Eastern Europe,other,30,persons,False
2024,LT,jf-survey-2024,,Lithuania,Eastern Europe,institutions,9,institutions,False
2024,LT,jf-survey-2024,,Lithuania,Eastern Europe,teachers,16,persons,False
2024,LT,jf-survey-2024,,Lithuania,Eastern Europe,learners,333,persons,False
2024,LT,jf-survey-2024,,Lithuania,Eastern Europe,school,45,persons,False
2024,LT,jf-survey-2024,,Lithuania,Eastern Europe,multipleStage,,persons,True
2024,LT,jf-survey-2024,,Lithuania,Eastern Europe,primary,0,persons,False
2024,LT,jf-survey-2024,,Lithuania,Eastern Europe,secondary,45,persons,False
2024,LT,jf-survey-2024,,Lithuania,Eastern Europe,higher,165,persons,False
2024,LT,jf-survey-2024,,Lithuania,Eastern Europe,other,123,persons,False
2024,RO,jf-survey-2024,,Romania,Eastern Europe,institutions,21,institutions,False
2024,RO,jf-survey-2024,,Romania,Eastern Europe,teachers,63,persons,False
2024,RO,jf-survey-2024,,Romania,Eastern Europe,learners,3708,persons,False
2024,RO,jf-survey-2024,,Romania,Eastern Europe,school,333,persons,False
2024,RO,jf-survey-2024,,Romania,Eastern Europe,multipleStage,,persons,True
2024,RO,jf-survey-2024,,Romania,Eastern Europe,primary,25,persons,False
2024,RO,jf-survey-2024,,Romania,Eastern Europe,secondary,308,persons,False
2024,RO,jf-survey-2024,,Romania,Eastern Europe,higher,931,persons,False
2024,RO,jf-survey-2024,,Romania,Eastern Europe,other,2444,persons,False
2024,RU,jf-survey-2024,,Russia,Eastern Europe,institutions,192,institutions,False
2024,RU,jf-survey-2024,,Russia,Eastern Europe,teachers,786,persons,False
2024,RU,jf-survey-2024,,Russia,Eastern Europe,learners,13525,persons,False
2024,RU,jf-survey-2024,,Russia,Eastern Europe,school,3998,persons,False
2024,RU,jf-survey-2024,,Russia,Eastern Europe,multipleStage,,persons,True
2024,RU,jf-survey-2024,,Russia,Eastern Europe,primary,1374,persons,False
2024,RU,jf-survey-2024,,Russia,Eastern Europe,secondary,2624,persons,False
2024,RU,jf-survey-2024,,Russia,Eastern Europe,higher,4328,persons,False
2024,RU,jf-survey-2024,,Russia,Eastern Europe,other,5199,persons,False
2024,AF,jf-survey-2024,,Afghanistan,Middle East,institutions,0,institutions,False
2024,AF,jf-survey-2024,,Afghanistan,Middle East,teachers,0,persons,False
2024,AF,jf-survey-2024,,Afghanistan,Middle East,learners,0,persons,False
2024,AF,jf-survey-2024,,Afghanistan,Middle East,school,0,persons,False
2024,AF,jf-survey-2024,,Afghanistan,Middle East,multipleStage,,persons,True
2024,AF,jf-survey-2024,,Afghanistan,Middle East,primary,0,persons,False
2024,AF,jf-survey-2024,,Afghanistan,Middle East,secondary,0,persons,False
2024,AF,jf-survey-2024,,Afghanistan,Middle East,higher,0,persons,False
2024,AF,jf-survey-2024,,Afghanistan,Middle East,other,0,persons,False
2024,AE,jf-survey-2024,,United Arab Emirates,Middle East,institutions,9,institutions,False
2024,AE,jf-survey-2024,,United Arab Emirates,Middle East,teachers,21,persons,False
2024,AE,jf-survey-2024,,United Arab Emirates,Middle East,learners,929,persons,False
2024,AE,jf-survey-2024,,United Arab Emirates,Middle East,school,516,persons,False
2024,AE,jf-survey-2024,,United Arab Emirates,Middle East,multipleStage,,persons,True
2024,AE,jf-survey-2024,,United Arab Emirates,Middle East,primary,0,persons,False
2024,AE,jf-survey-2024,,United Arab Emirates,Middle East,secondary,516,persons,False
2024,AE,jf-survey-2024,,United Arab Emirates,Middle East,higher,82,persons,False
2024,AE,jf-survey-2024,,United Arab Emirates,Middle East,other,331,persons,False
2024,YE,jf-survey-2024,,Yemen,Middle East,institutions,0,institutions,False
2024,YE,jf-survey-2024,,Yemen,Middle East,teachers,0,persons,False
2024,YE,jf-survey-2024,,Yemen,Middle East,learners,0,persons,False
2024,YE,jf-survey-2024,,Yemen,Middle East,school,0,persons,False
2024,YE,jf-survey-2024,,Yemen,Middle East,multipleStage,,persons,True
2024,YE,jf-survey-2024,,Yemen,Middle East,primary,0,persons,False
2024,YE,jf-survey-2024,,Yemen,Middle East,secondary,0,persons,False
2024,YE,jf-survey-2024,,Yemen,Middle East,higher,0,persons,False
2024,YE,jf-survey-2024,,Yemen,Middle East,other,0,persons,False
2024,IL,jf-survey-2024,,Israel,Middle East,institutions,9,institutions,False
2024,IL,jf-survey-2024,,Israel,Middle East,teachers,21,persons,False
2024,IL,jf-survey-2024,,Israel,Middle East,learners,536,persons,False
2024,IL,jf-survey-2024,,Israel,Middle East,school,0,persons,False
2024,IL,jf-survey-2024,,Israel,Middle East,multipleStage,,persons,True
2024,IL,jf-survey-2024,,Israel,Middle East,primary,0,persons,False
2024,IL,jf-survey-2024,,Israel,Middle East,secondary,0,persons,False
2024,IL,jf-survey-2024,,Israel,Middle East,higher,263,persons,False
2024,IL,jf-survey-2024,,Israel,Middle East,other,273,persons,False
2024,IQ,jf-survey-2024,,Iraq,Middle East,institutions,4,institutions,False
2024,IQ,jf-survey-2024,,Iraq,Middle East,teachers,6,persons,False
2024,IQ,jf-survey-2024,,Iraq,Middle East,learners,762,persons,False
2024,IQ,jf-survey-2024,,Iraq,Middle East,school,742,persons,False
2024,IQ,jf-survey-2024,,Iraq,Middle East,multipleStage,,persons,True
2024,IQ,jf-survey-2024,,Iraq,Middle East,primary,490,persons,False
2024,IQ,jf-survey-2024,,Iraq,Middle East,secondary,252,persons,False
2024,IQ,jf-survey-2024,,Iraq,Middle East,higher,20,persons,False
2024,IQ,jf-survey-2024,,Iraq,Middle East,other,0,persons,False
2024,IR,jf-survey-2024,,Iran,Middle East,institutions,2,institutions,False
2024,IR,jf-survey-2024,,Iran,Middle East,teachers,19,persons,False
2024,IR,jf-survey-2024,,Iran,Middle East,learners,270,persons,False
2024,IR,jf-survey-2024,,Iran,Middle East,school,0,persons,False
2024,IR,jf-survey-2024,,Iran,Middle East,multipleStage,,persons,True
2024,IR,jf-survey-2024,,Iran,Middle East,primary,0,persons,False
2024,IR,jf-survey-2024,,Iran,Middle East,secondary,0,persons,False
2024,IR,jf-survey-2024,,Iran,Middle East,higher,120,persons,False
2024,IR,jf-survey-2024,,Iran,Middle East,other,150,persons,False
2024,OM,jf-survey-2024,,Oman,Middle East,institutions,3,institutions,False
2024,OM,jf-survey-2024,,Oman,Middle East,teachers,6,persons,False
2024,OM,jf-survey-2024,,Oman,Middle East,learners,82,persons,False
2024,OM,jf-survey-2024,,Oman,Middle East,school,0,persons,False
2024,OM,jf-survey-2024,,Oman,Middle East,multipleStage,,persons,True
2024,OM,jf-survey-2024,,Oman,Middle East,primary,0,persons,False
2024,OM,jf-survey-2024,,Oman,Middle East,secondary,0,persons,False
2024,OM,jf-survey-2024,,Oman,Middle East,higher,27,persons,False
2024,OM,jf-survey-2024,,Oman,Middle East,other,55,persons,False
2024,QA,jf-survey-2024,,Qatar,Middle East,institutions,6,institutions,False
2024,QA,jf-survey-2024,,Qatar,Middle East,teachers,8,persons,False
2024,QA,jf-survey-2024,,Qatar,Middle East,learners,217,persons,False
2024,QA,jf-survey-2024,,Qatar,Middle East,school,150,persons,False
2024,QA,jf-survey-2024,,Qatar,Middle East,multipleStage,,persons,True
2024,QA,jf-survey-2024,,Qatar,Middle East,primary,0,persons,False
2024,QA,jf-survey-2024,,Qatar,Middle East,secondary,150,persons,False
2024,QA,jf-survey-2024,,Qatar,Middle East,higher,40,persons,False
2024,QA,jf-survey-2024,,Qatar,Middle East,other,27,persons,False
2024,KW,jf-survey-2024,,Kuwait,Middle East,institutions,1,institutions,False
2024,KW,jf-survey-2024,,Kuwait,Middle East,teachers,2,persons,False
2024,KW,jf-survey-2024,,Kuwait,Middle East,learners,24,persons,False
2024,KW,jf-survey-2024,,Kuwait,Middle East,school,0,persons,False
2024,KW,jf-survey-2024,,Kuwait,Middle East,multipleStage,,persons,True
2024,KW,jf-survey-2024,,Kuwait,Middle East,primary,0,persons,False
2024,KW,jf-survey-2024,,Kuwait,Middle East,secondary,0,persons,False
2024,KW,jf-survey-2024,,Kuwait,Middle East,higher,0,persons,False
2024,KW,jf-survey-2024,,Kuwait,Middle East,other,24,persons,False
2024,SA,jf-survey-2024,,Saudi Arabia,Middle East,institutions,1,institutions,False
2024,SA,jf-survey-2024,,Saudi Arabia,Middle East,teachers,6,persons,False
2024,SA,jf-survey-2024,,Saudi Arabia,Middle East,learners,80,persons,False
2024,SA,jf-survey-2024,,Saudi Arabia,Middle East,school,0,persons,False
2024,SA,jf-survey-2024,,Saudi Arabia,Middle East,multipleStage,,persons,True
2024,SA,jf-survey-2024,,Saudi Arabia,Middle East,primary,0,persons,False
2024,SA,jf-survey-2024,,Saudi Arabia,Middle East,secondary,0,persons,False
2024,SA,jf-survey-2024,,Saudi Arabia,Middle East,higher,80,persons,False
2024,SA,jf-survey-2024,,Saudi Arabia,Middle East,other,0,persons,False
2024,SY,jf-survey-2024,,Syria,Middle East,institutions,1,institutions,False
2024,SY,jf-survey-2024,,Syria,Middle East,teachers,10,persons,False
2024,SY,jf-survey-2024,,Syria,Middle East,learners,157,persons,False
2024,SY,jf-survey-2024,,Syria,Middle East,school,0,persons,False
2024,SY,jf-survey-2024,,Syria,Middle East,multipleStage,,persons,True
2024,SY,jf-survey-2024,,Syria,Middle East,primary,0,persons,False
2024,SY,jf-survey-2024,,Syria,Middle East,secondary,0,persons,False
2024,SY,jf-survey-2024,,Syria,Middle East,higher,0,persons,False
2024,SY,jf-survey-2024,,Syria,Middle East,other,157,persons,False
2024,TR,jf-survey-2024,,Türkiye,Middle East,institutions,26,institutions,False
2024,TR,jf-survey-2024,,Türkiye,Middle East,teachers,80,persons,False
2024,TR,jf-survey-2024,,Türkiye,Middle East,learners,2929,persons,False
2024,TR,jf-survey-2024,,Türkiye,Middle East,school,195,persons,False
2024,TR,jf-survey-2024,,Türkiye,Middle East,multipleStage,,persons,True
2024,TR,jf-survey-2024,,Türkiye,Middle East,primary,0,persons,False
2024,TR,jf-survey-2024,,Türkiye,Middle East,secondary,195,persons,False
2024,TR,jf-survey-2024,,Türkiye,Middle East,higher,2146,persons,False
2024,TR,jf-survey-2024,,Türkiye,Middle East,other,588,persons,False
2024,BH,jf-survey-2024,,Bahrain,Middle East,institutions,1,institutions,False
2024,BH,jf-survey-2024,,Bahrain,Middle East,teachers,4,persons,False
2024,BH,jf-survey-2024,,Bahrain,Middle East,learners,10,persons,False
2024,BH,jf-survey-2024,,Bahrain,Middle East,school,0,persons,False
2024,BH,jf-survey-2024,,Bahrain,Middle East,multipleStage,,persons,True
2024,BH,jf-survey-2024,,Bahrain,Middle East,primary,0,persons,False
2024,BH,jf-survey-2024,,Bahrain,Middle East,secondary,0,persons,False
2024,BH,jf-survey-2024,,Bahrain,Middle East,higher,0,persons,False
2024,BH,jf-survey-2024,,Bahrain,Middle East,other,10,persons,False
2024,PS,jf-survey-2024,,Palestinian Territories,Middle East,institutions,0,institutions,False
2024,PS,jf-survey-2024,,Palestinian Territories,Middle East,teachers,0,persons,False
2024,PS,jf-survey-2024,,Palestinian Territories,Middle East,learners,0,persons,False
2024,PS,jf-survey-2024,,Palestinian Territories,Middle East,school,0,persons,False
2024,PS,jf-survey-2024,,Palestinian Territories,Middle East,multipleStage,,persons,True
2024,PS,jf-survey-2024,,Palestinian Territories,Middle East,primary,0,persons,False
2024,PS,jf-survey-2024,,Palestinian Territories,Middle East,secondary,0,persons,False
2024,PS,jf-survey-2024,,Palestinian Territories,Middle East,higher,0,persons,False
2024,PS,jf-survey-2024,,Palestinian Territories,Middle East,other,0,persons,False
2024,JO,jf-survey-2024,,Jordan,Middle East,institutions,4,institutions,False
2024,JO,jf-survey-2024,,Jordan,Middle East,teachers,9,persons,False
2024,JO,jf-survey-2024,,Jordan,Middle East,learners,183,persons,False
2024,JO,jf-survey-2024,,Jordan,Middle East,school,0,persons,False
2024,JO,jf-survey-2024,,Jordan,Middle East,multipleStage,,persons,True
2024,JO,jf-survey-2024,,Jordan,Middle East,primary,0,persons,False
2024,JO,jf-survey-2024,,Jordan,Middle East,secondary,0,persons,False
2024,JO,jf-survey-2024,,Jordan,Middle East,higher,72,persons,False
2024,JO,jf-survey-2024,,Jordan,Middle East,other,111,persons,False
2024,LB,jf-survey-2024,,Lebanon,Middle East,institutions,1,institutions,False
2024,LB,jf-survey-2024,,Lebanon,Middle East,teachers,1,persons,False
2024,LB,jf-survey-2024,,Lebanon,Middle East,learners,20,persons,False
2024,LB,jf-survey-2024,,Lebanon,Middle East,school,0,persons,False
2024,LB,jf-survey-2024,,Lebanon,Middle East,multipleStage,,persons,True
2024,LB,jf-survey-2024,,Lebanon,Middle East,primary,0,persons,False
2024,LB,jf-survey-2024,,Lebanon,Middle East,secondary,0,persons,False
2024,LB,jf-survey-2024,,Lebanon,Middle East,higher,20,persons,False
2024,LB,jf-survey-2024,,Lebanon,Middle East,other,0,persons,False
2024,DZ,jf-survey-2024,,Algeria,North Africa,institutions,3,institutions,False
2024,DZ,jf-survey-2024,,Algeria,North Africa,teachers,14,persons,False
2024,DZ,jf-survey-2024,,Algeria,North Africa,learners,96,persons,False
2024,DZ,jf-survey-2024,,Algeria,North Africa,school,0,persons,False
2024,DZ,jf-survey-2024,,Algeria,North Africa,multipleStage,,persons,True
2024,DZ,jf-survey-2024,,Algeria,North Africa,primary,0,persons,False
2024,DZ,jf-survey-2024,,Algeria,North Africa,secondary,0,persons,False
2024,DZ,jf-survey-2024,,Algeria,North Africa,higher,20,persons,False
2024,DZ,jf-survey-2024,,Algeria,North Africa,other,76,persons,False
2024,EG,jf-survey-2024,,Egypt,North Africa,institutions,18,institutions,False
2024,EG,jf-survey-2024,,Egypt,North Africa,teachers,176,persons,False
2024,EG,jf-survey-2024,,Egypt,North Africa,learners,3661,persons,False
2024,EG,jf-survey-2024,,Egypt,North Africa,school,0,persons,False
2024,EG,jf-survey-2024,,Egypt,North Africa,multipleStage,,persons,True
2024,EG,jf-survey-2024,,Egypt,North Africa,primary,0,persons,False
2024,EG,jf-survey-2024,,Egypt,North Africa,secondary,0,persons,False
2024,EG,jf-survey-2024,,Egypt,North Africa,higher,3212,persons,False
2024,EG,jf-survey-2024,,Egypt,North Africa,other,449,persons,False
2024,SD,jf-survey-2024,,Sudan,North Africa,institutions,0,institutions,False
2024,SD,jf-survey-2024,,Sudan,North Africa,teachers,0,persons,False
2024,SD,jf-survey-2024,,Sudan,North Africa,learners,0,persons,False
2024,SD,jf-survey-2024,,Sudan,North Africa,school,0,persons,False
2024,SD,jf-survey-2024,,Sudan,North Africa,multipleStage,,persons,True
2024,SD,jf-survey-2024,,Sudan,North Africa,primary,0,persons,False
2024,SD,jf-survey-2024,,Sudan,North Africa,secondary,0,persons,False
2024,SD,jf-survey-2024,,Sudan,North Africa,higher,0,persons,False
2024,SD,jf-survey-2024,,Sudan,North Africa,other,0,persons,False
2024,TN,jf-survey-2024,,Tunisia,North Africa,institutions,3,institutions,False
2024,TN,jf-survey-2024,,Tunisia,North Africa,teachers,6,persons,False
2024,TN,jf-survey-2024,,Tunisia,North Africa,learners,205,persons,False
2024,TN,jf-survey-2024,,Tunisia,North Africa,school,0,persons,False
2024,TN,jf-survey-2024,,Tunisia,North Africa,multipleStage,,persons,True
2024,TN,jf-survey-2024,,Tunisia,North Africa,primary,0,persons,False
2024,TN,jf-survey-2024,,Tunisia,North Africa,secondary,0,persons,False
2024,TN,jf-survey-2024,,Tunisia,North Africa,higher,20,persons,False
2024,TN,jf-survey-2024,,Tunisia,North Africa,other,185,persons,False
2024,MA,jf-survey-2024,,Morocco,North Africa,institutions,10,institutions,False
2024,MA,jf-survey-2024,,Morocco,North Africa,teachers,25,persons,False
2024,MA,jf-survey-2024,,Morocco,North Africa,learners,527,persons,False
2024,MA,jf-survey-2024,,Morocco,North Africa,school,0,persons,False
2024,MA,jf-survey-2024,,Morocco,North Africa,multipleStage,,persons,True
2024,MA,jf-survey-2024,,Morocco,North Africa,primary,0,persons,False
2024,MA,jf-survey-2024,,Morocco,North Africa,secondary,0,persons,False
2024,MA,jf-survey-2024,,Morocco,North Africa,higher,140,persons,False
2024,MA,jf-survey-2024,,Morocco,North Africa,other,387,persons,False
2024,LY,jf-survey-2024,,Libya,North Africa,institutions,0,institutions,False
2024,LY,jf-survey-2024,,Libya,North Africa,teachers,0,persons,False
2024,LY,jf-survey-2024,,Libya,North Africa,learners,0,persons,False
2024,LY,jf-survey-2024,,Libya,North Africa,school,0,persons,False
2024,LY,jf-survey-2024,,Libya,North Africa,multipleStage,,persons,True
2024,LY,jf-survey-2024,,Libya,North Africa,primary,0,persons,False
2024,LY,jf-survey-2024,,Libya,North Africa,secondary,0,persons,False
2024,LY,jf-survey-2024,,Libya,North Africa,higher,0,persons,False
2024,LY,jf-survey-2024,,Libya,North Africa,other,0,persons,False
2024,AO,jf-survey-2024,,Angola,Africa,institutions,0,institutions,False
2024,AO,jf-survey-2024,,Angola,Africa,teachers,0,persons,False
2024,AO,jf-survey-2024,,Angola,Africa,learners,0,persons,False
2024,AO,jf-survey-2024,,Angola,Africa,school,0,persons,False
2024,AO,jf-survey-2024,,Angola,Africa,multipleStage,,persons,True
2024,AO,jf-survey-2024,,Angola,Africa,primary,0,persons,False
2024,AO,jf-survey-2024,,Angola,Africa,secondary,0,persons,False
2024,AO,jf-survey-2024,,Angola,Africa,higher,0,persons,False
2024,AO,jf-survey-2024,,Angola,Africa,other,0,persons,False
2024,UG,jf-survey-2024,,Uganda,Africa,institutions,1,institutions,False
2024,UG,jf-survey-2024,,Uganda,Africa,teachers,1,persons,False
2024,UG,jf-survey-2024,,Uganda,Africa,learners,23,persons,False
2024,UG,jf-survey-2024,,Uganda,Africa,school,0,persons,False
2024,UG,jf-survey-2024,,Uganda,Africa,multipleStage,,persons,True
2024,UG,jf-survey-2024,,Uganda,Africa,primary,0,persons,False
2024,UG,jf-survey-2024,,Uganda,Africa,secondary,0,persons,False
2024,UG,jf-survey-2024,,Uganda,Africa,higher,0,persons,False
2024,UG,jf-survey-2024,,Uganda,Africa,other,23,persons,False
2024,SZ,jf-survey-2024,,Eswatini,Africa,institutions,0,institutions,False
2024,SZ,jf-survey-2024,,Eswatini,Africa,teachers,0,persons,False
2024,SZ,jf-survey-2024,,Eswatini,Africa,learners,0,persons,False
2024,SZ,jf-survey-2024,,Eswatini,Africa,school,0,persons,False
2024,SZ,jf-survey-2024,,Eswatini,Africa,multipleStage,,persons,True
2024,SZ,jf-survey-2024,,Eswatini,Africa,primary,0,persons,False
2024,SZ,jf-survey-2024,,Eswatini,Africa,secondary,0,persons,False
2024,SZ,jf-survey-2024,,Eswatini,Africa,higher,0,persons,False
2024,SZ,jf-survey-2024,,Eswatini,Africa,other,0,persons,False
2024,ET,jf-survey-2024,,Ethiopia,Africa,institutions,1,institutions,False
2024,ET,jf-survey-2024,,Ethiopia,Africa,teachers,2,persons,False
2024,ET,jf-survey-2024,,Ethiopia,Africa,learners,30,persons,False
2024,ET,jf-survey-2024,,Ethiopia,Africa,school,0,persons,False
2024,ET,jf-survey-2024,,Ethiopia,Africa,multipleStage,,persons,True
2024,ET,jf-survey-2024,,Ethiopia,Africa,primary,0,persons,False
2024,ET,jf-survey-2024,,Ethiopia,Africa,secondary,0,persons,False
2024,ET,jf-survey-2024,,Ethiopia,Africa,higher,30,persons,False
2024,ET,jf-survey-2024,,Ethiopia,Africa,other,0,persons,False
2024,ER,jf-survey-2024,,Eritrea,Africa,institutions,0,institutions,False
2024,ER,jf-survey-2024,,Eritrea,Africa,teachers,0,persons,False
2024,ER,jf-survey-2024,,Eritrea,Africa,learners,0,persons,False
2024,ER,jf-survey-2024,,Eritrea,Africa,school,0,persons,False
2024,ER,jf-survey-2024,,Eritrea,Africa,multipleStage,,persons,True
2024,ER,jf-survey-2024,,Eritrea,Africa,primary,0,persons,False
2024,ER,jf-survey-2024,,Eritrea,Africa,secondary,0,persons,False
2024,ER,jf-survey-2024,,Eritrea,Africa,higher,0,persons,False
2024,ER,jf-survey-2024,,Eritrea,Africa,other,0,persons,False
2024,GH,jf-survey-2024,,Ghana,Africa,institutions,2,institutions,False
2024,GH,jf-survey-2024,,Ghana,Africa,teachers,6,persons,False
2024,GH,jf-survey-2024,,Ghana,Africa,learners,680,persons,False
2024,GH,jf-survey-2024,,Ghana,Africa,school,600,persons,False
2024,GH,jf-survey-2024,,Ghana,Africa,multipleStage,,persons,True
2024,GH,jf-survey-2024,,Ghana,Africa,primary,300,persons,False
2024,GH,jf-survey-2024,,Ghana,Africa,secondary,300,persons,False
2024,GH,jf-survey-2024,,Ghana,Africa,higher,0,persons,False
2024,GH,jf-survey-2024,,Ghana,Africa,other,80,persons,False
2024,CV,jf-survey-2024,,Cape Verde,Africa,institutions,0,institutions,False
2024,CV,jf-survey-2024,,Cape Verde,Africa,teachers,0,persons,False
2024,CV,jf-survey-2024,,Cape Verde,Africa,learners,0,persons,False
2024,CV,jf-survey-2024,,Cape Verde,Africa,school,0,persons,False
2024,CV,jf-survey-2024,,Cape Verde,Africa,multipleStage,,persons,True
2024,CV,jf-survey-2024,,Cape Verde,Africa,primary,0,persons,False
2024,CV,jf-survey-2024,,Cape Verde,Africa,secondary,0,persons,False
2024,CV,jf-survey-2024,,Cape Verde,Africa,higher,0,persons,False
2024,CV,jf-survey-2024,,Cape Verde,Africa,other,0,persons,False
2024,GA,jf-survey-2024,,Gabon,Africa,institutions,0,institutions,False
2024,GA,jf-survey-2024,,Gabon,Africa,teachers,0,persons,False
2024,GA,jf-survey-2024,,Gabon,Africa,learners,0,persons,False
2024,GA,jf-survey-2024,,Gabon,Africa,school,0,persons,False
2024,GA,jf-survey-2024,,Gabon,Africa,multipleStage,,persons,True
2024,GA,jf-survey-2024,,Gabon,Africa,primary,0,persons,False
2024,GA,jf-survey-2024,,Gabon,Africa,secondary,0,persons,False
2024,GA,jf-survey-2024,,Gabon,Africa,higher,0,persons,False
2024,GA,jf-survey-2024,,Gabon,Africa,other,0,persons,False
2024,CM,jf-survey-2024,,Cameroon,Africa,institutions,2,institutions,False
2024,CM,jf-survey-2024,,Cameroon,Africa,teachers,7,persons,False
2024,CM,jf-survey-2024,,Cameroon,Africa,learners,50,persons,False
2024,CM,jf-survey-2024,,Cameroon,Africa,school,0,persons,False
2024,CM,jf-survey-2024,,Cameroon,Africa,multipleStage,,persons,True
2024,CM,jf-survey-2024,,Cameroon,Africa,primary,0,persons,False
2024,CM,jf-survey-2024,,Cameroon,Africa,secondary,0,persons,False
2024,CM,jf-survey-2024,,Cameroon,Africa,higher,15,persons,False
2024,CM,jf-survey-2024,,Cameroon,Africa,other,35,persons,False
2024,GM,jf-survey-2024,,Gambia,Africa,institutions,0,institutions,False
2024,GM,jf-survey-2024,,Gambia,Africa,teachers,0,persons,False
2024,GM,jf-survey-2024,,Gambia,Africa,learners,0,persons,False
2024,GM,jf-survey-2024,,Gambia,Africa,school,0,persons,False
2024,GM,jf-survey-2024,,Gambia,Africa,multipleStage,,persons,True
2024,GM,jf-survey-2024,,Gambia,Africa,primary,0,persons,False
2024,GM,jf-survey-2024,,Gambia,Africa,secondary,0,persons,False
2024,GM,jf-survey-2024,,Gambia,Africa,higher,0,persons,False
2024,GM,jf-survey-2024,,Gambia,Africa,other,0,persons,False
2024,GN,jf-survey-2024,,Guinea,Africa,institutions,0,institutions,False
2024,GN,jf-survey-2024,,Guinea,Africa,teachers,0,persons,False
2024,GN,jf-survey-2024,,Guinea,Africa,learners,0,persons,False
2024,GN,jf-survey-2024,,Guinea,Africa,school,0,persons,False
2024,GN,jf-survey-2024,,Guinea,Africa,multipleStage,,persons,True
2024,GN,jf-survey-2024,,Guinea,Africa,primary,0,persons,False
2024,GN,jf-survey-2024,,Guinea,Africa,secondary,0,persons,False
2024,GN,jf-survey-2024,,Guinea,Africa,higher,0,persons,False
2024,GN,jf-survey-2024,,Guinea,Africa,other,0,persons,False
2024,GW,jf-survey-2024,,Guinea-Bissau,Africa,institutions,0,institutions,False
2024,GW,jf-survey-2024,,Guinea-Bissau,Africa,teachers,0,persons,False
2024,GW,jf-survey-2024,,Guinea-Bissau,Africa,learners,0,persons,False
2024,GW,jf-survey-2024,,Guinea-Bissau,Africa,school,0,persons,False
2024,GW,jf-survey-2024,,Guinea-Bissau,Africa,multipleStage,,persons,True
2024,GW,jf-survey-2024,,Guinea-Bissau,Africa,primary,0,persons,False
2024,GW,jf-survey-2024,,Guinea-Bissau,Africa,secondary,0,persons,False
2024,GW,jf-survey-2024,,Guinea-Bissau,Africa,higher,0,persons,False
2024,GW,jf-survey-2024,,Guinea-Bissau,Africa,other,0,persons,False
2024,KE,jf-survey-2024,,Kenya,Africa,institutions,26,institutions,False
2024,KE,jf-survey-2024,,Kenya,Africa,teachers,41,persons,False
2024,KE,jf-survey-2024,,Kenya,Africa,learners,2332,persons,False
2024,KE,jf-survey-2024,,Kenya,Africa,school,1580,persons,False
2024,KE,jf-survey-2024,,Kenya,Africa,multipleStage,,persons,True
2024,KE,jf-survey-2024,,Kenya,Africa,primary,660,persons,False
2024,KE,jf-survey-2024,,Kenya,Africa,secondary,920,persons,False
2024,KE,jf-survey-2024,,Kenya,Africa,higher,630,persons,False
2024,KE,jf-survey-2024,,Kenya,Africa,other,122,persons,False
2024,CI,jf-survey-2024,,Côte d’Ivoire,Africa,institutions,7,institutions,False
2024,CI,jf-survey-2024,,Côte d’Ivoire,Africa,teachers,13,persons,False
2024,CI,jf-survey-2024,,Côte d’Ivoire,Africa,learners,1359,persons,False
2024,CI,jf-survey-2024,,Côte d’Ivoire,Africa,school,491,persons,False
2024,CI,jf-survey-2024,,Côte d’Ivoire,Africa,multipleStage,,persons,True
2024,CI,jf-survey-2024,,Côte d’Ivoire,Africa,primary,0,persons,False
2024,CI,jf-survey-2024,,Côte d’Ivoire,Africa,secondary,491,persons,False
2024,CI,jf-survey-2024,,Côte d’Ivoire,Africa,higher,742,persons,False
2024,CI,jf-survey-2024,,Côte d’Ivoire,Africa,other,126,persons,False
2024,KM,jf-survey-2024,,Comoros,Africa,institutions,0,institutions,False
2024,KM,jf-survey-2024,,Comoros,Africa,teachers,0,persons,False
2024,KM,jf-survey-2024,,Comoros,Africa,learners,0,persons,False
2024,KM,jf-survey-2024,,Comoros,Africa,school,0,persons,False
2024,KM,jf-survey-2024,,Comoros,Africa,multipleStage,,persons,True
2024,KM,jf-survey-2024,,Comoros,Africa,primary,0,persons,False
2024,KM,jf-survey-2024,,Comoros,Africa,secondary,0,persons,False
2024,KM,jf-survey-2024,,Comoros,Africa,higher,0,persons,False
2024,KM,jf-survey-2024,,Comoros,Africa,other,0,persons,False
2024,CG,jf-survey-2024,,Congo - Brazzaville,Africa,institutions,0,institutions,False
2024,CG,jf-survey-2024,,Congo - Brazzaville,Africa,teachers,0,persons,False
2024,CG,jf-survey-2024,,Congo - Brazzaville,Africa,learners,0,persons,False
2024,CG,jf-survey-2024,,Congo - Brazzaville,Africa,school,0,persons,False
2024,CG,jf-survey-2024,,Congo - Brazzaville,Africa,multipleStage,,persons,True
2024,CG,jf-survey-2024,,Congo - Brazzaville,Africa,primary,0,persons,False
2024,CG,jf-survey-2024,,Congo - Brazzaville,Africa,secondary,0,persons,False
2024,CG,jf-survey-2024,,Congo - Brazzaville,Africa,higher,0,persons,False
2024,CG,jf-survey-2024,,Congo - Brazzaville,Africa,other,0,persons,False
2024,CD,jf-survey-2024,,Congo - Kinshasa,Africa,institutions,0,institutions,False
2024,CD,jf-survey-2024,,Congo - Kinshasa,Africa,teachers,0,persons,False
2024,CD,jf-survey-2024,,Congo - Kinshasa,Africa,learners,0,persons,False
2024,CD,jf-survey-2024,,Congo - Kinshasa,Africa,school,0,persons,False
2024,CD,jf-survey-2024,,Congo - Kinshasa,Africa,multipleStage,,persons,True
2024,CD,jf-survey-2024,,Congo - Kinshasa,Africa,primary,0,persons,False
2024,CD,jf-survey-2024,,Congo - Kinshasa,Africa,secondary,0,persons,False
2024,CD,jf-survey-2024,,Congo - Kinshasa,Africa,higher,0,persons,False
2024,CD,jf-survey-2024,,Congo - Kinshasa,Africa,other,0,persons,False
2024,ST,jf-survey-2024,,São Tomé & Príncipe,Africa,institutions,0,institutions,False
2024,ST,jf-survey-2024,,São Tomé & Príncipe,Africa,teachers,0,persons,False
2024,ST,jf-survey-2024,,São Tomé & Príncipe,Africa,learners,0,persons,False
2024,ST,jf-survey-2024,,São Tomé & Príncipe,Africa,school,0,persons,False
2024,ST,jf-survey-2024,,São Tomé & Príncipe,Africa,multipleStage,,persons,True
2024,ST,jf-survey-2024,,São Tomé & Príncipe,Africa,primary,0,persons,False
2024,ST,jf-survey-2024,,São Tomé & Príncipe,Africa,secondary,0,persons,False
2024,ST,jf-survey-2024,,São Tomé & Príncipe,Africa,higher,0,persons,False
2024,ST,jf-survey-2024,,São Tomé & Príncipe,Africa,other,0,persons,False
2024,ZM,jf-survey-2024,,Zambia,Africa,institutions,1,institutions,False
2024,ZM,jf-survey-2024,,Zambia,Africa,teachers,5,persons,False
2024,ZM,jf-survey-2024,,Zambia,Africa,learners,57,persons,False
2024,ZM,jf-survey-2024,,Zambia,Africa,school,0,persons,False
2024,ZM,jf-survey-2024,,Zambia,Africa,multipleStage,,persons,True
2024,ZM,jf-survey-2024,,Zambia,Africa,primary,0,persons,False
2024,ZM,jf-survey-2024,,Zambia,Africa,secondary,0,persons,False
2024,ZM,jf-survey-2024,,Zambia,Africa,higher,17,persons,False
2024,ZM,jf-survey-2024,,Zambia,Africa,other,40,persons,False
2024,SL,jf-survey-2024,,Sierra Leone,Africa,institutions,0,institutions,False
2024,SL,jf-survey-2024,,Sierra Leone,Africa,teachers,0,persons,False
2024,SL,jf-survey-2024,,Sierra Leone,Africa,learners,0,persons,False
2024,SL,jf-survey-2024,,Sierra Leone,Africa,school,0,persons,False
2024,SL,jf-survey-2024,,Sierra Leone,Africa,multipleStage,,persons,True
2024,SL,jf-survey-2024,,Sierra Leone,Africa,primary,0,persons,False
2024,SL,jf-survey-2024,,Sierra Leone,Africa,secondary,0,persons,False
2024,SL,jf-survey-2024,,Sierra Leone,Africa,higher,0,persons,False
2024,SL,jf-survey-2024,,Sierra Leone,Africa,other,0,persons,False
2024,DJ,jf-survey-2024,,Djibouti,Africa,institutions,1,institutions,False
2024,DJ,jf-survey-2024,,Djibouti,Africa,teachers,1,persons,False
2024,DJ,jf-survey-2024,,Djibouti,Africa,learners,8,persons,False
2024,DJ,jf-survey-2024,,Djibouti,Africa,school,0,persons,False
2024,DJ,jf-survey-2024,,Djibouti,Africa,multipleStage,,persons,True
2024,DJ,jf-survey-2024,,Djibouti,Africa,primary,0,persons,False
2024,DJ,jf-survey-2024,,Djibouti,Africa,secondary,0,persons,False
2024,DJ,jf-survey-2024,,Djibouti,Africa,higher,0,persons,False
2024,DJ,jf-survey-2024,,Djibouti,Africa,other,8,persons,False
2024,ZW,jf-survey-2024,,Zimbabwe,Africa,institutions,1,institutions,False
2024,ZW,jf-survey-2024,,Zimbabwe,Africa,teachers,1,persons,False
2024,ZW,jf-survey-2024,,Zimbabwe,Africa,learners,60,persons,False
2024,ZW,jf-survey-2024,,Zimbabwe,Africa,school,0,persons,False
2024,ZW,jf-survey-2024,,Zimbabwe,Africa,multipleStage,,persons,True
2024,ZW,jf-survey-2024,,Zimbabwe,Africa,primary,0,persons,False
2024,ZW,jf-survey-2024,,Zimbabwe,Africa,secondary,0,persons,False
2024,ZW,jf-survey-2024,,Zimbabwe,Africa,higher,0,persons,False
2024,ZW,jf-survey-2024,,Zimbabwe,Africa,other,60,persons,False
2024,SC,jf-survey-2024,,Seychelles,Africa,institutions,0,institutions,False
2024,SC,jf-survey-2024,,Seychelles,Africa,teachers,0,persons,False
2024,SC,jf-survey-2024,,Seychelles,Africa,learners,0,persons,False
2024,SC,jf-survey-2024,,Seychelles,Africa,school,0,persons,False
2024,SC,jf-survey-2024,,Seychelles,Africa,multipleStage,,persons,True
2024,SC,jf-survey-2024,,Seychelles,Africa,primary,0,persons,False
2024,SC,jf-survey-2024,,Seychelles,Africa,secondary,0,persons,False
2024,SC,jf-survey-2024,,Seychelles,Africa,higher,0,persons,False
2024,SC,jf-survey-2024,,Seychelles,Africa,other,0,persons,False
2024,GQ,jf-survey-2024,,Equatorial Guinea,Africa,institutions,1,institutions,False
2024,GQ,jf-survey-2024,,Equatorial Guinea,Africa,teachers,1,persons,False
2024,GQ,jf-survey-2024,,Equatorial Guinea,Africa,learners,15,persons,False
2024,GQ,jf-survey-2024,,Equatorial Guinea,Africa,school,0,persons,False
2024,GQ,jf-survey-2024,,Equatorial Guinea,Africa,multipleStage,,persons,True
2024,GQ,jf-survey-2024,,Equatorial Guinea,Africa,primary,0,persons,False
2024,GQ,jf-survey-2024,,Equatorial Guinea,Africa,secondary,0,persons,False
2024,GQ,jf-survey-2024,,Equatorial Guinea,Africa,higher,0,persons,False
2024,GQ,jf-survey-2024,,Equatorial Guinea,Africa,other,15,persons,False
2024,SN,jf-survey-2024,,Senegal,Africa,institutions,1,institutions,False
2024,SN,jf-survey-2024,,Senegal,Africa,teachers,2,persons,False
2024,SN,jf-survey-2024,,Senegal,Africa,learners,132,persons,False
2024,SN,jf-survey-2024,,Senegal,Africa,school,0,persons,False
2024,SN,jf-survey-2024,,Senegal,Africa,multipleStage,,persons,True
2024,SN,jf-survey-2024,,Senegal,Africa,primary,0,persons,False
2024,SN,jf-survey-2024,,Senegal,Africa,secondary,0,persons,False
2024,SN,jf-survey-2024,,Senegal,Africa,higher,132,persons,False
2024,SN,jf-survey-2024,,Senegal,Africa,other,0,persons,False
2024,SO,jf-survey-2024,,Somalia,Africa,institutions,0,institutions,False
2024,SO,jf-survey-2024,,Somalia,Africa,teachers,0,persons,False
2024,SO,jf-survey-2024,,Somalia,Africa,learners,0,persons,False
2024,SO,jf-survey-2024,,Somalia,Africa,school,0,persons,False
2024,SO,jf-survey-2024,,Somalia,Africa,multipleStage,,persons,True
2024,SO,jf-survey-2024,,Somalia,Africa,primary,0,persons,False
2024,SO,jf-survey-2024,,Somalia,Africa,secondary,0,persons,False
2024,SO,jf-survey-2024,,Somalia,Africa,higher,0,persons,False
2024,SO,jf-survey-2024,,Somalia,Africa,other,0,persons,False
2024,TZ,jf-survey-2024,,Tanzania,Africa,institutions,0,institutions,False
2024,TZ,jf-survey-2024,,Tanzania,Africa,teachers,0,persons,False
2024,TZ,jf-survey-2024,,Tanzania,Africa,learners,0,persons,False
2024,TZ,jf-survey-2024,,Tanzania,Africa,school,0,persons,False
2024,TZ,jf-survey-2024,,Tanzania,Africa,multipleStage,,persons,True
2024,TZ,jf-survey-2024,,Tanzania,Africa,primary,0,persons,False
2024,TZ,jf-survey-2024,,Tanzania,Africa,secondary,0,persons,False
2024,TZ,jf-survey-2024,,Tanzania,Africa,higher,0,persons,False
2024,TZ,jf-survey-2024,,Tanzania,Africa,other,0,persons,False
2024,TD,jf-survey-2024,,Chad,Africa,institutions,0,institutions,False
2024,TD,jf-survey-2024,,Chad,Africa,teachers,0,persons,False
2024,TD,jf-survey-2024,,Chad,Africa,learners,0,persons,False
2024,TD,jf-survey-2024,,Chad,Africa,school,0,persons,False
2024,TD,jf-survey-2024,,Chad,Africa,multipleStage,,persons,True
2024,TD,jf-survey-2024,,Chad,Africa,primary,0,persons,False
2024,TD,jf-survey-2024,,Chad,Africa,secondary,0,persons,False
2024,TD,jf-survey-2024,,Chad,Africa,higher,0,persons,False
2024,TD,jf-survey-2024,,Chad,Africa,other,0,persons,False
2024,CF,jf-survey-2024,,Central African Republic,Africa,institutions,0,institutions,False
2024,CF,jf-survey-2024,,Central African Republic,Africa,teachers,0,persons,False
2024,CF,jf-survey-2024,,Central African Republic,Africa,learners,0,persons,False
2024,CF,jf-survey-2024,,Central African Republic,Africa,school,0,persons,False
2024,CF,jf-survey-2024,,Central African Republic,Africa,multipleStage,,persons,True
2024,CF,jf-survey-2024,,Central African Republic,Africa,primary,0,persons,False
2024,CF,jf-survey-2024,,Central African Republic,Africa,secondary,0,persons,False
2024,CF,jf-survey-2024,,Central African Republic,Africa,higher,0,persons,False
2024,CF,jf-survey-2024,,Central African Republic,Africa,other,0,persons,False
2024,TG,jf-survey-2024,,Togo,Africa,institutions,0,institutions,False
2024,TG,jf-survey-2024,,Togo,Africa,teachers,0,persons,False
2024,TG,jf-survey-2024,,Togo,Africa,learners,0,persons,False
2024,TG,jf-survey-2024,,Togo,Africa,school,0,persons,False
2024,TG,jf-survey-2024,,Togo,Africa,multipleStage,,persons,True
2024,TG,jf-survey-2024,,Togo,Africa,primary,0,persons,False
2024,TG,jf-survey-2024,,Togo,Africa,secondary,0,persons,False
2024,TG,jf-survey-2024,,Togo,Africa,higher,0,persons,False
2024,TG,jf-survey-2024,,Togo,Africa,other,0,persons,False
2024,NG,jf-survey-2024,,Nigeria,Africa,institutions,2,institutions,False
2024,NG,jf-survey-2024,,Nigeria,Africa,teachers,6,persons,False
2024,NG,jf-survey-2024,,Nigeria,Africa,learners,588,persons,False
2024,NG,jf-survey-2024,,Nigeria,Africa,school,0,persons,False
2024,NG,jf-survey-2024,,Nigeria,Africa,multipleStage,,persons,True
2024,NG,jf-survey-2024,,Nigeria,Africa,primary,0,persons,False
2024,NG,jf-survey-2024,,Nigeria,Africa,secondary,0,persons,False
2024,NG,jf-survey-2024,,Nigeria,Africa,higher,388,persons,False
2024,NG,jf-survey-2024,,Nigeria,Africa,other,200,persons,False
2024,NA,jf-survey-2024,,Namibia,Africa,institutions,0,institutions,False
2024,NA,jf-survey-2024,,Namibia,Africa,teachers,0,persons,False
2024,NA,jf-survey-2024,,Namibia,Africa,learners,0,persons,False
2024,NA,jf-survey-2024,,Namibia,Africa,school,0,persons,False
2024,NA,jf-survey-2024,,Namibia,Africa,multipleStage,,persons,True
2024,NA,jf-survey-2024,,Namibia,Africa,primary,0,persons,False
2024,NA,jf-survey-2024,,Namibia,Africa,secondary,0,persons,False
2024,NA,jf-survey-2024,,Namibia,Africa,higher,0,persons,False
2024,NA,jf-survey-2024,,Namibia,Africa,other,0,persons,False
2024,NE,jf-survey-2024,,Niger,Africa,institutions,0,institutions,False
2024,NE,jf-survey-2024,,Niger,Africa,teachers,0,persons,False
2024,NE,jf-survey-2024,,Niger,Africa,learners,0,persons,False
2024,NE,jf-survey-2024,,Niger,Africa,school,0,persons,False
2024,NE,jf-survey-2024,,Niger,Africa,multipleStage,,persons,True
2024,NE,jf-survey-2024,,Niger,Africa,primary,0,persons,False
2024,NE,jf-survey-2024,,Niger,Africa,secondary,0,persons,False
2024,NE,jf-survey-2024,,Niger,Africa,higher,0,persons,False
2024,NE,jf-survey-2024,,Niger,Africa,other,0,persons,False
2024,BF,jf-survey-2024,,Burkina Faso,Africa,institutions,1,institutions,False
2024,BF,jf-survey-2024,,Burkina Faso,Africa,teachers,3,persons,False
2024,BF,jf-survey-2024,,Burkina Faso,Africa,learners,30,persons,False
2024,BF,jf-survey-2024,,Burkina Faso,Africa,school,0,persons,False
2024,BF,jf-survey-2024,,Burkina Faso,Africa,multipleStage,,persons,True
2024,BF,jf-survey-2024,,Burkina Faso,Africa,primary,0,persons,False
2024,BF,jf-survey-2024,,Burkina Faso,Africa,secondary,0,persons,False
2024,BF,jf-survey-2024,,Burkina Faso,Africa,higher,0,persons,False
2024,BF,jf-survey-2024,,Burkina Faso,Africa,other,30,persons,False
2024,BI,jf-survey-2024,,Burundi,Africa,institutions,0,institutions,False
2024,BI,jf-survey-2024,,Burundi,Africa,teachers,0,persons,False
2024,BI,jf-survey-2024,,Burundi,Africa,learners,0,persons,False
2024,BI,jf-survey-2024,,Burundi,Africa,school,0,persons,False
2024,BI,jf-survey-2024,,Burundi,Africa,multipleStage,,persons,True
2024,BI,jf-survey-2024,,Burundi,Africa,primary,0,persons,False
2024,BI,jf-survey-2024,,Burundi,Africa,secondary,0,persons,False
2024,BI,jf-survey-2024,,Burundi,Africa,higher,0,persons,False
2024,BI,jf-survey-2024,,Burundi,Africa,other,0,persons,False
2024,BJ,jf-survey-2024,,Benin,Africa,institutions,1,institutions,False
2024,BJ,jf-survey-2024,,Benin,Africa,teachers,2,persons,False
2024,BJ,jf-survey-2024,,Benin,Africa,learners,256,persons,False
2024,BJ,jf-survey-2024,,Benin,Africa,school,0,persons,False
2024,BJ,jf-survey-2024,,Benin,Africa,multipleStage,,persons,True
2024,BJ,jf-survey-2024,,Benin,Africa,primary,0,persons,False
2024,BJ,jf-survey-2024,,Benin,Africa,secondary,0,persons,False
2024,BJ,jf-survey-2024,,Benin,Africa,higher,0,persons,False
2024,BJ,jf-survey-2024,,Benin,Africa,other,256,persons,False
2024,BW,jf-survey-2024,,Botswana,Africa,institutions,0,institutions,False
2024,BW,jf-survey-2024,,Botswana,Africa,teachers,0,persons,False
2024,BW,jf-survey-2024,,Botswana,Africa,learners,0,persons,False
2024,BW,jf-survey-2024,,Botswana,Africa,school,0,persons,False
2024,BW,jf-survey-2024,,Botswana,Africa,multipleStage,,persons,True
2024,BW,jf-survey-2024,,Botswana,Africa,primary,0,persons,False
2024,BW,jf-survey-2024,,Botswana,Africa,secondary,0,persons,False
2024,BW,jf-survey-2024,,Botswana,Africa,higher,0,persons,False
2024,BW,jf-survey-2024,,Botswana,Africa,other,0,persons,False
2024,MG,jf-survey-2024,,Madagascar,Africa,institutions,20,institutions,False
2024,MG,jf-survey-2024,,Madagascar,Africa,teachers,58,persons,False
2024,MG,jf-survey-2024,,Madagascar,Africa,learners,2231,persons,False
2024,MG,jf-survey-2024,,Madagascar,Africa,school,723,persons,False
2024,MG,jf-survey-2024,,Madagascar,Africa,multipleStage,,persons,True
2024,MG,jf-survey-2024,,Madagascar,Africa,primary,58,persons,False
2024,MG,jf-survey-2024,,Madagascar,Africa,secondary,665,persons,False
2024,MG,jf-survey-2024,,Madagascar,Africa,higher,962,persons,False
2024,MG,jf-survey-2024,,Madagascar,Africa,other,546,persons,False
2024,MW,jf-survey-2024,,Malawi,Africa,institutions,0,institutions,False
2024,MW,jf-survey-2024,,Malawi,Africa,teachers,0,persons,False
2024,MW,jf-survey-2024,,Malawi,Africa,learners,0,persons,False
2024,MW,jf-survey-2024,,Malawi,Africa,school,0,persons,False
2024,MW,jf-survey-2024,,Malawi,Africa,multipleStage,,persons,True
2024,MW,jf-survey-2024,,Malawi,Africa,primary,0,persons,False
2024,MW,jf-survey-2024,,Malawi,Africa,secondary,0,persons,False
2024,MW,jf-survey-2024,,Malawi,Africa,higher,0,persons,False
2024,MW,jf-survey-2024,,Malawi,Africa,other,0,persons,False
2024,ML,jf-survey-2024,,Mali,Africa,institutions,0,institutions,False
2024,ML,jf-survey-2024,,Mali,Africa,teachers,0,persons,False
2024,ML,jf-survey-2024,,Mali,Africa,learners,0,persons,False
2024,ML,jf-survey-2024,,Mali,Africa,school,0,persons,False
2024,ML,jf-survey-2024,,Mali,Africa,multipleStage,,persons,True
2024,ML,jf-survey-2024,,Mali,Africa,primary,0,persons,False
2024,ML,jf-survey-2024,,Mali,Africa,secondary,0,persons,False
2024,ML,jf-survey-2024,,Mali,Africa,higher,0,persons,False
2024,ML,jf-survey-2024,,Mali,Africa,other,0,persons,False
2024,ZA,jf-survey-2024,,South Africa,Africa,institutions,4,institutions,False
2024,ZA,jf-survey-2024,,South Africa,Africa,teachers,13,persons,False
2024,ZA,jf-survey-2024,,South Africa,Africa,learners,245,persons,False
2024,ZA,jf-survey-2024,,South Africa,Africa,school,0,persons,False
2024,ZA,jf-survey-2024,,South Africa,Africa,multipleStage,,persons,True
2024,ZA,jf-survey-2024,,South Africa,Africa,primary,0,persons,False
2024,ZA,jf-survey-2024,,South Africa,Africa,secondary,0,persons,False
2024,ZA,jf-survey-2024,,South Africa,Africa,higher,0,persons,False
2024,ZA,jf-survey-2024,,South Africa,Africa,other,245,persons,False
2024,SS,jf-survey-2024,,South Sudan,Africa,institutions,0,institutions,False
2024,SS,jf-survey-2024,,South Sudan,Africa,teachers,0,persons,False
2024,SS,jf-survey-2024,,South Sudan,Africa,learners,0,persons,False
2024,SS,jf-survey-2024,,South Sudan,Africa,school,0,persons,False
2024,SS,jf-survey-2024,,South Sudan,Africa,multipleStage,,persons,True
2024,SS,jf-survey-2024,,South Sudan,Africa,primary,0,persons,False
2024,SS,jf-survey-2024,,South Sudan,Africa,secondary,0,persons,False
2024,SS,jf-survey-2024,,South Sudan,Africa,higher,0,persons,False
2024,SS,jf-survey-2024,,South Sudan,Africa,other,0,persons,False
2024,MU,jf-survey-2024,,Mauritius,Africa,institutions,0,institutions,False
2024,MU,jf-survey-2024,,Mauritius,Africa,teachers,0,persons,False
2024,MU,jf-survey-2024,,Mauritius,Africa,learners,0,persons,False
2024,MU,jf-survey-2024,,Mauritius,Africa,school,0,persons,False
2024,MU,jf-survey-2024,,Mauritius,Africa,multipleStage,,persons,True
2024,MU,jf-survey-2024,,Mauritius,Africa,primary,0,persons,False
2024,MU,jf-survey-2024,,Mauritius,Africa,secondary,0,persons,False
2024,MU,jf-survey-2024,,Mauritius,Africa,higher,0,persons,False
2024,MU,jf-survey-2024,,Mauritius,Africa,other,0,persons,False
2024,MR,jf-survey-2024,,Mauritania,Africa,institutions,0,institutions,False
2024,MR,jf-survey-2024,,Mauritania,Africa,teachers,0,persons,False
2024,MR,jf-survey-2024,,Mauritania,Africa,learners,0,persons,False
2024,MR,jf-survey-2024,,Mauritania,Africa,school,0,persons,False
2024,MR,jf-survey-2024,,Mauritania,Africa,multipleStage,,persons,True
2024,MR,jf-survey-2024,,Mauritania,Africa,primary,0,persons,False
2024,MR,jf-survey-2024,,Mauritania,Africa,secondary,0,persons,False
2024,MR,jf-survey-2024,,Mauritania,Africa,higher,0,persons,False
2024,MR,jf-survey-2024,,Mauritania,Africa,other,0,persons,False
2024,MZ,jf-survey-2024,,Mozambique,Africa,institutions,0,institutions,False
2024,MZ,jf-survey-2024,,Mozambique,Africa,teachers,0,persons,False
2024,MZ,jf-survey-2024,,Mozambique,Africa,learners,0,persons,False
2024,MZ,jf-survey-2024,,Mozambique,Africa,school,0,persons,False
2024,MZ,jf-survey-2024,,Mozambique,Africa,multipleStage,,persons,True
2024,MZ,jf-survey-2024,,Mozambique,Africa,primary,0,persons,False
2024,MZ,jf-survey-2024,,Mozambique,Africa,secondary,0,persons,False
2024,MZ,jf-survey-2024,,Mozambique,Africa,higher,0,persons,False
2024,MZ,jf-survey-2024,,Mozambique,Africa,other,0,persons,False
2024,LR,jf-survey-2024,,Liberia,Africa,institutions,0,institutions,False
2024,LR,jf-survey-2024,,Liberia,Africa,teachers,0,persons,False
2024,LR,jf-survey-2024,,Liberia,Africa,learners,0,persons,False
2024,LR,jf-survey-2024,,Liberia,Africa,school,0,persons,False
2024,LR,jf-survey-2024,,Liberia,Africa,multipleStage,,persons,True
2024,LR,jf-survey-2024,,Liberia,Africa,primary,0,persons,False
2024,LR,jf-survey-2024,,Liberia,Africa,secondary,0,persons,False
2024,LR,jf-survey-2024,,Liberia,Africa,higher,0,persons,False
2024,LR,jf-survey-2024,,Liberia,Africa,other,0,persons,False
2024,RW,jf-survey-2024,,Rwanda,Africa,institutions,0,institutions,False
2024,RW,jf-survey-2024,,Rwanda,Africa,teachers,0,persons,False
2024,RW,jf-survey-2024,,Rwanda,Africa,learners,0,persons,False
2024,RW,jf-survey-2024,,Rwanda,Africa,school,0,persons,False
2024,RW,jf-survey-2024,,Rwanda,Africa,multipleStage,,persons,True
2024,RW,jf-survey-2024,,Rwanda,Africa,primary,0,persons,False
2024,RW,jf-survey-2024,,Rwanda,Africa,secondary,0,persons,False
2024,RW,jf-survey-2024,,Rwanda,Africa,higher,0,persons,False
2024,RW,jf-survey-2024,,Rwanda,Africa,other,0,persons,False
2024,LS,jf-survey-2024,,Lesotho,Africa,institutions,0,institutions,False
2024,LS,jf-survey-2024,,Lesotho,Africa,teachers,0,persons,False
2024,LS,jf-survey-2024,,Lesotho,Africa,learners,0,persons,False
2024,LS,jf-survey-2024,,Lesotho,Africa,school,0,persons,False
2024,LS,jf-survey-2024,,Lesotho,Africa,multipleStage,,persons,True
2024,LS,jf-survey-2024,,Lesotho,Africa,primary,0,persons,False
2024,LS,jf-survey-2024,,Lesotho,Africa,secondary,0,persons,False
2024,LS,jf-survey-2024,,Lesotho,Africa,higher,0,persons,False
2024,LS,jf-survey-2024,,Lesotho,Africa,other,0,persons,False
