evidence_id,area_id,title_id,display_title,title_family,source_title,source_title_variants,education_setting,setting_detail,evidence_type,material_type,source_id,source_url,profile_edition,pdf_pages,section,note,adoption,reviewed_on
evidence-a2f7c30d7fd225d7,KR,title-85c34e74b966dc2a,生活日本語,生活日本語,生活日本語,[],Secondary,Lower secondary,approved_category,named_material,jf-profile-2025-KR,https://www.jpf.go.jp/j/project/japanese/survey/area/country/2025/korea_2.pdf,2025,[5],4.学習環境／教材／中等教育,"Approved textbook/course category under the 2022 revised curriculum, implemented from 2025; not one uniquely identified commercial edition.","{""value"":null,""unit"":""percent"",""status"":""not_reported"",""numerator"":null,""denominator"":null,""scope"":null,""observationYear"":null,""sourceYear"":2025}",2026-10-08
evidence-21e3f674e6ab7e85,KR,title-77710aedc74ecfa3,日本語,日本語,日本語,[],Secondary,Upper secondary,approved_category,named_material,jf-profile-2025-KR,https://www.jpf.go.jp/j/project/japanese/survey/area/country/2025/korea_2.pdf,2025,[5],4.学習環境／教材／中等教育,"Approved textbook/course category under the 2022 revised curriculum, implemented from 2025; not one uniquely identified commercial edition.","{""value"":null,""unit"":""percent"",""status"":""not_reported"",""numerator"":null,""denominator"":null,""scope"":null,""observationYear"":null,""sourceYear"":2025}",2026-10-08
evidence-b53f4e31ab77d0ef,KR,title-d4a42d0491c8dfe6,日本文化,日本文化,日本文化,[],Secondary,Upper secondary,approved_category,named_material,jf-profile-2025-KR,https://www.jpf.go.jp/j/project/japanese/survey/area/country/2025/korea_2.pdf,2025,[5],4.学習環境／教材／中等教育,"Approved textbook/course category under the 2022 revised curriculum, implemented from 2025; not one uniquely identified commercial edition.","{""value"":null,""unit"":""percent"",""status"":""not_reported"",""numerator"":null,""denominator"":null,""scope"":null,""observationYear"":null,""sourceYear"":2025}",2026-10-08
evidence-3aec210852f18d29,KR,title-e114c7d8e249ba3b,深化日本語,深化日本語,深化日本語,[],Secondary,Upper secondary,approved_category,named_material,jf-profile-2025-KR,https://www.jpf.go.jp/j/project/japanese/survey/area/country/2025/korea_2.pdf,2025,[5],4.学習環境／教材／中等教育,"Approved textbook/course category under the 2022 revised curriculum, implemented from 2025; not one uniquely identified commercial edition.","{""value"":null,""unit"":""percent"",""status"":""not_reported"",""numerator"":null,""denominator"":null,""scope"":null,""observationYear"":null,""sourceYear"":2025}",2026-10-08
evidence-89928c67463f1ef6,KR,title-1fdc826386630fd7,日本語会話,日本語会話,日本語会話,[],Secondary,Upper secondary,approved_category,named_material,jf-profile-2025-KR,https://www.jpf.go.jp/j/project/japanese/survey/area/country/2025/korea_2.pdf,2025,[5],4.学習環境／教材／中等教育,"Approved textbook/course category under the 2022 revised curriculum, implemented from 2025; not one uniquely identified commercial edition.","{""value"":null,""unit"":""percent"",""status"":""not_reported"",""numerator"":null,""denominator"":null,""scope"":null,""observationYear"":null,""sourceYear"":2025}",2026-10-08
evidence-f1c2b4f466961ba3,KR,title-a5c99fab007ab6b4,観光日本語,観光日本語,観光日本語,[],Secondary,Special-purpose upper secondary,approved_category,named_material,jf-profile-2025-KR,https://www.jpf.go.jp/j/project/japanese/survey/area/country/2025/korea_2.pdf,2025,[5],4.学習環境／教材／中等教育,"Approved textbook/course category under the 2022 revised curriculum, implemented from 2025; not one uniquely identified commercial edition.","{""value"":null,""unit"":""percent"",""status"":""not_reported"",""numerator"":null,""denominator"":null,""scope"":null,""observationYear"":null,""sourceYear"":2025}",2026-10-08
evidence-aa467e033c2e74cd,KR,title-58e4de0d65390ba1,まるごと中級1（B1）,まるごと,まるごと中級1（B1）,[],Other,Outside school education,mentioned,named_material,jf-profile-2025-KR,https://www.jpf.go.jp/j/project/japanese/survey/area/country/2025/korea_2.pdf,2025,[6],4.学習環境／教材／学校教育以外,"Korean edition published by 時事日本語社 in 2019; profile reports publication and reprinting/popularity, not adoption.","{""value"":null,""unit"":""percent"",""status"":""not_reported"",""numerator"":null,""denominator"":null,""scope"":null,""observationYear"":null,""sourceYear"":2025}",2026-10-08
evidence-2fa45198790fd343,KR,title-c1da9c36cecf16a8,まるごと中級2（B2）,まるごと,まるごと中級2（B2）,[],Other,Outside school education,mentioned,named_material,jf-profile-2025-KR,https://www.jpf.go.jp/j/project/japanese/survey/area/country/2025/korea_2.pdf,2025,[6],4.学習環境／教材／学校教育以外,"Profile prints B2 and reports the Korean edition published in 2021, with reprinting in 2022. B2 is preserved as a source transcription, not asserted as a corrected bibliographic level.","{""value"":null,""unit"":""percent"",""status"":""not_reported"",""numerator"":null,""denominator"":null,""scope"":null,""observationYear"":null,""sourceYear"":2025}",2026-10-08
evidence-8758dbe08d02bf19,TW,title-25b8da1366c9d0b0,新・楽しい子どもの日本語,新・楽しい子どもの日本語,新・楽しい子どもの日本語,[],Primary,Primary,mentioned,named_material,jf-profile-2025-TW,https://www.jpf.go.jp/j/project/japanese/survey/area/country/2025/taiwan_3.pdf,2025,[7],4.学習環境／教材／初等教育,"Listed as a children’s material; Yamada Nobuko, 大新書局. The paragraph establishes availability, not an adoption rate.","{""value"":null,""unit"":""percent"",""status"":""not_reported"",""numerator"":null,""denominator"":null,""scope"":null,""observationYear"":null,""sourceYear"":2025}",2026-10-08
evidence-0a34dd6977984e1b,TW,title-8804453b45a45d54,にほんごではなそう！,にほんごではなそう！,にほんごではなそう！,[],Primary,Primary,mentioned,named_material,jf-profile-2025-TW,https://www.jpf.go.jp/j/project/japanese/survey/area/country/2025/taiwan_3.pdf,2025,[7],4.学習環境／教材／初等教育,Listed as a children’s material published by 致良出版; no explicit institution-level use claim.,"{""value"":null,""unit"":""percent"",""status"":""not_reported"",""numerator"":null,""denominator"":null,""scope"":null,""observationYear"":null,""sourceYear"":2025}",2026-10-08
evidence-54beb641a09eed34,TW,title-34d640c4933b04fd,大家的日本語,みんなの日本語,大家的日本語,[],Secondary / Higher,Secondary: publication; Higher: reported frequent use,reported_use,named_material,jf-profile-2025-TW,https://www.jpf.go.jp/j/project/japanese/survey/area/country/2025/taiwan_3.pdf,2025,[7],教材／中等教育・高等教育,Taiwan translation of みんなの日本語 published by 大新書局. Secondary paragraph reports local publication; higher-education paragraph explicitly says it is frequently used.,"{""value"":null,""unit"":""percent"",""status"":""not_reported"",""numerator"":null,""denominator"":null,""scope"":null,""observationYear"":null,""sourceYear"":2025}",2026-10-08
evidence-4b04859d5bc54b41,TW,title-bc4edd12c82b20b9,會！日本語,會！日本語,會！日本語,[],Secondary,Secondary,mentioned,named_material,jf-profile-2025-TW,https://www.jpf.go.jp/j/project/japanese/survey/area/country/2025/taiwan_3.pdf,2025,[7],4.学習環境／教材／中等教育,"Local translated edition published by 大新書局. The profile reports publication, without stating a quantitative or explicit classroom adoption claim.","{""value"":null,""unit"":""percent"",""status"":""not_reported"",""numerator"":null,""denominator"":null,""scope"":null,""observationYear"":null,""sourceYear"":2025}",2026-10-08
evidence-f185211f8e241f1c,TW,title-0d7c1286153521a5,まるごと 日本のことばと文化,まるごと,まるごと 日本のことばと文化,[],Secondary,Secondary,reported_use,named_material,jf-profile-2025-TW,https://www.jpf.go.jp/j/project/japanese/survey/area/country/2025/taiwan_3.pdf,2025,[7],4.学習環境／教材／中等教育,Some secondary schools use this 三修社 title.,"{""value"":null,""unit"":""percent"",""status"":""not_reported"",""numerator"":null,""denominator"":null,""scope"":null,""observationYear"":null,""sourceYear"":2025}",2026-10-08
evidence-83da3518eb7e7201,TW,title-a6b2b7011c447029,新文化日本語,新文化日本語,新文化日本語,[],Higher,Higher,reported_use,named_material,jf-profile-2025-TW,https://www.jpf.go.jp/j/project/japanese/survey/area/country/2025/taiwan_3.pdf,2025,[7],4.学習環境／教材／高等教育,"Frequently used in higher education; 文化外国語専門学校, 大新書局.","{""value"":null,""unit"":""percent"",""status"":""not_reported"",""numerator"":null,""denominator"":null,""scope"":null,""observationYear"":null,""sourceYear"":2025}",2026-10-08
evidence-210889595456c090,CN,title-8ee9abc2e205331a,小学日語教材,小学日語教材,小学日語教材,[],Primary,Primary,reported_use,named_material,jf-profile-2025-CN,https://www.jpf.go.jp/j/project/japanese/survey/area/country/2025/china_2.pdf,2025,[6],4.学習環境／教材／初等教育,"Four volumes, 遼寧少年児童出版社 2002–2003; many institutions in Liaoning use it.","{""value"":null,""unit"":""percent"",""status"":""not_reported"",""numerator"":null,""denominator"":null,""scope"":null,""observationYear"":null,""sourceYear"":2025}",2026-10-08
evidence-54830976e2282f23,CN,title-10be0f72247642c0,らくらく小学生日本語,らくらく小学生日本語,らくらく小学生日本語,[],Primary,Primary,mentioned,named_material,jf-profile-2025-CN,https://www.jpf.go.jp/j/project/japanese/survey/area/country/2025/china_2.pdf,2025,[6],4.学習環境／教材／初等教育,"Four-volume primary grades 3–6 series produced by 人民教育出版社, published 2017–2021; publication and JF cooperation stated, not use.","{""value"":null,""unit"":""percent"",""status"":""not_reported"",""numerator"":null,""denominator"":null,""scope"":null,""observationYear"":null,""sourceYear"":2025}",2026-10-08
evidence-e1af6eb430e3fd34,CN,title-7153bd5739ec1511,義務教育課程標準実験教科書日語,義務教育課程標準実験教科書日語,義務教育課程標準実験教科書日語,[],Secondary,Lower secondary,reported_use,named_material,jf-profile-2025-CN,https://www.jpf.go.jp/j/project/japanese/survey/area/country/2025/china_2.pdf,2025,"[6,7]",4.学習環境／教材／中等教育,"Widely used lower-secondary series from 人民教育出版社, two books per grade; revised editions from 2023, revised grade 8 in July 2025.","{""value"":null,""unit"":""percent"",""status"":""not_reported"",""numerator"":null,""denominator"":null,""scope"":null,""observationYear"":null,""sourceYear"":2025}",2026-10-08
evidence-3dee9f748c123ca5,CN,title-c4fab613e6c06a79,教師用指導書（義務教育課程標準実験教科書日語）,義務教育課程標準実験教科書日語,教師用指導書,[],Secondary,Lower secondary: teacher companion,mentioned,named_material,jf-profile-2025-CN,https://www.jpf.go.jp/j/project/japanese/survey/area/country/2025/china_2.pdf,2025,[7],4.学習環境／教材／中等教育,Named companion teacher guides issued for the lower-secondary series; not an independent learner textbook.,"{""value"":null,""unit"":""percent"",""status"":""not_reported"",""numerator"":null,""denominator"":null,""scope"":null,""observationYear"":null,""sourceYear"":2025}",2026-10-08
evidence-6735aa96f6617fd2,CN,title-d4cf3cb0060b086a,全日制普通高級中学教科書日語,全日制普通高級中学教科書日語,全日制普通高級中学教科書日語,[],Secondary,Upper secondary: historical use,mentioned,named_material,jf-profile-2025-CN,https://www.jpf.go.jp/j/project/japanese/survey/area/country/2025/china_2.pdf,2025,[7],4.学習環境／教材／中等教育,"Historical use only: three-volume 人民教育出版社 series 1997–1999, described in the past tense before replacement.","{""value"":null,""unit"":""percent"",""status"":""not_reported"",""numerator"":null,""denominator"":null,""scope"":null,""observationYear"":null,""sourceYear"":2025}",2026-10-08
evidence-886c3c2129bec997,CN,title-bf42b8c09293c38f,普通高中課程標準実験教科書日語,普通高中課程標準実験教科書日語,普通高中課程標準実験教科書日語,[],Secondary,Upper secondary,reported_use,named_material,jf-profile-2025-CN,https://www.jpf.go.jp/j/project/japanese/survey/area/country/2025/china_2.pdf,2025,[7],4.学習環境／教材／中等教育,Ten-volume 人民教育出版社 series issued from 2007 and described as widely adopted.,"{""value"":null,""unit"":""percent"",""status"":""not_reported"",""numerator"":null,""denominator"":null,""scope"":null,""observationYear"":null,""sourceYear"":2025}",2026-10-08
evidence-e141848ee0e0ca78,CN,title-a85c0bfece3660c5,普通高中日語課程標準,普通高中日語課程標準,普通高中日語課程標準,[],Secondary,Upper secondary: curriculum standard,curriculum_material,named_material,jf-profile-2025-CN,https://www.jpf.go.jp/j/project/japanese/survey/area/country/2025/china_2.pdf,2025,[7],4.学習環境／教材／中等教育,"Curriculum standard revised in 2017, named to explain textbook revisions; this is a syllabus, not a textbook.","{""value"":null,""unit"":""percent"",""status"":""not_reported"",""numerator"":null,""denominator"":null,""scope"":null,""observationYear"":null,""sourceYear"":2025}",2026-10-08
evidence-95917e48d3f215d1,CN,title-59f20022e7511395,普通高級中学教科書日語必修,普通高級中学教科書日語必修,普通高級中学教科書日語必修,[],Secondary,Upper secondary: grade 1,mentioned,named_material,jf-profile-2025-CN,https://www.jpf.go.jp/j/project/japanese/survey/area/country/2025/china_2.pdf,2025,[7],4.学習環境／教材／中等教育,"Three compulsory volumes for first-year upper-secondary students, 人民教育出版社, August 2019; publication stated.","{""value"":null,""unit"":""percent"",""status"":""not_reported"",""numerator"":null,""denominator"":null,""scope"":null,""observationYear"":null,""sourceYear"":2025}",2026-10-08
evidence-872c33a7373fa34e,CN,title-e93d7e4b8ae4c37c,好朋友,好朋友,好朋友,[],Secondary,Secondary: second foreign language,reported_use,named_material,jf-profile-2025-CN,https://www.jpf.go.jp/j/project/japanese/survey/area/country/2025/china_2.pdf,2025,[7],4.学習環境／教材／中等教育,Five-volume second-foreign-language series published from 2007 by 外語教学与研究出版社; used in Dalian.,"{""value"":null,""unit"":""percent"",""status"":""not_reported"",""numerator"":null,""denominator"":null,""scope"":null,""observationYear"":null,""sourceYear"":2025}",2026-10-08
evidence-14e0355b6af12425,CN,title-09984ada167d29f0,エリンが挑戦！にほんごできます。,エリンが挑戦！にほんごできます,エリンが挑戦！にほんごできます。,[],Secondary,Secondary: second foreign language,mentioned,named_material,jf-profile-2025-CN,https://www.jpf.go.jp/j/project/japanese/survey/area/country/2025/china_2.pdf,2025,[7],4.学習環境／教材／中等教育,"Chinese one-volume classroom adaptation published by 人民教育出版社 in April 2013; publication and adaptation described, no uptake count.","{""value"":null,""unit"":""percent"",""status"":""not_reported"",""numerator"":null,""denominator"":null,""scope"":null,""observationYear"":null,""sourceYear"":2025}",2026-10-08
evidence-8fe4c8ee2df7cf39,CN,title-ab8f7b1c9ef6d978,つながる日本語教育サイト,つながる日本語教育サイト,つながる日本語教育サイト,[],Secondary,Secondary: teacher resource,curriculum_material,named_material,jf-profile-2025-CN,https://www.jpf.go.jp/j/project/japanese/survey/area/country/2025/china_2.pdf,2025,[7],4.学習環境／教材／中等教育,"JF Beijing teaching plans and videos website created in 2019 for second-foreign-language Japanese; digital resource, not a textbook.","{""value"":null,""unit"":""percent"",""status"":""not_reported"",""numerator"":null,""denominator"":null,""scope"":null,""observationYear"":null,""sourceYear"":2025}",2026-10-08
evidence-9a17a3b50e62847b,CN,title-745c15531d86574a,新編日語,新編日語（上海外国語大学）,新編日語,[],Higher,Higher: Japanese majors,reported_use,named_material,jf-profile-2025-CN,https://www.jpf.go.jp/j/project/japanese/survey/area/country/2025/china_2.pdf,2025,[7],4.学習環境／教材／高等教育,Shanghai International Studies University series identified as widely used.,"{""value"":null,""unit"":""percent"",""status"":""not_reported"",""numerator"":null,""denominator"":null,""scope"":null,""observationYear"":null,""sourceYear"":2025}",2026-10-08
evidence-a4fc2ffc32d33c70,CN,title-ddd5a63d164c61a9,新編基礎日語,新編基礎日語,新編基礎日語,[],Higher,Higher: Japanese majors,reported_use,named_material,jf-profile-2025-CN,https://www.jpf.go.jp/j/project/japanese/survey/area/country/2025/china_2.pdf,2025,[7],4.学習環境／教材／高等教育,Peking University series identified as widely used.,"{""value"":null,""unit"":""percent"",""status"":""not_reported"",""numerator"":null,""denominator"":null,""scope"":null,""observationYear"":null,""sourceYear"":2025}",2026-10-08
evidence-e4a79f3069919bac,CN,title-421057a9847d9e38,新編日語（吉林教育出版社）,新編日語（吉林教育出版社）,新編日語,[],Higher,"Higher: Japanese majors, beginner",reported_use,named_material,jf-profile-2025-CN,https://www.jpf.go.jp/j/project/japanese/survey/area/country/2025/china_2.pdf,2025,[7],4.学習環境／教材／高等教育,"Chinese-explanation adaptation of an older Tokyo University of Foreign Studies beginner text, 吉林教育出版社; distinct from Shanghai series, widely used.","{""value"":null,""unit"":""percent"",""status"":""not_reported"",""numerator"":null,""denominator"":null,""scope"":null,""observationYear"":null,""sourceYear"":2025}",2026-10-08
evidence-1de060f8c256f9ca,CN,title-3eba66c1a2d392fa,新日本語,新日本語,新日本語,[],Higher,"Higher: Japanese majors, beginner",reported_use,named_material,jf-profile-2025-CN,https://www.jpf.go.jp/j/project/japanese/survey/area/country/2025/china_2.pdf,2025,[7],4.学習環境／教材／高等教育,"Chinese-explanation adaptation of an older Tokyo University of Foreign Studies beginner text, 山西教育出版社; widely used.","{""value"":null,""unit"":""percent"",""status"":""not_reported"",""numerator"":null,""denominator"":null,""scope"":null,""observationYear"":null,""sourceYear"":2025}",2026-10-08
evidence-7326433275bbee0a,CN,title-9451639948252d99,新日本語の基礎,新日本語の基礎,新日本語の基礎,[],Higher,"Higher: Japanese majors, beginner",reported_use,named_material,jf-profile-2025-CN,https://www.jpf.go.jp/j/project/japanese/survey/area/country/2025/china_2.pdf,2025,[7],4.学習環境／教材／高等教育,Official local edition published in 1998 by 外語教学与研究出版社; some institutions adopt it as a beginner text.,"{""value"":null,""unit"":""percent"",""status"":""not_reported"",""numerator"":null,""denominator"":null,""scope"":null,""observationYear"":null,""sourceYear"":2025}",2026-10-08
evidence-245e339a29808f7c,CN,title-5cdf7e72cd95edca,みんなの日本語,みんなの日本語,みんなの日本語,[],Higher,"Higher: Japanese majors, beginner",reported_use,named_material,jf-profile-2025-CN,https://www.jpf.go.jp/j/project/japanese/survey/area/country/2025/china_2.pdf,2025,[7],4.学習環境／教材／高等教育,Official local edition published in 2002 by 外語教学与研究出版社; some institutions adopt it as a beginner text.,"{""value"":null,""unit"":""percent"",""status"":""not_reported"",""numerator"":null,""denominator"":null,""scope"":null,""observationYear"":null,""sourceYear"":2025}",2026-10-08
evidence-8ba055b1817b32bb,CN,title-d0365541799a3590,新経典日本語,新経典日本語,新経典日本語,[],Higher,Higher: Japanese majors,mentioned,named_material,jf-profile-2025-CN,https://www.jpf.go.jp/j/project/japanese/survey/area/country/2025/china_2.pdf,2025,[7],4.学習環境／教材／高等教育,外語教学与研究出版社 series referencing the JF Standard; publication stated.,"{""value"":null,""unit"":""percent"",""status"":""not_reported"",""numerator"":null,""denominator"":null,""scope"":null,""observationYear"":null,""sourceYear"":2025}",2026-10-08
evidence-146b99665303100b,CN,title-a22bd4c2003649c2,新界標日本語,新界標日本語,新界標日本語,[],Higher,Higher: Japanese majors,mentioned,named_material,jf-profile-2025-CN,https://www.jpf.go.jp/j/project/japanese/survey/area/country/2025/china_2.pdf,2025,[7],4.学習環境／教材／高等教育,復旦大学出版社 series based on JF Standard and Can-do; publication stated.,"{""value"":null,""unit"":""percent"",""status"":""not_reported"",""numerator"":null,""denominator"":null,""scope"":null,""observationYear"":null,""sourceYear"":2025}",2026-10-08
evidence-a1711ba54231bf52,CN,title-5690f8734a6b9835,日語（5–8）,日語（5–8）,日語,[],Higher,"Higher: Japanese majors, intermediate/advanced",reported_use,named_material,jf-profile-2025-CN,https://www.jpf.go.jp/j/project/japanese/survey/area/country/2025/china_2.pdf,2025,[7],4.学習環境／教材／高等教育,Older 上海外国語大学 volumes 5–8 described as widely used.,"{""value"":null,""unit"":""percent"",""status"":""not_reported"",""numerator"":null,""denominator"":null,""scope"":null,""observationYear"":null,""sourceYear"":2025}",2026-10-08
evidence-6e792c0f1ade6e6e,CN,title-49081e79885ea4b9,総合日語,総合日語,総合日語,[],Higher,"Higher: Japanese majors, upper years",mentioned,named_material,jf-profile-2025-CN,https://www.jpf.go.jp/j/project/japanese/survey/area/country/2025/china_2.pdf,2025,[7],4.学習環境／教材／高等教育,"北京大学出版社 main-course text published to align with the upper-year syllabus; this sentence establishes publication, not measured use.","{""value"":null,""unit"":""percent"",""status"":""not_reported"",""numerator"":null,""denominator"":null,""scope"":null,""observationYear"":null,""sourceYear"":2025}",2026-10-08
evidence-7c28c8a8ce0e73e7,CN,title-5d0defe779598fd3,新大学日語,新大学日語,新大学日語,[],Higher,"Higher: non-majors, first foreign language",reported_use,named_material,jf-profile-2025-CN,https://www.jpf.go.jp/j/project/japanese/survey/area/country/2025/china_2.pdf,2025,[7],4.学習環境／教材／高等教育,高等教育出版社 series widely adopted.,"{""value"":null,""unit"":""percent"",""status"":""not_reported"",""numerator"":null,""denominator"":null,""scope"":null,""observationYear"":null,""sourceYear"":2025}",2026-10-08
evidence-6f6b18ea63089a2e,CN,title-06efdb2043c76cde,大学日語（第二外語）,大学日語（第二外語）,大学日語（第二外語）,[],Higher,"Higher: non-majors, second foreign language",mentioned,named_material,jf-profile-2025-CN,https://www.jpf.go.jp/j/project/japanese/survey/area/country/2025/china_2.pdf,2025,[8],4.学習環境／教材／高等教育,高等教育出版社 syllabus-aligned text; publication stated.,"{""value"":null,""unit"":""percent"",""status"":""not_reported"",""numerator"":null,""denominator"":null,""scope"":null,""observationYear"":null,""sourceYear"":2025}",2026-10-08
evidence-9ade16f06382d5b4,CN,title-c9412d789372ad87,中日交流標準日本語 初級,中日交流標準日本語,中日交流標準日本語 初級,[],Higher,"Higher: non-majors, second foreign language",reported_use,named_material,jf-profile-2025-CN,https://www.jpf.go.jp/j/project/japanese/survey/area/country/2025/china_2.pdf,2025,[8],4.学習環境／教材／高等教育,人民教育出版社 title named among materials frequently used for non-major second-foreign-language teaching; beginner and intermediate each have upper/lower volumes.,"{""value"":null,""unit"":""percent"",""status"":""not_reported"",""numerator"":null,""denominator"":null,""scope"":null,""observationYear"":null,""sourceYear"":2025}",2026-10-08
evidence-f253f0ee6802bca2,CN,title-082c8c5affb4160d,中日交流標準日本語 中級,中日交流標準日本語,中日交流標準日本語 中級,[],Higher,"Higher: non-majors, second foreign language",reported_use,named_material,jf-profile-2025-CN,https://www.jpf.go.jp/j/project/japanese/survey/area/country/2025/china_2.pdf,2025,[8],4.学習環境／教材／高等教育,人民教育出版社 title named among materials frequently used for non-major second-foreign-language teaching; beginner and intermediate each have upper/lower volumes.,"{""value"":null,""unit"":""percent"",""status"":""not_reported"",""numerator"":null,""denominator"":null,""scope"":null,""observationYear"":null,""sourceYear"":2025}",2026-10-08
evidence-03304c05e82d23cd,CN,title-6638062b897b5e83,中日交流標準日本語 会話編,中日交流標準日本語,中日交流標準日本語 会話編,[],Higher,"Higher: non-majors, second foreign language",reported_use,named_material,jf-profile-2025-CN,https://www.jpf.go.jp/j/project/japanese/survey/area/country/2025/china_2.pdf,2025,[8],4.学習環境／教材／高等教育,人民教育出版社 title named among materials frequently used for non-major second-foreign-language teaching; beginner and intermediate each have upper/lower volumes.,"{""value"":null,""unit"":""percent"",""status"":""not_reported"",""numerator"":null,""denominator"":null,""scope"":null,""observationYear"":null,""sourceYear"":2025}",2026-10-08
evidence-201a8a04aed99346,CN,title-6f1991610332afee,中日交流標準日本語,中日交流標準日本語,中日交流標準日本語,[],Other,Other,reported_use,named_material,jf-profile-2025-CN,https://www.jpf.go.jp/j/project/japanese/survey/area/country/2025/china_2.pdf,2025,[8],4.学習環境／教材／学校教育以外,Frequently used as the main text outside school education; this paragraph refers to the family without specifying a volume.,"{""value"":null,""unit"":""percent"",""status"":""not_reported"",""numerator"":null,""denominator"":null,""scope"":null,""observationYear"":null,""sourceYear"":2025}",2026-10-08
evidence-9f7dbdb3d76b7668,CN,title-fbc27fad1b178f3c,大家的日語,みんなの日本語,大家的日語,[],Other,Other,reported_use,named_material,jf-profile-2025-CN,https://www.jpf.go.jp/j/project/japanese/survey/area/country/2025/china_2.pdf,2025,[8],4.学習環境／教材／学校教育以外,"Chinese edition of みんなの日本語, 外語教学与研究出版社; frequently used at schools with Japanese teachers.","{""value"":null,""unit"":""percent"",""status"":""not_reported"",""numerator"":null,""denominator"":null,""scope"":null,""observationYear"":null,""sourceYear"":2025}",2026-10-08
evidence-26edfb074909d332,CN,title-4933c4327aaa729f,MARUGOTO 日本的語言与文化,まるごと,MARUGOTO 日本的語言与文化,[],Other,Other,mentioned,named_material,jf-profile-2025-CN,https://www.jpf.go.jp/j/project/japanese/survey/area/country/2025/china_2.pdf,2025,[8],4.学習環境／教材／学校教育以外,"Chinese edition of まるごと 日本のことばと文化, 外語教学与研究出版社; nine books from Starter through Intermediate 2 published, no adoption claim.","{""value"":null,""unit"":""percent"",""status"":""not_reported"",""numerator"":null,""denominator"":null,""scope"":null,""observationYear"":null,""sourceYear"":2025}",2026-10-08
evidence-338a815fb9e39e8f,HK,title-eaf89547b41d07ab,いっしょにあそぼう 1 ひらがな,いっしょにあそぼう 1 ひらがな,いっしょにあそぼう 1 ひらがな,[],Primary,,mentioned,named_material,jf-profile-2025-HK,https://www.jpf.go.jp/j/project/japanese/survey/area/country/2025/hongkong_2.pdf,2025,[7],4. 学習環境 — 教材,"Locally published child/youth textbook listed; passage establishes publication, not actual adoption.","{""status"":""not_reported"",""value"":null}",2026-10-08
evidence-d72082e9db507499,HK,title-5b009a90352e72bf,いっしょにあそぼう 2 かたかな,いっしょにあそぼう 2 かたかな,いっしょにあそぼう 2 かたかな,[],Primary,,mentioned,named_material,jf-profile-2025-HK,https://www.jpf.go.jp/j/project/japanese/survey/area/country/2025/hongkong_2.pdf,2025,[7],4. 学習環境 — 教材,"Locally published child/youth textbook listed; passage establishes publication, not actual adoption.","{""status"":""not_reported"",""value"":null}",2026-10-08
evidence-314d0a63c6415914,HK,title-6ce145b3da912fe8,いっしょにあそぼう 3 かいわ①,いっしょにあそぼう 3 かいわ①,いっしょにあそぼう 3 かいわ①,[],Primary,,mentioned,named_material,jf-profile-2025-HK,https://www.jpf.go.jp/j/project/japanese/survey/area/country/2025/hongkong_2.pdf,2025,[7],4. 学習環境 — 教材,"Locally published child/youth textbook listed; passage establishes publication, not actual adoption.","{""status"":""not_reported"",""value"":null}",2026-10-08
evidence-9a91634801980722,HK,title-5cdf7e72cd95edca,みんなの日本語,みんなの日本語,大家的日本語,[],Secondary,,reported_use,named_material,jf-profile-2025-HK,https://www.jpf.go.jp/j/project/japanese/survey/area/country/2025/hongkong_2.pdf,2025,[7],4. 学習環境 — 教材,Named in the 教材 section for this educational stage; no quantitative adoption rate is stated for this observation.,"{""status"":""not_reported"",""value"":null}",2026-10-08
evidence-fbf71afbabab1c17,HK,title-5cdf7e72cd95edca,みんなの日本語,みんなの日本語,みんなの日本語,[],Secondary,,reported_use,named_material,jf-profile-2025-HK,https://www.jpf.go.jp/j/project/japanese/survey/area/country/2025/hongkong_2.pdf,2025,[7],4. 学習環境 — 教材,Named in the 教材 section for this educational stage; no quantitative adoption rate is stated for this observation.,"{""status"":""not_reported"",""value"":null}",2026-10-08
evidence-f82fb66a1ac225e9,HK,title-f6df6574bea09818,香港少青日語 1 入門,香港少青日語 1 入門,香港少青日語 1 入門,[],Secondary,,mentioned,named_material,jf-profile-2025-HK,https://www.jpf.go.jp/j/project/japanese/survey/area/country/2025/hongkong_2.pdf,2025,[7],4. 学習環境 — 教材,"Locally published child/youth textbook listed; passage establishes publication, not actual adoption.","{""status"":""not_reported"",""value"":null}",2026-10-08
evidence-2a84f87546119723,HK,title-013afebe2b30c147,まるごと,まるごと,まるごと日本のことばと文化,[],Secondary,,reported_use,named_material,jf-profile-2025-HK,https://www.jpf.go.jp/j/project/japanese/survey/area/country/2025/hongkong_2.pdf,2025,[7],4. 学習環境 — 教材,Named in the 教材 section for this educational stage; no quantitative adoption rate is stated for this observation.,"{""status"":""not_reported"",""value"":null}",2026-10-08
evidence-7785088e8e54afbd,HK,title-5cdf7e72cd95edca,みんなの日本語,みんなの日本語,大家的日本語,[],Higher,,reported_use,named_material,jf-profile-2025-HK,https://www.jpf.go.jp/j/project/japanese/survey/area/country/2025/hongkong_2.pdf,2025,[7],4. 学習環境 — 教材,Named in the 教材 section for this educational stage; no quantitative adoption rate is stated for this observation.,"{""status"":""not_reported"",""value"":null}",2026-10-08
evidence-edee47ea2beb1708,HK,title-5cdf7e72cd95edca,みんなの日本語,みんなの日本語,みんなの日本語Ⅰ Ⅱ,[],Higher,,reported_use,named_material,jf-profile-2025-HK,https://www.jpf.go.jp/j/project/japanese/survey/area/country/2025/hongkong_2.pdf,2025,[7],4. 学習環境 — 教材,Named in the 教材 section for this educational stage; no quantitative adoption rate is stated for this observation.,"{""status"":""not_reported"",""value"":null}",2026-10-08
evidence-80985bf4d4439f94,HK,title-5cdf7e72cd95edca,みんなの日本語,みんなの日本語,みんなの日本語 1、2 香港版,[],Higher,,reported_use,named_material,jf-profile-2025-HK,https://www.jpf.go.jp/j/project/japanese/survey/area/country/2025/hongkong_2.pdf,2025,[7],4. 学習環境 — 教材,Named in the 教材 section for this educational stage; no quantitative adoption rate is stated for this observation.,"{""status"":""not_reported"",""value"":null}",2026-10-08
evidence-dc93a325a410f1d5,HK,title-04f3b3facf11d9a6,J.Bridge,J.Bridge,J. Bridge,[],Higher,,reported_use,named_material,jf-profile-2025-HK,https://www.jpf.go.jp/j/project/japanese/survey/area/country/2025/hongkong_2.pdf,2025,[7],4. 学習環境 — 教材,Named in the 教材 section for this educational stage; no quantitative adoption rate is stated for this observation.,"{""status"":""not_reported"",""value"":null}",2026-10-08
evidence-a8644a6c0f51ac4a,HK,title-a222e9822c462454,文化初級日本語,文化初級日本語,文化初級日本語,[],Higher,,reported_use,named_material,jf-profile-2025-HK,https://www.jpf.go.jp/j/project/japanese/survey/area/country/2025/hongkong_2.pdf,2025,[7],4. 学習環境 — 教材,Named in the 教材 section for this educational stage; no quantitative adoption rate is stated for this observation.,"{""status"":""not_reported"",""value"":null}",2026-10-08
evidence-862d92dd7436c4ad,HK,title-5cdf7e72cd95edca,みんなの日本語,みんなの日本語,大家的日本語,[],Other,,reported_use,named_material,jf-profile-2025-HK,https://www.jpf.go.jp/j/project/japanese/survey/area/country/2025/hongkong_2.pdf,2025,[7],4. 学習環境 — 教材,Named in the 教材 section for this educational stage; no quantitative adoption rate is stated for this observation.,"{""status"":""not_reported"",""value"":null}",2026-10-08
evidence-27642e2764d34438,HK,title-5cdf7e72cd95edca,みんなの日本語,みんなの日本語,みんなの日本語Ⅰ Ⅱ,[],Other,,reported_use,named_material,jf-profile-2025-HK,https://www.jpf.go.jp/j/project/japanese/survey/area/country/2025/hongkong_2.pdf,2025,[7],4. 学習環境 — 教材,Named in the 教材 section for this educational stage; no quantitative adoption rate is stated for this observation.,"{""status"":""not_reported"",""value"":null}",2026-10-08
evidence-c4941bb63cc823eb,HK,title-5cdf7e72cd95edca,みんなの日本語,みんなの日本語,みんなの日本語 1、2,[],Other,,reported_use,named_material,jf-profile-2025-HK,https://www.jpf.go.jp/j/project/japanese/survey/area/country/2025/hongkong_2.pdf,2025,[7],4. 学習環境 — 教材,Named in the 教材 section for this educational stage; no quantitative adoption rate is stated for this observation.,"{""status"":""not_reported"",""value"":null}",2026-10-08
evidence-75c023c2381b25d9,HK,title-04f3b3facf11d9a6,J.Bridge,J.Bridge,J. Bridge,[],Other,,reported_use,named_material,jf-profile-2025-HK,https://www.jpf.go.jp/j/project/japanese/survey/area/country/2025/hongkong_2.pdf,2025,[7],4. 学習環境 — 教材,Named in the 教材 section for this educational stage; no quantitative adoption rate is stated for this observation.,"{""status"":""not_reported"",""value"":null}",2026-10-08
evidence-37b08702a97196d4,HK,title-a222e9822c462454,文化初級日本語,文化初級日本語,文化初級日本語,[],Other,,reported_use,named_material,jf-profile-2025-HK,https://www.jpf.go.jp/j/project/japanese/survey/area/country/2025/hongkong_2.pdf,2025,[7],4. 学習環境 — 教材,Named in the 教材 section for this educational stage; no quantitative adoption rate is stated for this observation.,"{""status"":""not_reported"",""value"":null}",2026-10-08
evidence-e051505a316227d5,HK,title-98c513cc915ce23f,テーマ別中級から学ぶ日本語,テーマ別中級から学ぶ日本語,テーマ別中級から学ぶ日本語,[],Other,,reported_use,named_material,jf-profile-2025-HK,https://www.jpf.go.jp/j/project/japanese/survey/area/country/2025/hongkong_2.pdf,2025,[7],4. 学習環境 — 教材,Named in the 教材 section for this educational stage; no quantitative adoption rate is stated for this observation.,"{""status"":""not_reported"",""value"":null}",2026-10-08
evidence-923c4241f63f9e9f,MO,title-5cdf7e72cd95edca,みんなの日本語,みんなの日本語,みんなの日本語,[],Higher,,reported_use,named_material,jf-profile-2025-MO,https://www.jpf.go.jp/j/project/japanese/survey/area/country/2025/macao_2.pdf,2025,[4],4. 学習環境 — 教材,Named in the 教材 section for this educational stage; no quantitative adoption rate is stated for this observation.,"{""status"":""not_reported"",""value"":null}",2026-10-08
evidence-bdbda00cf4a2618d,MO,title-5cdf7e72cd95edca,みんなの日本語,みんなの日本語,みんなの日本語,[],Other,,reported_use,named_material,jf-profile-2025-MO,https://www.jpf.go.jp/j/project/japanese/survey/area/country/2025/macao_2.pdf,2025,[4],4. 学習環境 — 教材,Named in the 教材 section for this educational stage; no quantitative adoption rate is stated for this observation.,"{""status"":""not_reported"",""value"":null}",2026-10-08
evidence-76f74471b0fc5fd6,MO,title-5cdf7e72cd95edca,みんなの日本語,みんなの日本語,大家的日本語,[],Other,,reported_use,named_material,jf-profile-2025-MO,https://www.jpf.go.jp/j/project/japanese/survey/area/country/2025/macao_2.pdf,2025,[4],4. 学習環境 — 教材,Named in the 教材 section for this educational stage; no quantitative adoption rate is stated for this observation.,"{""status"":""not_reported"",""value"":null}",2026-10-08
evidence-f049c16718e6add5,MN,title-2c7be2d195b8c68f,ひろこさんのたのしいにほんご,ひろこさんのたのしいにほんご,ひろこさんのたのしいにほんご,[],Primary / Secondary,,mentioned,named_material,jf-profile-2025-MN,https://www.jpf.go.jp/j/project/japanese/survey/area/country/2025/mongolia_2.pdf,2025,[7],4. 学習環境 — 教材,Historical use explicitly reported (以前は); not evidence of current adoption.,"{""status"":""not_reported"",""value"":null}",2026-10-08
evidence-45d753de0ac9fdc5,MN,title-5cdf7e72cd95edca,みんなの日本語,みんなの日本語,みんなの日本語初級,[],Primary / Secondary,,mentioned,named_material,jf-profile-2025-MN,https://www.jpf.go.jp/j/project/japanese/survey/area/country/2025/mongolia_2.pdf,2025,[7],4. 学習環境 — 教材,Historical use explicitly reported (以前は); not evidence of current adoption.,"{""status"":""not_reported"",""value"":null}",2026-10-08
evidence-ea7706153ae09166,MN,title-7cdadfc85135a255,日本語初歩,日本語初歩,日本語初歩,[],Primary / Secondary,,mentioned,named_material,jf-profile-2025-MN,https://www.jpf.go.jp/j/project/japanese/survey/area/country/2025/mongolia_2.pdf,2025,[7],4. 学習環境 — 教材,Historical use explicitly reported (以前は); not evidence of current adoption.,"{""status"":""not_reported"",""value"":null}",2026-10-08
evidence-a8bb640aa3d4617c,MN,title-4f86909dc862b65d,できるよ（1）～（4）,できるよ（1）～（4）,できるよ（1）～（4）,[],Primary / Secondary,,mentioned,named_material,jf-profile-2025-MN,https://www.jpf.go.jp/j/project/japanese/survey/area/country/2025/mongolia_2.pdf,2025,[7],4. 学習環境 — 教材,Historical use explicitly reported (以前は); not evidence of current adoption.,"{""status"":""not_reported"",""value"":null}",2026-10-08
evidence-c3966e4aa21565ac,MN,title-fee5aa5e103712de,わくわく日本語 1～7,わくわく日本語 1～7,わくわく日本語 1～7,[],Primary / Secondary,,mentioned,named_material,jf-profile-2025-MN,https://www.jpf.go.jp/j/project/japanese/survey/area/country/2025/mongolia_2.pdf,2025,[7],4. 学習環境 — 教材,Historical use explicitly reported (以前は); not evidence of current adoption.,"{""status"":""not_reported"",""value"":null}",2026-10-08
evidence-e43018623a86c3df,MN,title-f745ddff7821f436,できるモン,できるモン,できるモン,[],Primary / Secondary,,reported_use,named_material,jf-profile-2025-MN,https://www.jpf.go.jp/j/project/japanese/survey/area/country/2025/mongolia_2.pdf,2025,[7],4. 学習環境 — 教材,"Volumes 1–3, each upper/lower. The profile cites a 2020 survey: 15 of 30 primary/secondary institutions used it; historical scoped observation, not a current national rate.","{""status"":""reported"",""value"":50,""unit"":""percent"",""numerator"":15,""denominator"":30,""scope"":""30 primary/secondary institutions in the cited 2020 survey"",""observationYear"":2020,""sourceYear"":2025}",2026-10-08
evidence-330efe104360e25a,MN,title-5cdf7e72cd95edca,みんなの日本語,みんなの日本語,みんなの日本語初級,[],Higher,,reported_use,named_material,jf-profile-2025-MN,https://www.jpf.go.jp/j/project/japanese/survey/area/country/2025/mongolia_2.pdf,2025,[7],4. 学習環境 — 教材,Named in the 教材 section for this educational stage; no quantitative adoption rate is stated for this observation.,"{""status"":""not_reported"",""value"":null}",2026-10-08
evidence-701e2f80ff9b96c4,MN,title-2fa90fb19e335306,できる日本語,できる日本語,できる日本語,[],Higher,,reported_use,named_material,jf-profile-2025-MN,https://www.jpf.go.jp/j/project/japanese/survey/area/country/2025/mongolia_2.pdf,2025,[7],4. 学習環境 — 教材,Named in the 教材 section for this educational stage; no quantitative adoption rate is stated for this observation.,"{""status"":""not_reported"",""value"":null}",2026-10-08
evidence-b80ea29b84d5264e,MN,title-6dc7ce9d2444dca6,モンゴル人のための日本語教科書,モンゴル人のための日本語教科書,モンゴル人のための日本語教科書,[],Higher,,reported_use,named_material,jf-profile-2025-MN,https://www.jpf.go.jp/j/project/japanese/survey/area/country/2025/mongolia_2.pdf,2025,[7],4. 学習環境 — 教材,Named in the 教材 section for this educational stage; no quantitative adoption rate is stated for this observation.,"{""status"":""not_reported"",""value"":null}",2026-10-08
evidence-324b8f3f8ea72954,MN,title-9d21c82797d5c4df,日本語中級Ⅰ、Ⅱ,日本語中級Ⅰ、Ⅱ,日本語中級Ⅰ、Ⅱ,[],Higher,,reported_use,named_material,jf-profile-2025-MN,https://www.jpf.go.jp/j/project/japanese/survey/area/country/2025/mongolia_2.pdf,2025,[7],4. 学習環境 — 教材,Named in the 教材 section for this educational stage; no quantitative adoption rate is stated for this observation.,"{""status"":""not_reported"",""value"":null}",2026-10-08
evidence-74340e066354dcad,MN,title-ed2aeeb7dcfbbcbe,日本語中級 J301―基礎から中級へ,日本語中級 J301―基礎から中級へ,日本語中級 J301―基礎から中級へ,[],Higher,,reported_use,named_material,jf-profile-2025-MN,https://www.jpf.go.jp/j/project/japanese/survey/area/country/2025/mongolia_2.pdf,2025,[7],4. 学習環境 — 教材,Named in the 教材 section for this educational stage; no quantitative adoption rate is stated for this observation.,"{""status"":""not_reported"",""value"":null}",2026-10-08
evidence-9d42a909758f9b30,MN,title-5cdf7e72cd95edca,みんなの日本語,みんなの日本語,みんなの日本語初級,[],Other,,reported_use,named_material,jf-profile-2025-MN,https://www.jpf.go.jp/j/project/japanese/survey/area/country/2025/mongolia_2.pdf,2025,[7],4. 学習環境 — 教材,Named in the 教材 section for this educational stage; no quantitative adoption rate is stated for this observation.,"{""status"":""not_reported"",""value"":null}",2026-10-08
evidence-7d83225886fa2740,MN,title-e41c36cf43a79d3a,翻訳・ 文法解説モンゴル語版,翻訳・ 文法解説モンゴル語版,翻訳・ 文法解説モンゴル語版,[],Other,,reported_use,named_material,jf-profile-2025-MN,https://www.jpf.go.jp/j/project/japanese/survey/area/country/2025/mongolia_2.pdf,2025,[7],4. 学習環境 — 教材,Named in the 教材 section for this educational stage; no quantitative adoption rate is stated for this observation.,"{""status"":""not_reported"",""value"":null}",2026-10-08
evidence-baad3ada70e2bf58,MN,title-013afebe2b30c147,まるごと,まるごと,まるごと,[],Other,,reported_use,named_material,jf-profile-2025-MN,https://www.jpf.go.jp/j/project/japanese/survey/area/country/2025/mongolia_2.pdf,2025,[7],4. 学習環境 — 教材,Named in the 教材 section for this educational stage; no quantitative adoption rate is stated for this observation.,"{""status"":""not_reported"",""value"":null}",2026-10-08
evidence-c66d3e1217ef0c21,MN,title-3009513eb30915d0,いろどり,いろどり,いろどり,[],Other,,reported_use,named_material,jf-profile-2025-MN,https://www.jpf.go.jp/j/project/japanese/survey/area/country/2025/mongolia_2.pdf,2025,[7],4. 学習環境 — 教材,Named in the 教材 section for this educational stage; no quantitative adoption rate is stated for this observation.,"{""status"":""not_reported"",""value"":null}",2026-10-08
evidence-ef7eb4c8cb440bf3,MN,title-5861cbc7254bbf8c,日本語Ⅰ、Ⅱ、Ⅲ,日本語Ⅰ、Ⅱ、Ⅲ,日本語Ⅰ、Ⅱ、Ⅲ,[],Other,,mentioned,named_material,jf-profile-2025-MN,https://www.jpf.go.jp/j/project/japanese/survey/area/country/2025/mongolia_2.pdf,2025,[7],4. 学習環境 — 教材,Used in past surveys (過去の調査); current use is not established.,"{""status"":""not_reported"",""value"":null}",2026-10-08
evidence-dedb46b5c89af93c,MN,title-7cdadfc85135a255,日本語初歩,日本語初歩,日本語初歩,[],Other,,mentioned,named_material,jf-profile-2025-MN,https://www.jpf.go.jp/j/project/japanese/survey/area/country/2025/mongolia_2.pdf,2025,[7],4. 学習環境 — 教材,Used in past surveys (過去の調査); current use is not established.,"{""status"":""not_reported"",""value"":null}",2026-10-08
evidence-abe9ccb8f9d9f5f8,MN,title-9d21c82797d5c4df,日本語中級Ⅰ、Ⅱ,日本語中級Ⅰ、Ⅱ,日本語中級Ⅰ、Ⅱ,[],Other,,mentioned,named_material,jf-profile-2025-MN,https://www.jpf.go.jp/j/project/japanese/survey/area/country/2025/mongolia_2.pdf,2025,[7],4. 学習環境 — 教材,Used in past surveys (過去の調査); current use is not established.,"{""status"":""not_reported"",""value"":null}",2026-10-08
evidence-8b637e14b9651c95,MN,title-f62f73bc53f02358,中級へ行こう,中級へ行こう,中級へ行こう,[],Other,,mentioned,named_material,jf-profile-2025-MN,https://www.jpf.go.jp/j/project/japanese/survey/area/country/2025/mongolia_2.pdf,2025,[8],4. 学習環境 — 教材,Used in past surveys (過去の調査); current use is not established.,"{""status"":""not_reported"",""value"":null}",2026-10-08
evidence-339e2bf5813bbb2b,MN,title-d906035db64cf6b2,中級を学ぼう,中級を学ぼう,中級を学ぼう,[],Other,,mentioned,named_material,jf-profile-2025-MN,https://www.jpf.go.jp/j/project/japanese/survey/area/country/2025/mongolia_2.pdf,2025,[8],4. 学習環境 — 教材,Used in past surveys (過去の調査); current use is not established.,"{""status"":""not_reported"",""value"":null}",2026-10-08
evidence-c9933b80aabbd8d3,MN,title-83f0a4ce5c0b249c,ニューアプローチ中級日本語,ニューアプローチ中級日本語,ニューアプローチ中級日本語,[],Other,,mentioned,named_material,jf-profile-2025-MN,https://www.jpf.go.jp/j/project/japanese/survey/area/country/2025/mongolia_2.pdf,2025,[8],4. 学習環境 — 教材,Used in past surveys (過去の調査); current use is not established.,"{""status"":""not_reported"",""value"":null}",2026-10-08
evidence-6a0814036d2b45d9,MN,title-0cc0a41824d22cbe,漢字マスター,漢字マスター,漢字マスター,[],Other,,mentioned,named_material,jf-profile-2025-MN,https://www.jpf.go.jp/j/project/japanese/survey/area/country/2025/mongolia_2.pdf,2025,[8],4. 学習環境 — 教材,Used in past surveys (過去の調査); current use is not established.,"{""status"":""not_reported"",""value"":null}",2026-10-08
evidence-3f70b674a5d2af0c,MN,title-0c8e06c843ff1b2c,毎日の聞き取り,毎日の聞き取り,毎日の聞き取り,[],Other,,mentioned,named_material,jf-profile-2025-MN,https://www.jpf.go.jp/j/project/japanese/survey/area/country/2025/mongolia_2.pdf,2025,[8],4. 学習環境 — 教材,Used in past surveys (過去の調査); current use is not established.,"{""status"":""not_reported"",""value"":null}",2026-10-08
evidence-ba63849eb0beb417,ID,title-564d54cfd2af95ff,にほんご☆キラキラ,にほんご☆キラキラ,にほんご☆キラキラ,[],Secondary,General upper secondary,reported_use,named_material,jf-profile-2025-ID,https://www.jpf.go.jp/j/project/japanese/survey/area/country/2025/indonesia_2.pdf,2025,[4],4.学習環境／教材／中等教育,"Widely used national-curriculum-aligned general high-school text; JF Jakarta, 2017, revised 2024.","{""value"":null,""unit"":""percent"",""status"":""not_reported"",""numerator"":null,""denominator"":null,""scope"":null,""observationYear"":null,""sourceYear"":2025}",2026-10-08
evidence-972a7f0ca43958de,ID,title-bda83719031e8ecc,にほんご☆ラクラク,にほんご☆ラクラク,にほんご☆ラクラク,[],Secondary,Vocational upper secondary,reported_use,named_material,jf-profile-2025-ID,https://www.jpf.go.jp/j/project/japanese/survey/area/country/2025/indonesia_2.pdf,2025,[4],4.学習環境／教材／中等教育,"Frequently used at vocational high schools; JF Jakarta, 2019.","{""value"":null,""unit"":""percent"",""status"":""not_reported"",""numerator"":null,""denominator"":null,""scope"":null,""observationYear"":null,""sourceYear"":2025}",2026-10-08
evidence-f3690a647721f62d,ID,title-189e67712bc8fe6b,インドネシアへようこそ,インドネシアへようこそ,インドネシアへようこそ,[],Secondary,Vocational upper secondary: tourism,reported_use,named_material,jf-profile-2025-ID,https://www.jpf.go.jp/j/project/japanese/survey/area/country/2025/indonesia_2.pdf,2025,[4],4.学習環境／教材／中等教育,"Used by some tourism-service specializations; JF Jakarta and Indonesian education ministry, 2005.","{""value"":null,""unit"":""percent"",""status"":""not_reported"",""numerator"":null,""denominator"":null,""scope"":null,""observationYear"":null,""sourceYear"":2025}",2026-10-08
evidence-1cb025764f365bc0,ID,title-5cdf7e72cd95edca,みんなの日本語,みんなの日本語,みんなの日本語,[],Higher / Other,Higher: beginner; Other: private schools and vocational training,reported_use,named_material,jf-profile-2025-ID,https://www.jpf.go.jp/j/project/japanese/survey/area/country/2025/indonesia_2.pdf,2025,[4],教材／高等教育・学校教育以外,"Indonesian edition (International Mutual Activity Foundation Press) widely used in university beginner courses, private language schools and vocational training.","{""value"":null,""unit"":""percent"",""status"":""not_reported"",""numerator"":null,""denominator"":null,""scope"":null,""observationYear"":null,""sourceYear"":2025}",2026-10-08
evidence-7202fcf42b8ebca7,ID,title-83f0a4ce5c0b249c,ニューアプローチ中級日本語,ニューアプローチ,ニューアプローチ中級日本語,[],Higher,Higher: intermediate,reported_use,named_material,jf-profile-2025-ID,https://www.jpf.go.jp/j/project/japanese/survey/area/country/2025/indonesia_2.pdf,2025,[4],4.学習環境／教材／高等教育,Used in intermediate university courses.,"{""value"":null,""unit"":""percent"",""status"":""not_reported"",""numerator"":null,""denominator"":null,""scope"":null,""observationYear"":null,""sourceYear"":2025}",2026-10-08
evidence-d50d3ab176d4f84d,ID,title-1b2d700b936354d9,学ぼう！にほんご,学ぼう！にほんご,学ぼう！にほんご,[],Higher,Higher: intermediate,reported_use,named_material,jf-profile-2025-ID,https://www.jpf.go.jp/j/project/japanese/survey/area/country/2025/indonesia_2.pdf,2025,[4],4.学習環境／教材／高等教育,Used in intermediate university courses.,"{""value"":null,""unit"":""percent"",""status"":""not_reported"",""numerator"":null,""denominator"":null,""scope"":null,""observationYear"":null,""sourceYear"":2025}",2026-10-08
evidence-4159ec38a5c403a8,ID,title-0d7c1286153521a5,まるごと 日本のことばと文化,まるごと,まるごと 日本のことばと文化,[],Higher / Other,Higher / Other,reported_use,named_material,jf-profile-2025-ID,https://www.jpf.go.jp/j/project/japanese/survey/area/country/2025/indonesia_2.pdf,2025,[4],教材／高等教育・学校教育以外,Indonesian local publication began April 2016; increasing university main/supplementary use and private language-school use.,"{""value"":null,""unit"":""percent"",""status"":""not_reported"",""numerator"":null,""denominator"":null,""scope"":null,""observationYear"":null,""sourceYear"":2025}",2026-10-08
evidence-6cc6e23b20b6094b,ID,title-60e0f4409344b2d5,いろどり 生活の日本語,いろどり,いろどり 生活の日本語,[],Higher / Other,Higher: vocational courses; Other: vocational training,reported_use,named_material,jf-profile-2025-ID,https://www.jpf.go.jp/j/project/japanese/survey/area/country/2025/indonesia_2.pdf,2025,[4],教材／高等教育・学校教育以外,Used at many polytechnic/Vokasi vocational courses; growing main/supplementary use in vocational training institutions.,"{""value"":null,""unit"":""percent"",""status"":""not_reported"",""numerator"":null,""denominator"":null,""scope"":null,""observationYear"":null,""sourceYear"":2025}",2026-10-08
evidence-c11d73d22676a2be,ID,title-b6afbeab21be18b1,IRODORI Indonesia,いろどり,IRODORI Indonesia,[],Other,Other,curriculum_material,named_material,jf-profile-2025-ID,https://www.jpf.go.jp/j/project/japanese/survey/area/country/2025/indonesia_2.pdf,2025,"[4,5]",4.学習環境／教材／学校教育以外,"Website provides Irodori main materials, supplements and resources in Indonesian; distinct resource site, not another textbook edition.","{""value"":null,""unit"":""percent"",""status"":""not_reported"",""numerator"":null,""denominator"":null,""scope"":null,""observationYear"":null,""sourceYear"":2025}",2026-10-08
evidence-ce03470318ee52e3,KH,title-5cdf7e72cd95edca,みんなの日本語,みんなの日本語,みんなの日本語初級Ⅰ＆Ⅱ,[],Unspecified,,mentioned,named_material,jf-profile-2025-KH,https://www.jpf.go.jp/j/project/japanese/survey/area/country/2025/cambodia_2.pdf,2025,[8],4. 学習環境 — 教材,Khmer edition and translated grammar notes reported published by CJCC; publication evidence.,"{""status"":""not_reported"",""value"":null}",2026-10-08
evidence-40524044276db8ae,KH,title-1b2d700b936354d9,学ぼう！にほんご,学ぼう！にほんご,学ぼう！にほんご,[],Secondary,,reported_use,named_material,jf-profile-2025-KH,https://www.jpf.go.jp/j/project/japanese/survey/area/country/2025/cambodia_2.pdf,2025,[8],4. 学習環境 — 教材,Named in the 教材 section for this educational stage; no quantitative adoption rate is stated for this observation.,"{""status"":""not_reported"",""value"":null}",2026-10-08
evidence-112b251b326067d1,KH,title-5cdf7e72cd95edca,みんなの日本語,みんなの日本語,みんなの日本語初級Ⅰ＆Ⅱ,[],Higher,,reported_use,named_material,jf-profile-2025-KH,https://www.jpf.go.jp/j/project/japanese/survey/area/country/2025/cambodia_2.pdf,2025,[8],4. 学習環境 — 教材,Named in the 教材 section for this educational stage; no quantitative adoption rate is stated for this observation.,"{""status"":""not_reported"",""value"":null}",2026-10-08
evidence-e5db565972047fe1,KH,title-794b6b74df08c1a2,Basic Kanji Book,Basic Kanji Book,Basic Kanji Book Vol.1、2,[],Higher,,reported_use,named_material,jf-profile-2025-KH,https://www.jpf.go.jp/j/project/japanese/survey/area/country/2025/cambodia_2.pdf,2025,[8],4. 学習環境 — 教材,Named in the 教材 section for this educational stage; no quantitative adoption rate is stated for this observation.,"{""status"":""not_reported"",""value"":null}",2026-10-08
evidence-a2afa1e28c1481ee,KH,title-f62f73bc53f02358,中級へ行こう,中級へ行こう,中級へ行こう,[],Higher,,reported_use,named_material,jf-profile-2025-KH,https://www.jpf.go.jp/j/project/japanese/survey/area/country/2025/cambodia_2.pdf,2025,[8],4. 学習環境 — 教材,Named in the 教材 section for this educational stage; no quantitative adoption rate is stated for this observation.,"{""status"":""not_reported"",""value"":null}",2026-10-08
evidence-5e2393c030da87fb,KH,title-82667ae5d266b696,聞いて覚える話し方日本語生中継（初中級編 1、2）,聞いて覚える話し方日本語生中継（初中級編 1、2）,聞いて覚える話し方日本語生中継（初中級編 1、2）,[],Higher,,reported_use,named_material,jf-profile-2025-KH,https://www.jpf.go.jp/j/project/japanese/survey/area/country/2025/cambodia_2.pdf,2025,[8],4. 学習環境 — 教材,Named in the 教材 section for this educational stage; no quantitative adoption rate is stated for this observation.,"{""status"":""not_reported"",""value"":null}",2026-10-08
evidence-7e799c43272a9a4d,KH,title-a94a650955dea9f7,大学・大学院留学生の日本語〈4〉論文作成編,大学・大学院留学生の日本語〈4〉論文作成編,大学・大学院留学生の日本語〈4〉論文作成編,[],Higher,,reported_use,named_material,jf-profile-2025-KH,https://www.jpf.go.jp/j/project/japanese/survey/area/country/2025/cambodia_2.pdf,2025,[8],4. 学習環境 — 教材,Named in the 教材 section for this educational stage; no quantitative adoption rate is stated for this observation.,"{""status"":""not_reported"",""value"":null}",2026-10-08
evidence-fa166dc64c031245,KH,title-b8671d72acedb2aa,にほんごで働く！ビジネス日本語 30 時間,にほんごで働く！ビジネス日本語 30 時間,にほんごで働く！ビジネス日本語 30 時間,[],Higher,,reported_use,named_material,jf-profile-2025-KH,https://www.jpf.go.jp/j/project/japanese/survey/area/country/2025/cambodia_2.pdf,2025,[8],4. 学習環境 — 教材,Named in the 教材 section for this educational stage; no quantitative adoption rate is stated for this observation.,"{""status"":""not_reported"",""value"":null}",2026-10-08
evidence-70de21ac76407cbd,KH,title-3009513eb30915d0,いろどり,いろどり,いろどり生活の日本語,[],Other,,reported_use,named_material,jf-profile-2025-KH,https://www.jpf.go.jp/j/project/japanese/survey/area/country/2025/cambodia_2.pdf,2025,[8],4. 学習環境 — 教材,Named in the 教材 section for this educational stage; no quantitative adoption rate is stated for this observation.,"{""status"":""not_reported"",""value"":null}",2026-10-08
evidence-6392f2d6599ff8ce,KH,title-5cdf7e72cd95edca,みんなの日本語,みんなの日本語,みんなの日本語初級Ⅰ Ⅱ,[],Other,,reported_use,named_material,jf-profile-2025-KH,https://www.jpf.go.jp/j/project/japanese/survey/area/country/2025/cambodia_2.pdf,2025,[8],4. 学習環境 — 教材,Named in the 教材 section for this educational stage; no quantitative adoption rate is stated for this observation.,"{""status"":""not_reported"",""value"":null}",2026-10-08
evidence-765ae1abcb57e063,KH,title-013afebe2b30c147,まるごと,まるごと,まるごと日本のことばと文化入門 A1 かつどう/りかい,[],Other,,reported_use,named_material,jf-profile-2025-KH,https://www.jpf.go.jp/j/project/japanese/survey/area/country/2025/cambodia_2.pdf,2025,[8],4. 学習環境 — 教材,Named in the 教材 section for this educational stage; no quantitative adoption rate is stated for this observation.,"{""status"":""not_reported"",""value"":null}",2026-10-08
evidence-645695c36e4e21c9,KH,title-013afebe2b30c147,まるごと,まるごと,まるごと日本のことばと文化初級 1A2 かつどう/りかい,[],Other,,reported_use,named_material,jf-profile-2025-KH,https://www.jpf.go.jp/j/project/japanese/survey/area/country/2025/cambodia_2.pdf,2025,[8],4. 学習環境 — 教材,Named in the 教材 section for this educational stage; no quantitative adoption rate is stated for this observation.,"{""status"":""not_reported"",""value"":null}",2026-10-08
evidence-64c0d6a9d48575b6,KH,title-013afebe2b30c147,まるごと,まるごと,まるごと日本のことばと文化初級 2A2 かつどう/りかい,[],Other,,reported_use,named_material,jf-profile-2025-KH,https://www.jpf.go.jp/j/project/japanese/survey/area/country/2025/cambodia_2.pdf,2025,[9],4. 学習環境 — 教材,Named in the 教材 section for this educational stage; no quantitative adoption rate is stated for this observation.,"{""status"":""not_reported"",""value"":null}",2026-10-08
evidence-a7990280b47e8db3,KH,title-013afebe2b30c147,まるごと,まるごと,まるごと日本のことばと文化初中級 A2B1,[],Other,,reported_use,named_material,jf-profile-2025-KH,https://www.jpf.go.jp/j/project/japanese/survey/area/country/2025/cambodia_2.pdf,2025,[9],4. 学習環境 — 教材,Named in the 教材 section for this educational stage; no quantitative adoption rate is stated for this observation.,"{""status"":""not_reported"",""value"":null}",2026-10-08
evidence-0f93aa68e4880ba9,KH,title-013afebe2b30c147,まるごと,まるごと,まるごと日本のことばと文化中級 1 B1,[],Other,,reported_use,named_material,jf-profile-2025-KH,https://www.jpf.go.jp/j/project/japanese/survey/area/country/2025/cambodia_2.pdf,2025,[9],4. 学習環境 — 教材,Named in the 教材 section for this educational stage; no quantitative adoption rate is stated for this observation.,"{""status"":""not_reported"",""value"":null}",2026-10-08
evidence-5eb41c0f05ea394a,KH,title-013afebe2b30c147,まるごと,まるごと,まるごと日本のことばと文化中級 2 B1,[],Other,,reported_use,named_material,jf-profile-2025-KH,https://www.jpf.go.jp/j/project/japanese/survey/area/country/2025/cambodia_2.pdf,2025,[9],4. 学習環境 — 教材,Named in the 教材 section for this educational stage; no quantitative adoption rate is stated for this observation.,"{""status"":""not_reported"",""value"":null}",2026-10-08
evidence-eda3b0456fdd5c37,KH,title-2b05c61a93eb5227,職場の日本語,職場の日本語,職場の日本語,[],Other,,reported_use,named_material,jf-profile-2025-KH,https://www.jpf.go.jp/j/project/japanese/survey/area/country/2025/cambodia_2.pdf,2025,[9],4. 学習環境 — 教材,Named in the 教材 section for this educational stage; no quantitative adoption rate is stated for this observation.,"{""status"":""not_reported"",""value"":null}",2026-10-08
evidence-588ed123ac469e9d,KH,title-bbb0c55d39607d47,こどものにほんご,こどものにほんご,こどものにほんご,[],Other,,reported_use,named_material,jf-profile-2025-KH,https://www.jpf.go.jp/j/project/japanese/survey/area/country/2025/cambodia_2.pdf,2025,[9],4. 学習環境 — 教材,Named in the 教材 section for this educational stage; no quantitative adoption rate is stated for this observation.,"{""status"":""not_reported"",""value"":null}",2026-10-08
evidence-3eaa67cc16f7f9c6,SG,title-013afebe2b30c147,まるごと,まるごと,まるごと日本のことばと文化,[],Primary,,reported_use,named_material,jf-profile-2025-SG,https://www.jpf.go.jp/j/project/japanese/survey/area/country/2025/singapore_2.pdf,2025,[4],4. 学習環境 — 教材,Named in the 教材 section for this educational stage; no quantitative adoption rate is stated for this observation.,"{""status"":""not_reported"",""value"":null}",2026-10-08
evidence-10d935d6d9a268df,SG,title-9fbee279438f9da1,文化初級日本語ⅠⅡ,文化初級日本語ⅠⅡ,文化初級日本語ⅠⅡ,[],Secondary,,reported_use,named_material,jf-profile-2025-SG,https://www.jpf.go.jp/j/project/japanese/survey/area/country/2025/singapore_2.pdf,2025,[5],4. 学習環境 — 教材,Named in the 教材 section for this educational stage; no quantitative adoption rate is stated for this observation.,"{""status"":""not_reported"",""value"":null}",2026-10-08
evidence-37c9412499a1942a,SG,title-b843a5331b403f97,タスクベースで学ぶ日本語１～３,タスクベースで学ぶ日本語１～３,タスクベースで学ぶ日本語１～３,[],Secondary,,reported_use,named_material,jf-profile-2025-SG,https://www.jpf.go.jp/j/project/japanese/survey/area/country/2025/singapore_2.pdf,2025,[5],4. 学習環境 — 教材,Named in the 教材 section for this educational stage; no quantitative adoption rate is stated for this observation.,"{""status"":""not_reported"",""value"":null}",2026-10-08
evidence-cbe84e7f06c6d378,SG,title-ede0a16a91ea98f8,毎日の聞きとり PLUS 40（下）,毎日の聞きとり PLUS 40（下）,毎日の聞きとり PLUS 40（下）,[],Secondary,,reported_use,named_material,jf-profile-2025-SG,https://www.jpf.go.jp/j/project/japanese/survey/area/country/2025/singapore_2.pdf,2025,[5],4. 学習環境 — 教材,Named in the 教材 section for this educational stage; no quantitative adoption rate is stated for this observation.,"{""status"":""not_reported"",""value"":null}",2026-10-08
evidence-c2ac71296ea954a9,SG,title-aa72ac53e71186f6,日本への招待,日本への招待,日本への招待,[],Secondary,,reported_use,named_material,jf-profile-2025-SG,https://www.jpf.go.jp/j/project/japanese/survey/area/country/2025/singapore_2.pdf,2025,[5],4. 学習環境 — 教材,Named in the 教材 section for this educational stage; no quantitative adoption rate is stated for this observation.,"{""status"":""not_reported"",""value"":null}",2026-10-08
evidence-6d633a7b537c74b1,SG,title-3249f9865bf4502d,留学生のための学びの扉・分野別,留学生のための学びの扉・分野別,留学生のための学びの扉・分野別,[],Secondary,,reported_use,named_material,jf-profile-2025-SG,https://www.jpf.go.jp/j/project/japanese/survey/area/country/2025/singapore_2.pdf,2025,[5],4. 学習環境 — 教材,Named in the 教材 section for this educational stage; no quantitative adoption rate is stated for this observation.,"{""status"":""not_reported"",""value"":null}",2026-10-08
evidence-b0b8a473b6deb7c3,SG,title-5cdf7e72cd95edca,みんなの日本語,みんなの日本語,みんなの日本語ⅠⅡ,[],Higher,,reported_use,named_material,jf-profile-2025-SG,https://www.jpf.go.jp/j/project/japanese/survey/area/country/2025/singapore_2.pdf,2025,[5],4. 学習環境 — 教材,Named in the 教材 section for this educational stage; no quantitative adoption rate is stated for this observation.,"{""status"":""not_reported"",""value"":null}",2026-10-08
evidence-d76094c665d5d862,SG,title-013afebe2b30c147,まるごと,まるごと,まるごと日本のことばと文化,[],Higher,,reported_use,named_material,jf-profile-2025-SG,https://www.jpf.go.jp/j/project/japanese/survey/area/country/2025/singapore_2.pdf,2025,[5],4. 学習環境 — 教材,Named in the 教材 section for this educational stage; no quantitative adoption rate is stated for this observation.,"{""status"":""not_reported"",""value"":null}",2026-10-08
evidence-e96cde44ecc79f9a,SG,title-eda1df820dffba17,Japanese for Busy People,Japanese for Busy People,JAPANESE FOR BUSY PEOPLEⅠⅡ,[],Higher,,reported_use,named_material,jf-profile-2025-SG,https://www.jpf.go.jp/j/project/japanese/survey/area/country/2025/singapore_2.pdf,2025,[5],4. 学習環境 — 教材,Named in the 教材 section for this educational stage; no quantitative adoption rate is stated for this observation.,"{""status"":""not_reported"",""value"":null}",2026-10-08
evidence-331c494d43639f08,SG,title-a3f09952e05dc7ec,新文化初級日本語ⅠⅡ,新文化初級日本語ⅠⅡ,新文化初級日本語ⅠⅡ,[],Higher,,reported_use,named_material,jf-profile-2025-SG,https://www.jpf.go.jp/j/project/japanese/survey/area/country/2025/singapore_2.pdf,2025,[5],4. 学習環境 — 教材,Named in the 教材 section for this educational stage; no quantitative adoption rate is stated for this observation.,"{""status"":""not_reported"",""value"":null}",2026-10-08
evidence-a38b291bf1e42910,SG,title-f95a1d49671dfd48,ビジネスのための日本語,ビジネスのための日本語,ビジネスのための日本語,[],Higher,,reported_use,named_material,jf-profile-2025-SG,https://www.jpf.go.jp/j/project/japanese/survey/area/country/2025/singapore_2.pdf,2025,[5],4. 学習環境 — 教材,Named in the 教材 section for this educational stage; no quantitative adoption rate is stated for this observation.,"{""status"":""not_reported"",""value"":null}",2026-10-08
evidence-379e87e32301f720,SG,title-a1f1b89f63ba7922,商談のための日本語,商談のための日本語,商談のための日本語,[],Higher,,reported_use,named_material,jf-profile-2025-SG,https://www.jpf.go.jp/j/project/japanese/survey/area/country/2025/singapore_2.pdf,2025,[5],4. 学習環境 — 教材,Named in the 教材 section for this educational stage; no quantitative adoption rate is stated for this observation.,"{""status"":""not_reported"",""value"":null}",2026-10-08
evidence-5f16a2a301cb5165,SG,title-9d0cf8b76a1e6679,上級へのとびら,上級へのとびら,上級へのとびら,[],Higher,,reported_use,named_material,jf-profile-2025-SG,https://www.jpf.go.jp/j/project/japanese/survey/area/country/2025/singapore_2.pdf,2025,[5],4. 学習環境 — 教材,Named in the 教材 section for this educational stage; no quantitative adoption rate is stated for this observation.,"{""status"":""not_reported"",""value"":null}",2026-10-08
evidence-0a9e818c2b9cdeba,SG,title-d4614cebe7371aa9,つなぐにほんご,つなぐにほんご,つなぐにほんご,[],Higher,,reported_use,named_material,jf-profile-2025-SG,https://www.jpf.go.jp/j/project/japanese/survey/area/country/2025/singapore_2.pdf,2025,[5],4. 学習環境 — 教材,Named in the 教材 section for this educational stage; no quantitative adoption rate is stated for this observation.,"{""status"":""not_reported"",""value"":null}",2026-10-08
evidence-91aca1c4628db314,SG,title-5cdf7e72cd95edca,みんなの日本語,みんなの日本語,みんなの日本語,[],Other,,reported_use,named_material,jf-profile-2025-SG,https://www.jpf.go.jp/j/project/japanese/survey/area/country/2025/singapore_2.pdf,2025,[5],4. 学習環境 — 教材,Named in the 教材 section for this educational stage; no quantitative adoption rate is stated for this observation.,"{""status"":""not_reported"",""value"":null}",2026-10-08
evidence-872e81c4d01d2f25,SG,title-eda1df820dffba17,Japanese for Busy People,Japanese for Busy People,JAPANESE FOR BUSY PEOPLE,[],Other,,reported_use,named_material,jf-profile-2025-SG,https://www.jpf.go.jp/j/project/japanese/survey/area/country/2025/singapore_2.pdf,2025,[5],4. 学習環境 — 教材,Named in the 教材 section for this educational stage; no quantitative adoption rate is stated for this observation.,"{""status"":""not_reported"",""value"":null}",2026-10-08
evidence-0040e1c68487d3e6,TH,title-f6ce20ad8be23d26,あきこと友だち,あきこと友だち,あきこと友だち,[],Secondary,Secondary: Japanese-major courses,reported_use,named_material,jf-profile-2025-TH,https://www.jpf.go.jp/j/project/japanese/survey/area/country/2025/thailand_2.pdf,2025,[8],4.学習環境／教材／中等教育,One of two alternatives used by almost all Japanese-major secondary courses; 2017 revision. This joint statement is not a separate adoption rate.,"{""value"":null,""unit"":""percent"",""status"":""not_reported"",""numerator"":null,""denominator"":null,""scope"":null,""observationYear"":null,""sourceYear"":2025}",2026-10-08
evidence-1f546b8f282afc6e,TH,title-da42ceb5a6bad70d,あきこと友だち 教師用指導書,あきこと友だち,教師用指導書,[],Secondary,Secondary: teacher companion,mentioned,named_material,jf-profile-2025-TH,https://www.jpf.go.jp/j/project/japanese/survey/area/country/2025/thailand_2.pdf,2025,[8],4.学習環境／教材／中等教育,Companion teacher guide completed in 2018; no separate adoption claim.,"{""value"":null,""unit"":""percent"",""status"":""not_reported"",""numerator"":null,""denominator"":null,""scope"":null,""observationYear"":null,""sourceYear"":2025}",2026-10-08
evidence-e0fa558da2e9beb9,TH,title-a9f91f396fb2e257,あきこと友だち ミニ情報,あきこと友だち,ミニ情報,[],Secondary,Secondary: culture supplement,curriculum_material,named_material,jf-profile-2025-TH,https://www.jpf.go.jp/j/project/japanese/survey/area/country/2025/thailand_2.pdf,2025,[8],4.学習環境／教材／中等教育,Cultural supplementary material completed in 2025 and published in JF Bangkok teacher resources.,"{""value"":null,""unit"":""percent"",""status"":""not_reported"",""numerator"":null,""denominator"":null,""scope"":null,""observationYear"":null,""sourceYear"":2025}",2026-10-08
evidence-f9b87b574dac12c3,TH,title-e5df04893685d8d5,あきこと友だち とびら動画,あきこと友だち,あきこと友だち／とびら動画,[],Secondary,Secondary: video supplement,curriculum_material,digital_resource,jf-profile-2025-TH,https://www.jpf.go.jp/j/project/japanese/survey/area/country/2025/thailand_2.pdf,2025,[8],4.学習環境／教材／中等教育,Opening videos produced during fiscal 2024–2025 with Hakuhodo education foundation and released on JF Bangkok website.,"{""value"":null,""unit"":""percent"",""status"":""not_reported"",""numerator"":null,""denominator"":null,""scope"":null,""observationYear"":null,""sourceYear"":2025}",2026-10-08
evidence-b963fc8068b0e396,TH,title-5cdf7e72cd95edca,みんなの日本語,みんなの日本語,みんなの日本語,[],Secondary / Higher / Other,Secondary: major courses; Higher: beginner; Other,reported_use,named_material,jf-profile-2025-TH,https://www.jpf.go.jp/j/project/japanese/survey/area/country/2025/thailand_2.pdf,2025,"[8,9]",教材／中等教育・高等教育・学校教育以外,Secondary major courses use this or Akiko; also used in higher-education beginner courses and widely used in Thai translation outside school.,"{""value"":null,""unit"":""percent"",""status"":""not_reported"",""numerator"":null,""denominator"":null,""scope"":null,""observationYear"":null,""sourceYear"":2025}",2026-10-08
evidence-69ca85c9b200e47c,TH,title-0d7c1286153521a5,まるごと 日本のことばと文化,まるごと,まるごと 日本のことばと文化,[],Secondary / Higher / Other,Secondary: supplementary; Higher: conversation; Other: publication only,reported_use,named_material,jf-profile-2025-TH,https://www.jpf.go.jp/j/project/japanese/survey/area/country/2025/thailand_2.pdf,2025,"[8,9]",教材／中等教育・高等教育・学校教育以外,Growing partial use in secondary schools and conversation classes in higher education. Outside-school paragraph only states Thai editions through Intermediate 1 (B1) are published.,"{""value"":null,""unit"":""percent"",""status"":""not_reported"",""numerator"":null,""denominator"":null,""scope"":null,""observationYear"":null,""sourceYear"":2025}",2026-10-08
evidence-602bf9b195cd47c2,TH,title-bf9398abbe7c4bb9,こはるといっしょに ひらがなわぁ～い,こはるシリーズ,こはるといっしょに ひらがなわぁ～い,[],Secondary,Secondary: short elective courses,reported_use,named_material,jf-profile-2025-TH,https://www.jpf.go.jp/j/project/japanese/survey/area/country/2025/thailand_2.pdf,2025,[9],4.学習環境／教材／中等教育,"Named publication in the Koharu series, which the profile says is widely used in short elective Japanese courses. Series-level use claim, not a measured title-specific rate.","{""value"":null,""unit"":""percent"",""status"":""not_reported"",""numerator"":null,""denominator"":null,""scope"":null,""observationYear"":null,""sourceYear"":2025}",2026-10-08
evidence-b501061deba9a514,TH,title-efc50a28e02c11d8,こはるといっしょに にほんごわぁ～い1,こはるシリーズ,こはるといっしょに にほんごわぁ～い1,[],Secondary,Secondary: short elective courses,reported_use,named_material,jf-profile-2025-TH,https://www.jpf.go.jp/j/project/japanese/survey/area/country/2025/thailand_2.pdf,2025,[9],4.学習環境／教材／中等教育,"Named publication in the Koharu series, which the profile says is widely used in short elective Japanese courses. Series-level use claim, not a measured title-specific rate.","{""value"":null,""unit"":""percent"",""status"":""not_reported"",""numerator"":null,""denominator"":null,""scope"":null,""observationYear"":null,""sourceYear"":2025}",2026-10-08
evidence-5f1682376f264b11,TH,title-9892d69cdc457713,こはるといっしょに にほんごわぁ～い2,こはるシリーズ,こはるといっしょに にほんごわぁ～い2,[],Secondary,Secondary: short elective courses,reported_use,named_material,jf-profile-2025-TH,https://www.jpf.go.jp/j/project/japanese/survey/area/country/2025/thailand_2.pdf,2025,[9],4.学習環境／教材／中等教育,"Named publication in the Koharu series, which the profile says is widely used in short elective Japanese courses. Series-level use claim, not a measured title-specific rate.","{""value"":null,""unit"":""percent"",""status"":""not_reported"",""numerator"":null,""denominator"":null,""scope"":null,""observationYear"":null,""sourceYear"":2025}",2026-10-08
evidence-accbf59d5a3bb9b4,TH,title-37244585dccb17a7,カタカナスースー,こはるシリーズ,カタカナスースー,[],Secondary,Secondary: short elective courses,reported_use,named_material,jf-profile-2025-TH,https://www.jpf.go.jp/j/project/japanese/survey/area/country/2025/thailand_2.pdf,2025,[9],4.学習環境／教材／中等教育,"Named publication in the Koharu series, which the profile says is widely used in short elective Japanese courses. Series-level use claim, not a measured title-specific rate.","{""value"":null,""unit"":""percent"",""status"":""not_reported"",""numerator"":null,""denominator"":null,""scope"":null,""observationYear"":null,""sourceYear"":2025}",2026-10-08
evidence-475de3283cdedc51,TH,title-36cfbaeae8cbc373,大地,大地,大地,[],Higher,Higher: beginner,reported_use,named_material,jf-profile-2025-TH,https://www.jpf.go.jp/j/project/japanese/survey/area/country/2025/thailand_2.pdf,2025,[9],4.学習環境／教材／高等教育,Named among higher-education teaching materials; preserve the title wording as printed by JF.,"{""value"":null,""unit"":""percent"",""status"":""not_reported"",""numerator"":null,""denominator"":null,""scope"":null,""observationYear"":null,""sourceYear"":2025}",2026-10-08
evidence-4790848a44f1b05f,TH,title-6e8e63b8204aa538,初級日本語,初級日本語,初級日本語,[],Higher,Higher: beginner,reported_use,named_material,jf-profile-2025-TH,https://www.jpf.go.jp/j/project/japanese/survey/area/country/2025/thailand_2.pdf,2025,[9],4.学習環境／教材／高等教育,Named among higher-education teaching materials; preserve the title wording as printed by JF.,"{""value"":null,""unit"":""percent"",""status"":""not_reported"",""numerator"":null,""denominator"":null,""scope"":null,""observationYear"":null,""sourceYear"":2025}",2026-10-08
evidence-48cf94fab1ef3489,TH,title-7af5cebe1fb2c80f,ニューアプローチ,ニューアプローチ,ニューアプローチ,[],Higher,Higher: intermediate and above,reported_use,named_material,jf-profile-2025-TH,https://www.jpf.go.jp/j/project/japanese/survey/area/country/2025/thailand_2.pdf,2025,[9],4.学習環境／教材／高等教育,Named among higher-education teaching materials; preserve the title wording as printed by JF.,"{""value"":null,""unit"":""percent"",""status"":""not_reported"",""numerator"":null,""denominator"":null,""scope"":null,""observationYear"":null,""sourceYear"":2025}",2026-10-08
evidence-a6eda14edba160fd,TH,title-10edb39d2873ad2f,テーマ別中級で学ぶ日本語,テーマ別中級で学ぶ日本語,テーマ別中級で学ぶ日本語,[],Higher,Higher: intermediate and above,reported_use,named_material,jf-profile-2025-TH,https://www.jpf.go.jp/j/project/japanese/survey/area/country/2025/thailand_2.pdf,2025,[9],4.学習環境／教材／高等教育,Named among higher-education teaching materials; preserve the title wording as printed by JF.,"{""value"":null,""unit"":""percent"",""status"":""not_reported"",""numerator"":null,""denominator"":null,""scope"":null,""observationYear"":null,""sourceYear"":2025}",2026-10-08
evidence-26edbf30e7580d52,TH,title-d906035db64cf6b2,中級を学ぼう,中級を学ぼう,中級を学ぼう,[],Higher,Higher: intermediate and above,reported_use,named_material,jf-profile-2025-TH,https://www.jpf.go.jp/j/project/japanese/survey/area/country/2025/thailand_2.pdf,2025,[9],4.学習環境／教材／高等教育,Named among higher-education teaching materials; preserve the title wording as printed by JF.,"{""value"":null,""unit"":""percent"",""status"":""not_reported"",""numerator"":null,""denominator"":null,""scope"":null,""observationYear"":null,""sourceYear"":2025}",2026-10-08
evidence-e382b1a452b23713,TH,title-6eb1d411e96a27e0,日本語中級,日本語中級,日本語中級,[],Higher,Higher: intermediate and above,reported_use,named_material,jf-profile-2025-TH,https://www.jpf.go.jp/j/project/japanese/survey/area/country/2025/thailand_2.pdf,2025,[9],4.学習環境／教材／高等教育,Named among higher-education teaching materials; preserve the title wording as printed by JF.,"{""value"":null,""unit"":""percent"",""status"":""not_reported"",""numerator"":null,""denominator"":null,""scope"":null,""observationYear"":null,""sourceYear"":2025}",2026-10-08
evidence-0ceac40e96eabbce,TH,title-1c3c6040ee235d3b,日本語上級,日本語上級,日本語上級,[],Higher,Higher: intermediate and above,reported_use,named_material,jf-profile-2025-TH,https://www.jpf.go.jp/j/project/japanese/survey/area/country/2025/thailand_2.pdf,2025,[9],4.学習環境／教材／高等教育,Named among higher-education teaching materials; preserve the title wording as printed by JF.,"{""value"":null,""unit"":""percent"",""status"":""not_reported"",""numerator"":null,""denominator"":null,""scope"":null,""observationYear"":null,""sourceYear"":2025}",2026-10-08
evidence-fd2d50e10128d402,TH,title-04f3b3facf11d9a6,J.Bridge,J.Bridge,J.Bridge,[],Other,Other,reported_use,named_material,jf-profile-2025-TH,https://www.jpf.go.jp/j/project/japanese/survey/area/country/2025/thailand_2.pdf,2025,[9],4.学習環境／教材／学校教育以外,Thai-translated general course text described as widely used.,"{""value"":null,""unit"":""percent"",""status"":""not_reported"",""numerator"":null,""denominator"":null,""scope"":null,""observationYear"":null,""sourceYear"":2025}",2026-10-08
evidence-e0fd6a7cdbb86e58,TH,title-edd399722b8c9579,エリンが挑戦！にほんごできます,エリンが挑戦！にほんごできます,エリンが挑戦！にほんごできます,[],Other,Other,mentioned,named_material,jf-profile-2025-TH,https://www.jpf.go.jp/j/project/japanese/survey/area/country/2025/thailand_2.pdf,2025,[9],4.学習環境／教材／学校教育以外,"Thai DVD-material edition published by 泰日経済技術振興協会; publication stated, no use frequency.","{""value"":null,""unit"":""percent"",""status"":""not_reported"",""numerator"":null,""denominator"":null,""scope"":null,""observationYear"":null,""sourceYear"":2025}",2026-10-08
evidence-9bc69d9a1f4ea8f8,TH,title-60e0f4409344b2d5,いろどり 生活の日本語,いろどり,いろどり 生活の日本語,[],Other,Other,reported_use,named_material,jf-profile-2025-TH,https://www.jpf.go.jp/j/project/japanese/survey/area/country/2025/thailand_2.pdf,2025,[9],4.学習環境／教材／学校教育以外,Main-text use at some sending-organization schools and growing supplementary use by teachers.,"{""value"":null,""unit"":""percent"",""status"":""not_reported"",""numerator"":null,""denominator"":null,""scope"":null,""observationYear"":null,""sourceYear"":2025}",2026-10-08
evidence-c60c9326a253968d,TL,title-3009513eb30915d0,いろどり,いろどり,いろどり生活の日本語,[],Higher,,reported_use,named_material,jf-profile-2025-TL,https://www.jpf.go.jp/j/project/japanese/survey/area/country/2025/e_timor_2.pdf,2025,[4],4. 学習環境 — 教材,Named in the 教材 section for this educational stage; no quantitative adoption rate is stated for this observation.,"{""status"":""not_reported"",""value"":null}",2026-10-08
evidence-aab43a7658d376df,TL,title-2fa90fb19e335306,できる日本語,できる日本語,できる日本語,[],Other,,reported_use,named_material,jf-profile-2025-TL,https://www.jpf.go.jp/j/project/japanese/survey/area/country/2025/e_timor_2.pdf,2025,[4],4. 学習環境 — 教材,Named in the 教材 section for this educational stage; no quantitative adoption rate is stated for this observation.,"{""status"":""not_reported"",""value"":null}",2026-10-08
evidence-8f939213edb6090a,TL,title-5cdf7e72cd95edca,みんなの日本語,みんなの日本語,みんなの日本語（初級）,[],Other,,reported_use,named_material,jf-profile-2025-TL,https://www.jpf.go.jp/j/project/japanese/survey/area/country/2025/e_timor_2.pdf,2025,[4],4. 学習環境 — 教材,Named in the 教材 section for this educational stage; no quantitative adoption rate is stated for this observation.,"{""status"":""not_reported"",""value"":null}",2026-10-08
evidence-673f2d4f19c10eca,TL,title-a64492549292f0bc,Lian Japones-Tetun,Lian Japones-Tetun,Lian Japones-Tetun,[],Other,,reported_use,named_material,jf-profile-2025-TL,https://www.jpf.go.jp/j/project/japanese/survey/area/country/2025/e_timor_2.pdf,2025,[4],4. 学習環境 — 教材,Named in the 教材 section for this educational stage; no quantitative adoption rate is stated for this observation.,"{""status"":""not_reported"",""value"":null}",2026-10-08
evidence-3f309e2697c6d672,TL,title-51f9d64d8f743a12,Loro Loron ! Lingua Japaun,Loro Loron ! Lingua Japaun,Loro Loron ! Lingua Japaun,[],Other,,reported_use,named_material,jf-profile-2025-TL,https://www.jpf.go.jp/j/project/japanese/survey/area/country/2025/e_timor_2.pdf,2025,[4],4. 学習環境 — 教材,Named in the 教材 section for this educational stage; no quantitative adoption rate is stated for this observation.,"{""status"":""not_reported"",""value"":null}",2026-10-08
evidence-ee4f04383e82c2c9,PH,title-850e55a7b7863ee0,enTree:Halina! Be a NIHONGOJIN!!,enTree:Halina! Be a NIHONGOJIN!!,enTree:Halina! Be a NIHONGOJIN!!,[],Secondary,,reported_use,named_material,jf-profile-2025-PH,https://www.jpf.go.jp/j/project/japanese/survey/area/country/2025/philippines_2.pdf,2025,[7],4. 学習環境 — 教材,Named in the 教材 section for this educational stage; no quantitative adoption rate is stated for this observation.,"{""status"":""not_reported"",""value"":null}",2026-10-08
evidence-b72a377ce31c528c,PH,title-5cdf7e72cd95edca,みんなの日本語,みんなの日本語,みんなの日本語,[],Higher,,reported_use,named_material,jf-profile-2025-PH,https://www.jpf.go.jp/j/project/japanese/survey/area/country/2025/philippines_2.pdf,2025,[7],4. 学習環境 — 教材,Named in the 教材 section for this educational stage; no quantitative adoption rate is stated for this observation.,"{""status"":""not_reported"",""value"":null}",2026-10-08
evidence-5c391af1cf0a9917,PH,title-83460c5bb06bd9a0,げんき,げんき,初級日本語げんき,[],Higher,,reported_use,named_material,jf-profile-2025-PH,https://www.jpf.go.jp/j/project/japanese/survey/area/country/2025/philippines_2.pdf,2025,[7],4. 学習環境 — 教材,Named in the 教材 section for this educational stage; no quantitative adoption rate is stated for this observation.,"{""status"":""not_reported"",""value"":null}",2026-10-08
evidence-101d0a082e5d8344,PH,title-3009513eb30915d0,いろどり,いろどり,いろどり,[],Higher,,reported_use,named_material,jf-profile-2025-PH,https://www.jpf.go.jp/j/project/japanese/survey/area/country/2025/philippines_2.pdf,2025,[7],4. 学習環境 — 教材,Named in the 教材 section for this educational stage; no quantitative adoption rate is stated for this observation.,"{""status"":""not_reported"",""value"":null}",2026-10-08
evidence-fc5e6b028e54dc49,PH,title-5cdf7e72cd95edca,みんなの日本語,みんなの日本語,みんなの日本語,[],Other,,mentioned,named_material,jf-profile-2025-PH,https://www.jpf.go.jp/j/project/japanese/survey/area/country/2025/philippines_2.pdf,2025,[7],4. 学習環境 — 教材,Described as previously common (以前は); passage contrasts with growing Irodori use.,"{""status"":""not_reported"",""value"":null}",2026-10-08
evidence-6d9094119065eb42,PH,title-3009513eb30915d0,いろどり,いろどり,いろどり,[],Other,,reported_use,named_material,jf-profile-2025-PH,https://www.jpf.go.jp/j/project/japanese/survey/area/country/2025/philippines_2.pdf,2025,"[7,8]",4. 学習環境 — 教材,"A Manila centre survey during November 2024–March 2025 received responses from 54 Japanese-language schools/training centres: 68% using, 24% planning use. These are respondent-only rates, not national prevalence.","{""status"":""reported"",""value"":68,""unit"":""percent"",""numerator"":null,""denominator"":54,""scope"":""54 responding Japanese-language schools and training centres; JF Manila local survey November 2024–March 2025"",""observationYear"":2025,""sourceYear"":2025}",2026-10-08
evidence-03d91851b6696e49,PH,title-013afebe2b30c147,まるごと,まるごと,まるごと 日本のことばと文化 A1,[],Unspecified,,mentioned,named_material,jf-profile-2025-PH,https://www.jpf.go.jp/j/project/japanese/survey/area/country/2025/philippines_2.pdf,2025,[15],2. 日本語教育の実施状況 / 10. 日本語教育略史,Local edition publication recorded in historical timeline; not a measured adoption claim.,"{""status"":""not_reported"",""value"":null}",2026-10-08
evidence-ca3356f4c155a99b,BN,title-5cdf7e72cd95edca,みんなの日本語,みんなの日本語,みんなの日本語初級Ⅰ、Ⅱ,[],Higher,,reported_use,named_material,jf-profile-2025-BN,https://www.jpf.go.jp/j/project/japanese/survey/area/country/2025/brunei_2.pdf,2025,[4],4. 学習環境 — 教材,Listed as a reference textbook at Universiti Brunei Darussalam Language Centre; its main teaching materials are locally produced.,"{""status"":""not_reported"",""value"":null}",2026-10-08
evidence-34100caee0861a0d,BN,title-2fa90fb19e335306,できる日本語,できる日本語,できる日本語,[],Higher,,reported_use,named_material,jf-profile-2025-BN,https://www.jpf.go.jp/j/project/japanese/survey/area/country/2025/brunei_2.pdf,2025,[4],4. 学習環境 — 教材,Listed as a reference textbook at Universiti Brunei Darussalam Language Centre; its main teaching materials are locally produced.,"{""status"":""not_reported"",""value"":null}",2026-10-08
evidence-4ac334412ea5252b,BN,title-83460c5bb06bd9a0,げんき,げんき,げんきⅠ、Ⅱ,[],Higher,,reported_use,named_material,jf-profile-2025-BN,https://www.jpf.go.jp/j/project/japanese/survey/area/country/2025/brunei_2.pdf,2025,[4],4. 学習環境 — 教材,Listed as a reference textbook at Universiti Brunei Darussalam Language Centre; its main teaching materials are locally produced.,"{""status"":""not_reported"",""value"":null}",2026-10-08
evidence-9e37485b5d588941,BN,title-013afebe2b30c147,まるごと,まるごと,まるごと日本のことばと文化,[],Higher,,reported_use,named_material,jf-profile-2025-BN,https://www.jpf.go.jp/j/project/japanese/survey/area/country/2025/brunei_2.pdf,2025,[4],4. 学習環境 — 教材,Listed as a reference textbook at Universiti Brunei Darussalam Language Centre; its main teaching materials are locally produced.,"{""status"":""not_reported"",""value"":null}",2026-10-08
evidence-1f0f02c4a7b6f1ad,BN,title-2972692c9e5a006d,NEJ: A New Approach to Elementary Japanese,NEJ: A New Approach to Elementary Japanese,NEJ：テーマで学ぶ基礎日本語,[],Higher,,reported_use,named_material,jf-profile-2025-BN,https://www.jpf.go.jp/j/project/japanese/survey/area/country/2025/brunei_2.pdf,2025,[4],4. 学習環境 — 教材,Listed as a reference textbook at Universiti Brunei Darussalam Language Centre; its main teaching materials are locally produced.,"{""status"":""not_reported"",""value"":null}",2026-10-08
evidence-239fa523a8798027,VN,title-4606fd3611183d3e,にほんご（3、4年生）,にほんご（3、4年生）,にほんご（3、4年生）,[],Primary,Primary: grades 3–4,reported_use,named_material,jf-profile-2025-VN,https://www.jpf.go.jp/j/project/japanese/survey/area/country/2025/vietnam_2.pdf,2025,[9],4.学習環境／教材／初等教育,"Approved first-foreign-language textbooks published October 2023, used mainly at schools officially offering Japanese as first foreign language.","{""value"":null,""unit"":""percent"",""status"":""not_reported"",""numerator"":null,""denominator"":null,""scope"":null,""observationYear"":null,""sourceYear"":2025}",2026-10-08
evidence-51794eb67a38c220,VN,title-6a339072bbefe7c2,にほんご（5年生）,にほんご（5年生）,にほんご（5年生）,[],Primary,Primary: grade 5,reported_use,named_material,jf-profile-2025-VN,https://www.jpf.go.jp/j/project/japanese/survey/area/country/2025/vietnam_2.pdf,2025,[9],4.学習環境／教材／初等教育,"Approved first-foreign-language textbook published September 2024, used mainly at schools officially offering Japanese as first foreign language.","{""value"":null,""unit"":""percent"",""status"":""not_reported"",""numerator"":null,""denominator"":null,""scope"":null,""observationYear"":null,""sourceYear"":2025}",2026-10-08
evidence-58e5c227046fc15e,VN,title-67ade247e0299fd3,にほんご（6～12年生）,にほんご（6～12年生）,にほんご（6～12年生）,[],Secondary,Secondary: grades 6–12,approved_category,named_material,jf-profile-2025-VN,https://www.jpf.go.jp/j/project/japanese/survey/area/country/2025/vietnam_2.pdf,2025,[9],4.学習環境／教材／中等教育,"Approved series expected to be used; some extracurricular, specialized and private courses use other books too.","{""value"":null,""unit"":""percent"",""status"":""not_reported"",""numerator"":null,""denominator"":null,""scope"":null,""observationYear"":null,""sourceYear"":2025}",2026-10-08
evidence-4f104f65549394ad,VN,title-7a81b4c2c9b59ad7,日本語（1巻—7巻）,日本語（ベトナム第二外国語）,日本語（1巻—7巻）,[],Secondary,"Secondary: second foreign language, planned series",curriculum_material,named_material,jf-profile-2025-VN,https://www.jpf.go.jp/j/project/japanese/survey/area/country/2025/vietnam_2.pdf,2025,"[9,10]",4.学習環境／教材／中等教育,Revision of the secondary second-foreign-language textbook series aligned with the 2018 curriculum is in progress. Do not imply all seven volumes are published or adopted.,"{""value"":null,""unit"":""percent"",""status"":""not_reported"",""numerator"":null,""denominator"":null,""scope"":null,""observationYear"":null,""sourceYear"":2025}",2026-10-08
evidence-e5c0b5ab13ac78cd,VN,title-e39351fee1ef17a1,日本語第1巻（6年生）,日本語（ベトナム第二外国語）,日本語第1巻（6年生）,[],Secondary,"Secondary: grade 6, second foreign language",mentioned,named_material,jf-profile-2025-VN,https://www.jpf.go.jp/j/project/japanese/survey/area/country/2025/vietnam_2.pdf,2025,[10],4.学習環境／教材／中等教育,Already published revised second-foreign-language volume; no explicit classroom uptake stated.,"{""value"":null,""unit"":""percent"",""status"":""not_reported"",""numerator"":null,""denominator"":null,""scope"":null,""observationYear"":null,""sourceYear"":2025}",2026-10-08
evidence-b2dd9aedb9f19a67,VN,title-807199260e33423b,日本語第2巻（7年生）,日本語（ベトナム第二外国語）,日本語第2巻（7年生）,[],Secondary,"Secondary: grade 7, second foreign language",mentioned,named_material,jf-profile-2025-VN,https://www.jpf.go.jp/j/project/japanese/survey/area/country/2025/vietnam_2.pdf,2025,[10],4.学習環境／教材／中等教育,Already published revised second-foreign-language volume; no explicit classroom uptake stated.,"{""value"":null,""unit"":""percent"",""status"":""not_reported"",""numerator"":null,""denominator"":null,""scope"":null,""observationYear"":null,""sourceYear"":2025}",2026-10-08
evidence-7acb865a1d882f25,VN,title-0d7c1286153521a5,まるごと 日本のことばと文化,まるごと,まるごと 日本のことばと文化,[],Secondary / Higher / Other,Secondary: specifically named affiliated middle school; Higher; Other,reported_use,named_material,jf-profile-2025-VN,https://www.jpf.go.jp/j/project/japanese/survey/area/country/2025/vietnam_2.pdf,2025,"[9,10]",教材／中等教育・高等教育・学校教育以外,"Used at the lower-secondary school attached to VNU Hanoi University of Languages and International Studies; some universities adopted the authorized First News translation, and growing private-school use.","{""value"":null,""unit"":""percent"",""status"":""not_reported"",""numerator"":null,""denominator"":null,""scope"":null,""observationYear"":null,""sourceYear"":2025}",2026-10-08
evidence-5da33cb2575aee7b,VN,title-5cdf7e72cd95edca,みんなの日本語,みんなの日本語,みんなの日本語,[],Higher / Other,Higher: beginner; Other,reported_use,named_material,jf-profile-2025-VN,https://www.jpf.go.jp/j/project/japanese/survey/area/country/2025/vietnam_2.pdf,2025,[10],教材／高等教育・学校教育以外,Main university beginner text and frequently used in private Japanese schools and sending organizations.,"{""value"":null,""unit"":""percent"",""status"":""not_reported"",""numerator"":null,""denominator"":null,""scope"":null,""observationYear"":null,""sourceYear"":2025}",2026-10-08
evidence-53680f0530b0a576,VN,title-6e8e63b8204aa538,初級日本語,初級日本語,初級日本語,[],Higher,Higher: beginner,reported_use,named_material,jf-profile-2025-VN,https://www.jpf.go.jp/j/project/japanese/survey/area/country/2025/vietnam_2.pdf,2025,[10],4.学習環境／教材／高等教育,Named among the principal university materials.,"{""value"":null,""unit"":""percent"",""status"":""not_reported"",""numerator"":null,""denominator"":null,""scope"":null,""observationYear"":null,""sourceYear"":2025}",2026-10-08
evidence-0727564155a526ae,VN,title-af05f931df706d34,中級日本語,中級日本語,中級日本語,[],Higher,Higher: intermediate,reported_use,named_material,jf-profile-2025-VN,https://www.jpf.go.jp/j/project/japanese/survey/area/country/2025/vietnam_2.pdf,2025,[10],4.学習環境／教材／高等教育,Named among the principal university materials.,"{""value"":null,""unit"":""percent"",""status"":""not_reported"",""numerator"":null,""denominator"":null,""scope"":null,""observationYear"":null,""sourceYear"":2025}",2026-10-08
evidence-d68eaf9485380a68,VN,title-98c513cc915ce23f,テーマ別中級から学ぶ日本語,テーマ別中級から学ぶ日本語,テーマ別中級から学ぶ日本語,[],Higher,Higher: intermediate,reported_use,named_material,jf-profile-2025-VN,https://www.jpf.go.jp/j/project/japanese/survey/area/country/2025/vietnam_2.pdf,2025,[10],4.学習環境／教材／高等教育,Named among the principal university materials.,"{""value"":null,""unit"":""percent"",""status"":""not_reported"",""numerator"":null,""denominator"":null,""scope"":null,""observationYear"":null,""sourceYear"":2025}",2026-10-08
evidence-de0fb3c4c6277e60,VN,title-deffa6fea0cd0c65,ニューアプローチ中級日本語[基礎編],ニューアプローチ,ニューアプローチ中級日本語[基礎編],[],Higher,Higher: intermediate,reported_use,named_material,jf-profile-2025-VN,https://www.jpf.go.jp/j/project/japanese/survey/area/country/2025/vietnam_2.pdf,2025,[10],4.学習環境／教材／高等教育,Named among the principal university materials.,"{""value"":null,""unit"":""percent"",""status"":""not_reported"",""numerator"":null,""denominator"":null,""scope"":null,""observationYear"":null,""sourceYear"":2025}",2026-10-08
evidence-2f80e696174defcf,VN,title-39853c0d4d75c203,NEJ：A New Approach to Elementary Japanese,NEJ,NEJ：A New Approach to Elementary Japanese,[],Higher,Higher,reported_use,named_material,jf-profile-2025-VN,https://www.jpf.go.jp/j/project/japanese/survey/area/country/2025/vietnam_2.pdf,2025,[10],4.学習環境／教材／高等教育,"Some institutions began using the authorized Vietnamese edition; Koichi Nishiguchi, Ho Chi Minh City University of Education publisher.","{""value"":null,""unit"":""percent"",""status"":""not_reported"",""numerator"":null,""denominator"":null,""scope"":null,""observationYear"":null,""sourceYear"":2025}",2026-10-08
evidence-2fd7bad8efe8855c,VN,title-60e0f4409344b2d5,いろどり 生活の日本語,いろどり,いろどり 生活の日本語,[],Higher / Other,Higher: some institutions; Other: sending organizations,reported_use,named_material,jf-profile-2025-VN,https://www.jpf.go.jp/j/project/japanese/survey/area/country/2025/vietnam_2.pdf,2025,[10],教材／高等教育・学校教育以外,Vietnamese edition beginning to be used at some higher-education institutions and increasingly introduced by sending organizations.,"{""value"":null,""unit"":""percent"",""status"":""not_reported"",""numerator"":null,""denominator"":null,""scope"":null,""observationYear"":null,""sourceYear"":2025}",2026-10-08
evidence-a45bbb074ab3c47a,MY,title-5cdf7e72cd95edca,みんなの日本語,みんなの日本語,みんなの日本語,[],Higher,,reported_use,named_material,jf-profile-2025-MY,https://www.jpf.go.jp/j/project/japanese/survey/area/country/2025/malaysia_2.pdf,2025,[7],4. 学習環境 — 教材,Named in the 教材 section for this educational stage; no quantitative adoption rate is stated for this observation.,"{""status"":""not_reported"",""value"":null}",2026-10-08
evidence-576fc2eb1f5b3990,MY,title-013afebe2b30c147,まるごと,まるごと,まるごと日本のことばと文化,[],Higher,,reported_use,named_material,jf-profile-2025-MY,https://www.jpf.go.jp/j/project/japanese/survey/area/country/2025/malaysia_2.pdf,2025,[7],4. 学習環境 — 教材,Named in the 教材 section for this educational stage; no quantitative adoption rate is stated for this observation.,"{""status"":""not_reported"",""value"":null}",2026-10-08
evidence-47d33d62a7456577,MY,title-013afebe2b30c147,まるごと,まるごと,まるごと,[],Higher,,reported_use,named_material,jf-profile-2025-MY,https://www.jpf.go.jp/j/project/japanese/survey/area/country/2025/malaysia_2.pdf,2025,[7],4. 学習環境 — 教材,Named in the 教材 section for this educational stage; no quantitative adoption rate is stated for this observation.,"{""status"":""not_reported"",""value"":null}",2026-10-08
evidence-8e671a3bb844fc38,MY,title-5cdf7e72cd95edca,みんなの日本語,みんなの日本語,みんなの日本語,[],Other,,reported_use,named_material,jf-profile-2025-MY,https://www.jpf.go.jp/j/project/japanese/survey/area/country/2025/malaysia_2.pdf,2025,[7],4. 学習環境 — 教材,Named in the 教材 section for this educational stage; no quantitative adoption rate is stated for this observation.,"{""status"":""not_reported"",""value"":null}",2026-10-08
evidence-c387fc70ac468575,MY,title-013afebe2b30c147,まるごと,まるごと,まるごと,[],Other,,reported_use,named_material,jf-profile-2025-MY,https://www.jpf.go.jp/j/project/japanese/survey/area/country/2025/malaysia_2.pdf,2025,[7],4. 学習環境 — 教材,Named in the 教材 section for this educational stage; no quantitative adoption rate is stated for this observation.,"{""status"":""not_reported"",""value"":null}",2026-10-08
evidence-c794721e39a0849a,MM,title-5cdf7e72cd95edca,みんなの日本語,みんなの日本語,みんなの日本語,[],Secondary,,reported_use,named_material,jf-profile-2025-MM,https://www.jpf.go.jp/j/project/japanese/survey/area/country/2025/myanmar_2.pdf,2025,[6],4. 学習環境 — 教材,Named in the 教材 section for this educational stage; no quantitative adoption rate is stated for this observation.,"{""status"":""not_reported"",""value"":null}",2026-10-08
evidence-a083062df33b5681,MM,title-3a37d8a16e0d72b0,おひさま〔はじめのいっぽ〕,おひさま〔はじめのいっぽ〕,おひさま〔はじめのいっぽ〕,[],Secondary,,reported_use,named_material,jf-profile-2025-MM,https://www.jpf.go.jp/j/project/japanese/survey/area/country/2025/myanmar_2.pdf,2025,[6],4. 学習環境 — 教材,Named in the 教材 section for this educational stage; no quantitative adoption rate is stated for this observation.,"{""status"":""not_reported"",""value"":null}",2026-10-08
evidence-2443c9e8c23b8c65,MM,title-09984ada167d29f0,エリンが挑戦！にほんごできます。,エリンが挑戦！にほんごできます。,DVD で学ぶ日本語エリンが挑戦！にほんごできます。,[],Secondary,,reported_use,named_material,jf-profile-2025-MM,https://www.jpf.go.jp/j/project/japanese/survey/area/country/2025/myanmar_2.pdf,2025,[6],4. 学習環境 — 教材,Named in the 教材 section for this educational stage; no quantitative adoption rate is stated for this observation.,"{""status"":""not_reported"",""value"":null}",2026-10-08
evidence-6b33cd16390ded72,MM,title-6e8e63b8204aa538,初級日本語,初級日本語,初級日本語,[],Higher,,reported_use,named_material,jf-profile-2025-MM,https://www.jpf.go.jp/j/project/japanese/survey/area/country/2025/myanmar_2.pdf,2025,[6],4. 学習環境 — 教材,Named in the 教材 section for this educational stage; no quantitative adoption rate is stated for this observation.,"{""status"":""not_reported"",""value"":null}",2026-10-08
evidence-38d600b69551ae08,MM,title-c901d4f70037770f,日本語読解入門,日本語読解入門,日本語読解入門,[],Higher,,reported_use,named_material,jf-profile-2025-MM,https://www.jpf.go.jp/j/project/japanese/survey/area/country/2025/myanmar_2.pdf,2025,[6],4. 学習環境 — 教材,Named in the 教材 section for this educational stage; no quantitative adoption rate is stated for this observation.,"{""status"":""not_reported"",""value"":null}",2026-10-08
evidence-11392ee8f157c678,MM,title-98c513cc915ce23f,テーマ別中級から学ぶ日本語,テーマ別中級から学ぶ日本語,テーマ別中級から学ぶ日本語,[],Higher,,reported_use,named_material,jf-profile-2025-MM,https://www.jpf.go.jp/j/project/japanese/survey/area/country/2025/myanmar_2.pdf,2025,[6],4. 学習環境 — 教材,Named in the 教材 section for this educational stage; no quantitative adoption rate is stated for this observation.,"{""status"":""not_reported"",""value"":null}",2026-10-08
evidence-09037e3f39055ede,MM,title-13e4bd01a20e7bef,テーマ別上級で学ぶ日本語,テーマ別上級で学ぶ日本語,テーマ別上級で学ぶ日本語,[],Higher,,reported_use,named_material,jf-profile-2025-MM,https://www.jpf.go.jp/j/project/japanese/survey/area/country/2025/myanmar_2.pdf,2025,[6],4. 学習環境 — 教材,Named in the 教材 section for this educational stage; no quantitative adoption rate is stated for this observation.,"{""status"":""not_reported"",""value"":null}",2026-10-08
evidence-a643c67d36334aae,MM,title-5cdf7e72cd95edca,みんなの日本語,みんなの日本語,みんなの日本語,[],Higher,,reported_use,named_material,jf-profile-2025-MM,https://www.jpf.go.jp/j/project/japanese/survey/area/country/2025/myanmar_2.pdf,2025,[7],4. 学習環境 — 教材,Named in the 教材 section for this educational stage; no quantitative adoption rate is stated for this observation.,"{""status"":""not_reported"",""value"":null}",2026-10-08
evidence-4f644ba4f91b7a41,MM,title-f62f73bc53f02358,中級へ行こう,中級へ行こう,中級へ行こう日本語の文型と表現 59,[],Higher,,reported_use,named_material,jf-profile-2025-MM,https://www.jpf.go.jp/j/project/japanese/survey/area/country/2025/myanmar_2.pdf,2025,[7],4. 学習環境 — 教材,Named in the 教材 section for this educational stage; no quantitative adoption rate is stated for this observation.,"{""status"":""not_reported"",""value"":null}",2026-10-08
evidence-47222f7ba70b9947,MM,title-d906035db64cf6b2,中級を学ぼう,中級を学ぼう,中級を学ぼう日本語の文型と表現 56 中級前期,[],Higher,,reported_use,named_material,jf-profile-2025-MM,https://www.jpf.go.jp/j/project/japanese/survey/area/country/2025/myanmar_2.pdf,2025,[7],4. 学習環境 — 教材,Named in the 教材 section for this educational stage; no quantitative adoption rate is stated for this observation.,"{""status"":""not_reported"",""value"":null}",2026-10-08
evidence-92e2bc6d4584be5b,MM,title-5cdf7e72cd95edca,みんなの日本語,みんなの日本語,みんなの日本語初級,[],Other,,reported_use,named_material,jf-profile-2025-MM,https://www.jpf.go.jp/j/project/japanese/survey/area/country/2025/myanmar_2.pdf,2025,[7],4. 学習環境 — 教材,Named in the 教材 section for this educational stage; no quantitative adoption rate is stated for this observation.,"{""status"":""not_reported"",""value"":null}",2026-10-08
evidence-1001481eced16337,MM,title-3009513eb30915d0,いろどり,いろどり,いろどり生活の日本語,[],Other,,reported_use,named_material,jf-profile-2025-MM,https://www.jpf.go.jp/j/project/japanese/survey/area/country/2025/myanmar_2.pdf,2025,[7],4. 学習環境 — 教材,Named in the 教材 section for this educational stage; no quantitative adoption rate is stated for this observation.,"{""status"":""not_reported"",""value"":null}",2026-10-08
evidence-38608787a8cbb341,MM,title-013afebe2b30c147,まるごと,まるごと,まるごと日本のことばと文化,[],Other,,reported_use,named_material,jf-profile-2025-MM,https://www.jpf.go.jp/j/project/japanese/survey/area/country/2025/myanmar_2.pdf,2025,[7],4. 学習環境 — 教材,Named in the 教材 section for this educational stage; no quantitative adoption rate is stated for this observation.,"{""status"":""not_reported"",""value"":null}",2026-10-08
evidence-e2a0116acd670d11,MM,title-e6349d1014fc5262,新完全マスター,新完全マスター,新完全マスター,[],Other,,reported_use,named_material,jf-profile-2025-MM,https://www.jpf.go.jp/j/project/japanese/survey/area/country/2025/myanmar_2.pdf,2025,[7],4. 学習環境 — 教材,Named in the 教材 section for this educational stage; no quantitative adoption rate is stated for this observation.,"{""status"":""not_reported"",""value"":null}",2026-10-08
evidence-46439c4b500db309,MM,title-50f6a3895858981c,スピードマスター,スピードマスター,スピードマスター,[],Other,,reported_use,named_material,jf-profile-2025-MM,https://www.jpf.go.jp/j/project/japanese/survey/area/country/2025/myanmar_2.pdf,2025,[7],4. 学習環境 — 教材,Named in the 教材 section for this educational stage; no quantitative adoption rate is stated for this observation.,"{""status"":""not_reported"",""value"":null}",2026-10-08
evidence-df91a843e216a93d,MM,title-349920def0c392cc,耳から覚える,耳から覚える,耳から覚える,[],Other,,reported_use,named_material,jf-profile-2025-MM,https://www.jpf.go.jp/j/project/japanese/survey/area/country/2025/myanmar_2.pdf,2025,[7],4. 学習環境 — 教材,Named in the 教材 section for this educational stage; no quantitative adoption rate is stated for this observation.,"{""status"":""not_reported"",""value"":null}",2026-10-08
evidence-c71eadbc15a8b8a4,MM,title-0806a0d35f2706d8,日本語総まとめ,日本語総まとめ,日本語総まとめ,[],Other,,reported_use,named_material,jf-profile-2025-MM,https://www.jpf.go.jp/j/project/japanese/survey/area/country/2025/myanmar_2.pdf,2025,[7],4. 学習環境 — 教材,Named in the 教材 section for this educational stage; no quantitative adoption rate is stated for this observation.,"{""status"":""not_reported"",""value"":null}",2026-10-08
evidence-2bd547e1380c719a,MM,title-9b96f90ccd2e1196,にほんごチャレンジ,にほんごチャレンジ,にほんごチャレンジ,[],Other,,reported_use,named_material,jf-profile-2025-MM,https://www.jpf.go.jp/j/project/japanese/survey/area/country/2025/myanmar_2.pdf,2025,[7],4. 学習環境 — 教材,Named in the 教材 section for this educational stage; no quantitative adoption rate is stated for this observation.,"{""status"":""not_reported"",""value"":null}",2026-10-08
evidence-0daf4452e73b6b53,MM,title-6f9484d34e0fe37b,TRY!,TRY!,TRY!,[],Other,,reported_use,named_material,jf-profile-2025-MM,https://www.jpf.go.jp/j/project/japanese/survey/area/country/2025/myanmar_2.pdf,2025,[7],4. 学習環境 — 教材,Named in the 教材 section for this educational stage; no quantitative adoption rate is stated for this observation.,"{""status"":""not_reported"",""value"":null}",2026-10-08
evidence-8204198f9910c0c4,MM,title-97667d7ef7852190,わくわくにほんご,わくわくにほんご,わくわくにほんご,[],Unspecified,,mentioned,named_material,jf-profile-2025-MM,https://www.jpf.go.jp/j/project/japanese/survey/area/country/2025/myanmar_2.pdf,2025,[4],2. 日本語教育の実施状況 / 10. 日本語教育略史,Myanmar-language online edition published in 2025. Publication stated; adoption is not established.,"{""status"":""not_reported"",""value"":null}",2026-10-08
evidence-19d0bc36813f1a0f,LA,title-a035eaeab4874bb4,にほんごをまなぼう,にほんごをまなぼう,にほんごをまなぼう,[],Primary,,reported_use,named_material,jf-profile-2025-LA,https://www.jpf.go.jp/j/project/japanese/survey/area/country/2025/laos_2.pdf,2025,[4],4. 学習環境 — 教材,Named in the 教材 section for this educational stage; no quantitative adoption rate is stated for this observation.,"{""status"":""not_reported"",""value"":null}",2026-10-08
evidence-eb1a9024e9748aa1,LA,title-519f9962f040e8c0,にほんご,にほんご,にほんご,[],Secondary,,reported_use,named_material,jf-profile-2025-LA,https://www.jpf.go.jp/j/project/japanese/survey/area/country/2025/laos_2.pdf,2025,[5],4. 学習環境 — 教材,Named in the 教材 section for this educational stage; no quantitative adoption rate is stated for this observation.,"{""status"":""not_reported"",""value"":null}",2026-10-08
evidence-b761c56b245fb76b,LA,title-f6ce20ad8be23d26,あきこと友だち,あきこと友だち,あきこと友だち,[],Secondary,,reported_use,named_material,jf-profile-2025-LA,https://www.jpf.go.jp/j/project/japanese/survey/area/country/2025/laos_2.pdf,2025,[5],4. 学習環境 — 教材,Named in the 教材 section for this educational stage; no quantitative adoption rate is stated for this observation.,"{""status"":""not_reported"",""value"":null}",2026-10-08
evidence-0089dc7b4c533c93,LA,title-83460c5bb06bd9a0,げんき,げんき,初級教科書げんき,[],Secondary,,reported_use,named_material,jf-profile-2025-LA,https://www.jpf.go.jp/j/project/japanese/survey/area/country/2025/laos_2.pdf,2025,[5],4. 学習環境 — 教材,Named in the 教材 section for this educational stage; no quantitative adoption rate is stated for this observation.,"{""status"":""not_reported"",""value"":null}",2026-10-08
evidence-0821f6a240a9e249,LA,title-5cdf7e72cd95edca,みんなの日本語,みんなの日本語,みんなの日本語,[],Higher,,reported_use,named_material,jf-profile-2025-LA,https://www.jpf.go.jp/j/project/japanese/survey/area/country/2025/laos_2.pdf,2025,[5],4. 学習環境 — 教材,Named in the 教材 section for this educational stage; no quantitative adoption rate is stated for this observation.,"{""status"":""not_reported"",""value"":null}",2026-10-08
evidence-0d47507b6a3db664,LA,title-f62f73bc53f02358,中級へ行こう,中級へ行こう,中級へ行こう,[],Higher,,reported_use,named_material,jf-profile-2025-LA,https://www.jpf.go.jp/j/project/japanese/survey/area/country/2025/laos_2.pdf,2025,[5],4. 学習環境 — 教材,Named in the 教材 section for this educational stage; no quantitative adoption rate is stated for this observation.,"{""status"":""not_reported"",""value"":null}",2026-10-08
evidence-cf297931fc688a0d,LA,title-d906035db64cf6b2,中級を学ぼう,中級を学ぼう,中級を学ぼう,[],Higher,,reported_use,named_material,jf-profile-2025-LA,https://www.jpf.go.jp/j/project/japanese/survey/area/country/2025/laos_2.pdf,2025,[5],4. 学習環境 — 教材,Named in the 教材 section for this educational stage; no quantitative adoption rate is stated for this observation.,"{""status"":""not_reported"",""value"":null}",2026-10-08
evidence-38a11036699511a2,LA,title-98c513cc915ce23f,テーマ別中級から学ぶ日本語,テーマ別中級から学ぶ日本語,テーマ別中級から学ぶ日本語,[],Higher,,reported_use,named_material,jf-profile-2025-LA,https://www.jpf.go.jp/j/project/japanese/survey/area/country/2025/laos_2.pdf,2025,[5],4. 学習環境 — 教材,Named in the 教材 section for this educational stage; no quantitative adoption rate is stated for this observation.,"{""status"":""not_reported"",""value"":null}",2026-10-08
evidence-016e688e111838e6,LA,title-013afebe2b30c147,まるごと,まるごと,まるごと日本のことばと文化,[],Other,,reported_use,named_material,jf-profile-2025-LA,https://www.jpf.go.jp/j/project/japanese/survey/area/country/2025/laos_2.pdf,2025,[5],4. 学習環境 — 教材,Named in the 教材 section for this educational stage; no quantitative adoption rate is stated for this observation.,"{""status"":""not_reported"",""value"":null}",2026-10-08
evidence-1e9e771907b7ccbc,LA,title-5cdf7e72cd95edca,みんなの日本語,みんなの日本語,みんなの日本語,[],Other,,reported_use,named_material,jf-profile-2025-LA,https://www.jpf.go.jp/j/project/japanese/survey/area/country/2025/laos_2.pdf,2025,[5],4. 学習環境 — 教材,Named in the 教材 section for this educational stage; no quantitative adoption rate is stated for this observation.,"{""status"":""not_reported"",""value"":null}",2026-10-08
evidence-2c5419c750663410,LA,title-f6ce20ad8be23d26,あきこと友だち,あきこと友だち,あきことともだち,[],Other,,reported_use,named_material,jf-profile-2025-LA,https://www.jpf.go.jp/j/project/japanese/survey/area/country/2025/laos_2.pdf,2025,[5],4. 学習環境 — 教材,Named in the 教材 section for this educational stage; no quantitative adoption rate is stated for this observation.,"{""status"":""not_reported"",""value"":null}",2026-10-08
evidence-86396d4eecd225de,LA,title-3009513eb30915d0,いろどり,いろどり,いろどり生活の日本語,[],Other,,reported_use,named_material,jf-profile-2025-LA,https://www.jpf.go.jp/j/project/japanese/survey/area/country/2025/laos_2.pdf,2025,[5],4. 学習環境 — 教材,Named in the 教材 section for this educational stage; no quantitative adoption rate is stated for this observation.,"{""status"":""not_reported"",""value"":null}",2026-10-08
evidence-6799f752b70dd040,IN,title-f1cc7c68d3b5fdcc,UME,UME,UME,[],Secondary,,reported_use,textbook,jf-profile-2025-IN,https://www.jpf.go.jp/j/project/japanese/survey/area/country/2025/india_2.pdf,2025,[5],4. 学習環境 — 教材 / Secondary,Main CBSE-approved materials for grades 6–8.,"{""value"":null,""unit"":""percent"",""status"":""not_reported"",""numerator"":null,""denominator"":null,""scope"":null,""observationYear"":null,""sourceYear"":2025}",2026-10-08
evidence-cda8bd928dc37040,IN,title-75f0054dc04b215e,もも,もも,もも,[],Secondary,,reported_use,textbook,jf-profile-2025-IN,https://www.jpf.go.jp/j/project/japanese/survey/area/country/2025/india_2.pdf,2025,[5],4. 学習環境 — 教材 / Secondary,Main CBSE-approved materials for grades 6–8.,"{""value"":null,""unit"":""percent"",""status"":""not_reported"",""numerator"":null,""denominator"":null,""scope"":null,""observationYear"":null,""sourceYear"":2025}",2026-10-08
evidence-6f9793c2a66e093a,IN,title-78d493c78d397731,さくら,さくら,さくら,[],Secondary,,reported_use,textbook,jf-profile-2025-IN,https://www.jpf.go.jp/j/project/japanese/survey/area/country/2025/india_2.pdf,2025,[5],4. 学習環境 — 教材 / Secondary,Main CBSE-approved materials for grades 6–8.,"{""value"":null,""unit"":""percent"",""status"":""not_reported"",""numerator"":null,""denominator"":null,""scope"":null,""observationYear"":null,""sourceYear"":2025}",2026-10-08
evidence-aa9ce2a0c7869f94,IN,title-5cdf7e72cd95edca,みんなの日本語,みんなの日本語,みんなの日本語初級Ⅰ・初級Ⅱ,"[""みんなの日本語初級Ⅰ"",""みんなの日本語初級Ⅱ"",""みんなの日本語初級Ⅰ・初級Ⅱ"",""みんなの日本語""]",Secondary / Higher / Other,,reported_use,textbook,jf-profile-2025-IN,https://www.jpf.go.jp/j/project/japanese/survey/area/country/2025/india_2.pdf,2025,"[5,6]",4. 学習環境 — 教材 / Secondary / Higher / Other,CBSE grades 9–10 use 初級Ⅰ; many grades 11–12 use 初級Ⅱ. Higher education names both volumes and a family-level elective-course use; private courses use similar materials without a new title-specific list.,"{""value"":null,""unit"":""percent"",""status"":""not_reported"",""numerator"":null,""denominator"":null,""scope"":null,""observationYear"":null,""sourceYear"":2025}",2026-10-08
evidence-f28f133e45878a54,IN,title-75378631e8c27394,Haru-1,Haru-1,Haru-1,[],Secondary,,curriculum_material,textbook,jf-profile-2025-IN,https://www.jpf.go.jp/j/project/japanese/survey/area/country/2025/india_2.pdf,2025,"[5,6]",4. 学習環境 — 教材 / Secondary,"Maharashtra grade 11, published 2019; follows older 日本語初歩. Publication in curriculum context; no institution count supplied.","{""value"":null,""unit"":""percent"",""status"":""not_reported"",""numerator"":null,""denominator"":null,""scope"":null,""observationYear"":null,""sourceYear"":2025}",2026-10-08
evidence-68d29f0f08846730,IN,title-ea94fe001d33b635,Haru-2,Haru-2,Haru-2,[],Secondary,,curriculum_material,textbook,jf-profile-2025-IN,https://www.jpf.go.jp/j/project/japanese/survey/area/country/2025/india_2.pdf,2025,"[5,6]",4. 学習環境 — 教材 / Secondary,"Maharashtra grade 12, published 2020; follows older 日本語初歩. Publication in curriculum context; no institution count supplied.","{""value"":null,""unit"":""percent"",""status"":""not_reported"",""numerator"":null,""denominator"":null,""scope"":null,""observationYear"":null,""sourceYear"":2025}",2026-10-08
evidence-3c8681c09e961e0a,IN,title-7cdadfc85135a255,日本語初歩,日本語初歩,日本語初歩,[],Secondary / Higher,,reported_use,textbook,jf-profile-2025-IN,https://www.jpf.go.jp/j/project/japanese/survey/area/country/2025/india_2.pdf,2025,"[5,6]",4. 学習環境 — 教材 / Secondary / Higher,"Historically used in Maharashtra grades 11–12 before Haru publications. Current higher degree/elective use explicitly reported; locally reprinted edition. Private courses said to use similar materials, not a separate named adoption claim.","{""value"":null,""unit"":""percent"",""status"":""not_reported"",""numerator"":null,""denominator"":null,""scope"":null,""observationYear"":null,""sourceYear"":2025}",2026-10-08
evidence-55777795d9eaa4cd,IN,title-6e8e63b8204aa538,初級日本語,初級日本語,初級日本語,[],Higher,,reported_use,textbook,jf-profile-2025-IN,https://www.jpf.go.jp/j/project/japanese/survey/area/country/2025/india_2.pdf,2025,[6],4. 学習環境 — 教材 / Higher,Tokyo University of Foreign Studies beginner text explicitly named for degree courses. Private courses described generically as using similar materials.,"{""value"":null,""unit"":""percent"",""status"":""not_reported"",""numerator"":null,""denominator"":null,""scope"":null,""observationYear"":null,""sourceYear"":2025}",2026-10-08
evidence-5e7586d7b14abefa,IN,title-013afebe2b30c147,まるごと,まるごと,まるごと,[],Higher / Other,,reported_use,textbook,jf-profile-2025-IN,https://www.jpf.go.jp/j/project/japanese/survey/area/country/2025/india_2.pdf,2025,[6],4. 学習環境 — 教材 / Higher / Other,Increasing use especially southern India.,"{""value"":null,""unit"":""percent"",""status"":""not_reported"",""numerator"":null,""denominator"":null,""scope"":null,""observationYear"":null,""sourceYear"":2025}",2026-10-08
evidence-5cf9b7d035455e0b,IN,title-3009513eb30915d0,いろどり,いろどり,いろどり,[],Other,,reported_use,textbook,jf-profile-2025-IN,https://www.jpf.go.jp/j/project/japanese/survey/area/country/2025/india_2.pdf,2025,[6],4. 学習環境 — 教材 / Other,Companies and private institutions.,"{""value"":null,""unit"":""percent"",""status"":""not_reported"",""numerator"":null,""denominator"":null,""scope"":null,""observationYear"":null,""sourceYear"":2025}",2026-10-08
evidence-1c2bcc96e51471b0,LK,title-36abe36ad961c076,こはるシリーズ,こはるシリーズ,こはる,[],Secondary,,reported_use,named_material,jf-profile-2025-LK,https://www.jpf.go.jp/j/project/japanese/survey/area/country/2025/srilanka_2.pdf,2025,"[2,5,7]",4. 学習環境 — 教材,Sri Lanka adaptation of こはるといっしょに にほんごわぁ～い; O-level syllabus textbook since 2015. Full name appears on p2.,"{""status"":""not_reported"",""value"":null}",2026-10-08
evidence-34a4054ac5440e91,LK,title-67685889bf539480,サチニさんといっしょ,サチニさんといっしょ,サチニ,[],Secondary,,reported_use,named_material,jf-profile-2025-LK,https://www.jpf.go.jp/j/project/japanese/survey/area/country/2025/srilanka_2.pdf,2025,"[2,5,7]",4. 学習環境 — 教材,"Full name on p2: 初級日本語総合教科書 スリランカ高校日本語 Aレベル―サチニさんといっしょ―. Locally developed A-level textbook, revised for syllabus changes.","{""status"":""not_reported"",""value"":null}",2026-10-08
evidence-7c1453d86c9d0ba6,LK,title-5cdf7e72cd95edca,みんなの日本語,みんなの日本語,みんなの日本語,[],Other,,reported_use,named_material,jf-profile-2025-LK,https://www.jpf.go.jp/j/project/japanese/survey/area/country/2025/srilanka_2.pdf,2025,[5],4. 学習環境 — 教材,Named in the 教材 section for this educational stage; no quantitative adoption rate is stated for this observation.,"{""status"":""not_reported"",""value"":null}",2026-10-08
evidence-042c322acdd364db,LK,title-3009513eb30915d0,いろどり,いろどり,いろどり,[],Other,,reported_use,named_material,jf-profile-2025-LK,https://www.jpf.go.jp/j/project/japanese/survey/area/country/2025/srilanka_2.pdf,2025,[5],4. 学習環境 — 教材,Named in the 教材 section for this educational stage; no quantitative adoption rate is stated for this observation.,"{""status"":""not_reported"",""value"":null}",2026-10-08
evidence-1607e41622cede1f,NP,title-6e8e63b8204aa538,初級日本語,初級日本語,初級日本語,[],Higher,,reported_use,named_material,jf-profile-2025-NP,https://www.jpf.go.jp/j/project/japanese/survey/area/country/2025/nepal_2.pdf,2025,[4],4. 学習環境 — 教材,Named in the 教材 section for this educational stage; no quantitative adoption rate is stated for this observation.,"{""status"":""not_reported"",""value"":null}",2026-10-08
evidence-e62f1caf4b894819,NP,title-5cdf7e72cd95edca,みんなの日本語,みんなの日本語,みんなの日本語,[],Other,,reported_use,named_material,jf-profile-2025-NP,https://www.jpf.go.jp/j/project/japanese/survey/area/country/2025/nepal_2.pdf,2025,[4],4. 学習環境 — 教材,Named in the 教材 section for this educational stage; no quantitative adoption rate is stated for this observation.,"{""status"":""not_reported"",""value"":null}",2026-10-08
evidence-a2372eed8467d1c4,NP,title-013afebe2b30c147,まるごと,まるごと,まるごと日本のことばと文化,[],Other,,reported_use,named_material,jf-profile-2025-NP,https://www.jpf.go.jp/j/project/japanese/survey/area/country/2025/nepal_2.pdf,2025,[4],4. 学習環境 — 教材,Named in the 教材 section for this educational stage; no quantitative adoption rate is stated for this observation.,"{""status"":""not_reported"",""value"":null}",2026-10-08
evidence-4f7b5053f52d5192,NP,title-3009513eb30915d0,いろどり,いろどり,いろどり生活の日本語,[],Other,,reported_use,named_material,jf-profile-2025-NP,https://www.jpf.go.jp/j/project/japanese/survey/area/country/2025/nepal_2.pdf,2025,[4],4. 学習環境 — 教材,Named in the 教材 section for this educational stage; no quantitative adoption rate is stated for this observation.,"{""status"":""not_reported"",""value"":null}",2026-10-08
evidence-f3f31ec752e1dbb2,PK,title-5cdf7e72cd95edca,みんなの日本語,みんなの日本語,みんなの日本語,[],Higher,,reported_use,named_material,jf-profile-2025-PK,https://www.jpf.go.jp/j/project/japanese/survey/area/country/2025/pakistan_2.pdf,2025,[5],4. 学習環境 — 教材,Named in the 教材 section for this educational stage; no quantitative adoption rate is stated for this observation.,"{""status"":""not_reported"",""value"":null}",2026-10-08
evidence-6a2fe48824c1a634,BD,title-5cdf7e72cd95edca,みんなの日本語,みんなの日本語,みんなの日本語,[],Primary / Secondary,,reported_use,named_material,jf-profile-2025-BD,https://www.jpf.go.jp/j/project/japanese/survey/area/country/2025/bangladesh_2.pdf,2025,[4],4. 学習環境 — 教材,Named in the 教材 section for this educational stage; no quantitative adoption rate is stated for this observation.,"{""status"":""not_reported"",""value"":null}",2026-10-08
evidence-daa2f55c79f6986e,BD,title-794b6b74df08c1a2,Basic Kanji Book,Basic Kanji Book,BASIC KANJI BOOK,[],Primary / Secondary,,reported_use,named_material,jf-profile-2025-BD,https://www.jpf.go.jp/j/project/japanese/survey/area/country/2025/bangladesh_2.pdf,2025,[4],4. 学習環境 — 教材,Named in the 教材 section for this educational stage; no quantitative adoption rate is stated for this observation.,"{""status"":""not_reported"",""value"":null}",2026-10-08
evidence-5e9a98e3f1962af5,BD,title-5cdf7e72cd95edca,みんなの日本語,みんなの日本語,みんなの日本語,[],Higher,,reported_use,named_material,jf-profile-2025-BD,https://www.jpf.go.jp/j/project/japanese/survey/area/country/2025/bangladesh_2.pdf,2025,[5],4. 学習環境 — 教材,Named in the 教材 section for this educational stage; no quantitative adoption rate is stated for this observation.,"{""status"":""not_reported"",""value"":null}",2026-10-08
evidence-d7bf12d48758b472,BD,title-9451639948252d99,新日本語の基礎,新日本語の基礎,新日本語の基礎ⅠⅡ,[],Higher,,reported_use,named_material,jf-profile-2025-BD,https://www.jpf.go.jp/j/project/japanese/survey/area/country/2025/bangladesh_2.pdf,2025,[5],4. 学習環境 — 教材,Named in the 教材 section for this educational stage; no quantitative adoption rate is stated for this observation.,"{""status"":""not_reported"",""value"":null}",2026-10-08
evidence-e274775cc9468b1c,BD,title-794b6b74df08c1a2,Basic Kanji Book,Basic Kanji Book,BASIC KANJI BOOK,[],Higher,,reported_use,named_material,jf-profile-2025-BD,https://www.jpf.go.jp/j/project/japanese/survey/area/country/2025/bangladesh_2.pdf,2025,[5],4. 学習環境 — 教材,Named in the 教材 section for this educational stage; no quantitative adoption rate is stated for this observation.,"{""status"":""not_reported"",""value"":null}",2026-10-08
evidence-b54d298cf5d40e76,BD,title-ef33c1a6fd7655fa,新日本語の基礎漢字練習帳ⅠⅡ,新日本語の基礎漢字練習帳ⅠⅡ,新日本語の基礎漢字練習帳ⅠⅡ,[],Higher,,reported_use,named_material,jf-profile-2025-BD,https://www.jpf.go.jp/j/project/japanese/survey/area/country/2025/bangladesh_2.pdf,2025,[5],4. 学習環境 — 教材,Named in the 教材 section for this educational stage; no quantitative adoption rate is stated for this observation.,"{""status"":""not_reported"",""value"":null}",2026-10-08
evidence-8a5045495a3ddc2a,BD,title-88d00e18861aa741,絵入り日本語作文入門,絵入り日本語作文入門,絵入り日本語作文入門,[],Higher,,reported_use,named_material,jf-profile-2025-BD,https://www.jpf.go.jp/j/project/japanese/survey/area/country/2025/bangladesh_2.pdf,2025,[5],4. 学習環境 — 教材,Named in the 教材 section for this educational stage; no quantitative adoption rate is stated for this observation.,"{""status"":""not_reported"",""value"":null}",2026-10-08
evidence-ede3091efca7bbd1,BD,title-6d34652b9dc59044,文化中級日本語,文化中級日本語,文化中級日本語,[],Higher,,reported_use,named_material,jf-profile-2025-BD,https://www.jpf.go.jp/j/project/japanese/survey/area/country/2025/bangladesh_2.pdf,2025,[5],4. 学習環境 — 教材,Named in the 教材 section for this educational stage; no quantitative adoption rate is stated for this observation.,"{""status"":""not_reported"",""value"":null}",2026-10-08
evidence-0f98b0ef0a77a5d5,BD,title-43d72318b411a7c9,日本語作文Ⅰ,日本語作文Ⅰ,日本語作文Ⅰ,[],Higher,,reported_use,named_material,jf-profile-2025-BD,https://www.jpf.go.jp/j/project/japanese/survey/area/country/2025/bangladesh_2.pdf,2025,[5],4. 学習環境 — 教材,Named in the 教材 section for this educational stage; no quantitative adoption rate is stated for this observation.,"{""status"":""not_reported"",""value"":null}",2026-10-08
evidence-84666a7509012079,BD,title-ebc4e506868e71a9,日本語中級読解入門,日本語中級読解入門,日本語中級読解入門,[],Higher,,reported_use,named_material,jf-profile-2025-BD,https://www.jpf.go.jp/j/project/japanese/survey/area/country/2025/bangladesh_2.pdf,2025,[5],4. 学習環境 — 教材,Named in the 教材 section for this educational stage; no quantitative adoption rate is stated for this observation.,"{""status"":""not_reported"",""value"":null}",2026-10-08
evidence-6bca6002c3ed55d4,BD,title-9451639948252d99,新日本語の基礎,新日本語の基礎,新日本語の基礎ⅠⅡ,[],Other,,reported_use,named_material,jf-profile-2025-BD,https://www.jpf.go.jp/j/project/japanese/survey/area/country/2025/bangladesh_2.pdf,2025,[5],4. 学習環境 — 教材,Named in the 教材 section for this educational stage; no quantitative adoption rate is stated for this observation.,"{""status"":""not_reported"",""value"":null}",2026-10-08
evidence-d766fed14d17ced7,BD,title-5cdf7e72cd95edca,みんなの日本語,みんなの日本語,みんなの日本語,[],Other,,reported_use,named_material,jf-profile-2025-BD,https://www.jpf.go.jp/j/project/japanese/survey/area/country/2025/bangladesh_2.pdf,2025,[5],4. 学習環境 — 教材,Named in the 教材 section for this educational stage; no quantitative adoption rate is stated for this observation.,"{""status"":""not_reported"",""value"":null}",2026-10-08
evidence-493cf9879129eb34,BD,title-7cdadfc85135a255,日本語初歩,日本語初歩,日本語初歩,[],Other,,reported_use,named_material,jf-profile-2025-BD,https://www.jpf.go.jp/j/project/japanese/survey/area/country/2025/bangladesh_2.pdf,2025,[5],4. 学習環境 — 教材,Named in the 教材 section for this educational stage; no quantitative adoption rate is stated for this observation.,"{""status"":""not_reported"",""value"":null}",2026-10-08
evidence-0feb742e9a288c54,BD,title-afb3cffec28f9bdd,日本語の基礎,日本語の基礎,日本語の基礎,[],Other,,reported_use,named_material,jf-profile-2025-BD,https://www.jpf.go.jp/j/project/japanese/survey/area/country/2025/bangladesh_2.pdf,2025,[5],4. 学習環境 — 教材,Named in the 教材 section for this educational stage; no quantitative adoption rate is stated for this observation.,"{""status"":""not_reported"",""value"":null}",2026-10-08
evidence-00d37c98de9fe954,BD,title-0f9aa2b977e6e352,新しい日本語,新しい日本語,新しい日本語,[],Other,,reported_use,named_material,jf-profile-2025-BD,https://www.jpf.go.jp/j/project/japanese/survey/area/country/2025/bangladesh_2.pdf,2025,[5],4. 学習環境 — 教材,Named in the 教材 section for this educational stage; no quantitative adoption rate is stated for this observation.,"{""status"":""not_reported"",""value"":null}",2026-10-08
evidence-ca886f7a0aac7812,BT,title-5cdf7e72cd95edca,みんなの日本語,みんなの日本語,みんなの日本語,[],Other,,reported_use,named_material,jf-profile-2025-BT,https://www.jpf.go.jp/j/project/japanese/survey/area/country/2025/bhutan_2.pdf,2025,[3],4. 学習環境 — 教材,Named in the 教材 section for this educational stage; no quantitative adoption rate is stated for this observation.,"{""status"":""not_reported"",""value"":null}",2026-10-08
evidence-e52861f072b9c66b,MV,title-5cdf7e72cd95edca,みんなの日本語,みんなの日本語,みんなの日本語,[],Higher,,mentioned,named_material,jf-profile-2025-MV,https://www.jpf.go.jp/j/project/japanese/survey/area/country/2025/maldives_2.pdf,2025,[3],4. 学習環境 — 教材,Historical source basis for a locally adapted tourism-worker textbook. Profile says higher-education Japanese is not currently confirmed; not current adoption.,"{""status"":""not_reported"",""value"":null}",2026-10-08
evidence-09ecc527a876312f,AU,title-83460c5bb06bd9a0,げんき,げんき,初級日本語げんき,[],Higher,,reported_use,textbook,jf-profile-2025-AU,https://www.jpf.go.jp/j/project/japanese/survey/area/country/2025/australia_2.pdf,2025,[9],4. 学習環境 — 教材 / Higher,University courses; source title 初級日本語げんき.,"{""value"":null,""unit"":""percent"",""status"":""not_reported"",""numerator"":null,""denominator"":null,""scope"":null,""observationYear"":null,""sourceYear"":2025}",2026-10-08
evidence-2c82fa497408adb9,AU,title-3cedd44946cf3ecd,初級日本語とびら,初級日本語とびら,初級日本語とびら,[],Higher,,reported_use,textbook,jf-profile-2025-AU,https://www.jpf.go.jp/j/project/japanese/survey/area/country/2025/australia_2.pdf,2025,[9],4. 学習環境 — 教材 / Higher,University courses.,"{""value"":null,""unit"":""percent"",""status"":""not_reported"",""numerator"":null,""denominator"":null,""scope"":null,""observationYear"":null,""sourceYear"":2025}",2026-10-08
evidence-44a8a568b7b461a7,AU,title-9d0cf8b76a1e6679,上級へのとびら,上級へのとびら,上級へのとびら,[],Higher,,reported_use,textbook,jf-profile-2025-AU,https://www.jpf.go.jp/j/project/japanese/survey/area/country/2025/australia_2.pdf,2025,[9],4. 学習環境 — 教材 / Higher,University courses.,"{""value"":null,""unit"":""percent"",""status"":""not_reported"",""numerator"":null,""denominator"":null,""scope"":null,""observationYear"":null,""sourceYear"":2025}",2026-10-08
evidence-d14da64624cc53f9,AU,title-013afebe2b30c147,まるごと,まるごと,まるごと 日本のことばと文化,[],Higher / Other,,reported_use,textbook,jf-profile-2025-AU,https://www.jpf.go.jp/j/project/japanese/survey/area/country/2025/australia_2.pdf,2025,[9],4. 学習環境 — 教材 / Higher / Other,Universities and adult education.,"{""value"":null,""unit"":""percent"",""status"":""not_reported"",""numerator"":null,""denominator"":null,""scope"":null,""observationYear"":null,""sourceYear"":2025}",2026-10-08
evidence-76a8432f7ab6118e,AU,title-eda1df820dffba17,Japanese for Busy People,Japanese for Busy People,Japanese for Busy People,[],Other,,reported_use,textbook,jf-profile-2025-AU,https://www.jpf.go.jp/j/project/japanese/survey/area/country/2025/australia_2.pdf,2025,[9],4. 学習環境 — 教材 / Other,Business-oriented courses.,"{""value"":null,""unit"":""percent"",""status"":""not_reported"",""numerator"":null,""denominator"":null,""scope"":null,""observationYear"":null,""sourceYear"":2025}",2026-10-08
evidence-c0abc4a7345f96c9,AU,title-fb2cb45b6b443241,ella,ella,ella,[],Primary,,curriculum_material,app,jf-profile-2025-AU,https://www.jpf.go.jp/j/project/japanese/survey/area/country/2025/australia_2.pdf,2025,[8],4. 学習環境 — 教材 / Primary,"Government language-learning application for preschool through year 2; availability/development described, no named institution adoption.","{""value"":null,""unit"":""percent"",""status"":""not_reported"",""numerator"":null,""denominator"":null,""scope"":null,""observationYear"":null,""sourceYear"":2025}",2026-10-08
evidence-8544025c511e19d6,MP,title-82cbabde20f19e41,Japanese for Young People,Japanese for Young People,JAPANESE FOR YOUNG PEOPLE I,[],Primary,,reported_use,named_material,jf-profile-2025-MP,https://www.jpf.go.jp/j/project/japanese/survey/area/country/2025/n_mariana_2.pdf,2025,[4],4. 学習環境 — 教材,Named in the 教材 section for this educational stage; no quantitative adoption rate is stated for this observation.,"{""status"":""not_reported"",""value"":null}",2026-10-08
evidence-b54a53cdb6f370f0,MP,title-82cbabde20f19e41,Japanese for Young People,Japanese for Young People,JAPANESE FOR YOUNG PEOPLE I Ⅱ,[],Secondary,,reported_use,named_material,jf-profile-2025-MP,https://www.jpf.go.jp/j/project/japanese/survey/area/country/2025/n_mariana_2.pdf,2025,[4],4. 学習環境 — 教材,Named in the 教材 section for this educational stage; no quantitative adoption rate is stated for this observation.,"{""status"":""not_reported"",""value"":null}",2026-10-08
evidence-d852eb4b46bcf09b,MP,title-83460c5bb06bd9a0,げんき,げんき,Genki,[],Secondary,,reported_use,named_material,jf-profile-2025-MP,https://www.jpf.go.jp/j/project/japanese/survey/area/country/2025/n_mariana_2.pdf,2025,[4],4. 学習環境 — 教材,Named in the 教材 section for this educational stage; no quantitative adoption rate is stated for this observation.,"{""status"":""not_reported"",""value"":null}",2026-10-08
evidence-16b8f136c7e1f72e,MP,title-f9fcc4137efe3d57,Japanese from Zero,Japanese from Zero,Japanese from Zero,[],Secondary,,reported_use,named_material,jf-profile-2025-MP,https://www.jpf.go.jp/j/project/japanese/survey/area/country/2025/n_mariana_2.pdf,2025,[4],4. 学習環境 — 教材,Named in the 教材 section for this educational stage; no quantitative adoption rate is stated for this observation.,"{""status"":""not_reported"",""value"":null}",2026-10-08
evidence-f4f08e22ce411571,MP,title-aff9f660c35c1621,にほんごステップ１＆２,にほんごステップ１＆２,にほんごステップ１＆２,[],Higher,,reported_use,named_material,jf-profile-2025-MP,https://www.jpf.go.jp/j/project/japanese/survey/area/country/2025/n_mariana_2.pdf,2025,[4],4. 学習環境 — 教材,Named in the 教材 section for this educational stage; no quantitative adoption rate is stated for this observation.,"{""status"":""not_reported"",""value"":null}",2026-10-08
evidence-4d62554ed13a2735,TO,title-b51f1d3b49190f6c,さくらⅢ～Ⅴ,さくらⅢ～Ⅴ,さくらⅢ～Ⅴ,[],Secondary,,reported_use,named_material,jf-profile-2025-TO,https://www.jpf.go.jp/j/project/japanese/survey/area/country/2025/tonga_2.pdf,2025,[5],4. 学習環境 — 教材,Named in the 教材 section for this educational stage; no quantitative adoption rate is stated for this observation.,"{""status"":""not_reported"",""value"":null}",2026-10-08
evidence-d14fd4c8de07f787,TO,title-2fa90fb19e335306,できる日本語,できる日本語,できる日本語,[],Higher,,mentioned,named_material,jf-profile-2025-TO,https://www.jpf.go.jp/j/project/japanese/survey/area/country/2025/tonga_2.pdf,2025,[5],4. 学習環境 — 教材,Reported used through 2024 at Tonga National University teacher education; Japanese education not confirmed as of November 2025.,"{""status"":""not_reported"",""value"":null}",2026-10-08
evidence-abb7010c351739e2,TO,title-36cfbaeae8cbc373,大地,大地,大地,[],Higher,,mentioned,named_material,jf-profile-2025-TO,https://www.jpf.go.jp/j/project/japanese/survey/area/country/2025/tonga_2.pdf,2025,[5],4. 学習環境 — 教材,Reported used through 2024 at Tonga National University teacher education; Japanese education not confirmed as of November 2025.,"{""status"":""not_reported"",""value"":null}",2026-10-08
evidence-f9c615bb1a5cb81b,NC,title-09984ada167d29f0,エリンが挑戦！にほんごできます。,エリンが挑戦！にほんごできます。,エリンが挑戦！にほんごできます。,[],Secondary,,reported_use,named_material,jf-profile-2025-NC,https://www.jpf.go.jp/j/project/japanese/survey/area/country/2025/newcaledonia_2.pdf,2025,[4],4. 学習環境 — 教材,Named in the 教材 section for this educational stage; no quantitative adoption rate is stated for this observation.,"{""status"":""not_reported"",""value"":null}",2026-10-08
evidence-8cc14092eb575bf7,NC,title-013afebe2b30c147,まるごと,まるごと,まるごと日本のことばと文化,[],Secondary,,mentioned,named_material,jf-profile-2025-NC,https://www.jpf.go.jp/j/project/japanese/survey/area/country/2025/newcaledonia_2.pdf,2025,[4],4. 学習環境 — 教材,"Listed as material produced in New Caledonia; this passage establishes production, not classroom adoption.","{""status"":""not_reported"",""value"":null}",2026-10-08
evidence-f2cb63c40226a592,NC,title-85c5114b197525f4,日本語を話そう Manuel pédagogique de japonais Classe de Seconde,日本語を話そう Manuel pédagogique de japonais Classe de Seconde,日本語を話そう Manuel pédagogique de japonais Classe de Seconde,[],Secondary,,mentioned,named_material,jf-profile-2025-NC,https://www.jpf.go.jp/j/project/japanese/survey/area/country/2025/newcaledonia_2.pdf,2025,[4],4. 学習環境 — 教材,"Listed as material produced in New Caledonia; this passage establishes production, not classroom adoption.","{""status"":""not_reported"",""value"":null}",2026-10-08
evidence-3df4e2a45222b8e8,NC,title-f5a42b215f6a49cb,日本語を話そう Livret de japonais Classe de Première,日本語を話そう Livret de japonais Classe de Première,日本語を話そう Livret de japonais Classe de Première,[],Secondary,,mentioned,named_material,jf-profile-2025-NC,https://www.jpf.go.jp/j/project/japanese/survey/area/country/2025/newcaledonia_2.pdf,2025,[4],4. 学習環境 — 教材,"Listed as material produced in New Caledonia; this passage establishes production, not classroom adoption.","{""status"":""not_reported"",""value"":null}",2026-10-08
evidence-3e10b3528030154e,NC,title-91cd4be2b6c53f2c,日本語を話そう Livret de japonais Classe de Terminale,日本語を話そう Livret de japonais Classe de Terminale,日本語を話そう Livret de japonais Classe de Terminale,[],Secondary,,mentioned,named_material,jf-profile-2025-NC,https://www.jpf.go.jp/j/project/japanese/survey/area/country/2025/newcaledonia_2.pdf,2025,[4],4. 学習環境 — 教材,"Listed as material produced in New Caledonia; this passage establishes production, not classroom adoption.","{""status"":""not_reported"",""value"":null}",2026-10-08
evidence-9327fa9bec25d910,NC,title-8aa0db0fe8ea08b0,Lexique Japonais – Français,Lexique Japonais – Français,Lexique Japonais – Français,[],Secondary,,mentioned,named_material,jf-profile-2025-NC,https://www.jpf.go.jp/j/project/japanese/survey/area/country/2025/newcaledonia_2.pdf,2025,[4],4. 学習環境 — 教材,"Listed as material produced in New Caledonia; this passage establishes production, not classroom adoption.","{""status"":""not_reported"",""value"":null}",2026-10-08
evidence-80f9553411d72775,NC,title-e09dfe1dbc9ae037,Lexique Français Japonais,Lexique Français Japonais,Lexique Français Japonais,[],Secondary,,mentioned,named_material,jf-profile-2025-NC,https://www.jpf.go.jp/j/project/japanese/survey/area/country/2025/newcaledonia_2.pdf,2025,[4],4. 学習環境 — 教材,"Listed as material produced in New Caledonia; this passage establishes production, not classroom adoption.","{""status"":""not_reported"",""value"":null}",2026-10-08
evidence-5853f4fc778cd6aa,NC,title-34407723186f31a5,Livret de Kanji,Livret de Kanji,Livret de Kanji,[],Secondary,,mentioned,named_material,jf-profile-2025-NC,https://www.jpf.go.jp/j/project/japanese/survey/area/country/2025/newcaledonia_2.pdf,2025,[4],4. 学習環境 — 教材,"Listed as material produced in New Caledonia; this passage establishes production, not classroom adoption.","{""status"":""not_reported"",""value"":null}",2026-10-08
evidence-091b1bd657738126,NC,title-7bfc248b13d8103e,Cahier d’exercices en Japonais - Hiragana Katakana,Cahier d’exercices en Japonais - Hiragana Katakana,Cahier d’exercices en Japonais - Hiragana Katakana,[],Secondary,,mentioned,named_material,jf-profile-2025-NC,https://www.jpf.go.jp/j/project/japanese/survey/area/country/2025/newcaledonia_2.pdf,2025,[4],4. 学習環境 — 教材,"Listed as material produced in New Caledonia; this passage establishes production, not classroom adoption.","{""status"":""not_reported"",""value"":null}",2026-10-08
evidence-43d8e4c6649721b3,NC,title-f6412b64590a4612,Manuel de Kanji Tome 1,Manuel de Kanji Tome 1,Manuel de Kanji Tome 1,[],Secondary,,mentioned,named_material,jf-profile-2025-NC,https://www.jpf.go.jp/j/project/japanese/survey/area/country/2025/newcaledonia_2.pdf,2025,[4],4. 学習環境 — 教材,"Listed as material produced in New Caledonia; this passage establishes production, not classroom adoption.","{""status"":""not_reported"",""value"":null}",2026-10-08
evidence-7e0ebec5d472a552,NC,title-391d69474bec08e7,Manuel de Kanji Tome 2,Manuel de Kanji Tome 2,Manuel de Kanji Tome 2,[],Secondary,,mentioned,named_material,jf-profile-2025-NC,https://www.jpf.go.jp/j/project/japanese/survey/area/country/2025/newcaledonia_2.pdf,2025,[4],4. 学習環境 — 教材,"Listed as material produced in New Caledonia; this passage establishes production, not classroom adoption.","{""status"":""not_reported"",""value"":null}",2026-10-08
evidence-b9d338d414c40d1b,NC,title-86d6e39ecda59965,Parlons japonais,Parlons japonais,Parlons japonais,[],Higher,,reported_use,named_material,jf-profile-2025-NC,https://www.jpf.go.jp/j/project/japanese/survey/area/country/2025/newcaledonia_2.pdf,2025,[4],4. 学習環境 — 教材,Named in the 教材 section for this educational stage; no quantitative adoption rate is stated for this observation.,"{""status"":""not_reported"",""value"":null}",2026-10-08
evidence-f42a25452a397152,NZ,title-1472c33ca3d734b0,Hai!,Hai!,Hai!,[],Primary,,reported_use,named_material,jf-profile-2025-NZ,https://www.jpf.go.jp/j/project/japanese/survey/area/country/2025/newzealand_2.pdf,2025,[6],4. 学習環境 — 教材,Named in the 教材 section for this educational stage; no quantitative adoption rate is stated for this observation.,"{""status"":""not_reported"",""value"":null}",2026-10-08
evidence-b1f16a826cadbfc1,NZ,title-f87310a63f3f37b9,Obento,Obento,Obento,[],Secondary,,mentioned,named_material,jf-profile-2025-NZ,https://www.jpf.go.jp/j/project/japanese/survey/area/country/2025/newzealand_2.pdf,2025,[6],4. 学習環境 — 教材,"Commercial titles described as well known; the section discusses teachers combining multiple materials, without title-specific adoption confirmation.","{""status"":""not_reported"",""value"":null}",2026-10-08
evidence-72ca50de39b94644,NZ,title-ea019ddc71418461,Ima!,Ima!,Ima!,[],Secondary,,mentioned,named_material,jf-profile-2025-NZ,https://www.jpf.go.jp/j/project/japanese/survey/area/country/2025/newzealand_2.pdf,2025,[6],4. 学習環境 — 教材,"Commercial titles described as well known; the section discusses teachers combining multiple materials, without title-specific adoption confirmation.","{""status"":""not_reported"",""value"":null}",2026-10-08
evidence-841e7b2bacb73372,NZ,title-fe96e626cc08e994,Mirai,Mirai,Mirai,[],Secondary,,mentioned,named_material,jf-profile-2025-NZ,https://www.jpf.go.jp/j/project/japanese/survey/area/country/2025/newzealand_2.pdf,2025,[6],4. 学習環境 — 教材,"Commercial titles described as well known; the section discusses teachers combining multiple materials, without title-specific adoption confirmation.","{""status"":""not_reported"",""value"":null}",2026-10-08
evidence-9ff3edfee2bc2647,NZ,title-25289a0f770b3e3b,iiTomo,iiTomo,iiTomo,[],Secondary,,mentioned,named_material,jf-profile-2025-NZ,https://www.jpf.go.jp/j/project/japanese/survey/area/country/2025/newzealand_2.pdf,2025,[6],4. 学習環境 — 教材,"Commercial titles described as well known; the section discusses teachers combining multiple materials, without title-specific adoption confirmation.","{""status"":""not_reported"",""value"":null}",2026-10-08
evidence-3a1d589fd354a5c1,NZ,title-29f8b395e4c82415,Getting There in Japanese,Getting There in Japanese,Getting There in Japanese,[],Secondary,,reported_use,named_material,jf-profile-2025-NZ,https://www.jpf.go.jp/j/project/japanese/survey/area/country/2025/newzealand_2.pdf,2025,[6],4. 学習環境 — 教材,Named in the 教材 section for this educational stage; no quantitative adoption rate is stated for this observation.,"{""status"":""not_reported"",""value"":null}",2026-10-08
evidence-c81cc1066be75783,NZ,title-19317d5b1de4f5b4,11 年生の日本語,11 年生の日本語,11 年生の日本語,[],Secondary,,reported_use,named_material,jf-profile-2025-NZ,https://www.jpf.go.jp/j/project/japanese/survey/area/country/2025/newzealand_2.pdf,2025,[6],4. 学習環境 — 教材,Named in the 教材 section for this educational stage; no quantitative adoption rate is stated for this observation.,"{""status"":""not_reported"",""value"":null}",2026-10-08
evidence-372316994ef7d993,NZ,title-245db7f5adbbaa44,きっとできる,きっとできる,きっとできる,[],Secondary,,reported_use,named_material,jf-profile-2025-NZ,https://www.jpf.go.jp/j/project/japanese/survey/area/country/2025/newzealand_2.pdf,2025,[6],4. 学習環境 — 教材,Named in the 教材 section for this educational stage; no quantitative adoption rate is stated for this observation.,"{""status"":""not_reported"",""value"":null}",2026-10-08
evidence-5aefe3f0f0673bd1,NZ,title-1d7ef48f7e2689a2,Japanese Grammar,Japanese Grammar,Japanese Grammar,[],Secondary,,reported_use,named_material,jf-profile-2025-NZ,https://www.jpf.go.jp/j/project/japanese/survey/area/country/2025/newzealand_2.pdf,2025,[6],4. 学習環境 — 教材,Named in the 教材 section for this educational stage; no quantitative adoption rate is stated for this observation.,"{""status"":""not_reported"",""value"":null}",2026-10-08
evidence-e43ddb48e24a3f38,NZ,title-83460c5bb06bd9a0,げんき,げんき,初級日本語げんき,[],Higher,,reported_use,named_material,jf-profile-2025-NZ,https://www.jpf.go.jp/j/project/japanese/survey/area/country/2025/newzealand_2.pdf,2025,[6],4. 学習環境 — 教材,Named in the 教材 section for this educational stage; no quantitative adoption rate is stated for this observation.,"{""status"":""not_reported"",""value"":null}",2026-10-08
evidence-d58d88e46597692d,NZ,title-eda1df820dffba17,Japanese for Busy People,Japanese for Busy People,JAPANESE FOR BUSY PEOPLE,[],Other,,reported_use,named_material,jf-profile-2025-NZ,https://www.jpf.go.jp/j/project/japanese/survey/area/country/2025/newzealand_2.pdf,2025,[6],4. 学習環境 — 教材,Named in the 教材 section for this educational stage; no quantitative adoption rate is stated for this observation.,"{""status"":""not_reported"",""value"":null}",2026-10-08
evidence-0c3758b9e8c67d41,NZ,title-da4fb34394c8fae6,JAPANESE FOR EVERYONE,JAPANESE FOR EVERYONE,JAPANESE FOR EVERYONE,[],Other,,reported_use,named_material,jf-profile-2025-NZ,https://www.jpf.go.jp/j/project/japanese/survey/area/country/2025/newzealand_2.pdf,2025,[6],4. 学習環境 — 教材,Named in the 教材 section for this educational stage; no quantitative adoption rate is stated for this observation.,"{""status"":""not_reported"",""value"":null}",2026-10-08
evidence-4058a53129a8ad7f,NZ,title-013afebe2b30c147,まるごと,まるごと,まるごと日本のことばと文化,[],Other,,reported_use,named_material,jf-profile-2025-NZ,https://www.jpf.go.jp/j/project/japanese/survey/area/country/2025/newzealand_2.pdf,2025,[6],4. 学習環境 — 教材,Named in the 教材 section for this educational stage; no quantitative adoption rate is stated for this observation.,"{""status"":""not_reported"",""value"":null}",2026-10-08
evidence-7bc7b5667277b3eb,PG,title-013afebe2b30c147,まるごと,まるごと,まるごと日本のことばと文化,[],Secondary,,reported_use,named_material,jf-profile-2025-PG,https://www.jpf.go.jp/j/project/japanese/survey/area/country/2025/papua_2.pdf,2025,[5],4. 学習環境 — 教材,Named in the 教材 section for this educational stage; no quantitative adoption rate is stated for this observation.,"{""status"":""not_reported"",""value"":null}",2026-10-08
evidence-1bc23731b53ddfff,PG,title-5cdf7e72cd95edca,みんなの日本語,みんなの日本語,みんなの日本語,[],Secondary,,reported_use,named_material,jf-profile-2025-PG,https://www.jpf.go.jp/j/project/japanese/survey/area/country/2025/papua_2.pdf,2025,[5],4. 学習環境 — 教材,Named in the 教材 section for this educational stage; no quantitative adoption rate is stated for this observation.,"{""status"":""not_reported"",""value"":null}",2026-10-08
evidence-857e159bbbc4b437,PG,title-7b372b39b0219284,にほんご 45 時間,にほんご 45 時間,にほんご 45 時間,[],Secondary,,reported_use,named_material,jf-profile-2025-PG,https://www.jpf.go.jp/j/project/japanese/survey/area/country/2025/papua_2.pdf,2025,[5],4. 学習環境 — 教材,Named in the 教材 section for this educational stage; no quantitative adoption rate is stated for this observation.,"{""status"":""not_reported"",""value"":null}",2026-10-08
evidence-2bfa6aa1a442e42e,PG,title-38de60c8be966542,漢字マスタ ーシリーズ,漢字マスタ ーシリーズ,漢字マスタ ーシリーズ,[],Secondary,,reported_use,named_material,jf-profile-2025-PG,https://www.jpf.go.jp/j/project/japanese/survey/area/country/2025/papua_2.pdf,2025,[5],4. 学習環境 — 教材,Named in the 教材 section for this educational stage; no quantitative adoption rate is stated for this observation.,"{""status"":""not_reported"",""value"":null}",2026-10-08
evidence-1dc7c9042ff94eb5,PG,title-83460c5bb06bd9a0,げんき,げんき,げんき,[],Secondary,,reported_use,named_material,jf-profile-2025-PG,https://www.jpf.go.jp/j/project/japanese/survey/area/country/2025/papua_2.pdf,2025,[5],4. 学習環境 — 教材,Named in the 教材 section for this educational stage; no quantitative adoption rate is stated for this observation.,"{""status"":""not_reported"",""value"":null}",2026-10-08
evidence-fe122d862fa79005,PW,title-5cdf7e72cd95edca,みんなの日本語,みんなの日本語,みんなの日本語,[],Secondary,,reported_use,named_material,jf-profile-2025-PW,https://www.jpf.go.jp/j/project/japanese/survey/area/country/2025/palau_2.pdf,2025,[4],4. 学習環境 — 教材,Named in the 教材 section for this educational stage; no quantitative adoption rate is stated for this observation.,"{""status"":""not_reported"",""value"":null}",2026-10-08
evidence-524d119074a12d01,PW,title-3009513eb30915d0,いろどり,いろどり,いろどり生活の日本語入門,[],Secondary,,reported_use,named_material,jf-profile-2025-PW,https://www.jpf.go.jp/j/project/japanese/survey/area/country/2025/palau_2.pdf,2025,[4],4. 学習環境 — 教材,Named in the 教材 section for this educational stage; no quantitative adoption rate is stated for this observation.,"{""status"":""not_reported"",""value"":null}",2026-10-08
evidence-77be688e59a63633,PW,title-82cbabde20f19e41,Japanese for Young People,Japanese for Young People,Japanese For Young People,[],Secondary,,reported_use,named_material,jf-profile-2025-PW,https://www.jpf.go.jp/j/project/japanese/survey/area/country/2025/palau_2.pdf,2025,[4],4. 学習環境 — 教材,Named in the 教材 section for this educational stage; no quantitative adoption rate is stated for this observation.,"{""status"":""not_reported"",""value"":null}",2026-10-08
evidence-e1d597b2e0629f90,PW,title-013afebe2b30c147,まるごと,まるごと,まるごと日本のことばと文化 A1,[],Higher,,reported_use,named_material,jf-profile-2025-PW,https://www.jpf.go.jp/j/project/japanese/survey/area/country/2025/palau_2.pdf,2025,[4],4. 学習環境 — 教材,Named in the 教材 section for this educational stage; no quantitative adoption rate is stated for this observation.,"{""status"":""not_reported"",""value"":null}",2026-10-08
evidence-000f9e7d074dc0d1,MH,title-83460c5bb06bd9a0,げんき,げんき,初級日本語げんき,[],Secondary,,mentioned,named_material,jf-profile-2025-MH,https://www.jpf.go.jp/j/project/japanese/survey/area/country/2025/marshall_2.pdf,2025,[4],4. 学習環境 — 教材,Past use reported. Profile states the restarted 2024 class uses donated visual materials and teacher-created materials; current use of this title is not established.,"{""status"":""not_reported"",""value"":null}",2026-10-08
evidence-3316111421ef72e1,MH,title-09984ada167d29f0,エリンが挑戦！にほんごできます。,エリンが挑戦！にほんごできます。,エリンが挑戦! にほんごできます。,[],Secondary,,mentioned,named_material,jf-profile-2025-MH,https://www.jpf.go.jp/j/project/japanese/survey/area/country/2025/marshall_2.pdf,2025,[4],4. 学習環境 — 教材,Past use reported. Profile states the restarted 2024 class uses donated visual materials and teacher-created materials; current use of this title is not established.,"{""status"":""not_reported"",""value"":null}",2026-10-08
evidence-9bef35b4b0909124,MH,title-eda1df820dffba17,Japanese for Busy People,Japanese for Busy People,JAPANESE FOR BUSY PEOPLE,[],Higher,,mentioned,named_material,jf-profile-2025-MH,https://www.jpf.go.jp/j/project/japanese/survey/area/country/2025/marshall_2.pdf,2025,[4],4. 学習環境 — 教材,Past use reported. Profile states the restarted 2024 class uses donated visual materials and teacher-created materials; current use of this title is not established.,"{""status"":""not_reported"",""value"":null}",2026-10-08
evidence-04c17c38c0d1f33c,MH,title-82cbabde20f19e41,Japanese for Young People,Japanese for Young People,JAPANESE FOR YOUNG PEOPLE,[],Higher,,mentioned,named_material,jf-profile-2025-MH,https://www.jpf.go.jp/j/project/japanese/survey/area/country/2025/marshall_2.pdf,2025,[4],4. 学習環境 — 教材,Past use reported. Profile states the restarted 2024 class uses donated visual materials and teacher-created materials; current use of this title is not established.,"{""status"":""not_reported"",""value"":null}",2026-10-08
evidence-ba9e8eaefc2d0286,FM,title-3009513eb30915d0,いろどり,いろどり,いろどり ‐生活の中の日本語,[],Secondary,,reported_use,named_material,jf-profile-2025-FM,https://www.jpf.go.jp/j/project/japanese/survey/area/country/2025/micronesia_2.pdf,2025,[4],4. 学習環境 — 教材,Named in the 教材 section for this educational stage; no quantitative adoption rate is stated for this observation.,"{""status"":""not_reported"",""value"":null}",2026-10-08
evidence-81ac854c530356d6,CA,title-f87310a63f3f37b9,Obento,Obento,Obento,[],Secondary,,reported_use,named_material,jf-profile-2025-CA,https://www.jpf.go.jp/j/project/japanese/survey/area/country/2025/canada_2.pdf,2025,[6],4.学習環境 > 教材 > 中等教育,Named in JF’s textbook section for this educational stage; no numerical adoption rate supplied.,"{""status"":""not_reported"",""value"":null}",2026-10-08
evidence-4c08ed2b4a1b7ad5,CA,title-ea019ddc71418461,Ima!,Ima!,Ima!,[],Secondary,,reported_use,named_material,jf-profile-2025-CA,https://www.jpf.go.jp/j/project/japanese/survey/area/country/2025/canada_2.pdf,2025,[6],4.学習環境 > 教材 > 中等教育,Named in JF’s textbook section for this educational stage; no numerical adoption rate supplied.,"{""status"":""not_reported"",""value"":null}",2026-10-08
evidence-6e0a21d0658bf714,CA,title-ea7f53b575d842b0,Kimono,Kimono,Kimono,[],Secondary,,reported_use,named_material,jf-profile-2025-CA,https://www.jpf.go.jp/j/project/japanese/survey/area/country/2025/canada_2.pdf,2025,[6],4.学習環境 > 教材 > 中等教育,Named in JF’s textbook section for this educational stage; no numerical adoption rate supplied.,"{""status"":""not_reported"",""value"":null}",2026-10-08
evidence-44b231602d9a9176,CA,title-83460c5bb06bd9a0,げんき,げんき,げんき,[],Secondary,,reported_use,named_material,jf-profile-2025-CA,https://www.jpf.go.jp/j/project/japanese/survey/area/country/2025/canada_2.pdf,2025,[6],4.学習環境 > 教材 > 中等教育,Named in JF’s textbook section for this educational stage; no numerical adoption rate supplied.,"{""status"":""not_reported"",""value"":null}",2026-10-08
evidence-ce11a01bd2bb5452,CA,title-757e83369046f58a,なかま,なかま,なかま,[],Secondary,,reported_use,named_material,jf-profile-2025-CA,https://www.jpf.go.jp/j/project/japanese/survey/area/country/2025/canada_2.pdf,2025,[6],4.学習環境 > 教材 > 中等教育,Named in JF’s textbook section for this educational stage; no numerical adoption rate supplied.,"{""status"":""not_reported"",""value"":null}",2026-10-08
evidence-f21701dab5f9e1a1,CA,title-3d295d51c845f82c,Adventure in Japanese,Adventure in Japanese,Adventure in Japanese,[],Secondary,,reported_use,named_material,jf-profile-2025-CA,https://www.jpf.go.jp/j/project/japanese/survey/area/country/2025/canada_2.pdf,2025,[6],4.学習環境 > 教材 > 中等教育,Named in JF’s textbook section for this educational stage; no numerical adoption rate supplied.,"{""status"":""not_reported"",""value"":null}",2026-10-08
evidence-7c0a82a02bd07704,CA,title-82cbabde20f19e41,Japanese for Young People,Japanese for Young People,JAPANESE FOR YOUNG PEOPLE,[],Secondary,,reported_use,named_material,jf-profile-2025-CA,https://www.jpf.go.jp/j/project/japanese/survey/area/country/2025/canada_2.pdf,2025,[6],4.学習環境 > 教材 > 中等教育,Named in JF’s textbook section for this educational stage; no numerical adoption rate supplied.,"{""status"":""not_reported"",""value"":null}",2026-10-08
evidence-739399f17d5ae9a3,CA,title-0d7c1286153521a5,まるごと 日本のことばと文化,まるごと 日本のことばと文化,まるごと日本のことばと文化,[],Secondary,,reported_use,named_material,jf-profile-2025-CA,https://www.jpf.go.jp/j/project/japanese/survey/area/country/2025/canada_2.pdf,2025,"[6,7]",4.学習環境 > 教材 > 中等教育,Named in JF’s textbook section for this educational stage; no numerical adoption rate supplied.,"{""status"":""not_reported"",""value"":null}",2026-10-08
evidence-2f6b83527ebebcb1,CA,title-09984ada167d29f0,エリンが挑戦！にほんごできます。,エリンが挑戦！にほんごできます。,エリンが挑戦！にほんごできます。,[],Secondary,,reported_use,named_material,jf-profile-2025-CA,https://www.jpf.go.jp/j/project/japanese/survey/area/country/2025/canada_2.pdf,2025,[7],4.学習環境 > 教材 > 中等教育,Named in JF’s textbook section for this educational stage; no numerical adoption rate supplied.,"{""status"":""not_reported"",""value"":null}",2026-10-08
evidence-ce1aa9abea6a0c34,CA,title-83460c5bb06bd9a0,げんき,げんき,げんき,[],Higher,,reported_use,named_material,jf-profile-2025-CA,https://www.jpf.go.jp/j/project/japanese/survey/area/country/2025/canada_2.pdf,2025,[7],4.学習環境 > 教材 > 高等教育,Named in JF’s textbook section for this educational stage; no numerical adoption rate supplied.,"{""status"":""not_reported"",""value"":null}",2026-10-08
evidence-cd043a467aa12d6f,CA,title-5cdf7e72cd95edca,みんなの日本語,みんなの日本語,みんなの日本語,[],Higher,,reported_use,named_material,jf-profile-2025-CA,https://www.jpf.go.jp/j/project/japanese/survey/area/country/2025/canada_2.pdf,2025,[7],4.学習環境 > 教材 > 高等教育,Named in JF’s textbook section for this educational stage; no numerical adoption rate supplied.,"{""status"":""not_reported"",""value"":null}",2026-10-08
evidence-d3861488e450f523,CA,title-757e83369046f58a,なかま,なかま,なかま,[],Higher,,reported_use,named_material,jf-profile-2025-CA,https://www.jpf.go.jp/j/project/japanese/survey/area/country/2025/canada_2.pdf,2025,[7],4.学習環境 > 教材 > 高等教育,Named in JF’s textbook section for this educational stage; no numerical adoption rate supplied.,"{""status"":""not_reported"",""value"":null}",2026-10-08
evidence-82674e0646115d2b,CA,title-d42d197215d525bb,ようこそ,ようこそ,ようこそ,[],Higher,,reported_use,named_material,jf-profile-2025-CA,https://www.jpf.go.jp/j/project/japanese/survey/area/country/2025/canada_2.pdf,2025,[7],4.学習環境 > 教材 > 高等教育,Named in JF’s textbook section for this educational stage; no numerical adoption rate supplied.,"{""status"":""not_reported"",""value"":null}",2026-10-08
evidence-7fff04be9cbbeaee,CA,title-eda1df820dffba17,Japanese for Busy People,Japanese for Busy People,JAPANESE FOR BUSY PEOPLE,[],Higher,,reported_use,named_material,jf-profile-2025-CA,https://www.jpf.go.jp/j/project/japanese/survey/area/country/2025/canada_2.pdf,2025,[7],4.学習環境 > 教材 > 高等教育,Named in JF’s textbook section for this educational stage; no numerical adoption rate supplied.,"{""status"":""not_reported"",""value"":null}",2026-10-08
evidence-09866388f7475c5f,CA,title-0d7c1286153521a5,まるごと 日本のことばと文化,まるごと 日本のことばと文化,まるごと日本のことばと文化,[],Higher,,reported_use,named_material,jf-profile-2025-CA,https://www.jpf.go.jp/j/project/japanese/survey/area/country/2025/canada_2.pdf,2025,[7],4.学習環境 > 教材 > 高等教育,Named in JF’s textbook section for this educational stage; no numerical adoption rate supplied.,"{""status"":""not_reported"",""value"":null}",2026-10-08
evidence-456b0f0fe50ea9bc,CA,title-0d7c1286153521a5,まるごと 日本のことばと文化,まるごと 日本のことばと文化,まるごと,[],Higher,,reported_use,named_material,jf-profile-2025-CA,https://www.jpf.go.jp/j/project/japanese/survey/area/country/2025/canada_2.pdf,2025,[7],4.学習環境 > 教材 > 高等教育,Named in JF’s textbook section for this educational stage; no numerical adoption rate supplied.,"{""status"":""not_reported"",""value"":null}",2026-10-08
evidence-161f322fe7c0cf17,CA,title-60e0f4409344b2d5,いろどり 生活の日本語,いろどり 生活の日本語,いろどり生活の日本語,[],Higher,,reported_use,named_material,jf-profile-2025-CA,https://www.jpf.go.jp/j/project/japanese/survey/area/country/2025/canada_2.pdf,2025,[7],4.学習環境 > 教材 > 高等教育,Named in JF’s textbook section for this educational stage; no numerical adoption rate supplied.,"{""status"":""not_reported"",""value"":null}",2026-10-08
evidence-997506e31c173143,CA,title-83460c5bb06bd9a0,げんき,げんき,げんき,[],Other,,reported_use,named_material,jf-profile-2025-CA,https://www.jpf.go.jp/j/project/japanese/survey/area/country/2025/canada_2.pdf,2025,[7],4.学習環境 > 教材 > 学校教育以外,Named in JF’s textbook section for this educational stage; no numerical adoption rate supplied.,"{""status"":""not_reported"",""value"":null}",2026-10-08
evidence-5d63f497b6a7b6f1,CA,title-0d7c1286153521a5,まるごと 日本のことばと文化,まるごと 日本のことばと文化,まるごと日本のことばと文化,[],Other,,reported_use,named_material,jf-profile-2025-CA,https://www.jpf.go.jp/j/project/japanese/survey/area/country/2025/canada_2.pdf,2025,[7],4.学習環境 > 教材 > 学校教育以外,Named in JF’s textbook section for this educational stage; no numerical adoption rate supplied.,"{""status"":""not_reported"",""value"":null}",2026-10-08
evidence-673f55675e2f84f7,CA,title-5cdf7e72cd95edca,みんなの日本語,みんなの日本語,みんなの日本語,[],Other,,reported_use,named_material,jf-profile-2025-CA,https://www.jpf.go.jp/j/project/japanese/survey/area/country/2025/canada_2.pdf,2025,[7],4.学習環境 > 教材 > 学校教育以外,Named in JF’s textbook section for this educational stage; no numerical adoption rate supplied.,"{""status"":""not_reported"",""value"":null}",2026-10-08
evidence-53381d2c69a7a541,CA,title-eda1df820dffba17,Japanese for Busy People,Japanese for Busy People,JAPANESE FOR BUSY PEOPLE,[],Other,,reported_use,named_material,jf-profile-2025-CA,https://www.jpf.go.jp/j/project/japanese/survey/area/country/2025/canada_2.pdf,2025,[7],4.学習環境 > 教材 > 学校教育以外,Named in JF’s textbook section for this educational stage; no numerical adoption rate supplied.,"{""status"":""not_reported"",""value"":null}",2026-10-08
evidence-ebf03ef6733456a8,CA,title-f87310a63f3f37b9,Obento,Obento,Obento,[],Primary,,reported_use,named_material,jf-profile-2025-CA,https://www.jpf.go.jp/j/project/japanese/survey/area/country/2025/canada_2.pdf,2025,[6],4.学習環境 > 教材 > 初等教育,This stage explicitly refers to 中等教育 in the same textbook section. Named in JF’s textbook section for this educational stage; no numerical adoption rate supplied.,"{""status"":""not_reported"",""value"":null}",2026-10-08
evidence-be6db60aecb370bc,CA,title-ea019ddc71418461,Ima!,Ima!,Ima!,[],Primary,,reported_use,named_material,jf-profile-2025-CA,https://www.jpf.go.jp/j/project/japanese/survey/area/country/2025/canada_2.pdf,2025,[6],4.学習環境 > 教材 > 初等教育,This stage explicitly refers to 中等教育 in the same textbook section. Named in JF’s textbook section for this educational stage; no numerical adoption rate supplied.,"{""status"":""not_reported"",""value"":null}",2026-10-08
evidence-77e5d07eb548f982,CA,title-ea7f53b575d842b0,Kimono,Kimono,Kimono,[],Primary,,reported_use,named_material,jf-profile-2025-CA,https://www.jpf.go.jp/j/project/japanese/survey/area/country/2025/canada_2.pdf,2025,[6],4.学習環境 > 教材 > 初等教育,This stage explicitly refers to 中等教育 in the same textbook section. Named in JF’s textbook section for this educational stage; no numerical adoption rate supplied.,"{""status"":""not_reported"",""value"":null}",2026-10-08
evidence-db708d1c136e267b,CA,title-83460c5bb06bd9a0,げんき,げんき,げんき,[],Primary,,reported_use,named_material,jf-profile-2025-CA,https://www.jpf.go.jp/j/project/japanese/survey/area/country/2025/canada_2.pdf,2025,[6],4.学習環境 > 教材 > 初等教育,This stage explicitly refers to 中等教育 in the same textbook section. Named in JF’s textbook section for this educational stage; no numerical adoption rate supplied.,"{""status"":""not_reported"",""value"":null}",2026-10-08
evidence-f6cd94e4adabda52,CA,title-757e83369046f58a,なかま,なかま,なかま,[],Primary,,reported_use,named_material,jf-profile-2025-CA,https://www.jpf.go.jp/j/project/japanese/survey/area/country/2025/canada_2.pdf,2025,[6],4.学習環境 > 教材 > 初等教育,This stage explicitly refers to 中等教育 in the same textbook section. Named in JF’s textbook section for this educational stage; no numerical adoption rate supplied.,"{""status"":""not_reported"",""value"":null}",2026-10-08
evidence-671edde13602b3fc,CA,title-3d295d51c845f82c,Adventure in Japanese,Adventure in Japanese,Adventure in Japanese,[],Primary,,reported_use,named_material,jf-profile-2025-CA,https://www.jpf.go.jp/j/project/japanese/survey/area/country/2025/canada_2.pdf,2025,[6],4.学習環境 > 教材 > 初等教育,This stage explicitly refers to 中等教育 in the same textbook section. Named in JF’s textbook section for this educational stage; no numerical adoption rate supplied.,"{""status"":""not_reported"",""value"":null}",2026-10-08
evidence-bb0049ad9a6a7225,CA,title-82cbabde20f19e41,Japanese for Young People,Japanese for Young People,JAPANESE FOR YOUNG PEOPLE,[],Primary,,reported_use,named_material,jf-profile-2025-CA,https://www.jpf.go.jp/j/project/japanese/survey/area/country/2025/canada_2.pdf,2025,[6],4.学習環境 > 教材 > 初等教育,This stage explicitly refers to 中等教育 in the same textbook section. Named in JF’s textbook section for this educational stage; no numerical adoption rate supplied.,"{""status"":""not_reported"",""value"":null}",2026-10-08
evidence-0997d146e473b684,CA,title-0d7c1286153521a5,まるごと 日本のことばと文化,まるごと 日本のことばと文化,まるごと日本のことばと文化,[],Primary,,reported_use,named_material,jf-profile-2025-CA,https://www.jpf.go.jp/j/project/japanese/survey/area/country/2025/canada_2.pdf,2025,"[6,7]",4.学習環境 > 教材 > 初等教育,This stage explicitly refers to 中等教育 in the same textbook section. Named in JF’s textbook section for this educational stage; no numerical adoption rate supplied.,"{""status"":""not_reported"",""value"":null}",2026-10-08
evidence-24275aeb8d577170,CA,title-09984ada167d29f0,エリンが挑戦！にほんごできます。,エリンが挑戦！にほんごできます。,エリンが挑戦！にほんごできます。,[],Primary,,reported_use,named_material,jf-profile-2025-CA,https://www.jpf.go.jp/j/project/japanese/survey/area/country/2025/canada_2.pdf,2025,[7],4.学習環境 > 教材 > 初等教育,This stage explicitly refers to 中等教育 in the same textbook section. Named in JF’s textbook section for this educational stage; no numerical adoption rate supplied.,"{""status"":""not_reported"",""value"":null}",2026-10-08
evidence-362237be72a94df8,US,title-b434022b571b6136,Adventures in Japanese,Adventures in Japanese,Adventures in Japanese,[],Secondary,,reported_use,textbook,jf-profile-2025-US,https://www.jpf.go.jp/j/project/japanese/survey/area/country/2025/usa_2.pdf,2025,[7],4. 学習環境 — 教材 / Secondary,Designed for US high-school learners; used in various locations.,"{""value"":null,""unit"":""percent"",""status"":""not_reported"",""numerator"":null,""denominator"":null,""scope"":null,""observationYear"":null,""sourceYear"":2025}",2026-10-08
evidence-67b9114c3ebb5be6,US,title-800d49a731d228ad,Yookoso!,Yookoso!,Yookoso!,[],Secondary,,reported_use,textbook,jf-profile-2025-US,https://www.jpf.go.jp/j/project/japanese/survey/area/country/2025/usa_2.pdf,2025,[7],4. 学習環境 — 教材 / Secondary,High-school use; AP Japanese led to use of university-oriented material.,"{""value"":null,""unit"":""percent"",""status"":""not_reported"",""numerator"":null,""denominator"":null,""scope"":null,""observationYear"":null,""sourceYear"":2025}",2026-10-08
evidence-31fce3ddf52e4860,US,title-757e83369046f58a,なかま,なかま,なかま,[],Secondary,,reported_use,textbook,jf-profile-2025-US,https://www.jpf.go.jp/j/project/japanese/survey/area/country/2025/usa_2.pdf,2025,[7],4. 学習環境 — 教材 / Secondary,High-school use; AP Japanese led to use of university-oriented material.,"{""value"":null,""unit"":""percent"",""status"":""not_reported"",""numerator"":null,""denominator"":null,""scope"":null,""observationYear"":null,""sourceYear"":2025}",2026-10-08
evidence-6e920806345ac741,US,title-83460c5bb06bd9a0,げんき,げんき,げんき,[],Secondary,,reported_use,textbook,jf-profile-2025-US,https://www.jpf.go.jp/j/project/japanese/survey/area/country/2025/usa_2.pdf,2025,[7],4. 学習環境 — 教材 / Secondary,High-school use; AP Japanese led to use of university-oriented material.,"{""value"":null,""unit"":""percent"",""status"":""not_reported"",""numerator"":null,""denominator"":null,""scope"":null,""observationYear"":null,""sourceYear"":2025}",2026-10-08
evidence-b0f394d8b4865e25,US,title-064d6adb6691ca12,OBENTO,OBENTO,OBENTO,[],Secondary,,mentioned,textbook,jf-profile-2025-US,https://www.jpf.go.jp/j/project/japanese/survey/area/country/2025/usa_2.pdf,2025,[7],4. 学習環境 — 教材 / Secondary,Historical use of Australian-developed textbooks before the emergence of US high-school materials; not evidence of current adoption.,"{""value"":null,""unit"":""percent"",""status"":""not_reported"",""numerator"":null,""denominator"":null,""scope"":null,""observationYear"":null,""sourceYear"":2025}",2026-10-08
evidence-1a77fbd53bf5ccbc,US,title-ea7f53b575d842b0,Kimono,Kimono,Kimono,[],Secondary,,mentioned,textbook,jf-profile-2025-US,https://www.jpf.go.jp/j/project/japanese/survey/area/country/2025/usa_2.pdf,2025,[7],4. 学習環境 — 教材 / Secondary,Historical use of Australian-developed textbooks before the emergence of US high-school materials; not evidence of current adoption.,"{""value"":null,""unit"":""percent"",""status"":""not_reported"",""numerator"":null,""denominator"":null,""scope"":null,""observationYear"":null,""sourceYear"":2025}",2026-10-08
evidence-2f0700bca950619c,SV,title-0d7c1286153521a5,まるごと 日本のことばと文化,まるごと 日本のことばと文化,まるごと日本のことばと文化,[],Higher,,reported_use,named_material,jf-profile-2025-SV,https://www.jpf.go.jp/j/project/japanese/survey/area/country/2025/elsalvador_2.pdf,2025,[4],4.学習環境 > 教材 > 高等教育,Named in JF’s textbook section for this educational stage; no numerical adoption rate supplied.,"{""status"":""not_reported"",""value"":null}",2026-10-08
evidence-dbc777c17c7dd980,SV,title-9bd338e36b5001ae,BASIC KANJI BOOK,BASIC KANJI BOOK,BASIC KANJI BOOK,[],Higher,,reported_use,named_material,jf-profile-2025-SV,https://www.jpf.go.jp/j/project/japanese/survey/area/country/2025/elsalvador_2.pdf,2025,[4],4.学習環境 > 教材 > 高等教育,Named in JF’s textbook section for this educational stage; no numerical adoption rate supplied.,"{""status"":""not_reported"",""value"":null}",2026-10-08
evidence-5ca30b5f336d5dea,SV,title-5cdf7e72cd95edca,みんなの日本語,みんなの日本語,みんなの日本語,[],Higher,,reported_use,named_material,jf-profile-2025-SV,https://www.jpf.go.jp/j/project/japanese/survey/area/country/2025/elsalvador_2.pdf,2025,[4],4.学習環境 > 教材 > 高等教育,Named in JF’s textbook section for this educational stage; no numerical adoption rate supplied.,"{""status"":""not_reported"",""value"":null}",2026-10-08
evidence-d391d33d099d1a6f,SV,title-e73044c2b24084e6,KANJI LOOK AND LEARN,KANJI LOOK AND LEARN,KANJI LOOK AND LEARN,[],Higher,,reported_use,named_material,jf-profile-2025-SV,https://www.jpf.go.jp/j/project/japanese/survey/area/country/2025/elsalvador_2.pdf,2025,[4],4.学習環境 > 教材 > 高等教育,Named in JF’s textbook section for this educational stage; no numerical adoption rate supplied.,"{""status"":""not_reported"",""value"":null}",2026-10-08
evidence-7a8701c5ef6940b6,SV,title-83460c5bb06bd9a0,げんき,げんき,初級日本語げんき I・ II,[],Higher,,reported_use,named_material,jf-profile-2025-SV,https://www.jpf.go.jp/j/project/japanese/survey/area/country/2025/elsalvador_2.pdf,2025,[4],4.学習環境 > 教材 > 高等教育,Named in JF’s textbook section for this educational stage; no numerical adoption rate supplied.,"{""status"":""not_reported"",""value"":null}",2026-10-08
evidence-d34fb216092ea5b7,SV,title-d061aa53cdb19c55,カジュアル日本語,カジュアル日本語,カジュアル日本語,[],Higher,,reported_use,named_material,jf-profile-2025-SV,https://www.jpf.go.jp/j/project/japanese/survey/area/country/2025/elsalvador_2.pdf,2025,[4],4.学習環境 > 教材 > 高等教育,Named in JF’s textbook section for this educational stage; no numerical adoption rate supplied.,"{""status"":""not_reported"",""value"":null}",2026-10-08
evidence-2678f42e1ba1d08a,SV,title-387f9c519d282fab,レベル別日本語多読ライブラリー：にほんごよむよむ文庫,レベル別日本語多読ライブラリー：にほんごよむよむ文庫,レベル別日本語多読ライブラリー：にほんごよむよむ文庫,[],Higher,,reported_use,named_material,jf-profile-2025-SV,https://www.jpf.go.jp/j/project/japanese/survey/area/country/2025/elsalvador_2.pdf,2025,[4],4.学習環境 > 教材 > 高等教育,Named in JF’s textbook section for this educational stage; no numerical adoption rate supplied.,"{""status"":""not_reported"",""value"":null}",2026-10-08
evidence-4b440531e0aaa0c3,SV,title-9f797d4bd15be5cf,日本語多読ブックス,日本語多読ブックス,日本語多読ブックス,[],Higher,,reported_use,named_material,jf-profile-2025-SV,https://www.jpf.go.jp/j/project/japanese/survey/area/country/2025/elsalvador_2.pdf,2025,[4],4.学習環境 > 教材 > 高等教育,Named in JF’s textbook section for this educational stage; no numerical adoption rate supplied.,"{""status"":""not_reported"",""value"":null}",2026-10-08
evidence-acecfb91bb719a6d,SV,title-5cdf7e72cd95edca,みんなの日本語,みんなの日本語,みんなの日本語,[],Other,,reported_use,named_material,jf-profile-2025-SV,https://www.jpf.go.jp/j/project/japanese/survey/area/country/2025/elsalvador_2.pdf,2025,[4],4.学習環境 > 教材 > 学校教育以外,Described as previously used; profile says Marugoto became the main textbook in all such institutions from 2020.,"{""status"":""not_reported"",""value"":null}",2026-10-08
evidence-c3b8589f1c4d78be,SV,title-0d7c1286153521a5,まるごと 日本のことばと文化,まるごと 日本のことばと文化,まるごと,[],Other,,reported_use,named_material,jf-profile-2025-SV,https://www.jpf.go.jp/j/project/japanese/survey/area/country/2025/elsalvador_2.pdf,2025,[4],4.学習環境 > 教材 > 学校教育以外,Named in JF’s textbook section for this educational stage; no numerical adoption rate supplied.,"{""status"":""not_reported"",""value"":null}",2026-10-08
evidence-c623e40790558b7c,SV,title-e241c1a1cd546279,みなと,みなと,みなと,[],Other,,reported_use,named_material,jf-profile-2025-SV,https://www.jpf.go.jp/j/project/japanese/survey/area/country/2025/elsalvador_2.pdf,2025,[4],4.学習環境 > 教材 > 学校教育以外,Named in JF’s textbook section for this educational stage; no numerical adoption rate supplied.,"{""status"":""not_reported"",""value"":null}",2026-10-08
evidence-b9d3206e8ac6ffcb,CU,title-5cdf7e72cd95edca,みんなの日本語,みんなの日本語,みんなの日本語,[],Higher,,reported_use,named_material,jf-profile-2025-CU,https://www.jpf.go.jp/j/project/japanese/survey/area/country/2025/cuba_2.pdf,2025,[4],4.学習環境 > 教材 > 高等教育,Named in JF’s textbook section for this educational stage; no numerical adoption rate supplied.,"{""status"":""not_reported"",""value"":null}",2026-10-08
evidence-16f2f78cf2d11dfc,CU,title-0d7c1286153521a5,まるごと 日本のことばと文化,まるごと 日本のことばと文化,まるごと日本のことばと文化,[],Higher,,reported_use,named_material,jf-profile-2025-CU,https://www.jpf.go.jp/j/project/japanese/survey/area/country/2025/cuba_2.pdf,2025,[4],4.学習環境 > 教材 > 高等教育,Named in JF’s textbook section for this educational stage; no numerical adoption rate supplied.,"{""status"":""not_reported"",""value"":null}",2026-10-08
evidence-71f7b07c847c6a8f,CU,title-5cdf7e72cd95edca,みんなの日本語,みんなの日本語,みんなの日本語,[],Other,,reported_use,named_material,jf-profile-2025-CU,https://www.jpf.go.jp/j/project/japanese/survey/area/country/2025/cuba_2.pdf,2025,[4],4.学習環境 > 教材 > 学校教育以外,This stage explicitly refers to 高等教育 in the same textbook section. Named in JF’s textbook section for this educational stage; no numerical adoption rate supplied.,"{""status"":""not_reported"",""value"":null}",2026-10-08
evidence-cc671b7d2cd4c5d4,CU,title-0d7c1286153521a5,まるごと 日本のことばと文化,まるごと 日本のことばと文化,まるごと日本のことばと文化,[],Other,,reported_use,named_material,jf-profile-2025-CU,https://www.jpf.go.jp/j/project/japanese/survey/area/country/2025/cuba_2.pdf,2025,[4],4.学習環境 > 教材 > 学校教育以外,This stage explicitly refers to 高等教育 in the same textbook section. Named in JF’s textbook section for this educational stage; no numerical adoption rate supplied.,"{""status"":""not_reported"",""value"":null}",2026-10-08
evidence-c81adb91614c6718,GT,title-5cdf7e72cd95edca,みんなの日本語,みんなの日本語,みんなの日本語,[],Higher,,reported_use,named_material,jf-profile-2025-GT,https://www.jpf.go.jp/j/project/japanese/survey/area/country/2025/guatemala_2.pdf,2025,[5],4.学習環境 > 教材 > 高等教育,Named in JF’s textbook section for this educational stage; no numerical adoption rate supplied.,"{""status"":""not_reported"",""value"":null}",2026-10-08
evidence-e88552c325ea1d80,GT,title-5cdf7e72cd95edca,みんなの日本語,みんなの日本語,みんなの日本語初級Ⅰ翻訳・文法解説スペイン語版,[],Higher,,reported_use,named_material,jf-profile-2025-GT,https://www.jpf.go.jp/j/project/japanese/survey/area/country/2025/guatemala_2.pdf,2025,[5],4.学習環境 > 教材 > 高等教育,Named in JF’s textbook section for this educational stage; no numerical adoption rate supplied.,"{""status"":""not_reported"",""value"":null}",2026-10-08
evidence-449dc172294ce427,GT,title-5cdf7e72cd95edca,みんなの日本語,みんなの日本語,みんなの日本語,[],Other,,reported_use,named_material,jf-profile-2025-GT,https://www.jpf.go.jp/j/project/japanese/survey/area/country/2025/guatemala_2.pdf,2025,[5],4.学習環境 > 教材 > 学校教育以外,Named in JF’s textbook section for this educational stage; no numerical adoption rate supplied.,"{""status"":""not_reported"",""value"":null}",2026-10-08
evidence-7d2d5567e1bc612f,GT,title-2a7c15d9bbc7355a,J-Bridge,J-Bridge,ジェイ・ブリッジ,[],Other,,reported_use,named_material,jf-profile-2025-GT,https://www.jpf.go.jp/j/project/japanese/survey/area/country/2025/guatemala_2.pdf,2025,[5],4.学習環境 > 教材 > 学校教育以外,Named in JF’s textbook section for this educational stage; no numerical adoption rate supplied.,"{""status"":""not_reported"",""value"":null}",2026-10-08
evidence-6d7e6afd3f047cc1,GT,title-83460c5bb06bd9a0,げんき,げんき,初級日本語げんき,[],Other,,reported_use,named_material,jf-profile-2025-GT,https://www.jpf.go.jp/j/project/japanese/survey/area/country/2025/guatemala_2.pdf,2025,[5],4.学習環境 > 教材 > 学校教育以外,Named in JF’s textbook section for this educational stage; no numerical adoption rate supplied.,"{""status"":""not_reported"",""value"":null}",2026-10-08
evidence-31baa0bd8f3b57e3,GT,title-192cecb1fcd34553,クラス活動集 101,クラス活動集 101,クラス活動集 101,[],Other,,reported_use,named_material,jf-profile-2025-GT,https://www.jpf.go.jp/j/project/japanese/survey/area/country/2025/guatemala_2.pdf,2025,[5],4.学習環境 > 教材 > 学校教育以外,Named in JF’s textbook section for this educational stage; no numerical adoption rate supplied.,"{""status"":""not_reported"",""value"":null}",2026-10-08
evidence-00d2df07001473cc,GT,title-cc2efed9b2df7f9d,日本語コミュニケーションゲーム 80,日本語コミュニケーションゲーム 80,日本語コミュニケーションゲーム 80,[],Other,,reported_use,named_material,jf-profile-2025-GT,https://www.jpf.go.jp/j/project/japanese/survey/area/country/2025/guatemala_2.pdf,2025,[5],4.学習環境 > 教材 > 学校教育以外,Named in JF’s textbook section for this educational stage; no numerical adoption rate supplied.,"{""status"":""not_reported"",""value"":null}",2026-10-08
evidence-35f4f7edde95d4a2,GT,title-1b3de26f1bc27c64,新日本語の基礎漢字練習帳Ⅰ・Ⅱスペイン語版,新日本語の基礎漢字練習帳Ⅰ・Ⅱスペイン語版,新日本語の基礎漢字練習帳Ⅰ・Ⅱスペイン語版,[],Other,,reported_use,named_material,jf-profile-2025-GT,https://www.jpf.go.jp/j/project/japanese/survey/area/country/2025/guatemala_2.pdf,2025,[5],4.学習環境 > 教材 > 学校教育以外,Named in JF’s textbook section for this educational stage; no numerical adoption rate supplied.,"{""status"":""not_reported"",""value"":null}",2026-10-08
evidence-b89fc61e62d99aa0,GT,title-0cc0a41824d22cbe,漢字マスター,漢字マスター,漢字マスター,[],Other,,reported_use,named_material,jf-profile-2025-GT,https://www.jpf.go.jp/j/project/japanese/survey/area/country/2025/guatemala_2.pdf,2025,[5],4.学習環境 > 教材 > 学校教育以外,Named in JF’s textbook section for this educational stage; no numerical adoption rate supplied.,"{""status"":""not_reported"",""value"":null}",2026-10-08
evidence-730dd6dcf2e752df,GT,title-c661773a87011a09,下村式小学漢字学習辞典,下村式小学漢字学習辞典,下村式小学漢字学習辞典,[],Other,,reported_use,named_material,jf-profile-2025-GT,https://www.jpf.go.jp/j/project/japanese/survey/area/country/2025/guatemala_2.pdf,2025,[5],4.学習環境 > 教材 > 学校教育以外,Named in JF’s textbook section for this educational stage; no numerical adoption rate supplied.,"{""status"":""not_reported"",""value"":null}",2026-10-08
evidence-7d00a1d852e4ed33,GT,title-067dd0a7f4fbf354,JAPAN VIDEO TOPICS,JAPAN VIDEO TOPICS,JAPAN VIDEO TOPICS,[],Other,,curriculum_material,named_material,jf-profile-2025-GT,https://www.jpf.go.jp/j/project/japanese/survey/area/country/2025/guatemala_2.pdf,2025,[5],4.学習環境 > 教材 > 学校教育以外,Listed in the profile’s supplementary/video resources; not a standalone print textbook.,"{""status"":""not_reported"",""value"":null}",2026-10-08
evidence-9d90becfe96f3a64,GT,title-5cdf7e72cd95edca,みんなの日本語,みんなの日本語,みんなの日本語会話ビデオ,[],Other,,reported_use,named_material,jf-profile-2025-GT,https://www.jpf.go.jp/j/project/japanese/survey/area/country/2025/guatemala_2.pdf,2025,[5],4.学習環境 > 教材 > 学校教育以外,Named in JF’s textbook section for this educational stage; no numerical adoption rate supplied.,"{""status"":""not_reported"",""value"":null}",2026-10-08
evidence-4e9e0538ea3a6bad,GT,title-28c95ddcb3fa7e99,日本語見る・聞く・話す,日本語見る・聞く・話す,日本語見る・聞く・話す,[],Other,,curriculum_material,named_material,jf-profile-2025-GT,https://www.jpf.go.jp/j/project/japanese/survey/area/country/2025/guatemala_2.pdf,2025,[5],4.学習環境 > 教材 > 学校教育以外,Listed in the profile’s supplementary/video resources; not a standalone print textbook.,"{""status"":""not_reported"",""value"":null}",2026-10-08
evidence-115cf34db33b2435,GT,title-50ff8a6b3cd6cff2,やさしい日本語,やさしい日本語,やさしい日本語,[],Other,,curriculum_material,named_material,jf-profile-2025-GT,https://www.jpf.go.jp/j/project/japanese/survey/area/country/2025/guatemala_2.pdf,2025,[5],4.学習環境 > 教材 > 学校教育以外,Listed in the profile’s supplementary/video resources; not a standalone print textbook.,"{""status"":""not_reported"",""value"":null}",2026-10-08
evidence-10e3fdcff503ca32,GT,title-0d7c1286153521a5,まるごと 日本のことばと文化,まるごと 日本のことばと文化,まるごと日本のことばと文化,[],Other,,reported_use,named_material,jf-profile-2025-GT,https://www.jpf.go.jp/j/project/japanese/survey/area/country/2025/guatemala_2.pdf,2025,[5],4.学習環境 > 教材 > 学校教育以外,Named in JF’s textbook section for this educational stage; no numerical adoption rate supplied.,"{""status"":""not_reported"",""value"":null}",2026-10-08
evidence-2c5874aceef034ae,GT,title-0d7c1286153521a5,まるごと 日本のことばと文化,まるごと 日本のことばと文化,まるごとプラス,[],Other,,curriculum_material,named_material,jf-profile-2025-GT,https://www.jpf.go.jp/j/project/japanese/survey/area/country/2025/guatemala_2.pdf,2025,[5],4.学習環境 > 教材 > 学校教育以外,Listed in the profile’s supplementary/video resources; not a standalone print textbook.,"{""status"":""not_reported"",""value"":null}",2026-10-08
evidence-12c91ece2b6acfdb,GT,title-48978c8cc6a65fd1,ひろがる,ひろがる,ひろがる,[],Other,,curriculum_material,named_material,jf-profile-2025-GT,https://www.jpf.go.jp/j/project/japanese/survey/area/country/2025/guatemala_2.pdf,2025,[5],4.学習環境 > 教材 > 学校教育以外,Listed in the profile’s supplementary/video resources; not a standalone print textbook.,"{""status"":""not_reported"",""value"":null}",2026-10-08
evidence-e7a4022645527a8e,GT,title-e241c1a1cd546279,みなと,みなと,みなと,[],Other,,curriculum_material,named_material,jf-profile-2025-GT,https://www.jpf.go.jp/j/project/japanese/survey/area/country/2025/guatemala_2.pdf,2025,[5],4.学習環境 > 教材 > 学校教育以外,Listed in the profile’s supplementary/video resources; not a standalone print textbook.,"{""status"":""not_reported"",""value"":null}",2026-10-08
evidence-ab11911f12291b88,CR,title-2fa90fb19e335306,できる日本語,できる日本語,できる日本語,[],Other,,reported_use,named_material,jf-profile-2025-CR,https://www.jpf.go.jp/j/project/japanese/survey/area/country/2025/costarica_2.pdf,2025,[5],4.学習環境 > 教材 > 学校教育以外,Named in JF’s textbook section for this educational stage; no numerical adoption rate supplied.,"{""status"":""not_reported"",""value"":null}",2026-10-08
evidence-ef5ef6acb330c397,CR,title-5cdf7e72cd95edca,みんなの日本語,みんなの日本語,みんなの日本語,[],Other,,reported_use,named_material,jf-profile-2025-CR,https://www.jpf.go.jp/j/project/japanese/survey/area/country/2025/costarica_2.pdf,2025,[5],4.学習環境 > 教材 > 学校教育以外,Named in JF’s textbook section for this educational stage; no numerical adoption rate supplied.,"{""status"":""not_reported"",""value"":null}",2026-10-08
evidence-f1baee7be131b080,CR,title-0d7c1286153521a5,まるごと 日本のことばと文化,まるごと 日本のことばと文化,まるごと日本のことばと文化,[],Other,,reported_use,named_material,jf-profile-2025-CR,https://www.jpf.go.jp/j/project/japanese/survey/area/country/2025/costarica_2.pdf,2025,[5],4.学習環境 > 教材 > 学校教育以外,Named in JF’s textbook section for this educational stage; no numerical adoption rate supplied.,"{""status"":""not_reported"",""value"":null}",2026-10-08
evidence-6ef4223615e56b40,JM,title-7ff8851631c91d43,テーマで学ぶ基礎日本語,テーマで学ぶ基礎日本語,テーマで学ぶ基礎日本語,[],Higher,,reported_use,named_material,jf-profile-2025-JM,https://www.jpf.go.jp/j/project/japanese/survey/area/country/2025/jamaica_2.pdf,2025,[4],4.学習環境 > 教材 > 高等教育,Named in JF’s textbook section for this educational stage; no numerical adoption rate supplied.,"{""status"":""not_reported"",""value"":null}",2026-10-08
evidence-12e6b1d7ae0dc27b,JM,title-771eeb583707c54d,楽しい日本語,楽しい日本語,楽しい日本語（2013年度改訂）,[],Other,,reported_use,named_material,jf-profile-2025-JM,https://www.jpf.go.jp/j/project/japanese/survey/area/country/2025/jamaica_2.pdf,2025,[4],4.学習環境 > 教材 > その他教育機関,Named in JF’s textbook section for this educational stage; no numerical adoption rate supplied.,"{""status"":""not_reported"",""value"":null}",2026-10-08
evidence-3de4922c28861349,JM,title-aa5b4bcbeeb3de67,たのしい日本語準備体操 Part1、2,たのしい日本語準備体操 Part1、2,たのしい日本語準備体操 Part1、2,[],Other,,reported_use,named_material,jf-profile-2025-JM,https://www.jpf.go.jp/j/project/japanese/survey/area/country/2025/jamaica_2.pdf,2025,[4],4.学習環境 > 教材 > その他教育機関,Named in JF’s textbook section for this educational stage; no numerical adoption rate supplied.,"{""status"":""not_reported"",""value"":null}",2026-10-08
evidence-d3d3192f5c5bf207,JM,title-2a7c15d9bbc7355a,J-Bridge,J-Bridge,J-Bridge,[],Other,,reported_use,named_material,jf-profile-2025-JM,https://www.jpf.go.jp/j/project/japanese/survey/area/country/2025/jamaica_2.pdf,2025,[4],4.学習環境 > 教材 > その他教育機関,Excerpts used to construct supplementary exercise materials; not evidence of full-course textbook adoption.,"{""status"":""not_reported"",""value"":null}",2026-10-08
evidence-b89e93bcdcffcf18,JM,title-3f7947d126473339,新しい「日本語能力試験」ガイドブック概要版と問題例集,新しい「日本語能力試験」ガイドブック概要版と問題例集,新しい「日本語能力試験」ガイドブック概要版と問題例集,[],Other,,reported_use,named_material,jf-profile-2025-JM,https://www.jpf.go.jp/j/project/japanese/survey/area/country/2025/jamaica_2.pdf,2025,[4],4.学習環境 > 教材 > その他教育機関,Excerpts used to construct supplementary exercise materials; not evidence of full-course textbook adoption.,"{""status"":""not_reported"",""value"":null}",2026-10-08
evidence-c51d89e70d7dada9,JM,title-83460c5bb06bd9a0,げんき,げんき,げんき,[],Other,,reported_use,named_material,jf-profile-2025-JM,https://www.jpf.go.jp/j/project/japanese/survey/area/country/2025/jamaica_2.pdf,2025,[4],4.学習環境 > 教材 > その他教育機関,Excerpts used to construct supplementary exercise materials; not evidence of full-course textbook adoption.,"{""status"":""not_reported"",""value"":null}",2026-10-08
evidence-1cc99d267bf99d33,DO,title-5cdf7e72cd95edca,みんなの日本語,みんなの日本語,みんなの日本語初級Ⅰ、Ⅱ,[],Other,,reported_use,named_material,jf-profile-2025-DO,https://www.jpf.go.jp/j/project/japanese/survey/area/country/2025/dominican_2.pdf,2025,[4],4.学習環境 > 教材 > 学校教育以外,Named in JF’s textbook section for this educational stage; no numerical adoption rate supplied.,"{""status"":""not_reported"",""value"":null}",2026-10-08
evidence-707998449760a78b,DO,title-5cdf7e72cd95edca,みんなの日本語,みんなの日本語,みんなの日本語中級Ⅰ、Ⅱ,[],Other,,reported_use,named_material,jf-profile-2025-DO,https://www.jpf.go.jp/j/project/japanese/survey/area/country/2025/dominican_2.pdf,2025,[4],4.学習環境 > 教材 > 学校教育以外,Named in JF’s textbook section for this educational stage; no numerical adoption rate supplied.,"{""status"":""not_reported"",""value"":null}",2026-10-08
evidence-806dbb0932f080fc,DO,title-5cdf7e72cd95edca,みんなの日本語,みんなの日本語,みんなの日本語初級Ⅰ,[],Other,,reported_use,named_material,jf-profile-2025-DO,https://www.jpf.go.jp/j/project/japanese/survey/area/country/2025/dominican_2.pdf,2025,[4],4.学習環境 > 教材 > 学校教育以外,Named in JF’s textbook section for this educational stage; no numerical adoption rate supplied.,"{""status"":""not_reported"",""value"":null}",2026-10-08
evidence-4adf12999933f80f,DO,title-0d7c1286153521a5,まるごと 日本のことばと文化,まるごと 日本のことばと文化,まるごと A2 Elementary 1、Elementary 2,[],Other,,reported_use,named_material,jf-profile-2025-DO,https://www.jpf.go.jp/j/project/japanese/survey/area/country/2025/dominican_2.pdf,2025,[4],4.学習環境 > 教材 > 学校教育以外,Named in JF’s textbook section for this educational stage; no numerical adoption rate supplied.,"{""status"":""not_reported"",""value"":null}",2026-10-08
evidence-2620dd1db27c575e,DO,title-af6210b0f7f7fb99,日本語うきうき,日本語うきうき,日本語うきうき,[],Other,,reported_use,named_material,jf-profile-2025-DO,https://www.jpf.go.jp/j/project/japanese/survey/area/country/2025/dominican_2.pdf,2025,[4],4.学習環境 > 教材 > 学校教育以外,Named in JF’s textbook section for this educational stage; no numerical adoption rate supplied.,"{""status"":""not_reported"",""value"":null}",2026-10-08
evidence-76420b473404d868,DO,title-82cbabde20f19e41,Japanese for Young People,Japanese for Young People,JAPANESE FOR YOUNG PEOPLE,[],Other,,reported_use,named_material,jf-profile-2025-DO,https://www.jpf.go.jp/j/project/japanese/survey/area/country/2025/dominican_2.pdf,2025,[4],4.学習環境 > 教材 > 学校教育以外,Named in JF’s textbook section for this educational stage; no numerical adoption rate supplied.,"{""status"":""not_reported"",""value"":null}",2026-10-08
evidence-2e27dbd73c58433d,DO,title-8a617c0ee4b25df5,たのしいにほんご,たのしいにほんご,たのしいにほんご,[],Other,,reported_use,named_material,jf-profile-2025-DO,https://www.jpf.go.jp/j/project/japanese/survey/area/country/2025/dominican_2.pdf,2025,[4],4.学習環境 > 教材 > 学校教育以外,Named in JF’s textbook section for this educational stage; no numerical adoption rate supplied.,"{""status"":""not_reported"",""value"":null}",2026-10-08
evidence-4be812b02ed551f2,DO,title-705b288e39e47e29,にほんごドレミ,にほんごドレミ,にほんごドレミ,[],Other,,reported_use,named_material,jf-profile-2025-DO,https://www.jpf.go.jp/j/project/japanese/survey/area/country/2025/dominican_2.pdf,2025,[4],4.学習環境 > 教材 > 学校教育以外,Named in JF’s textbook section for this educational stage; no numerical adoption rate supplied.,"{""status"":""not_reported"",""value"":null}",2026-10-08
evidence-3bb2fc211cc37530,TT,title-0d7c1286153521a5,まるごと 日本のことばと文化,まるごと 日本のことばと文化,まるごと日本のことばと文化,[],Higher,,reported_use,named_material,jf-profile-2025-TT,https://www.jpf.go.jp/j/project/japanese/survey/area/country/2025/trinidadtobago_2.pdf,2025,[4],4.学習環境 > 教材 > 高等教育,Named in JF’s textbook section for this educational stage; no numerical adoption rate supplied.,"{""status"":""not_reported"",""value"":null}",2026-10-08
evidence-8d9ac471c50b3150,NI,title-0d7c1286153521a5,まるごと 日本のことばと文化,まるごと 日本のことばと文化,まるごと日本のことばと文化,[],Other,,reported_use,named_material,jf-profile-2025-NI,https://www.jpf.go.jp/j/project/japanese/survey/area/country/2025/nicaragua_2.pdf,2025,[4],4.学習環境 > 教材 > 学校教育以外,Named in JF’s textbook section for this educational stage; no numerical adoption rate supplied.,"{""status"":""not_reported"",""value"":null}",2026-10-08
evidence-e0677dceb8035a59,HT,title-5cdf7e72cd95edca,みんなの日本語,みんなの日本語,みんなの日本語,[],Other,,reported_use,named_material,jf-profile-2025-HT,https://www.jpf.go.jp/j/project/japanese/survey/area/country/2025/haiti_2.pdf,2025,[3],4.学習環境 > 教材 > 学校教育以外,Historical use at the Japan–Haiti association; profile states its classes were closed as of 2025.,"{""status"":""not_reported"",""value"":null}",2026-10-08
evidence-791eba892d71f522,HT,title-9bd338e36b5001ae,BASIC KANJI BOOK,BASIC KANJI BOOK,BASIC KANJI BOOK,[],Other,,reported_use,named_material,jf-profile-2025-HT,https://www.jpf.go.jp/j/project/japanese/survey/area/country/2025/haiti_2.pdf,2025,[3],4.学習環境 > 教材 > 学校教育以外,Historical use at the Japan–Haiti association; profile states its classes were closed as of 2025.,"{""status"":""not_reported"",""value"":null}",2026-10-08
evidence-f52c8ae4f6047453,HT,title-7716f87e48ca3b58,Japanese for today あたらしい日本語,Japanese for today あたらしい日本語,Japanese for today あたらしい日本語,[],Other,,reported_use,named_material,jf-profile-2025-HT,https://www.jpf.go.jp/j/project/japanese/survey/area/country/2025/haiti_2.pdf,2025,[3],4.学習環境 > 教材 > 学校教育以外,Historical use at the Japan–Haiti association; profile states its classes were closed as of 2025.,"{""status"":""not_reported"",""value"":null}",2026-10-08
evidence-40dfa1c76c927435,PA,title-5cdf7e72cd95edca,みんなの日本語,みんなの日本語,みんなの日本語,[],Higher,,reported_use,named_material,jf-profile-2025-PA,https://www.jpf.go.jp/j/project/japanese/survey/area/country/2025/panama_2.pdf,2025,[4],4.学習環境 > 教材 > 高等教育,Named in JF’s textbook section for this educational stage; no numerical adoption rate supplied.,"{""status"":""not_reported"",""value"":null}",2026-10-08
evidence-2a8f34458d7de1ef,PA,title-eda1df820dffba17,Japanese for Busy People,Japanese for Busy People,JAPANESE FOR BUSY PEOPLE,[],Higher,,reported_use,named_material,jf-profile-2025-PA,https://www.jpf.go.jp/j/project/japanese/survey/area/country/2025/panama_2.pdf,2025,[4],4.学習環境 > 教材 > 高等教育,Named in JF’s textbook section for this educational stage; no numerical adoption rate supplied.,"{""status"":""not_reported"",""value"":null}",2026-10-08
evidence-74c50826f716546c,PA,title-ed242f702c5e5b24,Japan Video Topics,Japan Video Topics,Japan Video Topics,[],Higher,,curriculum_material,named_material,jf-profile-2025-PA,https://www.jpf.go.jp/j/project/japanese/survey/area/country/2025/panama_2.pdf,2025,[4],4.学習環境 > 教材 > 高等教育,Named in JF’s textbook section for this educational stage; no numerical adoption rate supplied.,"{""status"":""not_reported"",""value"":null}",2026-10-08
evidence-3748262182fffa12,PA,title-5a1347cc0795f7ee,すぐに使えるスペイン語会話,すぐに使えるスペイン語会話,すぐに使えるスペイン語会話,[],Higher,,reported_use,named_material,jf-profile-2025-PA,https://www.jpf.go.jp/j/project/japanese/survey/area/country/2025/panama_2.pdf,2025,[4],4.学習環境 > 教材 > 高等教育,Spanish-conversation title as written in JF’s Japanese-education textbook list; retained faithfully rather than silently corrected.,"{""status"":""not_reported"",""value"":null}",2026-10-08
evidence-7ae2363c5e2ec2d4,PA,title-9e116d19884a5bab,日本人のライフスタイル,日本人のライフスタイル,日本人のライフスタイル,[],Higher,,curriculum_material,named_material,jf-profile-2025-PA,https://www.jpf.go.jp/j/project/japanese/survey/area/country/2025/panama_2.pdf,2025,[4],4.学習環境 > 教材 > 高等教育,Named in JF’s textbook section for this educational stage; no numerical adoption rate supplied.,"{""status"":""not_reported"",""value"":null}",2026-10-08
evidence-5e6a07e00c278988,PA,title-5cdf7e72cd95edca,みんなの日本語,みんなの日本語,みんなの日本語,[],Other,,reported_use,named_material,jf-profile-2025-PA,https://www.jpf.go.jp/j/project/japanese/survey/area/country/2025/panama_2.pdf,2025,[4],4.学習環境 > 教材 > 学校教育以外,This stage explicitly refers to 高等教育 in the same textbook section. Named in JF’s textbook section for this educational stage; no numerical adoption rate supplied.,"{""status"":""not_reported"",""value"":null}",2026-10-08
evidence-1dd01c216f11a173,PA,title-eda1df820dffba17,Japanese for Busy People,Japanese for Busy People,JAPANESE FOR BUSY PEOPLE,[],Other,,reported_use,named_material,jf-profile-2025-PA,https://www.jpf.go.jp/j/project/japanese/survey/area/country/2025/panama_2.pdf,2025,[4],4.学習環境 > 教材 > 学校教育以外,This stage explicitly refers to 高等教育 in the same textbook section. Named in JF’s textbook section for this educational stage; no numerical adoption rate supplied.,"{""status"":""not_reported"",""value"":null}",2026-10-08
evidence-3122bf74512ca0ac,PA,title-ed242f702c5e5b24,Japan Video Topics,Japan Video Topics,Japan Video Topics,[],Other,,curriculum_material,named_material,jf-profile-2025-PA,https://www.jpf.go.jp/j/project/japanese/survey/area/country/2025/panama_2.pdf,2025,[4],4.学習環境 > 教材 > 学校教育以外,This stage explicitly refers to 高等教育 in the same textbook section. Named in JF’s textbook section for this educational stage; no numerical adoption rate supplied.,"{""status"":""not_reported"",""value"":null}",2026-10-08
evidence-b59c36f86a551368,PA,title-5a1347cc0795f7ee,すぐに使えるスペイン語会話,すぐに使えるスペイン語会話,すぐに使えるスペイン語会話,[],Other,,reported_use,named_material,jf-profile-2025-PA,https://www.jpf.go.jp/j/project/japanese/survey/area/country/2025/panama_2.pdf,2025,[4],4.学習環境 > 教材 > 学校教育以外,This stage explicitly refers to 高等教育 in the same textbook section. Spanish-conversation title as written in JF’s Japanese-education textbook list; retained faithfully rather than silently corrected.,"{""status"":""not_reported"",""value"":null}",2026-10-08
evidence-96feaed465f659a2,PA,title-9e116d19884a5bab,日本人のライフスタイル,日本人のライフスタイル,日本人のライフスタイル,[],Other,,curriculum_material,named_material,jf-profile-2025-PA,https://www.jpf.go.jp/j/project/japanese/survey/area/country/2025/panama_2.pdf,2025,[4],4.学習環境 > 教材 > 学校教育以外,This stage explicitly refers to 高等教育 in the same textbook section. Named in JF’s textbook section for this educational stage; no numerical adoption rate supplied.,"{""status"":""not_reported"",""value"":null}",2026-10-08
evidence-9ce1d7f274be7e95,PR,title-eda1df820dffba17,Japanese for Busy People,Japanese for Busy People,Japanese for busy people 1、2,[],Higher,,reported_use,named_material,jf-profile-2025-PR,https://www.jpf.go.jp/j/project/japanese/survey/area/country/2025/puertorico_2.pdf,2025,[5],4.学習環境 > 教材 > 高等教育,Named in JF’s textbook section for this educational stage; no numerical adoption rate supplied.,"{""status"":""not_reported"",""value"":null}",2026-10-08
evidence-8ee41940fa96559a,PR,title-83460c5bb06bd9a0,げんき,げんき,げんき Elementary Japanese1、2,[],Higher,,reported_use,named_material,jf-profile-2025-PR,https://www.jpf.go.jp/j/project/japanese/survey/area/country/2025/puertorico_2.pdf,2025,[5],4.学習環境 > 教材 > 高等教育,Named in JF’s textbook section for this educational stage; no numerical adoption rate supplied.,"{""status"":""not_reported"",""value"":null}",2026-10-08
evidence-600162603a8bbb64,PR,title-d6ec5f48e5e3547b,中級日本語カルテット,中級日本語カルテット,中級日本語カルテット,[],Higher,,reported_use,named_material,jf-profile-2025-PR,https://www.jpf.go.jp/j/project/japanese/survey/area/country/2025/puertorico_2.pdf,2025,[5],4.学習環境 > 教材 > 高等教育,Named in JF’s textbook section for this educational stage; no numerical adoption rate supplied.,"{""status"":""not_reported"",""value"":null}",2026-10-08
evidence-2af02159b7ca4176,PR,title-e73044c2b24084e6,KANJI LOOK AND LEARN,KANJI LOOK AND LEARN,kanji look and learn,[],Higher,,reported_use,named_material,jf-profile-2025-PR,https://www.jpf.go.jp/j/project/japanese/survey/area/country/2025/puertorico_2.pdf,2025,[5],4.学習環境 > 教材 > 高等教育,Named in JF’s textbook section for this educational stage; no numerical adoption rate supplied.,"{""status"":""not_reported"",""value"":null}",2026-10-08
evidence-7509187324e59dd5,PR,title-a82199ed98ea7da6,Japanese step by step,Japanese step by step,Japanese step by step,[],Higher,,reported_use,named_material,jf-profile-2025-PR,https://www.jpf.go.jp/j/project/japanese/survey/area/country/2025/puertorico_2.pdf,2025,[5],4.学習環境 > 教材 > 高等教育,Named in JF’s textbook section for this educational stage; no numerical adoption rate supplied.,"{""status"":""not_reported"",""value"":null}",2026-10-08
evidence-8a0c520c856d25a1,PR,title-eda1df820dffba17,Japanese for Busy People,Japanese for Busy People,"Japanese for busy people 1,2,3",[],Other,,reported_use,named_material,jf-profile-2025-PR,https://www.jpf.go.jp/j/project/japanese/survey/area/country/2025/puertorico_2.pdf,2025,[5],4.学習環境 > 教材 > 学校教育以外,Named in JF’s textbook section for this educational stage; no numerical adoption rate supplied.,"{""status"":""not_reported"",""value"":null}",2026-10-08
evidence-05b71598cc36c995,MX,title-bbb0c55d39607d47,こどものにほんご,こどものにほんご,こどものにほんご,[],Primary,,reported_use,named_material,jf-profile-2025-MX,https://www.jpf.go.jp/j/project/japanese/survey/area/country/2025/mexico_2.pdf,2025,[6],4.学習環境 > 教材 > 初等教育,Named in JF’s textbook section for this educational stage; no numerical adoption rate supplied.,"{""status"":""not_reported"",""value"":null}",2026-10-08
evidence-689d5a26ffa6d9d0,MX,title-35823404507d8326,eTRY!,eTRY!,eTRY!,[],Secondary,,curriculum_material,named_material,jf-profile-2025-MX,https://www.jpf.go.jp/j/project/japanese/survey/area/country/2025/mexico_2.pdf,2025,[6],4.学習環境 > 教材 > 中等教育,Online material used at the Japanese-Mexican institute’s secondary divisions.,"{""status"":""not_reported"",""value"":null}",2026-10-08
evidence-15f1f7f0f9903491,MX,title-5cdf7e72cd95edca,みんなの日本語,みんなの日本語,みんなの日本語,[],Secondary,,reported_use,named_material,jf-profile-2025-MX,https://www.jpf.go.jp/j/project/japanese/survey/area/country/2025/mexico_2.pdf,2025,[6],4.学習環境 > 教材 > 中等教育,Named in JF’s textbook section for this educational stage; no numerical adoption rate supplied.,"{""status"":""not_reported"",""value"":null}",2026-10-08
evidence-4426b05fc9d496f6,MX,title-0d7c1286153521a5,まるごと 日本のことばと文化,まるごと 日本のことばと文化,まるごと日本のことばと文化,[],Secondary,,reported_use,named_material,jf-profile-2025-MX,https://www.jpf.go.jp/j/project/japanese/survey/area/country/2025/mexico_2.pdf,2025,[6],4.学習環境 > 教材 > 中等教育,Named in JF’s textbook section for this educational stage; no numerical adoption rate supplied.,"{""status"":""not_reported"",""value"":null}",2026-10-08
evidence-3854dd4bd2360dd2,MX,title-83460c5bb06bd9a0,げんき,げんき,げんき,[],Higher,,reported_use,named_material,jf-profile-2025-MX,https://www.jpf.go.jp/j/project/japanese/survey/area/country/2025/mexico_2.pdf,2025,[7],4.学習環境 > 教材 > 高等教育,Named in JF’s textbook section for this educational stage; no numerical adoption rate supplied.,"{""status"":""not_reported"",""value"":null}",2026-10-08
evidence-38fa14722dfaf4f4,MX,title-e025e6e9d3a391e3,新文化初級日本語,新文化初級日本語,新文化初級日本語,[],Higher,,reported_use,named_material,jf-profile-2025-MX,https://www.jpf.go.jp/j/project/japanese/survey/area/country/2025/mexico_2.pdf,2025,[7],4.学習環境 > 教材 > 高等教育,Named in JF’s textbook section for this educational stage; no numerical adoption rate supplied.,"{""status"":""not_reported"",""value"":null}",2026-10-08
evidence-93e62e811f162901,MX,title-f62f73bc53f02358,中級へ行こう,中級へ行こう,中級へ行こう,[],Higher,,reported_use,named_material,jf-profile-2025-MX,https://www.jpf.go.jp/j/project/japanese/survey/area/country/2025/mexico_2.pdf,2025,[7],4.学習環境 > 教材 > 高等教育,Named in JF’s textbook section for this educational stage; no numerical adoption rate supplied.,"{""status"":""not_reported"",""value"":null}",2026-10-08
evidence-64f6d3b7580bd741,MX,title-5cdf7e72cd95edca,みんなの日本語,みんなの日本語,みんなの日本語,[],Higher,,reported_use,named_material,jf-profile-2025-MX,https://www.jpf.go.jp/j/project/japanese/survey/area/country/2025/mexico_2.pdf,2025,[7],4.学習環境 > 教材 > 高等教育,Named in JF’s textbook section for this educational stage; no numerical adoption rate supplied.,"{""status"":""not_reported"",""value"":null}",2026-10-08
evidence-7d7104ba374258d4,MX,title-0d7c1286153521a5,まるごと 日本のことばと文化,まるごと 日本のことばと文化,まるごと日本のことばと文化,[],Higher,,reported_use,named_material,jf-profile-2025-MX,https://www.jpf.go.jp/j/project/japanese/survey/area/country/2025/mexico_2.pdf,2025,[7],4.学習環境 > 教材 > 高等教育,Named in JF’s textbook section for this educational stage; no numerical adoption rate supplied.,"{""status"":""not_reported"",""value"":null}",2026-10-08
evidence-c0442ad924a32bf2,MX,title-5cdf7e72cd95edca,みんなの日本語,みんなの日本語,みんなの日本語初級,[],Other,,reported_use,named_material,jf-profile-2025-MX,https://www.jpf.go.jp/j/project/japanese/survey/area/country/2025/mexico_2.pdf,2025,[7],4.学習環境 > 教材 > 学校教育以外,Named in JF’s textbook section for this educational stage; no numerical adoption rate supplied.,"{""status"":""not_reported"",""value"":null}",2026-10-08
evidence-ad9a4e291fe7e2fc,MX,title-0d7c1286153521a5,まるごと 日本のことばと文化,まるごと 日本のことばと文化,まるごと日本のことばと文化,[],Other,,reported_use,named_material,jf-profile-2025-MX,https://www.jpf.go.jp/j/project/japanese/survey/area/country/2025/mexico_2.pdf,2025,[7],4.学習環境 > 教材 > 学校教育以外,Named in JF’s textbook section for this educational stage; no numerical adoption rate supplied.,"{""status"":""not_reported"",""value"":null}",2026-10-08
evidence-6fd740a5c5c32fc8,MX,title-f62f73bc53f02358,中級へ行こう,中級へ行こう,中級へ行こう,[],Other,,reported_use,named_material,jf-profile-2025-MX,https://www.jpf.go.jp/j/project/japanese/survey/area/country/2025/mexico_2.pdf,2025,[7],4.学習環境 > 教材 > 学校教育以外,Named in JF’s textbook section for this educational stage; no numerical adoption rate supplied.,"{""status"":""not_reported"",""value"":null}",2026-10-08
evidence-8d7f478bd0857e2f,MX,title-5cdf7e72cd95edca,みんなの日本語,みんなの日本語,みんなの日本語中級 1,[],Other,,reported_use,named_material,jf-profile-2025-MX,https://www.jpf.go.jp/j/project/japanese/survey/area/country/2025/mexico_2.pdf,2025,[7],4.学習環境 > 教材 > 学校教育以外,Named in JF’s textbook section for this educational stage; no numerical adoption rate supplied.,"{""status"":""not_reported"",""value"":null}",2026-10-08
evidence-f0a56318ba8267a6,MX,title-6d34652b9dc59044,文化中級日本語,文化中級日本語,文化中級日本語,[],Other,,reported_use,named_material,jf-profile-2025-MX,https://www.jpf.go.jp/j/project/japanese/survey/area/country/2025/mexico_2.pdf,2025,[7],4.学習環境 > 教材 > 学校教育以外,Named in JF’s textbook section for this educational stage; no numerical adoption rate supplied.,"{""status"":""not_reported"",""value"":null}",2026-10-08
evidence-015114347d64a7f7,AR,title-513d228e0477d7e8,ひらがなマニア,ひらがなマニア,ひらがなマニア,[],Secondary,,reported_use,named_material,jf-profile-2025-AR,https://www.jpf.go.jp/j/project/japanese/survey/area/country/2025/argentina_2.pdf,2025,[4],4.学習環境 > 教材 > 中等教育,Buenos Aires Nichia Gakuin list is explicitly dated April 2017 inside the 2025 profile; includes adult courses in this subsection.,"{""status"":""not_reported"",""value"":null}",2026-10-08
evidence-2a974f1de5bdb872,AR,title-9f23cbc5ba18c3c0,カタカナマニア,カタカナマニア,カタカナマニア,[],Secondary,,reported_use,named_material,jf-profile-2025-AR,https://www.jpf.go.jp/j/project/japanese/survey/area/country/2025/argentina_2.pdf,2025,[4],4.学習環境 > 教材 > 中等教育,Buenos Aires Nichia Gakuin list is explicitly dated April 2017 inside the 2025 profile; includes adult courses in this subsection.,"{""status"":""not_reported"",""value"":null}",2026-10-08
evidence-f358b3e152d3ab38,AR,title-705b288e39e47e29,にほんごドレミ,にほんごドレミ,にほんごドレミ,[],Secondary,,reported_use,named_material,jf-profile-2025-AR,https://www.jpf.go.jp/j/project/japanese/survey/area/country/2025/argentina_2.pdf,2025,[4],4.学習環境 > 教材 > 中等教育,Buenos Aires Nichia Gakuin list is explicitly dated April 2017 inside the 2025 profile; includes adult courses in this subsection.,"{""status"":""not_reported"",""value"":null}",2026-10-08
evidence-26c177c6df973368,AR,title-bbb0c55d39607d47,こどものにほんご,こどものにほんご,こどものにほんご 1、2,[],Secondary,,reported_use,named_material,jf-profile-2025-AR,https://www.jpf.go.jp/j/project/japanese/survey/area/country/2025/argentina_2.pdf,2025,[4],4.学習環境 > 教材 > 中等教育,Buenos Aires Nichia Gakuin list is explicitly dated April 2017 inside the 2025 profile; includes adult courses in this subsection.,"{""status"":""not_reported"",""value"":null}",2026-10-08
evidence-b2ab55dbfe966555,AR,title-59f7bd2e859c51e7,にほんごジャンプ,にほんごジャンプ,日本語ジャンプ,[],Secondary,,reported_use,named_material,jf-profile-2025-AR,https://www.jpf.go.jp/j/project/japanese/survey/area/country/2025/argentina_2.pdf,2025,[4],4.学習環境 > 教材 > 中等教育,Buenos Aires Nichia Gakuin list is explicitly dated April 2017 inside the 2025 profile; includes adult courses in this subsection.,"{""status"":""not_reported"",""value"":null}",2026-10-08
evidence-8ead9ed64f23f155,AR,title-0d7c1286153521a5,まるごと 日本のことばと文化,まるごと 日本のことばと文化,まるごと日本のことばと文化,[],Secondary,,reported_use,named_material,jf-profile-2025-AR,https://www.jpf.go.jp/j/project/japanese/survey/area/country/2025/argentina_2.pdf,2025,[4],4.学習環境 > 教材 > 中等教育,Buenos Aires Nichia Gakuin list is explicitly dated April 2017 inside the 2025 profile; includes adult courses in this subsection.,"{""status"":""not_reported"",""value"":null}",2026-10-08
evidence-309df3a865b6606d,AR,title-5cdf7e72cd95edca,みんなの日本語,みんなの日本語,みんなの日本語初級ⅠⅡ,[],Secondary,,reported_use,named_material,jf-profile-2025-AR,https://www.jpf.go.jp/j/project/japanese/survey/area/country/2025/argentina_2.pdf,2025,[4],4.学習環境 > 教材 > 中等教育,Buenos Aires Nichia Gakuin list is explicitly dated April 2017 inside the 2025 profile; includes adult courses in this subsection.,"{""status"":""not_reported"",""value"":null}",2026-10-08
evidence-0792186d4fab4ab5,AR,title-f62f73bc53f02358,中級へ行こう,中級へ行こう,中級へ行こう～日本語の文型と表現 59,[],Secondary,,reported_use,named_material,jf-profile-2025-AR,https://www.jpf.go.jp/j/project/japanese/survey/area/country/2025/argentina_2.pdf,2025,[4],4.学習環境 > 教材 > 中等教育,Buenos Aires Nichia Gakuin list is explicitly dated April 2017 inside the 2025 profile; includes adult courses in this subsection.,"{""status"":""not_reported"",""value"":null}",2026-10-08
evidence-98f2ccb6e57175ae,AR,title-d906035db64cf6b2,中級を学ぼう,中級を学ぼう,中級を学ぼう前／中,[],Secondary,,reported_use,named_material,jf-profile-2025-AR,https://www.jpf.go.jp/j/project/japanese/survey/area/country/2025/argentina_2.pdf,2025,[4],4.学習環境 > 教材 > 中等教育,Buenos Aires Nichia Gakuin list is explicitly dated April 2017 inside the 2025 profile; includes adult courses in this subsection.,"{""status"":""not_reported"",""value"":null}",2026-10-08
evidence-81d83e3893d65e1b,AR,title-5cdf7e72cd95edca,みんなの日本語,みんなの日本語,みんなの日本語中級ⅠⅡ,[],Secondary,,reported_use,named_material,jf-profile-2025-AR,https://www.jpf.go.jp/j/project/japanese/survey/area/country/2025/argentina_2.pdf,2025,[5],4.学習環境 > 教材 > 中等教育,Buenos Aires Nichia Gakuin list is explicitly dated April 2017 inside the 2025 profile; includes adult courses in this subsection.,"{""status"":""not_reported"",""value"":null}",2026-10-08
evidence-56feb78d80d4aff7,AR,title-5cdf7e72cd95edca,みんなの日本語,みんなの日本語,みんなの日本語初級ⅠⅡ,[],Higher,,reported_use,named_material,jf-profile-2025-AR,https://www.jpf.go.jp/j/project/japanese/survey/area/country/2025/argentina_2.pdf,2025,[5],4.学習環境 > 教材 > 高等教育,Named in JF’s textbook section for this educational stage; no numerical adoption rate supplied.,"{""status"":""not_reported"",""value"":null}",2026-10-08
evidence-8df05eb4c542bbdc,AR,title-5cdf7e72cd95edca,みんなの日本語,みんなの日本語,みんなの日本語初級,[],Other,,reported_use,named_material,jf-profile-2025-AR,https://www.jpf.go.jp/j/project/japanese/survey/area/country/2025/argentina_2.pdf,2025,[5],4.学習環境 > 教材 > 学校教育以外,Named in JF’s textbook section for this educational stage; no numerical adoption rate supplied.,"{""status"":""not_reported"",""value"":null}",2026-10-08
evidence-6ba4a0769aa5d492,AR,title-bbb0c55d39607d47,こどものにほんご,こどものにほんご,こどものにほんご,[],Other,,reported_use,named_material,jf-profile-2025-AR,https://www.jpf.go.jp/j/project/japanese/survey/area/country/2025/argentina_2.pdf,2025,[5],4.学習環境 > 教材 > 学校教育以外,Named in JF’s textbook section for this educational stage; no numerical adoption rate supplied.,"{""status"":""not_reported"",""value"":null}",2026-10-08
evidence-9d34d30977650bf7,AR,title-2c7be2d195b8c68f,ひろこさんのたのしいにほんご,ひろこさんのたのしいにほんご,ひろこさんのたのしいにほんご,[],Other,,reported_use,named_material,jf-profile-2025-AR,https://www.jpf.go.jp/j/project/japanese/survey/area/country/2025/argentina_2.pdf,2025,[5],4.学習環境 > 教材 > 学校教育以外,Named in JF’s textbook section for this educational stage; no numerical adoption rate supplied.,"{""status"":""not_reported"",""value"":null}",2026-10-08
evidence-0ec6853a562bd923,AR,title-705b288e39e47e29,にほんごドレミ,にほんごドレミ,日本語ドレミ,[],Other,,reported_use,named_material,jf-profile-2025-AR,https://www.jpf.go.jp/j/project/japanese/survey/area/country/2025/argentina_2.pdf,2025,[5],4.学習環境 > 教材 > 学校教育以外,Named in JF’s textbook section for this educational stage; no numerical adoption rate supplied.,"{""status"":""not_reported"",""value"":null}",2026-10-08
evidence-5289e701184c97d0,AR,title-59f7bd2e859c51e7,にほんごジャンプ,にほんごジャンプ,日本語ジャンプ,[],Other,,reported_use,named_material,jf-profile-2025-AR,https://www.jpf.go.jp/j/project/japanese/survey/area/country/2025/argentina_2.pdf,2025,[5],4.学習環境 > 教材 > 学校教育以外,Named in JF’s textbook section for this educational stage; no numerical adoption rate supplied.,"{""status"":""not_reported"",""value"":null}",2026-10-08
evidence-a2157f1a2597e94a,AR,title-82cbabde20f19e41,Japanese for Young People,Japanese for Young People,JAPANESE FOR YOUNG PEOPLE,[],Other,,reported_use,named_material,jf-profile-2025-AR,https://www.jpf.go.jp/j/project/japanese/survey/area/country/2025/argentina_2.pdf,2025,[5],4.学習環境 > 教材 > 学校教育以外,Named in JF’s textbook section for this educational stage; no numerical adoption rate supplied.,"{""status"":""not_reported"",""value"":null}",2026-10-08
evidence-2089128466df4735,AR,title-513d228e0477d7e8,ひらがなマニア,ひらがなマニア,ひらがなマニア,[],Primary,,reported_use,named_material,jf-profile-2025-AR,https://www.jpf.go.jp/j/project/japanese/survey/area/country/2025/argentina_2.pdf,2025,[4],4.学習環境 > 教材 > 初等教育,This stage explicitly refers to 中等教育 in the same textbook section. Buenos Aires Nichia Gakuin list is explicitly dated April 2017 inside the 2025 profile; includes adult courses in this subsection.,"{""status"":""not_reported"",""value"":null}",2026-10-08
evidence-97c7ae5feec6aa1f,AR,title-9f23cbc5ba18c3c0,カタカナマニア,カタカナマニア,カタカナマニア,[],Primary,,reported_use,named_material,jf-profile-2025-AR,https://www.jpf.go.jp/j/project/japanese/survey/area/country/2025/argentina_2.pdf,2025,[4],4.学習環境 > 教材 > 初等教育,This stage explicitly refers to 中等教育 in the same textbook section. Buenos Aires Nichia Gakuin list is explicitly dated April 2017 inside the 2025 profile; includes adult courses in this subsection.,"{""status"":""not_reported"",""value"":null}",2026-10-08
evidence-4924221c7ec170e5,AR,title-705b288e39e47e29,にほんごドレミ,にほんごドレミ,にほんごドレミ,[],Primary,,reported_use,named_material,jf-profile-2025-AR,https://www.jpf.go.jp/j/project/japanese/survey/area/country/2025/argentina_2.pdf,2025,[4],4.学習環境 > 教材 > 初等教育,This stage explicitly refers to 中等教育 in the same textbook section. Buenos Aires Nichia Gakuin list is explicitly dated April 2017 inside the 2025 profile; includes adult courses in this subsection.,"{""status"":""not_reported"",""value"":null}",2026-10-08
evidence-56dc4889205e3e39,AR,title-bbb0c55d39607d47,こどものにほんご,こどものにほんご,こどものにほんご 1、2,[],Primary,,reported_use,named_material,jf-profile-2025-AR,https://www.jpf.go.jp/j/project/japanese/survey/area/country/2025/argentina_2.pdf,2025,[4],4.学習環境 > 教材 > 初等教育,This stage explicitly refers to 中等教育 in the same textbook section. Buenos Aires Nichia Gakuin list is explicitly dated April 2017 inside the 2025 profile; includes adult courses in this subsection.,"{""status"":""not_reported"",""value"":null}",2026-10-08
evidence-6c0c74d7cea45ddc,AR,title-59f7bd2e859c51e7,にほんごジャンプ,にほんごジャンプ,日本語ジャンプ,[],Primary,,reported_use,named_material,jf-profile-2025-AR,https://www.jpf.go.jp/j/project/japanese/survey/area/country/2025/argentina_2.pdf,2025,[4],4.学習環境 > 教材 > 初等教育,This stage explicitly refers to 中等教育 in the same textbook section. Buenos Aires Nichia Gakuin list is explicitly dated April 2017 inside the 2025 profile; includes adult courses in this subsection.,"{""status"":""not_reported"",""value"":null}",2026-10-08
evidence-31554d62e3e8c285,AR,title-0d7c1286153521a5,まるごと 日本のことばと文化,まるごと 日本のことばと文化,まるごと日本のことばと文化,[],Primary,,reported_use,named_material,jf-profile-2025-AR,https://www.jpf.go.jp/j/project/japanese/survey/area/country/2025/argentina_2.pdf,2025,[4],4.学習環境 > 教材 > 初等教育,This stage explicitly refers to 中等教育 in the same textbook section. Buenos Aires Nichia Gakuin list is explicitly dated April 2017 inside the 2025 profile; includes adult courses in this subsection.,"{""status"":""not_reported"",""value"":null}",2026-10-08
evidence-2fef15e74c36085d,UY,title-5cdf7e72cd95edca,みんなの日本語,みんなの日本語,みんなの日本語,[],Higher,,reported_use,named_material,jf-profile-2025-UY,https://www.jpf.go.jp/j/project/japanese/survey/area/country/2025/uruguay_2.pdf,2025,[5],4.学習環境 > 教材 > 高等教育,Named in JF’s textbook section for this educational stage; no numerical adoption rate supplied.,"{""status"":""not_reported"",""value"":null}",2026-10-08
evidence-e197f2335dd767b5,UY,title-688e4f210534c3cb,にほんごⅠ,にほんごⅠ,にほんごⅠ,[],Higher,,reported_use,named_material,jf-profile-2025-UY,https://www.jpf.go.jp/j/project/japanese/survey/area/country/2025/uruguay_2.pdf,2025,[5],4.学習環境 > 教材 > 高等教育,Named in JF’s textbook section for this educational stage; no numerical adoption rate supplied.,"{""status"":""not_reported"",""value"":null}",2026-10-08
evidence-374ba36e86522fc9,UY,title-545f421a4065c09c,にほんごⅡ,にほんごⅡ,にほんごⅡ,[],Higher,,reported_use,named_material,jf-profile-2025-UY,https://www.jpf.go.jp/j/project/japanese/survey/area/country/2025/uruguay_2.pdf,2025,[5],4.学習環境 > 教材 > 高等教育,Named in JF’s textbook section for this educational stage; no numerical adoption rate supplied.,"{""status"":""not_reported"",""value"":null}",2026-10-08
evidence-03ad401aa09d9f0a,EC,title-4c6baebaf77c41d5,もしも日本語が話せたら,もしも日本語が話せたら,もしも日本語が話せたら,[],Higher,,reported_use,named_material,jf-profile-2025-EC,https://www.jpf.go.jp/j/project/japanese/survey/area/country/2025/ecuador_2.pdf,2025,[4],4.学習環境 > 教材 > 高等教育,Named in JF’s textbook section for this educational stage; no numerical adoption rate supplied.,"{""status"":""not_reported"",""value"":null}",2026-10-08
evidence-79ad7f05264f8a4d,EC,title-c5b01e8e3f654c77,日本語かな入門スペイン語版,日本語かな入門スペイン語版,日本語かな入門スペイン語版,[],Higher,,reported_use,named_material,jf-profile-2025-EC,https://www.jpf.go.jp/j/project/japanese/survey/area/country/2025/ecuador_2.pdf,2025,[4],4.学習環境 > 教材 > 高等教育,Named in JF’s textbook section for this educational stage; no numerical adoption rate supplied.,"{""status"":""not_reported"",""value"":null}",2026-10-08
evidence-bc6c5b1f7b796d94,EC,title-9bd338e36b5001ae,BASIC KANJI BOOK,BASIC KANJI BOOK,BASIC KANJI BOOK VOL1、2,[],Higher,,reported_use,named_material,jf-profile-2025-EC,https://www.jpf.go.jp/j/project/japanese/survey/area/country/2025/ecuador_2.pdf,2025,[4],4.学習環境 > 教材 > 高等教育,Named in JF’s textbook section for this educational stage; no numerical adoption rate supplied.,"{""status"":""not_reported"",""value"":null}",2026-10-08
evidence-0f5934da0f4589f3,EC,title-83460c5bb06bd9a0,げんき,げんき,初級日本語げんき１,[],Higher,,reported_use,named_material,jf-profile-2025-EC,https://www.jpf.go.jp/j/project/japanese/survey/area/country/2025/ecuador_2.pdf,2025,[4],4.学習環境 > 教材 > 高等教育,Named in JF’s textbook section for this educational stage; no numerical adoption rate supplied.,"{""status"":""not_reported"",""value"":null}",2026-10-08
evidence-0aea56dc2639d3b8,EC,title-83460c5bb06bd9a0,げんき,げんき,初級日本語げんき 2,[],Higher,,reported_use,named_material,jf-profile-2025-EC,https://www.jpf.go.jp/j/project/japanese/survey/area/country/2025/ecuador_2.pdf,2025,[4],4.学習環境 > 教材 > 高等教育,Named in JF’s textbook section for this educational stage; no numerical adoption rate supplied.,"{""status"":""not_reported"",""value"":null}",2026-10-08
evidence-8b7110bb032e8e9b,EC,title-5cdf7e72cd95edca,みんなの日本語,みんなの日本語,みんなの日本語,[],Other,,reported_use,named_material,jf-profile-2025-EC,https://www.jpf.go.jp/j/project/japanese/survey/area/country/2025/ecuador_2.pdf,2025,[4],4.学習環境 > 教材 > 学校教育以外,Named in JF’s textbook section for this educational stage; no numerical adoption rate supplied.,"{""status"":""not_reported"",""value"":null}",2026-10-08
evidence-f0b9d0780bd744c2,EC,title-9bd338e36b5001ae,BASIC KANJI BOOK,BASIC KANJI BOOK,BASIC KANJI BOOK VOL1、2,[],Other,,reported_use,named_material,jf-profile-2025-EC,https://www.jpf.go.jp/j/project/japanese/survey/area/country/2025/ecuador_2.pdf,2025,[4],4.学習環境 > 教材 > 学校教育以外,Named in JF’s textbook section for this educational stage; no numerical adoption rate supplied.,"{""status"":""not_reported"",""value"":null}",2026-10-08
evidence-35a444f26df2f268,EC,title-c5b01e8e3f654c77,日本語かな入門スペイン語版,日本語かな入門スペイン語版,日本語かな入門スペイン語版,[],Other,,reported_use,named_material,jf-profile-2025-EC,https://www.jpf.go.jp/j/project/japanese/survey/area/country/2025/ecuador_2.pdf,2025,[4],4.学習環境 > 教材 > 学校教育以外,Named in JF’s textbook section for this educational stage; no numerical adoption rate supplied.,"{""status"":""not_reported"",""value"":null}",2026-10-08
evidence-8622c830764c0c8b,EC,title-0d7c1286153521a5,まるごと 日本のことばと文化,まるごと 日本のことばと文化,まるごと日本のことばと文化(A1 入門・初級 A2、初級 A2/B1 初中級)かつどう,[],Other,,reported_use,named_material,jf-profile-2025-EC,https://www.jpf.go.jp/j/project/japanese/survey/area/country/2025/ecuador_2.pdf,2025,[4],4.学習環境 > 教材 > 学校教育以外,Named in JF’s textbook section for this educational stage; no numerical adoption rate supplied.,"{""status"":""not_reported"",""value"":null}",2026-10-08
evidence-63533374c92b405c,EC,title-09984ada167d29f0,エリンが挑戦！にほんごできます。,エリンが挑戦！にほんごできます。,DVD で学ぶ日本語エリンが挑戦にほんごできます,[],Other,,reported_use,named_material,jf-profile-2025-EC,https://www.jpf.go.jp/j/project/japanese/survey/area/country/2025/ecuador_2.pdf,2025,[4],4.学習環境 > 教材 > 学校教育以外,Named in JF’s textbook section for this educational stage; no numerical adoption rate supplied.,"{""status"":""not_reported"",""value"":null}",2026-10-08
evidence-cee8b135804c1220,CO,title-5cdf7e72cd95edca,みんなの日本語,みんなの日本語,みんなの日本語,[],Higher,,reported_use,named_material,jf-profile-2025-CO,https://www.jpf.go.jp/j/project/japanese/survey/area/country/2025/colombia_2.pdf,2025,[5],4.学習環境 > 教材 > 高等教育,Named in JF’s textbook section for this educational stage; no numerical adoption rate supplied.,"{""status"":""not_reported"",""value"":null}",2026-10-08
evidence-97ac22a736e03b6a,CO,title-0d7c1286153521a5,まるごと 日本のことばと文化,まるごと 日本のことばと文化,まるごと日本のことばと文化,[],Higher,,reported_use,named_material,jf-profile-2025-CO,https://www.jpf.go.jp/j/project/japanese/survey/area/country/2025/colombia_2.pdf,2025,[5],4.学習環境 > 教材 > 高等教育,Named in JF’s textbook section for this educational stage; no numerical adoption rate supplied.,"{""status"":""not_reported"",""value"":null}",2026-10-08
evidence-5a2f40f5428c890d,CO,title-5cdf7e72cd95edca,みんなの日本語,みんなの日本語,みんなの日本語,[],Other,,reported_use,named_material,jf-profile-2025-CO,https://www.jpf.go.jp/j/project/japanese/survey/area/country/2025/colombia_2.pdf,2025,[6],4.学習環境 > 教材 > 学校教育以外,Named in JF’s textbook section for this educational stage; no numerical adoption rate supplied.,"{""status"":""not_reported"",""value"":null}",2026-10-08
evidence-556bfab894fc5b80,CO,title-0d7c1286153521a5,まるごと 日本のことばと文化,まるごと 日本のことばと文化,まるごと,[],Other,,reported_use,named_material,jf-profile-2025-CO,https://www.jpf.go.jp/j/project/japanese/survey/area/country/2025/colombia_2.pdf,2025,[6],4.学習環境 > 教材 > 学校教育以外,Named in JF’s textbook section for this educational stage; no numerical adoption rate supplied.,"{""status"":""not_reported"",""value"":null}",2026-10-08
evidence-8c57807bd2874041,CO,title-d4aef6cef4a0f931,とびら,とびら,とびら,[],Other,,reported_use,named_material,jf-profile-2025-CO,https://www.jpf.go.jp/j/project/japanese/survey/area/country/2025/colombia_2.pdf,2025,[6],4.学習環境 > 教材 > 学校教育以外,Named in JF’s textbook section for this educational stage; no numerical adoption rate supplied.,"{""status"":""not_reported"",""value"":null}",2026-10-08
evidence-8b1e361b10ca9eed,CL,title-0d7c1286153521a5,まるごと 日本のことばと文化,まるごと 日本のことばと文化,まるごと日本のことばと文化,[],Primary,,reported_use,named_material,jf-profile-2025-CL,https://www.jpf.go.jp/j/project/japanese/survey/area/country/2025/chile_2.pdf,2025,[5],4.学習環境 > 教材 > 初等教育,Named in JF’s textbook section for this educational stage; no numerical adoption rate supplied.,"{""status"":""not_reported"",""value"":null}",2026-10-08
evidence-001e18ce91d1e515,CL,title-5cdf7e72cd95edca,みんなの日本語,みんなの日本語,みんなの日本語,[],Primary,,reported_use,named_material,jf-profile-2025-CL,https://www.jpf.go.jp/j/project/japanese/survey/area/country/2025/chile_2.pdf,2025,[5],4.学習環境 > 教材 > 初等教育,Named in JF’s textbook section for this educational stage; no numerical adoption rate supplied.,"{""status"":""not_reported"",""value"":null}",2026-10-08
evidence-c4de1040061563da,CL,title-be2daa05d017375c,漢字ベーシック,漢字ベーシック,漢字ベーシック,[],Primary,,reported_use,named_material,jf-profile-2025-CL,https://www.jpf.go.jp/j/project/japanese/survey/area/country/2025/chile_2.pdf,2025,[5],4.学習環境 > 教材 > 初等教育,Named in JF’s textbook section for this educational stage; no numerical adoption rate supplied.,"{""status"":""not_reported"",""value"":null}",2026-10-08
evidence-66f0f83ed167cbc4,CL,title-5cdf7e72cd95edca,みんなの日本語,みんなの日本語,みんなの日本語,[],Higher,,reported_use,named_material,jf-profile-2025-CL,https://www.jpf.go.jp/j/project/japanese/survey/area/country/2025/chile_2.pdf,2025,[5],4.学習環境 > 教材 > 高等教育,Named in JF’s textbook section for this educational stage; no numerical adoption rate supplied.,"{""status"":""not_reported"",""value"":null}",2026-10-08
evidence-2583a245251e3b24,CL,title-0d7c1286153521a5,まるごと 日本のことばと文化,まるごと 日本のことばと文化,まるごと,[],Higher,,reported_use,named_material,jf-profile-2025-CL,https://www.jpf.go.jp/j/project/japanese/survey/area/country/2025/chile_2.pdf,2025,[5],4.学習環境 > 教材 > 高等教育,Named in JF’s textbook section for this educational stage; no numerical adoption rate supplied.,"{""status"":""not_reported"",""value"":null}",2026-10-08
evidence-82018fa16bc089ca,CL,title-60e0f4409344b2d5,いろどり 生活の日本語,いろどり 生活の日本語,いろどり生活の日本語,[],Higher,,reported_use,named_material,jf-profile-2025-CL,https://www.jpf.go.jp/j/project/japanese/survey/area/country/2025/chile_2.pdf,2025,[5],4.学習環境 > 教材 > 高等教育,Named in JF’s textbook section for this educational stage; no numerical adoption rate supplied.,"{""status"":""not_reported"",""value"":null}",2026-10-08
evidence-51bb56b056d86ab2,CL,title-be2daa05d017375c,漢字ベーシック,漢字ベーシック,漢字ベーシック,[],Higher,,reported_use,named_material,jf-profile-2025-CL,https://www.jpf.go.jp/j/project/japanese/survey/area/country/2025/chile_2.pdf,2025,[5],4.学習環境 > 教材 > 高等教育,Named in JF’s textbook section for this educational stage; no numerical adoption rate supplied.,"{""status"":""not_reported"",""value"":null}",2026-10-08
evidence-9bcf4b6b1c795f9b,CL,title-16799cab2877b30a,漢検漢字学習,漢検漢字学習,漢検漢字学習,[],Higher,,reported_use,named_material,jf-profile-2025-CL,https://www.jpf.go.jp/j/project/japanese/survey/area/country/2025/chile_2.pdf,2025,[5],4.学習環境 > 教材 > 高等教育,Named in JF’s textbook section for this educational stage; no numerical adoption rate supplied.,"{""status"":""not_reported"",""value"":null}",2026-10-08
evidence-26db78dfbaeb0726,CL,title-2fa90fb19e335306,できる日本語,できる日本語,できる日本語,[],Higher,,reported_use,named_material,jf-profile-2025-CL,https://www.jpf.go.jp/j/project/japanese/survey/area/country/2025/chile_2.pdf,2025,[5],4.学習環境 > 教材 > 高等教育,Named in JF’s textbook section for this educational stage; no numerical adoption rate supplied.,"{""status"":""not_reported"",""value"":null}",2026-10-08
evidence-dd4f52183c228242,CL,title-0806a0d35f2706d8,日本語総まとめ,日本語総まとめ,総まとめ,[],Higher,,reported_use,named_material,jf-profile-2025-CL,https://www.jpf.go.jp/j/project/japanese/survey/area/country/2025/chile_2.pdf,2025,[5],4.学習環境 > 教材 > 高等教育,Named in JF’s textbook section for this educational stage; no numerical adoption rate supplied.,"{""status"":""not_reported"",""value"":null}",2026-10-08
evidence-fa2a9bf11da3838e,CL,title-c78756616c91f92d,完全マスター,完全マスター,完全マスター,[],Higher,,reported_use,named_material,jf-profile-2025-CL,https://www.jpf.go.jp/j/project/japanese/survey/area/country/2025/chile_2.pdf,2025,[5],4.学習環境 > 教材 > 高等教育,Named in JF’s textbook section for this educational stage; no numerical adoption rate supplied.,"{""status"":""not_reported"",""value"":null}",2026-10-08
evidence-6c9a2f55d4126a19,CL,title-f0dde513e18860a3,中・上級のための速読の日本語,中・上級のための速読の日本語,中・上級のための速読の日本語,[],Higher,,reported_use,named_material,jf-profile-2025-CL,https://www.jpf.go.jp/j/project/japanese/survey/area/country/2025/chile_2.pdf,2025,[5],4.学習環境 > 教材 > 高等教育,Named in JF’s textbook section for this educational stage; no numerical adoption rate supplied.,"{""status"":""not_reported"",""value"":null}",2026-10-08
evidence-9fb4d2922a91d23f,CL,title-3d80a366392e7cfe,小論文への 12 のステップ,小論文への 12 のステップ,小論文への 12 のステップ,[],Higher,,reported_use,named_material,jf-profile-2025-CL,https://www.jpf.go.jp/j/project/japanese/survey/area/country/2025/chile_2.pdf,2025,[5],4.学習環境 > 教材 > 高等教育,Named in JF’s textbook section for this educational stage; no numerical adoption rate supplied.,"{""status"":""not_reported"",""value"":null}",2026-10-08
evidence-33f5b7185921a025,CL,title-293edc64a7d3374d,大学生になるための日本語,大学生になるための日本語,大学生になるための日本語,[],Higher,,reported_use,named_material,jf-profile-2025-CL,https://www.jpf.go.jp/j/project/japanese/survey/area/country/2025/chile_2.pdf,2025,[5],4.学習環境 > 教材 > 高等教育,Named in JF’s textbook section for this educational stage; no numerical adoption rate supplied.,"{""status"":""not_reported"",""value"":null}",2026-10-08
evidence-c0f1bad001c1949c,CL,title-5cdf7e72cd95edca,みんなの日本語,みんなの日本語,みんなの日本語,[],Other,,reported_use,named_material,jf-profile-2025-CL,https://www.jpf.go.jp/j/project/japanese/survey/area/country/2025/chile_2.pdf,2025,[5],4.学習環境 > 教材 > 学校教育以外,Named in JF’s textbook section for this educational stage; no numerical adoption rate supplied.,"{""status"":""not_reported"",""value"":null}",2026-10-08
evidence-739373d376818127,CL,title-0d7c1286153521a5,まるごと 日本のことばと文化,まるごと 日本のことばと文化,まるごと,[],Other,,reported_use,named_material,jf-profile-2025-CL,https://www.jpf.go.jp/j/project/japanese/survey/area/country/2025/chile_2.pdf,2025,[5],4.学習環境 > 教材 > 学校教育以外,Named in JF’s textbook section for this educational stage; no numerical adoption rate supplied.,"{""status"":""not_reported"",""value"":null}",2026-10-08
evidence-66f4e24cb12a667a,PY,title-8ca013697f891dea,にじ改訂版,にじ改訂版,にじ改訂版,[],Other,,reported_use,named_material,jf-profile-2025-PY,https://www.jpf.go.jp/j/project/japanese/survey/area/country/2025/paraguay_2.pdf,2025,[4],4.学習環境 > 教材 > 学校教育以外,Named in JF’s textbook section for this educational stage; no numerical adoption rate supplied.,"{""status"":""not_reported"",""value"":null}",2026-10-08
evidence-4b353b18544a6946,PY,title-705b288e39e47e29,にほんごドレミ,にほんごドレミ,にほんごドレミ,[],Other,,reported_use,named_material,jf-profile-2025-PY,https://www.jpf.go.jp/j/project/japanese/survey/area/country/2025/paraguay_2.pdf,2025,[4],4.学習環境 > 教材 > 学校教育以外,Named in JF’s textbook section for this educational stage; no numerical adoption rate supplied.,"{""status"":""not_reported"",""value"":null}",2026-10-08
evidence-11bebd7e39af3113,PY,title-59f7bd2e859c51e7,にほんごジャンプ,にほんごジャンプ,にほんごジャンプ,[],Other,,reported_use,named_material,jf-profile-2025-PY,https://www.jpf.go.jp/j/project/japanese/survey/area/country/2025/paraguay_2.pdf,2025,[4],4.学習環境 > 教材 > 学校教育以外,Named in JF’s textbook section for this educational stage; no numerical adoption rate supplied.,"{""status"":""not_reported"",""value"":null}",2026-10-08
evidence-e80ae0a744b7384a,PY,title-9b96f90ccd2e1196,にほんごチャレンジ,にほんごチャレンジ,にほんごチャレンジ,[],Other,,reported_use,named_material,jf-profile-2025-PY,https://www.jpf.go.jp/j/project/japanese/survey/area/country/2025/paraguay_2.pdf,2025,[4],4.学習環境 > 教材 > 学校教育以外,Named in JF’s textbook section for this educational stage; no numerical adoption rate supplied.,"{""status"":""not_reported"",""value"":null}",2026-10-08
evidence-993234593773fc2f,PY,title-2c7be2d195b8c68f,ひろこさんのたのしいにほんご,ひろこさんのたのしいにほんご,ひろこさんのたのしいにほんご,[],Other,,reported_use,named_material,jf-profile-2025-PY,https://www.jpf.go.jp/j/project/japanese/survey/area/country/2025/paraguay_2.pdf,2025,[4],4.学習環境 > 教材 > 学校教育以外,Named in JF’s textbook section for this educational stage; no numerical adoption rate supplied.,"{""status"":""not_reported"",""value"":null}",2026-10-08
evidence-18ecf89ebf6515d6,PY,title-38fab68baf5dda89,パラグアイ・日本人造りセンター,パラグアイ・日本人造りセンター,パラグアイ・日本人造りセンター,[],Other,,reported_use,named_material,jf-profile-2025-PY,https://www.jpf.go.jp/j/project/japanese/survey/area/country/2025/paraguay_2.pdf,2025,[4],4.学習環境 > 教材 > 学校教育以外,Named in JF’s textbook section for this educational stage; no numerical adoption rate supplied.,"{""status"":""not_reported"",""value"":null}",2026-10-08
evidence-879bb876bf7ee902,BR,title-9dbe849e849b10ca,きそにほんご,きそにほんご,きそにほんご,[],Primary / Secondary / Other,,reported_use,textbook,jf-profile-2025-BR,https://www.jpf.go.jp/j/project/japanese/survey/area/country/2025/brazil_2.pdf,2025,[6],4. 学習環境 — 教材 / Primary / Secondary / Other,Brazil-developed text.,"{""value"":null,""unit"":""percent"",""status"":""not_reported"",""numerator"":null,""denominator"":null,""scope"":null,""observationYear"":null,""sourceYear"":2025}",2026-10-08
evidence-bb4dd4afd32eb681,BR,title-1be934205edaea97,1・2・3 日本語で話しましょう,1・2・3 日本語で話しましょう,1・2・3 日本語で話しましょう,[],Primary / Other,,reported_use,textbook,jf-profile-2025-BR,https://www.jpf.go.jp/j/project/japanese/survey/area/country/2025/brazil_2.pdf,2025,[6],4. 学習環境 — 教材 / Primary / Other,Brazil-developed text.,"{""value"":null,""unit"":""percent"",""status"":""not_reported"",""numerator"":null,""denominator"":null,""scope"":null,""observationYear"":null,""sourceYear"":2025}",2026-10-08
evidence-1d6fd85d613c7f75,BR,title-a57e38918d43438e,日本語ドレミ / にほんごドレミ,日本語ドレミ / にほんごドレミ,日本語ドレミ,"[""日本語ドレミ"",""にほんごドレミ""]",Primary / Other,,reported_use,textbook,jf-profile-2025-BR,https://www.jpf.go.jp/j/project/japanese/survey/area/country/2025/brazil_2.pdf,2025,[6],4. 学習環境 — 教材 / Primary / Other,"Source spells title 日本語ドレミ for primary and にほんごドレミ outside school; retained as one display family with both source forms, not two counted adoptions.","{""value"":null,""unit"":""percent"",""status"":""not_reported"",""numerator"":null,""denominator"":null,""scope"":null,""observationYear"":null,""sourceYear"":2025}",2026-10-08
evidence-4f80a7b917808ef7,BR,title-bbb0c55d39607d47,こどものにほんご,こどものにほんご,こどものにほんご,[],Primary / Other,,reported_use,textbook,jf-profile-2025-BR,https://www.jpf.go.jp/j/project/japanese/survey/area/country/2025/brazil_2.pdf,2025,[6],4. 学習環境 — 教材 / Primary / Other,Children’s Japanese text.,"{""value"":null,""unit"":""percent"",""status"":""not_reported"",""numerator"":null,""denominator"":null,""scope"":null,""observationYear"":null,""sourceYear"":2025}",2026-10-08
evidence-1680aa8268652491,BR,title-0f957445e6518a70,ことばな,ことばな,ことばな,[],Secondary,,reported_use,textbook,jf-profile-2025-BR,https://www.jpf.go.jp/j/project/japanese/survey/area/country/2025/brazil_2.pdf,2025,"[2,6]",4. 学習環境 — 教材 / Secondary,CEL-SP and named Amazonas bilingual school.,"{""value"":null,""unit"":""percent"",""status"":""not_reported"",""numerator"":null,""denominator"":null,""scope"":null,""observationYear"":null,""sourceYear"":2025}",2026-10-08
evidence-bb2adfeb00e0bb85,BR,title-5cdf7e72cd95edca,みんなの日本語,みんなの日本語,みんなの日本語,[],Secondary / Higher / Other,,reported_use,textbook,jf-profile-2025-BR,https://www.jpf.go.jp/j/project/japanese/survey/area/country/2025/brazil_2.pdf,2025,[6],4. 学習環境 — 教材 / Secondary / Higher / Other,Japanese-major higher-education institutions: more than half use this title; exact denominator not supplied.,"{""value"":null,""unit"":""percent"",""status"":""reported_lower_bound"",""lowerBound"":50,""operator"":"">"",""numerator"":null,""denominator"":null,""scope"":""Institutions offering a Japanese major in higher education in Brazil"",""observationYear"":null,""sourceYear"":2025,""label"":"">50% of Japanese-major institutions"",""note"":""Qualitative lower bound in 2025 profile; exact counts and observation date not reported. Not a national all-institution rate.""}",2026-10-08
evidence-e1c76fb8f19f27f5,BR,title-82cbabde20f19e41,Japanese for Young People,Japanese for Young People,JAPANESE FOR YOUNG PEOPLE,[],Secondary / Other,,reported_use,textbook,jf-profile-2025-BR,https://www.jpf.go.jp/j/project/japanese/survey/area/country/2025/brazil_2.pdf,2025,[6],4. 学習環境 — 教材 / Secondary / Other,AJALT series.,"{""value"":null,""unit"":""percent"",""status"":""not_reported"",""numerator"":null,""denominator"":null,""scope"":null,""observationYear"":null,""sourceYear"":2025}",2026-10-08
evidence-ac66398107e096cd,BR,title-0197d4c7f36ec61c,新しい国語,新しい国語,新しい国語,[],Secondary,,reported_use,textbook,jf-profile-2025-BR,https://www.jpf.go.jp/j/project/japanese/survey/area/country/2025/brazil_2.pdf,2025,[6],4. 学習環境 — 教材 / Secondary,Schools primarily serving Japanese-descendant children.,"{""value"":null,""unit"":""percent"",""status"":""not_reported"",""numerator"":null,""denominator"":null,""scope"":null,""observationYear"":null,""sourceYear"":2025}",2026-10-08
evidence-b91a773a9bb16edc,BR,title-013afebe2b30c147,まるごと,まるごと,まるごと 日本のことばと文化,"[""まるごと 日本のことばと文化"",""まるごと""]",Higher / Other,,reported_use,textbook,jf-profile-2025-BR,https://www.jpf.go.jp/j/project/japanese/survey/area/country/2025/brazil_2.pdf,2025,"[2,5,6]",4. 学習環境 — 教材 / Higher / Other,University materials p. 6 and growing adult-course adoption p. 5.,"{""value"":null,""unit"":""percent"",""status"":""not_reported"",""numerator"":null,""denominator"":null,""scope"":null,""observationYear"":null,""sourceYear"":2025}",2026-10-08
evidence-92bedf222549919a,BR,title-3009513eb30915d0,いろどり,いろどり,いろどり 生活の日本語,"[""いろどり 生活の日本語"",""いろどり""]",Higher / Other,,reported_use,textbook,jf-profile-2025-BR,https://www.jpf.go.jp/j/project/japanese/survey/area/country/2025/brazil_2.pdf,2025,"[2,5,6]",4. 学習環境 — 教材 / Higher / Other,University materials p. 6 and growing adult-course adoption p. 5.,"{""value"":null,""unit"":""percent"",""status"":""not_reported"",""numerator"":null,""denominator"":null,""scope"":null,""observationYear"":null,""sourceYear"":2025}",2026-10-08
evidence-9edf0eadacffd448,BR,title-3e75afe5592bf38d,テーマ別 中級から学ぶ日本語,テーマ別 中級から学ぶ日本語,テーマ別 中級から学ぶ日本語,[],Higher,,reported_use,textbook,jf-profile-2025-BR,https://www.jpf.go.jp/j/project/japanese/survey/area/country/2025/brazil_2.pdf,2025,[6],4. 学習環境 — 教材 / Higher,Intermediate material.,"{""value"":null,""unit"":""percent"",""status"":""not_reported"",""numerator"":null,""denominator"":null,""scope"":null,""observationYear"":null,""sourceYear"":2025}",2026-10-08
evidence-118e9066c71dbb51,BR,title-1fb0c8014c06e4e3,生きた素材で学ぶ新・中級から上級への日本語,生きた素材で学ぶ新・中級から上級への日本語,生きた素材で学ぶ新・中級から上級への日本語,[],Higher,,reported_use,textbook,jf-profile-2025-BR,https://www.jpf.go.jp/j/project/japanese/survey/area/country/2025/brazil_2.pdf,2025,[6],4. 学習環境 — 教材 / Higher,Intermediate/advanced material.,"{""value"":null,""unit"":""percent"",""status"":""not_reported"",""numerator"":null,""denominator"":null,""scope"":null,""observationYear"":null,""sourceYear"":2025}",2026-10-08
evidence-9d7f7f82f6bff699,BR,title-fb88692fe417b916,Intermediate Kanji Book,Intermediate Kanji Book,Intermediate Kanji Book,[],Higher,,reported_use,textbook,jf-profile-2025-BR,https://www.jpf.go.jp/j/project/japanese/survey/area/country/2025/brazil_2.pdf,2025,[6],4. 学習環境 — 教材 / Higher,Kanji material.,"{""value"":null,""unit"":""percent"",""status"":""not_reported"",""numerator"":null,""denominator"":null,""scope"":null,""observationYear"":null,""sourceYear"":2025}",2026-10-08
evidence-46510905980801ee,BR,title-e9a6f6d3470490bf,中級から上級への日本語なりきりリスニング,中級から上級への日本語なりきりリスニング,中級から上級への日本語なりきりリスニング,[],Higher,,reported_use,textbook,jf-profile-2025-BR,https://www.jpf.go.jp/j/project/japanese/survey/area/country/2025/brazil_2.pdf,2025,[6],4. 学習環境 — 教材 / Higher,Listening material.,"{""value"":null,""unit"":""percent"",""status"":""not_reported"",""numerator"":null,""denominator"":null,""scope"":null,""observationYear"":null,""sourceYear"":2025}",2026-10-08
evidence-f29cb294e12decef,BR,title-a17ee1cbbbaf5529,留学生のための理論的な文章の書き方,留学生のための理論的な文章の書き方,留学生のための理論的な文章の書き方,[],Higher,,reported_use,textbook,jf-profile-2025-BR,https://www.jpf.go.jp/j/project/japanese/survey/area/country/2025/brazil_2.pdf,2025,[6],4. 学習環境 — 教材 / Higher,"Title spelling as printed in JF profile; possible source typo, not silently corrected.","{""value"":null,""unit"":""percent"",""status"":""not_reported"",""numerator"":null,""denominator"":null,""scope"":null,""observationYear"":null,""sourceYear"":2025}",2026-10-08
evidence-9604b03162f43a71,BR,title-9d0cf8b76a1e6679,上級へのとびら,上級へのとびら,上級へのとびら―コンテンツとマルチメディアで学ぶ日本語,[],Higher,,reported_use,textbook,jf-profile-2025-BR,https://www.jpf.go.jp/j/project/japanese/survey/area/country/2025/brazil_2.pdf,2025,[6],4. 学習環境 — 教材 / Higher,Full source title includes コンテンツとマルチメディアで学ぶ日本語.,"{""value"":null,""unit"":""percent"",""status"":""not_reported"",""numerator"":null,""denominator"":null,""scope"":null,""observationYear"":null,""sourceYear"":2025}",2026-10-08
evidence-10becc5fe420b101,BR,title-36cfbaeae8cbc373,大地,大地,大地,[],Other,,reported_use,textbook,jf-profile-2025-BR,https://www.jpf.go.jp/j/project/japanese/survey/area/country/2025/brazil_2.pdf,2025,[6],4. 学習環境 — 教材 / Other,Private/community education.,"{""value"":null,""unit"":""percent"",""status"":""not_reported"",""numerator"":null,""denominator"":null,""scope"":null,""observationYear"":null,""sourceYear"":2025}",2026-10-08
evidence-1e561ed5b48e2048,BR,title-59f7bd2e859c51e7,にほんごジャンプ,にほんごジャンプ,にほんごジャンプ,[],Other,,reported_use,textbook,jf-profile-2025-BR,https://www.jpf.go.jp/j/project/japanese/survey/area/country/2025/brazil_2.pdf,2025,[6],4. 学習環境 — 教材 / Other,JICA / overseas Japanese-descendant association.,"{""value"":null,""unit"":""percent"",""status"":""not_reported"",""numerator"":null,""denominator"":null,""scope"":null,""observationYear"":null,""sourceYear"":2025}",2026-10-08
evidence-f99f6b05acd339cf,BR,title-7528cf2fb70ae4b3,にほんご1・2・3,にほんご1・2・3,にほんご 1・2・3,[],Other,,reported_use,textbook,jf-profile-2025-BR,https://www.jpf.go.jp/j/project/japanese/survey/area/country/2025/brazil_2.pdf,2025,[6],4. 学習環境 — 教材 / Other,"ALC title, distinct from 1・2・3 日本語で話しましょう.","{""value"":null,""unit"":""percent"",""status"":""not_reported"",""numerator"":null,""denominator"":null,""scope"":null,""observationYear"":null,""sourceYear"":2025}",2026-10-08
evidence-766f7bd3b943d531,VE,title-09984ada167d29f0,エリンが挑戦！にほんごできます。,エリンが挑戦！にほんごできます。,エリンが挑戦！ にほんごできます,[],Higher,,reported_use,named_material,jf-profile-2025-VE,https://www.jpf.go.jp/j/project/japanese/survey/area/country/2025/venezuela_2.pdf,2025,[4],4.学習環境 > 教材 > 高等教育,Named in JF’s textbook section for this educational stage; no numerical adoption rate supplied.,"{""status"":""not_reported"",""value"":null}",2026-10-08
evidence-2eaa2ea4d190520c,VE,title-5cdf7e72cd95edca,みんなの日本語,みんなの日本語,みんなの日本語初級聴解タスク,[],Higher,,reported_use,named_material,jf-profile-2025-VE,https://www.jpf.go.jp/j/project/japanese/survey/area/country/2025/venezuela_2.pdf,2025,[4],4.学習環境 > 教材 > 高等教育,Named in JF’s textbook section for this educational stage; no numerical adoption rate supplied.,"{""status"":""not_reported"",""value"":null}",2026-10-08
evidence-931ff6ecffbb3f93,VE,title-586ee7d9626a9e9f,日本語の教え方スーパーキット,日本語の教え方スーパーキット,日本語の教え方スーパーキット,[],Higher,,reported_use,named_material,jf-profile-2025-VE,https://www.jpf.go.jp/j/project/japanese/survey/area/country/2025/venezuela_2.pdf,2025,[4],4.学習環境 > 教材 > 高等教育,Named in JF’s textbook section for this educational stage; no numerical adoption rate supplied.,"{""status"":""not_reported"",""value"":null}",2026-10-08
evidence-f98c399371829855,VE,title-523061fefe9758f7,新日本語の基礎Ⅰ・Ⅱ,新日本語の基礎Ⅰ・Ⅱ,新日本語の基礎Ⅰ・Ⅱ,[],Higher,,reported_use,named_material,jf-profile-2025-VE,https://www.jpf.go.jp/j/project/japanese/survey/area/country/2025/venezuela_2.pdf,2025,[4],4.学習環境 > 教材 > 高等教育,Named in JF’s textbook section for this educational stage; no numerical adoption rate supplied.,"{""status"":""not_reported"",""value"":null}",2026-10-08
evidence-13a3e0508aaed996,VE,title-7629437f43342893,新絵教材(新日本語基礎準拠),新絵教材(新日本語基礎準拠),新絵教材(新日本語基礎準拠),[],Higher,,reported_use,named_material,jf-profile-2025-VE,https://www.jpf.go.jp/j/project/japanese/survey/area/country/2025/venezuela_2.pdf,2025,[4],4.学習環境 > 教材 > 高等教育,Named in JF’s textbook section for this educational stage; no numerical adoption rate supplied.,"{""status"":""not_reported"",""value"":null}",2026-10-08
evidence-b9da417561cb558f,VE,title-0d7c1286153521a5,まるごと 日本のことばと文化,まるごと 日本のことばと文化,まるごと日本のことばと文化,[],Higher,,reported_use,named_material,jf-profile-2025-VE,https://www.jpf.go.jp/j/project/japanese/survey/area/country/2025/venezuela_2.pdf,2025,[4],4.学習環境 > 教材 > 高等教育,Named in JF’s textbook section for this educational stage; no numerical adoption rate supplied.,"{""status"":""not_reported"",""value"":null}",2026-10-08
evidence-a63c5a2246fc18a6,VE,title-71d881f18c8b9e48,おたすけタスク,おたすけタスク,おたすけタスク: 初級日本語クラスのための文型別タスク集,[],Higher,,reported_use,named_material,jf-profile-2025-VE,https://www.jpf.go.jp/j/project/japanese/survey/area/country/2025/venezuela_2.pdf,2025,[4],4.学習環境 > 教材 > 高等教育,Named in JF’s textbook section for this educational stage; no numerical adoption rate supplied.,"{""status"":""not_reported"",""value"":null}",2026-10-08
evidence-4659bbee11b260d0,VE,title-32e31e69527bcf34,音・形・場面で身につく！ にほんごワーク,音・形・場面で身につく！ にほんごワーク,音・形・場面で身につく！ にほんごワーク,[],Higher,,reported_use,named_material,jf-profile-2025-VE,https://www.jpf.go.jp/j/project/japanese/survey/area/country/2025/venezuela_2.pdf,2025,[4],4.学習環境 > 教材 > 高等教育,Named in JF’s textbook section for this educational stage; no numerical adoption rate supplied.,"{""status"":""not_reported"",""value"":null}",2026-10-08
evidence-828bda700453968a,VE,title-7f3149ecc1df8a1b,クラス活動集（新日本語の基礎準拠）,クラス活動集（新日本語の基礎準拠）,クラス活動集（新日本語の基礎準拠）,[],Higher,,reported_use,named_material,jf-profile-2025-VE,https://www.jpf.go.jp/j/project/japanese/survey/area/country/2025/venezuela_2.pdf,2025,[4],4.学習環境 > 教材 > 高等教育,Named in JF’s textbook section for this educational stage; no numerical adoption rate supplied.,"{""status"":""not_reported"",""value"":null}",2026-10-08
evidence-c3ce6ec8f787111e,VE,title-cc2efed9b2df7f9d,日本語コミュニケーションゲーム 80,日本語コミュニケーションゲーム 80,日本語コミュニケーションゲーム 80,[],Higher,,reported_use,named_material,jf-profile-2025-VE,https://www.jpf.go.jp/j/project/japanese/survey/area/country/2025/venezuela_2.pdf,2025,[4],4.学習環境 > 教材 > 高等教育,Named in JF’s textbook section for this educational stage; no numerical adoption rate supplied.,"{""status"":""not_reported"",""value"":null}",2026-10-08
evidence-937204120d1af6e2,VE,title-109590f51f1dbb7e,日本語で話そうⅠ～Ⅳ,日本語で話そうⅠ～Ⅳ,日本語で話そうⅠ～Ⅳ,[],Higher,,reported_use,named_material,jf-profile-2025-VE,https://www.jpf.go.jp/j/project/japanese/survey/area/country/2025/venezuela_2.pdf,2025,[4],4.学習環境 > 教材 > 高等教育,Named in JF’s textbook section for this educational stage; no numerical adoption rate supplied.,"{""status"":""not_reported"",""value"":null}",2026-10-08
evidence-fcc06a499dcbbae8,VE,title-ea51380b482af00d,きりはり教室,きりはり教室,きりはり教室,[],Higher,,reported_use,named_material,jf-profile-2025-VE,https://www.jpf.go.jp/j/project/japanese/survey/area/country/2025/venezuela_2.pdf,2025,[4],4.学習環境 > 教材 > 高等教育,Named in JF’s textbook section for this educational stage; no numerical adoption rate supplied.,"{""status"":""not_reported"",""value"":null}",2026-10-08
evidence-453fe2b83b681350,VE,title-2ac8be4f361f9a76,Japonés Hablado,Japonés Hablado,Japonés Hablado,[],Higher,,reported_use,named_material,jf-profile-2025-VE,https://www.jpf.go.jp/j/project/japanese/survey/area/country/2025/venezuela_2.pdf,2025,[4],4.学習環境 > 教材 > 高等教育,Named in JF’s textbook section for this educational stage; no numerical adoption rate supplied.,"{""status"":""not_reported"",""value"":null}",2026-10-08
evidence-ef5be018e0a6209c,VE,title-523061fefe9758f7,新日本語の基礎Ⅰ・Ⅱ,新日本語の基礎Ⅰ・Ⅱ,新日本語の基礎Ⅰ・Ⅱ,[],Other,,reported_use,named_material,jf-profile-2025-VE,https://www.jpf.go.jp/j/project/japanese/survey/area/country/2025/venezuela_2.pdf,2025,[4],4.学習環境 > 教材 > 学校教育以外,Named in JF’s textbook section for this educational stage; no numerical adoption rate supplied.,"{""status"":""not_reported"",""value"":null}",2026-10-08
evidence-591b54cd76c91a1a,VE,title-5cdf7e72cd95edca,みんなの日本語,みんなの日本語,みんなの日本語初級Ⅰ&Ⅱ,[],Other,,reported_use,named_material,jf-profile-2025-VE,https://www.jpf.go.jp/j/project/japanese/survey/area/country/2025/venezuela_2.pdf,2025,[4],4.学習環境 > 教材 > 学校教育以外,Named in JF’s textbook section for this educational stage; no numerical adoption rate supplied.,"{""status"":""not_reported"",""value"":null}",2026-10-08
evidence-dd88b98af20bbbb8,VE,title-f62f73bc53f02358,中級へ行こう,中級へ行こう,中級へ行こう・日本語の文型と表現 55 第2版,[],Other,,reported_use,named_material,jf-profile-2025-VE,https://www.jpf.go.jp/j/project/japanese/survey/area/country/2025/venezuela_2.pdf,2025,[5],4.学習環境 > 教材 > 学校教育以外,Second edition explicitly stated outside the title brackets in the PDF.,"{""status"":""not_reported"",""value"":null}",2026-10-08
evidence-1862621b2914c43e,VE,title-09984ada167d29f0,エリンが挑戦！にほんごできます。,エリンが挑戦！にほんごできます。,エリンが挑戦！ にほんごできます,[],Other,,reported_use,named_material,jf-profile-2025-VE,https://www.jpf.go.jp/j/project/japanese/survey/area/country/2025/venezuela_2.pdf,2025,[5],4.学習環境 > 教材 > 学校教育以外,Named in JF’s textbook section for this educational stage; no numerical adoption rate supplied.,"{""status"":""not_reported"",""value"":null}",2026-10-08
evidence-54a1d3ae3ae2f895,VE,title-2c7be2d195b8c68f,ひろこさんのたのしいにほんご,ひろこさんのたのしいにほんご,ひろこさんのたのしいにほんご,[],Other,,reported_use,named_material,jf-profile-2025-VE,https://www.jpf.go.jp/j/project/japanese/survey/area/country/2025/venezuela_2.pdf,2025,[5],4.学習環境 > 教材 > 学校教育以外,Named in JF’s textbook section for this educational stage; no numerical adoption rate supplied.,"{""status"":""not_reported"",""value"":null}",2026-10-08
evidence-ad027b19c9219807,VE,title-e8e0357cefedc74a,みえこさんのにほんご,みえこさんのにほんご,新板みえこさんのにほんご,[],Other,,reported_use,named_material,jf-profile-2025-VE,https://www.jpf.go.jp/j/project/japanese/survey/area/country/2025/venezuela_2.pdf,2025,[5],4.学習環境 > 教材 > 学校教育以外,PDF prints 新板; spelling retained in sourceTitle.,"{""status"":""not_reported"",""value"":null}",2026-10-08
evidence-cf3afeb80d78d41e,VE,title-0d7c1286153521a5,まるごと 日本のことばと文化,まるごと 日本のことばと文化,まるごと日本のことばと文化,[],Other,,reported_use,named_material,jf-profile-2025-VE,https://www.jpf.go.jp/j/project/japanese/survey/area/country/2025/venezuela_2.pdf,2025,[5],4.学習環境 > 教材 > 学校教育以外,Named in JF’s textbook section for this educational stage; no numerical adoption rate supplied.,"{""status"":""not_reported"",""value"":null}",2026-10-08
evidence-9d752ea7454c40d7,VE,title-60e0f4409344b2d5,いろどり 生活の日本語,いろどり 生活の日本語,いろどり生活の日本語,[],Other,,reported_use,named_material,jf-profile-2025-VE,https://www.jpf.go.jp/j/project/japanese/survey/area/country/2025/venezuela_2.pdf,2025,[5],4.学習環境 > 教材 > 学校教育以外,Named in JF’s textbook section for this educational stage; no numerical adoption rate supplied.,"{""status"":""not_reported"",""value"":null}",2026-10-08
evidence-f385b27fa15bd873,VE,title-71d881f18c8b9e48,おたすけタスク,おたすけタスク,おたすけタスク,[],Other,,reported_use,named_material,jf-profile-2025-VE,https://www.jpf.go.jp/j/project/japanese/survey/area/country/2025/venezuela_2.pdf,2025,[5],4.学習環境 > 教材 > 学校教育以外,Named in JF’s textbook section for this educational stage; no numerical adoption rate supplied.,"{""status"":""not_reported"",""value"":null}",2026-10-08
evidence-2547202d986df450,VE,title-0806a0d35f2706d8,日本語総まとめ,日本語総まとめ,日本語総まとめ N5・N4・N3「日本語能力試験（JLPT）」対策,[],Other,,reported_use,named_material,jf-profile-2025-VE,https://www.jpf.go.jp/j/project/japanese/survey/area/country/2025/venezuela_2.pdf,2025,[5],4.学習環境 > 教材 > 学校教育以外,Named in JF’s textbook section for this educational stage; no numerical adoption rate supplied.,"{""status"":""not_reported"",""value"":null}",2026-10-08
evidence-581608cd811106bd,PE,title-0d7c1286153521a5,まるごと 日本のことばと文化,まるごと 日本のことばと文化,まるごと日本のことばと文化,[],Secondary,,reported_use,named_material,jf-profile-2025-PE,https://www.jpf.go.jp/j/project/japanese/survey/area/country/2025/peru_2.pdf,2025,[4],4.学習環境 > 教材 > 中等教育,Named in JF’s textbook section for this educational stage; no numerical adoption rate supplied.,"{""status"":""not_reported"",""value"":null}",2026-10-08
evidence-1c0423085155ad9e,PE,title-5cdf7e72cd95edca,みんなの日本語,みんなの日本語,みんなの日本語初級Ⅰ、Ⅱ,[],Secondary,,reported_use,named_material,jf-profile-2025-PE,https://www.jpf.go.jp/j/project/japanese/survey/area/country/2025/peru_2.pdf,2025,[4],4.学習環境 > 教材 > 中等教育,Named in JF’s textbook section for this educational stage; no numerical adoption rate supplied.,"{""status"":""not_reported"",""value"":null}",2026-10-08
evidence-b390156195d39c18,PE,title-bbb0c55d39607d47,こどものにほんご,こどものにほんご,こどものにほんご,[],Secondary,,reported_use,named_material,jf-profile-2025-PE,https://www.jpf.go.jp/j/project/japanese/survey/area/country/2025/peru_2.pdf,2025,[4],4.学習環境 > 教材 > 中等教育,Named in JF’s textbook section for this educational stage; no numerical adoption rate supplied.,"{""status"":""not_reported"",""value"":null}",2026-10-08
evidence-5efe94eefc689644,PE,title-5cdf7e72cd95edca,みんなの日本語,みんなの日本語,みんなの日本語初級Ⅰ、Ⅱ,[],Higher,,reported_use,named_material,jf-profile-2025-PE,https://www.jpf.go.jp/j/project/japanese/survey/area/country/2025/peru_2.pdf,2025,[4],4.学習環境 > 教材 > 高等教育,Named in JF’s textbook section for this educational stage; no numerical adoption rate supplied.,"{""status"":""not_reported"",""value"":null}",2026-10-08
evidence-4227f968120f5ec2,PE,title-0d7c1286153521a5,まるごと 日本のことばと文化,まるごと 日本のことばと文化,まるごと日本のことばと文化,[],Higher,,reported_use,named_material,jf-profile-2025-PE,https://www.jpf.go.jp/j/project/japanese/survey/area/country/2025/peru_2.pdf,2025,[4],4.学習環境 > 教材 > 高等教育,Named in JF’s textbook section for this educational stage; no numerical adoption rate supplied.,"{""status"":""not_reported"",""value"":null}",2026-10-08
evidence-3fed43c421dfe135,PE,title-5cdf7e72cd95edca,みんなの日本語,みんなの日本語,みんなの日本語初級Ⅰ、Ⅱ,[],Other,,reported_use,named_material,jf-profile-2025-PE,https://www.jpf.go.jp/j/project/japanese/survey/area/country/2025/peru_2.pdf,2025,[4],4.学習環境 > 教材 > 学校教育以外,Named in JF’s textbook section for this educational stage; no numerical adoption rate supplied.,"{""status"":""not_reported"",""value"":null}",2026-10-08
evidence-077a296f405ab073,PE,title-1b2d700b936354d9,学ぼう！にほんご,学ぼう！にほんご,学ぼう！にほんご,[],Other,,reported_use,named_material,jf-profile-2025-PE,https://www.jpf.go.jp/j/project/japanese/survey/area/country/2025/peru_2.pdf,2025,[4],4.学習環境 > 教材 > 学校教育以外,Named in JF’s textbook section for this educational stage; no numerical adoption rate supplied.,"{""status"":""not_reported"",""value"":null}",2026-10-08
evidence-768d34a76590b5ba,PE,title-0d7c1286153521a5,まるごと 日本のことばと文化,まるごと 日本のことばと文化,まるごと日本のことばと文化 A1,[],Other,,reported_use,named_material,jf-profile-2025-PE,https://www.jpf.go.jp/j/project/japanese/survey/area/country/2025/peru_2.pdf,2025,[4],4.学習環境 > 教材 > 学校教育以外,Named in JF’s textbook section for this educational stage; no numerical adoption rate supplied.,"{""status"":""not_reported"",""value"":null}",2026-10-08
evidence-038c4f0a5c56b6ab,PE,title-0d7c1286153521a5,まるごと 日本のことばと文化,まるごと 日本のことばと文化,まるごと日本のことばと文化,[],Primary,,reported_use,named_material,jf-profile-2025-PE,https://www.jpf.go.jp/j/project/japanese/survey/area/country/2025/peru_2.pdf,2025,[4],4.学習環境 > 教材 > 初等教育,This stage explicitly refers to 中等教育 in the same textbook section. Named in JF’s textbook section for this educational stage; no numerical adoption rate supplied.,"{""status"":""not_reported"",""value"":null}",2026-10-08
evidence-f3b0145646ad9b7e,PE,title-5cdf7e72cd95edca,みんなの日本語,みんなの日本語,みんなの日本語初級Ⅰ、Ⅱ,[],Primary,,reported_use,named_material,jf-profile-2025-PE,https://www.jpf.go.jp/j/project/japanese/survey/area/country/2025/peru_2.pdf,2025,[4],4.学習環境 > 教材 > 初等教育,This stage explicitly refers to 中等教育 in the same textbook section. Named in JF’s textbook section for this educational stage; no numerical adoption rate supplied.,"{""status"":""not_reported"",""value"":null}",2026-10-08
evidence-d0f9bd6832f61099,PE,title-bbb0c55d39607d47,こどものにほんご,こどものにほんご,こどものにほんご,[],Primary,,reported_use,named_material,jf-profile-2025-PE,https://www.jpf.go.jp/j/project/japanese/survey/area/country/2025/peru_2.pdf,2025,[4],4.学習環境 > 教材 > 初等教育,This stage explicitly refers to 中等教育 in the same textbook section. Named in JF’s textbook section for this educational stage; no numerical adoption rate supplied.,"{""status"":""not_reported"",""value"":null}",2026-10-08
evidence-824167b3b6467896,BO,title-e8e0357cefedc74a,みえこさんのにほんご,みえこさんのにほんご,みえこさんのにほんご,[],Primary,,reported_use,named_material,jf-profile-2025-BO,https://www.jpf.go.jp/j/project/japanese/survey/area/country/2025/bolivia_2.pdf,2025,[4],4.学習環境 > 教材 > 初等教育,Named in JF’s textbook section for this educational stage; no numerical adoption rate supplied.,"{""status"":""not_reported"",""value"":null}",2026-10-08
evidence-87f1e6634b5ed410,BO,title-705b288e39e47e29,にほんごドレミ,にほんごドレミ,にほんごドレミ,[],Primary,,reported_use,named_material,jf-profile-2025-BO,https://www.jpf.go.jp/j/project/japanese/survey/area/country/2025/bolivia_2.pdf,2025,[4],4.学習環境 > 教材 > 初等教育,Named in JF’s textbook section for this educational stage; no numerical adoption rate supplied.,"{""status"":""not_reported"",""value"":null}",2026-10-08
evidence-d5c91925a636de62,BO,title-59f7bd2e859c51e7,にほんごジャンプ,にほんごジャンプ,にほんごジャンプ,[],Primary,,reported_use,named_material,jf-profile-2025-BO,https://www.jpf.go.jp/j/project/japanese/survey/area/country/2025/bolivia_2.pdf,2025,[4],4.学習環境 > 教材 > 初等教育,Named in JF’s textbook section for this educational stage; no numerical adoption rate supplied.,"{""status"":""not_reported"",""value"":null}",2026-10-08
evidence-7d0ebebd7f4523bd,BO,title-9b96f90ccd2e1196,にほんごチャレンジ,にほんごチャレンジ,にほんごチャレンジ,[],Primary,,reported_use,named_material,jf-profile-2025-BO,https://www.jpf.go.jp/j/project/japanese/survey/area/country/2025/bolivia_2.pdf,2025,[4],4.学習環境 > 教材 > 初等教育,Named in JF’s textbook section for this educational stage; no numerical adoption rate supplied.,"{""status"":""not_reported"",""value"":null}",2026-10-08
evidence-82a1f772a14b2026,BO,title-add77ea75a1c1dd0,にほんごだいすき,にほんごだいすき,にほんごだいすき 1．2,[],Primary,,reported_use,named_material,jf-profile-2025-BO,https://www.jpf.go.jp/j/project/japanese/survey/area/country/2025/bolivia_2.pdf,2025,[4],4.学習環境 > 教材 > 初等教育,Named in JF’s textbook section for this educational stage; no numerical adoption rate supplied.,"{""status"":""not_reported"",""value"":null}",2026-10-08
evidence-fb27206c8d645655,BO,title-bbb0c55d39607d47,こどものにほんご,こどものにほんご,こどものにほんご,[],Other,,reported_use,named_material,jf-profile-2025-BO,https://www.jpf.go.jp/j/project/japanese/survey/area/country/2025/bolivia_2.pdf,2025,[4],4.学習環境 > 教材 > 学校教育以外,Named in JF’s textbook section for this educational stage; no numerical adoption rate supplied.,"{""status"":""not_reported"",""value"":null}",2026-10-08
evidence-d9170ff8cdf2c1b7,BO,title-5cdf7e72cd95edca,みんなの日本語,みんなの日本語,みんなの日本語,[],Other,,reported_use,named_material,jf-profile-2025-BO,https://www.jpf.go.jp/j/project/japanese/survey/area/country/2025/bolivia_2.pdf,2025,[4],4.学習環境 > 教材 > 学校教育以外,Named in JF’s textbook section for this educational stage; no numerical adoption rate supplied.,"{""status"":""not_reported"",""value"":null}",2026-10-08
evidence-9bcd22eff2ac9fb8,BO,title-705b288e39e47e29,にほんごドレミ,にほんごドレミ,にほんごドレミ,[],Other,,reported_use,named_material,jf-profile-2025-BO,https://www.jpf.go.jp/j/project/japanese/survey/area/country/2025/bolivia_2.pdf,2025,[4],4.学習環境 > 教材 > 学校教育以外,Named in JF’s textbook section for this educational stage; no numerical adoption rate supplied.,"{""status"":""not_reported"",""value"":null}",2026-10-08
evidence-a965d7438499a5c1,BO,title-59f7bd2e859c51e7,にほんごジャンプ,にほんごジャンプ,にほんごジャンプ,[],Other,,reported_use,named_material,jf-profile-2025-BO,https://www.jpf.go.jp/j/project/japanese/survey/area/country/2025/bolivia_2.pdf,2025,[4],4.学習環境 > 教材 > 学校教育以外,Named in JF’s textbook section for this educational stage; no numerical adoption rate supplied.,"{""status"":""not_reported"",""value"":null}",2026-10-08
evidence-4b98d499099506af,BO,title-9b96f90ccd2e1196,にほんごチャレンジ,にほんごチャレンジ,にほんごチャレンジ,[],Other,,reported_use,named_material,jf-profile-2025-BO,https://www.jpf.go.jp/j/project/japanese/survey/area/country/2025/bolivia_2.pdf,2025,[4],4.学習環境 > 教材 > 学校教育以外,Named in JF’s textbook section for this educational stage; no numerical adoption rate supplied.,"{""status"":""not_reported"",""value"":null}",2026-10-08
evidence-10fcb2553b01ff57,BO,title-0d7c1286153521a5,まるごと 日本のことばと文化,まるごと 日本のことばと文化,まるごと,[],Other,,reported_use,named_material,jf-profile-2025-BO,https://www.jpf.go.jp/j/project/japanese/survey/area/country/2025/bolivia_2.pdf,2025,[4],4.学習環境 > 教材 > 学校教育以外,Named in JF’s textbook section for this educational stage; no numerical adoption rate supplied.,"{""status"":""not_reported"",""value"":null}",2026-10-08
evidence-27979fcc053e0e83,BO,title-add77ea75a1c1dd0,にほんごだいすき,にほんごだいすき,にほんごだいすき１．２,[],Other,,reported_use,named_material,jf-profile-2025-BO,https://www.jpf.go.jp/j/project/japanese/survey/area/country/2025/bolivia_2.pdf,2025,[4],4.学習環境 > 教材 > 学校教育以外,Named in JF’s textbook section for this educational stage; no numerical adoption rate supplied.,"{""status"":""not_reported"",""value"":null}",2026-10-08
evidence-ad4f2fe0ca1099cd,BO,title-03b2e98c9da09f6f,ひらがな・かたかなカード,ひらがな・かたかなカード,ひらがな・かたかなカード,[],Other,,reported_use,named_material,jf-profile-2025-BO,https://www.jpf.go.jp/j/project/japanese/survey/area/country/2025/bolivia_2.pdf,2025,[4],4.学習環境 > 教材 > 学校教育以外,Named in JF’s textbook section for this educational stage; no numerical adoption rate supplied.,"{""status"":""not_reported"",""value"":null}",2026-10-08
evidence-fcf150f7ed2266ef,BO,title-98f2480d4f67282e,漢字ドリル,漢字ドリル,漢字ドリル,[],Other,,reported_use,named_material,jf-profile-2025-BO,https://www.jpf.go.jp/j/project/japanese/survey/area/country/2025/bolivia_2.pdf,2025,[4],4.学習環境 > 教材 > 学校教育以外,Named in JF’s textbook section for this educational stage; no numerical adoption rate supplied.,"{""status"":""not_reported"",""value"":null}",2026-10-08
evidence-3901700e91aeb0c7,BO,title-e8e0357cefedc74a,みえこさんのにほんご,みえこさんのにほんご,みえこさんのにほんご,[],Secondary,,reported_use,named_material,jf-profile-2025-BO,https://www.jpf.go.jp/j/project/japanese/survey/area/country/2025/bolivia_2.pdf,2025,[4],4.学習環境 > 教材 > 中等教育,This stage explicitly refers to 初等教育 in the same textbook section. Named in JF’s textbook section for this educational stage; no numerical adoption rate supplied.,"{""status"":""not_reported"",""value"":null}",2026-10-08
evidence-2045a1b92de67f2f,BO,title-705b288e39e47e29,にほんごドレミ,にほんごドレミ,にほんごドレミ,[],Secondary,,reported_use,named_material,jf-profile-2025-BO,https://www.jpf.go.jp/j/project/japanese/survey/area/country/2025/bolivia_2.pdf,2025,[4],4.学習環境 > 教材 > 中等教育,This stage explicitly refers to 初等教育 in the same textbook section. Named in JF’s textbook section for this educational stage; no numerical adoption rate supplied.,"{""status"":""not_reported"",""value"":null}",2026-10-08
evidence-007e6b921856b4ba,BO,title-59f7bd2e859c51e7,にほんごジャンプ,にほんごジャンプ,にほんごジャンプ,[],Secondary,,reported_use,named_material,jf-profile-2025-BO,https://www.jpf.go.jp/j/project/japanese/survey/area/country/2025/bolivia_2.pdf,2025,[4],4.学習環境 > 教材 > 中等教育,This stage explicitly refers to 初等教育 in the same textbook section. Named in JF’s textbook section for this educational stage; no numerical adoption rate supplied.,"{""status"":""not_reported"",""value"":null}",2026-10-08
evidence-6660356e2c0f9354,BO,title-9b96f90ccd2e1196,にほんごチャレンジ,にほんごチャレンジ,にほんごチャレンジ,[],Secondary,,reported_use,named_material,jf-profile-2025-BO,https://www.jpf.go.jp/j/project/japanese/survey/area/country/2025/bolivia_2.pdf,2025,[4],4.学習環境 > 教材 > 中等教育,This stage explicitly refers to 初等教育 in the same textbook section. Named in JF’s textbook section for this educational stage; no numerical adoption rate supplied.,"{""status"":""not_reported"",""value"":null}",2026-10-08
evidence-041d6c84417a9f3c,BO,title-add77ea75a1c1dd0,にほんごだいすき,にほんごだいすき,にほんごだいすき 1．2,[],Secondary,,reported_use,named_material,jf-profile-2025-BO,https://www.jpf.go.jp/j/project/japanese/survey/area/country/2025/bolivia_2.pdf,2025,[4],4.学習環境 > 教材 > 中等教育,This stage explicitly refers to 初等教育 in the same textbook section. Named in JF’s textbook section for this educational stage; no numerical adoption rate supplied.,"{""status"":""not_reported"",""value"":null}",2026-10-08
evidence-d662bc24ef716822,IS,title-860b56d82ded60c6,初級日本語げんき,初級日本語げんき,初級日本語げんき,[],Primary,,reported_use,named_material,jf-profile-2025-IS,https://www.jpf.go.jp/j/project/japanese/survey/area/country/2025/iceland_2.pdf,2025,[4],4. 学習環境 — 教材 / Primary,Named in the textbook subsection for this setting. No national adoption rate is established.,"{""status"":""not_reported"",""value"":null}",2026-10-08
evidence-da2bb3a26f361aec,IS,title-a69282b325e65df2,国語教科書（小 1～小 6）,国語教科書（小 1～小 6）,国語教科書（小 1～小 6）,[],Primary,,reported_use,named_material,jf-profile-2025-IS,https://www.jpf.go.jp/j/project/japanese/survey/area/country/2025/iceland_2.pdf,2025,[4],4. 学習環境 — 教材 / Primary,Named in the textbook subsection for this setting. No national adoption rate is established.,"{""status"":""not_reported"",""value"":null}",2026-10-08
evidence-0ae6c0f07c98cb2b,IS,title-e82af339c5680db8,ICU の日本語：初級 Japanese for College Students：Basic vol.1～3,ICU の日本語：初級 Japanese for College Students：Basic vol.1～3,ICU の日本語：初級 Japanese for College Students：Basic vol.1～3,[],Primary,,reported_use,named_material,jf-profile-2025-IS,https://www.jpf.go.jp/j/project/japanese/survey/area/country/2025/iceland_2.pdf,2025,[4],4. 学習環境 — 教材 / Primary,Named in the textbook subsection for this setting. No national adoption rate is established.,"{""status"":""not_reported"",""value"":null}",2026-10-08
evidence-0e97a30849978513,IS,title-75a986921d892073,JAPANESE FOR BUSY PEOPLE,JAPANESE FOR BUSY PEOPLE,JAPANESE FOR BUSY PEOPLE,[],Primary,,reported_use,named_material,jf-profile-2025-IS,https://www.jpf.go.jp/j/project/japanese/survey/area/country/2025/iceland_2.pdf,2025,[5],4. 学習環境 — 教材 / Primary,Named in the textbook subsection for this setting. No national adoption rate is established.,"{""status"":""not_reported"",""value"":null}",2026-10-08
evidence-35e58fc801a80adc,IS,title-f6e6b5a3e73939c2,カタカナおけいこ,カタカナおけいこ,カタカナおけいこ,[],Primary,,reported_use,named_material,jf-profile-2025-IS,https://www.jpf.go.jp/j/project/japanese/survey/area/country/2025/iceland_2.pdf,2025,[5],4. 学習環境 — 教材 / Primary,Named in the textbook subsection for this setting. No national adoption rate is established.,"{""status"":""not_reported"",""value"":null}",2026-10-08
evidence-80b7c0f61d3443f3,IS,title-0b6a59c524f22fcf,初級日本語げんきⅠ & Ⅱ,初級日本語げんきⅠ & Ⅱ,初級日本語げんきⅠ & Ⅱ,[],Higher,,reported_use,named_material,jf-profile-2025-IS,https://www.jpf.go.jp/j/project/japanese/survey/area/country/2025/iceland_2.pdf,2025,[5],4. 学習環境 — 教材 / Higher,Named in the textbook subsection for this setting. No national adoption rate is established.,"{""status"":""not_reported"",""value"":null}",2026-10-08
evidence-b8faaf545cf4c203,IS,title-60ab4b133f1d7f04,Kanji Look and Learn,Kanji Look and Learn,Kanji Look and Learn,[],Higher,,reported_use,named_material,jf-profile-2025-IS,https://www.jpf.go.jp/j/project/japanese/survey/area/country/2025/iceland_2.pdf,2025,[5],4. 学習環境 — 教材 / Higher,Named in the textbook subsection for this setting. No national adoption rate is established.,"{""status"":""not_reported"",""value"":null}",2026-10-08
evidence-22be37840d3d1dd4,IS,title-860b56d82ded60c6,初級日本語げんき,初級日本語げんき,初級日本語げんき,[],Other,,reported_use,named_material,jf-profile-2025-IS,https://www.jpf.go.jp/j/project/japanese/survey/area/country/2025/iceland_2.pdf,2025,[5],4. 学習環境 — 教材 / Other,Used as a reference when preparing locally created materials.,"{""status"":""not_reported"",""value"":null}",2026-10-08
evidence-e81a47b511d39c59,IE,title-e429a5b96773cf80,NIHONGO KANTAN,NIHONGO KANTAN,NIHONGO KANTAN,[],Secondary,,reported_use,named_material,jf-profile-2025-IE,https://www.jpf.go.jp/j/project/japanese/survey/area/country/2025/ireland_2.pdf,2025,[8],4. 学習環境 — 教材 / Secondary,Named in the textbook subsection for this setting. No national adoption rate is established.,"{""status"":""not_reported"",""value"":null}",2026-10-08
evidence-96edc92ef3094829,IE,title-f6b375c2d5283dd3,Hiragana Kantan,Hiragana Kantan,Hiragana Kantan,[],Secondary,,reported_use,named_material,jf-profile-2025-IE,https://www.jpf.go.jp/j/project/japanese/survey/area/country/2025/ireland_2.pdf,2025,[8],4. 学習環境 — 教材 / Secondary,Named in the textbook subsection for this setting. No national adoption rate is established.,"{""status"":""not_reported"",""value"":null}",2026-10-08
evidence-f178ee2d07243440,IE,title-922afee57458cc34,Katakana Kantan,Katakana Kantan,Katakana Kantan,[],Secondary,,reported_use,named_material,jf-profile-2025-IE,https://www.jpf.go.jp/j/project/japanese/survey/area/country/2025/ireland_2.pdf,2025,[8],4. 学習環境 — 教材 / Secondary,Named in the textbook subsection for this setting. No national adoption rate is established.,"{""status"":""not_reported"",""value"":null}",2026-10-08
evidence-6fe6d756e37b091b,IE,title-6ebd7e06af010dd3,まるごと日本のことばと文化,まるごと日本のことばと文化,まるごと日本のことばと文化,[],Higher,,reported_use,named_material,jf-profile-2025-IE,https://www.jpf.go.jp/j/project/japanese/survey/area/country/2025/ireland_2.pdf,2025,[8],4. 学習環境 — 教材 / Higher,Named in the textbook subsection for this setting. No national adoption rate is established.,"{""status"":""not_reported"",""value"":null}",2026-10-08
evidence-ef1e199ab0f1bcc3,IE,title-0b5ca70068b050eb,Genki,Genki,Genki,[],Higher,,reported_use,named_material,jf-profile-2025-IE,https://www.jpf.go.jp/j/project/japanese/survey/area/country/2025/ireland_2.pdf,2025,[9],4. 学習環境 — 教材 / Higher,Named in the textbook subsection for this setting. No national adoption rate is established.,"{""status"":""not_reported"",""value"":null}",2026-10-08
evidence-b8793779612f7240,IE,title-eda1df820dffba17,Japanese for Busy People,Japanese for Busy People,Japanese for Busy People,[],Higher,,reported_use,named_material,jf-profile-2025-IE,https://www.jpf.go.jp/j/project/japanese/survey/area/country/2025/ireland_2.pdf,2025,[9],4. 学習環境 — 教材 / Higher,Named in the textbook subsection for this setting. No national adoption rate is established.,"{""status"":""not_reported"",""value"":null}",2026-10-08
evidence-ce12ace1e9236a9e,IE,title-75c0ad56fe4e9a0a,Language Fold-Out,Language Fold-Out,Language Fold-Out,[],Primary,,reported_use,named_material,jf-profile-2025-IE,https://www.jpf.go.jp/j/project/japanese/survey/area/country/2025/ireland_2.pdf,2025,[8],4. 学習環境 — 教材,Named in the source textbook subsection.,"{""status"":""not_reported"",""value"":null}",2026-10-08
evidence-23c5c98066434942,IT,title-08675bc522d2d789,Corso di lingua giapponese,Corso di lingua giapponese,Corso di lingua giapponese,[],Secondary,,reported_use,named_material,jf-profile-2025-IT,https://www.jpf.go.jp/j/project/japanese/survey/area/country/2025/italy_2.pdf,2025,[6],4. 学習環境 — 教材 / Secondary,Named in the textbook subsection for this setting. No national adoption rate is established.,"{""status"":""not_reported"",""value"":null}",2026-10-08
evidence-e45db1c9428e52b3,IT,title-ae97b931400a2a50,Introduzione alla scrittura giapponese,Introduzione alla scrittura giapponese,Introduzione alla scrittura giapponese,[],Secondary,,reported_use,named_material,jf-profile-2025-IT,https://www.jpf.go.jp/j/project/japanese/survey/area/country/2025/italy_2.pdf,2025,[6],4. 学習環境 — 教材 / Secondary,Named in the textbook subsection for this setting. No national adoption rate is established.,"{""status"":""not_reported"",""value"":null}",2026-10-08
evidence-712a122305faa52f,IT,title-3cedd44946cf3ecd,初級日本語とびら,初級日本語とびら,初級日本語とびら,[],Secondary,,reported_use,named_material,jf-profile-2025-IT,https://www.jpf.go.jp/j/project/japanese/survey/area/country/2025/italy_2.pdf,2025,[6],4. 学習環境 — 教材 / Secondary,Named in the textbook subsection for this setting. No national adoption rate is established.,"{""status"":""not_reported"",""value"":null}",2026-10-08
evidence-2d6e8fea1160fe3f,IT,title-1b2d700b936354d9,学ぼう！にほんご,学ぼう！にほんご,学ぼう！にほんご,[],Secondary,,reported_use,named_material,jf-profile-2025-IT,https://www.jpf.go.jp/j/project/japanese/survey/area/country/2025/italy_2.pdf,2025,[6],4. 学習環境 — 教材 / Secondary,Named in the textbook subsection for this setting. No national adoption rate is established.,"{""status"":""not_reported"",""value"":null}",2026-10-08
evidence-e48d20ab6ff71b7c,IT,title-860b56d82ded60c6,初級日本語げんき,初級日本語げんき,初級日本語げんき,[],Secondary,,reported_use,named_material,jf-profile-2025-IT,https://www.jpf.go.jp/j/project/japanese/survey/area/country/2025/italy_2.pdf,2025,[6],4. 学習環境 — 教材 / Secondary,Named in the textbook subsection for this setting. No national adoption rate is established.,"{""status"":""not_reported"",""value"":null}",2026-10-08
evidence-69a0474265b10c59,IT,title-e025e6e9d3a391e3,新文化初級日本語,新文化初級日本語,新文化初級日本語,[],Secondary,,reported_use,named_material,jf-profile-2025-IT,https://www.jpf.go.jp/j/project/japanese/survey/area/country/2025/italy_2.pdf,2025,[6],4. 学習環境 — 教材 / Secondary,Named in the textbook subsection for this setting. No national adoption rate is established.,"{""status"":""not_reported"",""value"":null}",2026-10-08
evidence-28145858976b198f,IT,title-6ebd7e06af010dd3,まるごと日本のことばと文化,まるごと日本のことばと文化,まるごと日本のことばと文化,[],Secondary,,reported_use,named_material,jf-profile-2025-IT,https://www.jpf.go.jp/j/project/japanese/survey/area/country/2025/italy_2.pdf,2025,[6],4. 学習環境 — 教材 / Secondary,Named in the textbook subsection for this setting. No national adoption rate is established.,"{""status"":""not_reported"",""value"":null}",2026-10-08
evidence-92887046e3b32103,IT,title-08675bc522d2d789,Corso di lingua giapponese,Corso di lingua giapponese,Corso di lingua giapponese,[],Higher,,reported_use,named_material,jf-profile-2025-IT,https://www.jpf.go.jp/j/project/japanese/survey/area/country/2025/italy_2.pdf,2025,[6],4. 学習環境 — 教材 / Higher,Named in the textbook subsection for this setting. No national adoption rate is established.,"{""status"":""not_reported"",""value"":null}",2026-10-08
evidence-9a1dee49f149ff08,IT,title-50912ef9c1bbe9da,Impariamo il giapponese,Impariamo il giapponese,Impariamo il giapponese,[],Higher,,reported_use,named_material,jf-profile-2025-IT,https://www.jpf.go.jp/j/project/japanese/survey/area/country/2025/italy_2.pdf,2025,[6],4. 学習環境 — 教材 / Higher,Named in the textbook subsection for this setting. No national adoption rate is established.,"{""status"":""not_reported"",""value"":null}",2026-10-08
evidence-49d26ab801098205,IT,title-5cdf7e72cd95edca,みんなの日本語,みんなの日本語,みんなの日本語,[],Higher,,reported_use,named_material,jf-profile-2025-IT,https://www.jpf.go.jp/j/project/japanese/survey/area/country/2025/italy_2.pdf,2025,[6],4. 学習環境 — 教材 / Higher,Named in the textbook subsection for this setting. No national adoption rate is established.,"{""status"":""not_reported"",""value"":null}",2026-10-08
evidence-e1332de59d26e0ed,IT,title-6e8e63b8204aa538,初級日本語,初級日本語,初級日本語,[],Higher,,reported_use,named_material,jf-profile-2025-IT,https://www.jpf.go.jp/j/project/japanese/survey/area/country/2025/italy_2.pdf,2025,[6],4. 学習環境 — 教材 / Higher,Named in the textbook subsection for this setting. No national adoption rate is established.,"{""status"":""not_reported"",""value"":null}",2026-10-08
evidence-f2b5feb2969e30ee,IT,title-af05f931df706d34,中級日本語,中級日本語,中級日本語,[],Higher,,reported_use,named_material,jf-profile-2025-IT,https://www.jpf.go.jp/j/project/japanese/survey/area/country/2025/italy_2.pdf,2025,[6],4. 学習環境 — 教材 / Higher,Named in the textbook subsection for this setting. No national adoption rate is established.,"{""status"":""not_reported"",""value"":null}",2026-10-08
evidence-c0e991be747757be,IT,title-4a007d2fa355e016,上級へのとびら－コンテンツとマルチメディアで学ぶ日本語,上級へのとびら－コンテンツとマルチメディアで学ぶ日本語,上級へのとびら－コンテンツとマルチメディアで学ぶ日本語,[],Higher,,reported_use,named_material,jf-profile-2025-IT,https://www.jpf.go.jp/j/project/japanese/survey/area/country/2025/italy_2.pdf,2025,[6],4. 学習環境 — 教材 / Higher,Named in the textbook subsection for this setting. No national adoption rate is established.,"{""status"":""not_reported"",""value"":null}",2026-10-08
evidence-9883892034d7bb27,IT,title-8759c38d0f0394b2,できる日本語中級,できる日本語中級,できる日本語中級,[],Higher,,reported_use,named_material,jf-profile-2025-IT,https://www.jpf.go.jp/j/project/japanese/survey/area/country/2025/italy_2.pdf,2025,[6],4. 学習環境 — 教材 / Higher,Named in the textbook subsection for this setting. No national adoption rate is established.,"{""status"":""not_reported"",""value"":null}",2026-10-08
evidence-251e0b21c7f9afc2,IT,title-2d20906e6e4446e8,テーマ別上級で学ぶ日本語〈三訂版〉,テーマ別上級で学ぶ日本語〈三訂版〉,テーマ別上級で学ぶ日本語〈三訂版〉,[],Higher,,reported_use,named_material,jf-profile-2025-IT,https://www.jpf.go.jp/j/project/japanese/survey/area/country/2025/italy_2.pdf,2025,[6],4. 学習環境 — 教材 / Higher,Named in the textbook subsection for this setting. No national adoption rate is established.,"{""status"":""not_reported"",""value"":null}",2026-10-08
evidence-63ea725655c7b4ac,IT,title-e025e6e9d3a391e3,新文化初級日本語,新文化初級日本語,新文化初級日本語,[],Higher,,reported_use,named_material,jf-profile-2025-IT,https://www.jpf.go.jp/j/project/japanese/survey/area/country/2025/italy_2.pdf,2025,[6],4. 学習環境 — 教材 / Higher,Named in the textbook subsection for this setting. No national adoption rate is established.,"{""status"":""not_reported"",""value"":null}",2026-10-08
evidence-2800702ed1aa8dee,IT,title-813e5e43ca3b2ca2,イタリアで学ぶ日本語,イタリアで学ぶ日本語,イタリアで学ぶ日本語,[],Higher,,reported_use,named_material,jf-profile-2025-IT,https://www.jpf.go.jp/j/project/japanese/survey/area/country/2025/italy_2.pdf,2025,[6],4. 学習環境 — 教材 / Higher,Named in the textbook subsection for this setting. No national adoption rate is established.,"{""status"":""not_reported"",""value"":null}",2026-10-08
evidence-3776854c08cf67b5,IT,title-04f3b3facf11d9a6,J.Bridge,J.Bridge,J.Bridge,[],Higher,,reported_use,named_material,jf-profile-2025-IT,https://www.jpf.go.jp/j/project/japanese/survey/area/country/2025/italy_2.pdf,2025,[6],4. 学習環境 — 教材 / Higher,Named in the textbook subsection for this setting. No national adoption rate is established.,"{""status"":""not_reported"",""value"":null}",2026-10-08
evidence-f65798fe549720ab,IT,title-5cdf7e72cd95edca,みんなの日本語,みんなの日本語,みんなの日本語,[],Other,,reported_use,named_material,jf-profile-2025-IT,https://www.jpf.go.jp/j/project/japanese/survey/area/country/2025/italy_2.pdf,2025,[6],4. 学習環境 — 教材 / Other,Named in the textbook subsection for this setting. No national adoption rate is established.,"{""status"":""not_reported"",""value"":null}",2026-10-08
evidence-2a518ed8c28594c1,IT,title-75a986921d892073,JAPANESE FOR BUSY PEOPLE,JAPANESE FOR BUSY PEOPLE,JAPANESE FOR BUSY PEOPLE,[],Other,,reported_use,named_material,jf-profile-2025-IT,https://www.jpf.go.jp/j/project/japanese/survey/area/country/2025/italy_2.pdf,2025,[6],4. 学習環境 — 教材 / Other,Named in the textbook subsection for this setting. No national adoption rate is established.,"{""status"":""not_reported"",""value"":null}",2026-10-08
evidence-571cee863dba76d6,IT,title-860b56d82ded60c6,初級日本語げんき,初級日本語げんき,初級日本語げんき,[],Other,,reported_use,named_material,jf-profile-2025-IT,https://www.jpf.go.jp/j/project/japanese/survey/area/country/2025/italy_2.pdf,2025,[6],4. 学習環境 — 教材 / Other,Named in the textbook subsection for this setting. No national adoption rate is established.,"{""status"":""not_reported"",""value"":null}",2026-10-08
evidence-041252668768b2c6,IT,title-e351f1ea1bf9e369,にほんごかんたん,にほんごかんたん,にほんごかんたん,[],Other,,reported_use,named_material,jf-profile-2025-IT,https://www.jpf.go.jp/j/project/japanese/survey/area/country/2025/italy_2.pdf,2025,[6],4. 学習環境 — 教材 / Other,Named in the textbook subsection for this setting. No national adoption rate is established.,"{""status"":""not_reported"",""value"":null}",2026-10-08
evidence-818eb2d04c7fe38c,IT,title-6e8e63b8204aa538,初級日本語,初級日本語,初級日本語,[],Other,,reported_use,named_material,jf-profile-2025-IT,https://www.jpf.go.jp/j/project/japanese/survey/area/country/2025/italy_2.pdf,2025,[6],4. 学習環境 — 教材 / Other,Named in the textbook subsection for this setting. No national adoption rate is established.,"{""status"":""not_reported"",""value"":null}",2026-10-08
evidence-793d6cdd915173a9,IT,title-af05f931df706d34,中級日本語,中級日本語,中級日本語,[],Other,,reported_use,named_material,jf-profile-2025-IT,https://www.jpf.go.jp/j/project/japanese/survey/area/country/2025/italy_2.pdf,2025,[6],4. 学習環境 — 教材 / Other,Named in the textbook subsection for this setting. No national adoption rate is established.,"{""status"":""not_reported"",""value"":null}",2026-10-08
evidence-0d7bb3dd17674c02,IT,title-6ebd7e06af010dd3,まるごと日本のことばと文化,まるごと日本のことばと文化,まるごと日本のことばと文化,[],Other,,reported_use,named_material,jf-profile-2025-IT,https://www.jpf.go.jp/j/project/japanese/survey/area/country/2025/italy_2.pdf,2025,[6],4. 学習環境 — 教材 / Other,Named in the textbook subsection for this setting. No national adoption rate is established.,"{""status"":""not_reported"",""value"":null}",2026-10-08
evidence-1a1cc463443018c7,GB,title-f87310a63f3f37b9,Obento,Obento,Obento,[],Secondary,,reported_use,textbook,jf-profile-2025-GB,https://www.jpf.go.jp/j/project/japanese/survey/area/country/2025/uk_2.pdf,2025,[9],4. 学習環境 — 教材 / Secondary,Main material.,"{""value"":null,""unit"":""percent"",""status"":""not_reported"",""numerator"":null,""denominator"":null,""scope"":null,""observationYear"":null,""sourceYear"":2025}",2026-10-08
evidence-a08edda204d6365a,GB,title-25289a0f770b3e3b,iiTomo,iiTomo,iiTomo,[],Secondary,,reported_use,textbook,jf-profile-2025-GB,https://www.jpf.go.jp/j/project/japanese/survey/area/country/2025/uk_2.pdf,2025,[9],4. 学習環境 — 教材 / Secondary,Main material.,"{""value"":null,""unit"":""percent"",""status"":""not_reported"",""numerator"":null,""denominator"":null,""scope"":null,""observationYear"":null,""sourceYear"":2025}",2026-10-08
evidence-6a071b5c71ac63c0,GB,title-a9697a7e5f6ae681,Nihongo Kantan,Nihongo Kantan,Nihongo Kantan,[],Secondary,,reported_use,textbook,jf-profile-2025-GB,https://www.jpf.go.jp/j/project/japanese/survey/area/country/2025/uk_2.pdf,2025,[9],4. 学習環境 — 教材 / Secondary,Ireland-developed main material.,"{""value"":null,""unit"":""percent"",""status"":""not_reported"",""numerator"":null,""denominator"":null,""scope"":null,""observationYear"":null,""sourceYear"":2025}",2026-10-08
evidence-264b1869b1753e38,GB,title-82cbabde20f19e41,Japanese for Young People,Japanese for Young People,JAPANESE FOR YOUNG PEOPLE,[],Secondary,,reported_use,textbook,jf-profile-2025-GB,https://www.jpf.go.jp/j/project/japanese/survey/area/country/2025/uk_2.pdf,2025,[9],4. 学習環境 — 教材 / Secondary,Main material.,"{""value"":null,""unit"":""percent"",""status"":""not_reported"",""numerator"":null,""denominator"":null,""scope"":null,""observationYear"":null,""sourceYear"":2025}",2026-10-08
evidence-a3d99f957272108e,GB,title-83460c5bb06bd9a0,げんき,げんき,初級日本語げんき,[],Secondary / Higher,,reported_use,textbook,jf-profile-2025-GB,https://www.jpf.go.jp/j/project/japanese/survey/area/country/2025/uk_2.pdf,2025,[9],4. 学習環境 — 教材 / Secondary / Higher,Main material.,"{""value"":null,""unit"":""percent"",""status"":""not_reported"",""numerator"":null,""denominator"":null,""scope"":null,""observationYear"":null,""sourceYear"":2025}",2026-10-08
evidence-6630778e535c061b,GB,title-013afebe2b30c147,まるごと,まるごと,まるごと 日本のことばと文化,[],Secondary / Higher / Other,,reported_use,textbook,jf-profile-2025-GB,https://www.jpf.go.jp/j/project/japanese/survey/area/country/2025/uk_2.pdf,2025,"[9,10]",4. 学習環境 — 教材 / Secondary / Higher / Other,Some private secondary lessons; higher electives and adult use (p. 10).,"{""value"":null,""unit"":""percent"",""status"":""not_reported"",""numerator"":null,""denominator"":null,""scope"":null,""observationYear"":null,""sourceYear"":2025}",2026-10-08
evidence-aface377f4027167,GB,title-3009513eb30915d0,いろどり,いろどり,いろどり 生活の日本語,"[""いろどり"",""いろどり 生活の日本語""]",Primary / Secondary,,reported_use,textbook,jf-profile-2025-GB,https://www.jpf.go.jp/j/project/japanese/survey/area/country/2025/uk_2.pdf,2025,"[9,10]",4. 学習環境 — 教材 / Primary / Secondary,Parts used in private lessons for secondary pupils; adapted audio used in primary teaching. Not wholesale textbook adoption.,"{""value"":null,""unit"":""percent"",""status"":""not_reported"",""numerator"":null,""denominator"":null,""scope"":null,""observationYear"":null,""sourceYear"":2025}",2026-10-08
evidence-b78a184aa87f46ea,GB,title-83e49ca620eb4266,絵とタスクで学ぶ日本語,絵とタスクで学ぶ日本語,絵とタスクで学ぶ日本語,[],Secondary,,reported_use,textbook,jf-profile-2025-GB,https://www.jpf.go.jp/j/project/japanese/survey/area/country/2025/uk_2.pdf,2025,[9],4. 学習環境 — 教材 / Secondary,Supplementary material.,"{""value"":null,""unit"":""percent"",""status"":""not_reported"",""numerator"":null,""denominator"":null,""scope"":null,""observationYear"":null,""sourceYear"":2025}",2026-10-08
evidence-cac5319437c33a34,GB,title-794b6b74df08c1a2,Basic Kanji Book,Basic Kanji Book,BASIC KANJI BOOK,[],Secondary,,reported_use,textbook,jf-profile-2025-GB,https://www.jpf.go.jp/j/project/japanese/survey/area/country/2025/uk_2.pdf,2025,[9],4. 学習環境 — 教材 / Secondary,Supplementary material.,"{""value"":null,""unit"":""percent"",""status"":""not_reported"",""numerator"":null,""denominator"":null,""scope"":null,""observationYear"":null,""sourceYear"":2025}",2026-10-08
evidence-fe058648c62c0135,GB,title-52f9da7d59baf457,Hiragana in 48 minutes,Hiragana in 48 minutes,Hiragana in 48 minutes,[],Secondary,,reported_use,textbook,jf-profile-2025-GB,https://www.jpf.go.jp/j/project/japanese/survey/area/country/2025/uk_2.pdf,2025,[9],4. 学習環境 — 教材 / Secondary,Supplementary material.,"{""value"":null,""unit"":""percent"",""status"":""not_reported"",""numerator"":null,""denominator"":null,""scope"":null,""observationYear"":null,""sourceYear"":2025}",2026-10-08
evidence-fc73a5bb74959abf,GB,title-6bcddcd629ec73e5,Katakana in 48 minutes,Katakana in 48 minutes,Katakana in 48 minutes,[],Secondary,,reported_use,textbook,jf-profile-2025-GB,https://www.jpf.go.jp/j/project/japanese/survey/area/country/2025/uk_2.pdf,2025,[9],4. 学習環境 — 教材 / Secondary,Supplementary material.,"{""value"":null,""unit"":""percent"",""status"":""not_reported"",""numerator"":null,""denominator"":null,""scope"":null,""observationYear"":null,""sourceYear"":2025}",2026-10-08
evidence-0cead6ecaffff519,GB,title-12bfabf3788859cd,Japanese-Language and People,Japanese-Language and People,Japanese-Language and People,[],Secondary,,reported_use,textbook,jf-profile-2025-GB,https://www.jpf.go.jp/j/project/japanese/survey/area/country/2025/uk_2.pdf,2025,[9],4. 学習環境 — 教材 / Secondary,Title spelling as JF profile; supplementary material.,"{""value"":null,""unit"":""percent"",""status"":""not_reported"",""numerator"":null,""denominator"":null,""scope"":null,""observationYear"":null,""sourceYear"":2025}",2026-10-08
evidence-f4c17a28965867ee,GB,title-46d71778c240c66f,読解20のテーマ,読解20のテーマ,読解20 のテーマ,[],Secondary,,reported_use,textbook,jf-profile-2025-GB,https://www.jpf.go.jp/j/project/japanese/survey/area/country/2025/uk_2.pdf,2025,[9],4. 学習環境 — 教材 / Secondary,Supplementary material.,"{""value"":null,""unit"":""percent"",""status"":""not_reported"",""numerator"":null,""denominator"":null,""scope"":null,""observationYear"":null,""sourceYear"":2025}",2026-10-08
evidence-77d7f72a9682410c,GB,title-310bc6d1192e64ce,どんどん読めるいろいろな話,どんどん読めるいろいろな話,どんどん読めるいろいろな話,[],Secondary,,curriculum_material,textbook,jf-profile-2025-GB,https://www.jpf.go.jp/j/project/japanese/survey/area/country/2025/uk_2.pdf,2025,[9],4. 学習環境 — 教材 / Secondary,Prescribed A-level reading material.,"{""value"":null,""unit"":""percent"",""status"":""not_reported"",""numerator"":null,""denominator"":null,""scope"":null,""observationYear"":null,""sourceYear"":2025}",2026-10-08
evidence-4814a741cf29ba58,GB,title-5cdf7e72cd95edca,みんなの日本語,みんなの日本語,みんなの日本語,[],Higher,,reported_use,textbook,jf-profile-2025-GB,https://www.jpf.go.jp/j/project/japanese/survey/area/country/2025/uk_2.pdf,2025,[9],4. 学習環境 — 教材 / Higher,"Major, dual-major and elective courses.","{""value"":null,""unit"":""percent"",""status"":""not_reported"",""numerator"":null,""denominator"":null,""scope"":null,""observationYear"":null,""sourceYear"":2025}",2026-10-08
evidence-5207985a051ffda1,GB,title-eda1df820dffba17,Japanese for Busy People,Japanese for Busy People,JAPANESE FOR BUSY PEOPLE,[],Higher / Other,,reported_use,textbook,jf-profile-2025-GB,https://www.jpf.go.jp/j/project/japanese/survey/area/country/2025/uk_2.pdf,2025,"[9,10]",4. 学習環境 — 教材 / Higher / Other,Higher electives and adult education (p. 10).,"{""value"":null,""unit"":""percent"",""status"":""not_reported"",""numerator"":null,""denominator"":null,""scope"":null,""observationYear"":null,""sourceYear"":2025}",2026-10-08
evidence-49e4beb99fb699ca,GB,title-f1a7003d14d7a5d4,Japanese Scheme of Work,Japanese Scheme of Work,Japanese Scheme of Work,[],Primary,,reported_use,curriculum_resource,jf-profile-2025-GB,https://www.jpf.go.jp/j/project/japanese/survey/area/country/2025/uk_2.pdf,2025,"[9,10]",4. 学習環境 — 教材 / Primary,JF London curriculum resource used by some primary institutions; downloadable resource also noted in IT subsection.,"{""value"":null,""unit"":""percent"",""status"":""not_reported"",""numerator"":null,""denominator"":null,""scope"":null,""observationYear"":null,""sourceYear"":2025}",2026-10-08
evidence-94963a79c69f740e,GB,title-cf5b1ff05e84bd06,Ready Steady NihonGO!,Ready Steady NihonGO!,Ready Steady NihonGO!,[],Primary,,reported_use,digital_resource,jf-profile-2025-GB,https://www.jpf.go.jp/j/project/japanese/survey/area/country/2025/uk_2.pdf,2025,[10],4. 学習環境 — IT・視聴覚機材 / Primary,JF London and Japan Society jointly developed downloadable resource reported among resources teachers use.,"{""value"":null,""unit"":""percent"",""status"":""not_reported"",""numerator"":null,""denominator"":null,""scope"":null,""observationYear"":null,""sourceYear"":2025}",2026-10-08
evidence-b5ed7ea0fa7daa67,GB,title-f6009d1d98699880,力 -Chikara-,力 -Chikara-,力 -Chikara-,[],Secondary,,reported_use,digital_resource,jf-profile-2025-GB,https://www.jpf.go.jp/j/project/japanese/survey/area/country/2025/uk_2.pdf,2025,"[5,10]",教育段階別の状況 / 4. 学習環境 — IT・視聴覚機材 / Secondary,GCSE-oriented JF London resource; continued classroom use reported with a February 2024 reference date and downloadable IT components.,"{""value"":null,""unit"":""percent"",""status"":""not_reported"",""numerator"":null,""denominator"":null,""scope"":null,""observationYear"":null,""sourceYear"":2025}",2026-10-08
evidence-032689175e93cb05,GB,title-09984ada167d29f0,エリンが挑戦！にほんごできます。,エリンが挑戦！にほんごできます。,エリンが挑戦！にほんごできます。,[],Secondary,,reported_use,digital_resource,jf-profile-2025-GB,https://www.jpf.go.jp/j/project/japanese/survey/area/country/2025/uk_2.pdf,2025,[10],4. 学習環境 — IT・視聴覚機材 / Secondary,Online teaching resource reported in use.,"{""value"":null,""unit"":""percent"",""status"":""not_reported"",""numerator"":null,""denominator"":null,""scope"":null,""observationYear"":null,""sourceYear"":2025}",2026-10-08
evidence-9aa472b970caec4a,GB,title-3146d995b8c45faa,千と千尋の神隠し,千と千尋の神隠し,千と千尋の神隠し,[],Secondary,,curriculum_material,film,jf-profile-2025-GB,https://www.jpf.go.jp/j/project/japanese/survey/area/country/2025/uk_2.pdf,2025,[9],4. 学習環境 — 教材 / Secondary,Film prescribed by examining boards for A-level courses; not a textbook.,"{""value"":null,""unit"":""percent"",""status"":""not_reported"",""numerator"":null,""denominator"":null,""scope"":null,""observationYear"":null,""sourceYear"":2025}",2026-10-08
evidence-3f0c69aca9cf0011,GB,title-88b2f8c3d00cc018,ディア・ドクター,ディア・ドクター,ディア・ドクター,[],Secondary,,curriculum_material,film,jf-profile-2025-GB,https://www.jpf.go.jp/j/project/japanese/survey/area/country/2025/uk_2.pdf,2025,[9],4. 学習環境 — 教材 / Secondary,Film prescribed by examining boards for A-level courses; not a textbook.,"{""value"":null,""unit"":""percent"",""status"":""not_reported"",""numerator"":null,""denominator"":null,""scope"":null,""observationYear"":null,""sourceYear"":2025}",2026-10-08
evidence-9c29230711c582de,GB,title-72f06dcaa4985ff8,誰も知らない,誰も知らない,誰も知らない,[],Secondary,,curriculum_material,film,jf-profile-2025-GB,https://www.jpf.go.jp/j/project/japanese/survey/area/country/2025/uk_2.pdf,2025,[9],4. 学習環境 — 教材 / Secondary,Film prescribed by examining boards for A-level courses; not a textbook.,"{""value"":null,""unit"":""percent"",""status"":""not_reported"",""numerator"":null,""denominator"":null,""scope"":null,""observationYear"":null,""sourceYear"":2025}",2026-10-08
evidence-97ced9a20c619fff,AT,title-6d5d4d3b630b62f0,漢字たまご初級,漢字たまご初級,漢字たまご初級,[],Secondary,,reported_use,named_material,jf-profile-2025-AT,https://www.jpf.go.jp/j/project/japanese/survey/area/country/2025/austria_2.pdf,2025,[4],4. 学習環境 — 教材 / Secondary,Named in the textbook subsection for this setting. No national adoption rate is established.,"{""status"":""not_reported"",""value"":null}",2026-10-08
evidence-9edb0a13fc661b34,AT,title-ba114cd1fac6dcc1,文化初級日本語改訂版 Ⅰ,文化初級日本語改訂版 Ⅰ,文化初級日本語改訂版 Ⅰ,[],Higher,,reported_use,named_material,jf-profile-2025-AT,https://www.jpf.go.jp/j/project/japanese/survey/area/country/2025/austria_2.pdf,2025,[4],4. 学習環境 — 教材 / Higher,Named in the textbook subsection for this setting. No national adoption rate is established.,"{""status"":""not_reported"",""value"":null}",2026-10-08
evidence-baccdd6d0bf1aa66,AT,title-9d0cf8b76a1e6679,上級へのとびら,上級へのとびら,上級へのとびら,[],Higher,,reported_use,named_material,jf-profile-2025-AT,https://www.jpf.go.jp/j/project/japanese/survey/area/country/2025/austria_2.pdf,2025,[4],4. 学習環境 — 教材 / Higher,Named in the textbook subsection for this setting. No national adoption rate is established.,"{""status"":""not_reported"",""value"":null}",2026-10-08
evidence-2850596cfd9394d1,AT,title-d5a50abc046e6a53,文化初級日本語改訂版 Ⅱ,文化初級日本語改訂版 Ⅱ,文化初級日本語改訂版 Ⅱ,[],Higher,,reported_use,named_material,jf-profile-2025-AT,https://www.jpf.go.jp/j/project/japanese/survey/area/country/2025/austria_2.pdf,2025,[4],4. 学習環境 — 教材 / Higher,Named in the textbook subsection for this setting. No national adoption rate is established.,"{""status"":""not_reported"",""value"":null}",2026-10-08
evidence-1ddd3a3222a43096,AT,title-66d24dcdc94a16e9,これで身につく文法力,これで身につく文法力,これで身につく文法力,[],Higher,,reported_use,named_material,jf-profile-2025-AT,https://www.jpf.go.jp/j/project/japanese/survey/area/country/2025/austria_2.pdf,2025,[4],4. 学習環境 — 教材 / Higher,Named in the textbook subsection for this setting. No national adoption rate is established.,"{""status"":""not_reported"",""value"":null}",2026-10-08
evidence-56aef73a3869ce56,AT,title-5dec8a4017168dff,Japanisch bitte! Neu A1-A2,Japanisch bitte! Neu A1-A2,Japanisch bitte! Neu A1-A2,[],Higher,,reported_use,named_material,jf-profile-2025-AT,https://www.jpf.go.jp/j/project/japanese/survey/area/country/2025/austria_2.pdf,2025,[4],4. 学習環境 — 教材 / Higher,Named in the textbook subsection for this setting. No national adoption rate is established.,"{""status"":""not_reported"",""value"":null}",2026-10-08
evidence-b61bd7b7c1315353,AT,title-a077822a15819d14,みんなの日本語初級本冊 I,みんなの日本語初級本冊 I,みんなの日本語初級本冊 I,[],Higher,,reported_use,named_material,jf-profile-2025-AT,https://www.jpf.go.jp/j/project/japanese/survey/area/country/2025/austria_2.pdf,2025,[4],4. 学習環境 — 教材 / Higher,Named in the textbook subsection for this setting. No national adoption rate is established.,"{""status"":""not_reported"",""value"":null}",2026-10-08
evidence-fbb9c896c282eb2f,AT,title-eb5127c7f4cc0bea,中級 4 技能でひろがる日本語カルテット,中級 4 技能でひろがる日本語カルテット,中級 4 技能でひろがる日本語カルテット,[],Higher,,reported_use,named_material,jf-profile-2025-AT,https://www.jpf.go.jp/j/project/japanese/survey/area/country/2025/austria_2.pdf,2025,[4],4. 学習環境 — 教材 / Higher,Named in the textbook subsection for this setting. No national adoption rate is established.,"{""status"":""not_reported"",""value"":null}",2026-10-08
evidence-f5ae6f602e30b5c5,AT,title-4c97fdb8f6ac6748,Marugoto. Japanese language and culture. Starter A1 Katsudoo + Starter A1 Rikai,Marugoto. Japanese language and culture. Starter A1 Katsudoo + Starter A1 Rikai,Marugoto. Japanese language and culture. Starter A1 Katsudoo + Starter A1 Rikai,[],Other,,reported_use,named_material,jf-profile-2025-AT,https://www.jpf.go.jp/j/project/japanese/survey/area/country/2025/austria_2.pdf,2025,[5],4. 学習環境 — 教材 / Other,Named in the textbook subsection for this setting. No national adoption rate is established.,"{""status"":""not_reported"",""value"":null}",2026-10-08
evidence-d2f4bf96ea8b5026,AT,title-ab93b3f9c5f347f2,Marugoto. Japanese language and culture. Elementary 1 A2 Katsudoo + Elementary 1 A2 Rikai,Marugoto. Japanese language and culture. Elementary 1 A2 Katsudoo + Elementary 1 A2 Rikai,Marugoto. Japanese language and culture. Elementary 1 A2 Katsudoo + Elementary 1 A2 Rikai,[],Other,,reported_use,named_material,jf-profile-2025-AT,https://www.jpf.go.jp/j/project/japanese/survey/area/country/2025/austria_2.pdf,2025,[5],4. 学習環境 — 教材 / Other,Named in the textbook subsection for this setting. No national adoption rate is established.,"{""status"":""not_reported"",""value"":null}",2026-10-08
evidence-3915af86506e76ac,AT,title-e83dca3946a99e42,Marugoto. Japanese language and culture. Elementary 2 A2 Katsudoo + Elementary 2 A2 Rikai,Marugoto. Japanese language and culture. Elementary 2 A2 Katsudoo + Elementary 2 A2 Rikai,Marugoto. Japanese language and culture. Elementary 2 A2 Katsudoo + Elementary 2 A2 Rikai,[],Other,,reported_use,named_material,jf-profile-2025-AT,https://www.jpf.go.jp/j/project/japanese/survey/area/country/2025/austria_2.pdf,2025,[5],4. 学習環境 — 教材 / Other,Named in the textbook subsection for this setting. No national adoption rate is established.,"{""status"":""not_reported"",""value"":null}",2026-10-08
evidence-6a9ddd60da33b6cf,AT,title-0e4397ec2383d691,Marugoto. Japanese language and culture. Pre-Intermediate A2/B1,Marugoto. Japanese language and culture. Pre-Intermediate A2/B1,Marugoto. Japanese language and culture. Pre-Intermediate A2/B1,[],Other,,reported_use,named_material,jf-profile-2025-AT,https://www.jpf.go.jp/j/project/japanese/survey/area/country/2025/austria_2.pdf,2025,[5],4. 学習環境 — 教材 / Other,Named in the textbook subsection for this setting. No national adoption rate is established.,"{""status"":""not_reported"",""value"":null}",2026-10-08
evidence-c1fe633b901017e0,AT,title-a42aae7b15c4013b,Japanisch bitte! Neu,Japanisch bitte! Neu,Japanisch bitte! Neu,[],Other,,reported_use,named_material,jf-profile-2025-AT,https://www.jpf.go.jp/j/project/japanese/survey/area/country/2025/austria_2.pdf,2025,[5],4. 学習環境 — 教材 / Other,Named in the textbook subsection for this setting. No national adoption rate is established.,"{""status"":""not_reported"",""value"":null}",2026-10-08
evidence-e833653ff7d4399d,AT,title-200effd9238ae530,"Minna no nihongo. Shokyu 2, Honsatsu","Minna no nihongo. Shokyu 2, Honsatsu","Minna no nihongo. Shokyu 2, Honsatsu",[],Other,,reported_use,named_material,jf-profile-2025-AT,https://www.jpf.go.jp/j/project/japanese/survey/area/country/2025/austria_2.pdf,2025,[5],4. 学習環境 — 教材 / Other,Named in the textbook subsection for this setting. No national adoption rate is established.,"{""status"":""not_reported"",""value"":null}",2026-10-08
evidence-16dbf1d1bb38ef6d,AT,title-0faac48d9ba99347,Marugoto. Japanese language and culture. Starter A1 + Starter A1 Rikai,Marugoto. Japanese language and culture. Starter A1 + Starter A1 Rikai,Marugoto. Japanese language and culture. Starter A1 + Starter A1 Rikai,[],Other,,reported_use,named_material,jf-profile-2025-AT,https://www.jpf.go.jp/j/project/japanese/survey/area/country/2025/austria_2.pdf,2025,[5],4. 学習環境 — 教材 / Other,Named in the textbook subsection for this setting. No national adoption rate is established.,"{""status"":""not_reported"",""value"":null}",2026-10-08
evidence-a75c5c2f06237d89,NL,title-5cdf7e72cd95edca,みんなの日本語,みんなの日本語,みんなの日本語,[],Higher,,reported_use,named_material,jf-profile-2025-NL,https://www.jpf.go.jp/j/project/japanese/survey/area/country/2025/netherlands_2.pdf,2025,[4],4. 学習環境 — 教材 / Higher,Named in the textbook subsection for this setting. No national adoption rate is established.,"{""status"":""not_reported"",""value"":null}",2026-10-08
evidence-b83b323d85ca89c5,NL,title-860b56d82ded60c6,初級日本語げんき,初級日本語げんき,初級日本語げんき,[],Higher,,reported_use,named_material,jf-profile-2025-NL,https://www.jpf.go.jp/j/project/japanese/survey/area/country/2025/netherlands_2.pdf,2025,[4],4. 学習環境 — 教材 / Higher,Named in the textbook subsection for this setting. No national adoption rate is established.,"{""status"":""not_reported"",""value"":null}",2026-10-08
evidence-890ea8875c6b2ab4,NL,title-6ebd7e06af010dd3,まるごと日本のことばと文化,まるごと日本のことばと文化,まるごと日本のことばと文化,[],Other,,reported_use,named_material,jf-profile-2025-NL,https://www.jpf.go.jp/j/project/japanese/survey/area/country/2025/netherlands_2.pdf,2025,[4],4. 学習環境 — 教材 / Other,Named in the textbook subsection for this setting. No national adoption rate is established.,"{""status"":""not_reported"",""value"":null}",2026-10-08
evidence-48ace8bd37a0aa12,GR,title-9ca27cd7fa84d8a4,みんなの日本語初級Ⅰ・Ⅱ、中級Ⅰ・Ⅱ,みんなの日本語初級Ⅰ・Ⅱ、中級Ⅰ・Ⅱ,みんなの日本語初級Ⅰ・Ⅱ、中級Ⅰ・Ⅱ,[],Other,,reported_use,named_material,jf-profile-2025-GR,https://www.jpf.go.jp/j/project/japanese/survey/area/country/2025/greece_2.pdf,2025,[4],4. 学習環境 — 教材 / Other,Named in the textbook subsection for this setting. No national adoption rate is established.,"{""status"":""not_reported"",""value"":null}",2026-10-08
evidence-07fb4d1733d8a5ce,GR,title-fe00593302dc1a40,初級日本語げんきⅠ・Ⅱ第 3 版,初級日本語げんきⅠ・Ⅱ第 3 版,初級日本語げんきⅠ・Ⅱ第 3 版,[],Other,,reported_use,named_material,jf-profile-2025-GR,https://www.jpf.go.jp/j/project/japanese/survey/area/country/2025/greece_2.pdf,2025,[4],4. 学習環境 — 教材 / Other,Named in the textbook subsection for this setting. No national adoption rate is established.,"{""status"":""not_reported"",""value"":null}",2026-10-08
evidence-c1bb1fdd61ad1bf4,GR,title-3b58136b59030f33,"BASIC KANJI BOOK- 基本漢字 500 - VOL.1, 2","BASIC KANJI BOOK- 基本漢字 500 - VOL.1, 2","BASIC KANJI BOOK- 基本漢字 500 - VOL.1, 2",[],Other,,reported_use,named_material,jf-profile-2025-GR,https://www.jpf.go.jp/j/project/japanese/survey/area/country/2025/greece_2.pdf,2025,[4],4. 学習環境 — 教材 / Other,Named in the textbook subsection for this setting. No national adoption rate is established.,"{""status"":""not_reported"",""value"":null}",2026-10-08
evidence-d5ee095783f89932,GR,title-d3d9006f6633f294,4 技能でひろがる中級日本語カルテットⅠ・Ⅱ,4 技能でひろがる中級日本語カルテットⅠ・Ⅱ,4 技能でひろがる中級日本語カルテットⅠ・Ⅱ,[],Other,,reported_use,named_material,jf-profile-2025-GR,https://www.jpf.go.jp/j/project/japanese/survey/area/country/2025/greece_2.pdf,2025,[4],4. 学習環境 — 教材 / Other,Named in the textbook subsection for this setting. No national adoption rate is established.,"{""status"":""not_reported"",""value"":null}",2026-10-08
evidence-731062cce90910be,GR,title-31ac84a998f30933,4 技能でひろがる中級日本語カルテットワークブックⅠ・Ⅱ,4 技能でひろがる中級日本語カルテットワークブックⅠ・Ⅱ,4 技能でひろがる中級日本語カルテットワークブックⅠ・Ⅱ,[],Other,,reported_use,named_material,jf-profile-2025-GR,https://www.jpf.go.jp/j/project/japanese/survey/area/country/2025/greece_2.pdf,2025,[4],4. 学習環境 — 教材 / Other,Named in the textbook subsection for this setting. No national adoption rate is established.,"{""status"":""not_reported"",""value"":null}",2026-10-08
evidence-30a7b8aa537a147d,GR,title-5fa6268976404a25,初級日本語とびらⅠ・Ⅱ,初級日本語とびらⅠ・Ⅱ,初級日本語とびらⅠ・Ⅱ,[],Other,,reported_use,named_material,jf-profile-2025-GR,https://www.jpf.go.jp/j/project/japanese/survey/area/country/2025/greece_2.pdf,2025,[4],4. 学習環境 — 教材 / Other,Named in the textbook subsection for this setting. No national adoption rate is established.,"{""status"":""not_reported"",""value"":null}",2026-10-08
evidence-3538d948ad38df19,GR,title-d26b0971134c5758,初級日本語とびらⅠ・ Ⅱワークブック①・②,初級日本語とびらⅠ・ Ⅱワークブック①・②,初級日本語とびらⅠ・ Ⅱワークブック①・②,[],Other,,reported_use,named_material,jf-profile-2025-GR,https://www.jpf.go.jp/j/project/japanese/survey/area/country/2025/greece_2.pdf,2025,[4],4. 学習環境 — 教材 / Other,Named in the textbook subsection for this setting. No national adoption rate is established.,"{""status"":""not_reported"",""value"":null}",2026-10-08
evidence-2382c82d9a380949,GR,title-4dbfde6ae3e2ee64,まるごと日本のことばと文化中級１・２,まるごと日本のことばと文化中級１・２,まるごと日本のことばと文化中級１・２,[],Other,,reported_use,named_material,jf-profile-2025-GR,https://www.jpf.go.jp/j/project/japanese/survey/area/country/2025/greece_2.pdf,2025,"[4,5]",4. 学習環境 — 教材 / Other,Named in the textbook subsection for this setting. No national adoption rate is established.,"{""status"":""not_reported"",""value"":null}",2026-10-08
evidence-46adcdcaf81d5b5c,CH,title-5cdf7e72cd95edca,みんなの日本語,みんなの日本語,みんなの日本語,[],Secondary,,reported_use,named_material,jf-profile-2025-CH,https://www.jpf.go.jp/j/project/japanese/survey/area/country/2025/swiss_2.pdf,2025,[5],4. 学習環境 — 教材 / Secondary,Named in the textbook subsection for this setting. No national adoption rate is established.,"{""status"":""not_reported"",""value"":null}",2026-10-08
evidence-9481bfa6dc545fa9,CH,title-83460c5bb06bd9a0,げんき,げんき,げんき,[],Secondary,,reported_use,named_material,jf-profile-2025-CH,https://www.jpf.go.jp/j/project/japanese/survey/area/country/2025/swiss_2.pdf,2025,[5],4. 学習環境 — 教材 / Secondary,Named in the textbook subsection for this setting. No national adoption rate is established.,"{""status"":""not_reported"",""value"":null}",2026-10-08
evidence-135ad4780a72815f,CH,title-2fb8d2dd00d1b480,Kompaktlehrgang Japanisch,Kompaktlehrgang Japanisch,Kompaktlehrgang Japanisch,[],Higher,,reported_use,named_material,jf-profile-2025-CH,https://www.jpf.go.jp/j/project/japanese/survey/area/country/2025/swiss_2.pdf,2025,[5],4. 学習環境 — 教材 / Higher,Named in the textbook subsection for this setting. No national adoption rate is established.,"{""status"":""not_reported"",""value"":null}",2026-10-08
evidence-68d42d29de833b66,CH,title-83460c5bb06bd9a0,げんき,げんき,げんき,[],Higher,,reported_use,named_material,jf-profile-2025-CH,https://www.jpf.go.jp/j/project/japanese/survey/area/country/2025/swiss_2.pdf,2025,[5],4. 学習環境 — 教材 / Higher,Named in the textbook subsection for this setting. No national adoption rate is established.,"{""status"":""not_reported"",""value"":null}",2026-10-08
evidence-1fb55cd476c6b7d6,CH,title-c967b511e57da4dd,みんなの日本語Ⅰ，Ⅱ,みんなの日本語Ⅰ，Ⅱ,みんなの日本語Ⅰ，Ⅱ,[],Higher,,reported_use,named_material,jf-profile-2025-CH,https://www.jpf.go.jp/j/project/japanese/survey/area/country/2025/swiss_2.pdf,2025,[5],4. 学習環境 — 教材 / Higher,Named in the textbook subsection for this setting. No national adoption rate is established.,"{""status"":""not_reported"",""value"":null}",2026-10-08
evidence-952874a73c8d1f5c,CH,title-5070c43f7c470f1a,みんなの日本語初級Ⅰ，Ⅱ,みんなの日本語初級Ⅰ，Ⅱ,みんなの日本語初級Ⅰ，Ⅱ,[],Other,,reported_use,named_material,jf-profile-2025-CH,https://www.jpf.go.jp/j/project/japanese/survey/area/country/2025/swiss_2.pdf,2025,[5],4. 学習環境 — 教材 / Other,Named in the textbook subsection for this setting. No national adoption rate is established.,"{""status"":""not_reported"",""value"":null}",2026-10-08
evidence-f5ad2e08bf3b93ed,CH,title-6ebd7e06af010dd3,まるごと日本のことばと文化,まるごと日本のことばと文化,まるごと日本のことばと文化,[],Other,,reported_use,named_material,jf-profile-2025-CH,https://www.jpf.go.jp/j/project/japanese/survey/area/country/2025/swiss_2.pdf,2025,[5],4. 学習環境 — 教材 / Other,Named in the textbook subsection for this setting. No national adoption rate is established.,"{""status"":""not_reported"",""value"":null}",2026-10-08
evidence-a785e92eb63bd2c0,CH,title-9adbe721519ff51f,中級へ行こう日本語の文型と表現 55,中級へ行こう日本語の文型と表現 55,中級へ行こう日本語の文型と表現 55,[],Other,,reported_use,named_material,jf-profile-2025-CH,https://www.jpf.go.jp/j/project/japanese/survey/area/country/2025/swiss_2.pdf,2025,[5],4. 学習環境 — 教材 / Other,Named in the textbook subsection for this setting. No national adoption rate is established.,"{""status"":""not_reported"",""value"":null}",2026-10-08
evidence-bc456a84344c1a4f,CH,title-9c516748944a05c0,みんなの日本語中級Ⅰ、Ⅱ,みんなの日本語中級Ⅰ、Ⅱ,みんなの日本語中級Ⅰ、Ⅱ,[],Other,,reported_use,named_material,jf-profile-2025-CH,https://www.jpf.go.jp/j/project/japanese/survey/area/country/2025/swiss_2.pdf,2025,[5],4. 学習環境 — 教材 / Other,Named in the textbook subsection for this setting. No national adoption rate is established.,"{""status"":""not_reported"",""value"":null}",2026-10-08
evidence-63c63a00b73a680d,CH,title-ceb553c01117ae5a,文部科学省指定小学校・中学校国語教科書,文部科学省指定小学校・中学校国語教科書,文部科学省指定小学校・中学校国語教科書,[],Other,,reported_use,named_material,jf-profile-2025-CH,https://www.jpf.go.jp/j/project/japanese/survey/area/country/2025/swiss_2.pdf,2025,[5],4. 学習環境 — 教材 / Other,Named in the textbook subsection for this setting. No national adoption rate is established.,"{""status"":""not_reported"",""value"":null}",2026-10-08
evidence-7d349af037b03bba,CH,title-679d2780cd58bb7b,日本語 1 年生 -この指とまれ-,日本語 1 年生 -この指とまれ-,日本語 1 年生 -この指とまれ-,[],Other,,reported_use,named_material,jf-profile-2025-CH,https://www.jpf.go.jp/j/project/japanese/survey/area/country/2025/swiss_2.pdf,2025,[5],4. 学習環境 — 教材 / Other,Named in the textbook subsection for this setting. No national adoption rate is established.,"{""status"":""not_reported"",""value"":null}",2026-10-08
evidence-7aba2969d6f7f616,CH,title-c12e800fdd389fd7,日本語 2 年生 -はないちもんめ-,日本語 2 年生 -はないちもんめ-,日本語 2 年生 -はないちもんめ-,[],Other,,reported_use,named_material,jf-profile-2025-CH,https://www.jpf.go.jp/j/project/japanese/survey/area/country/2025/swiss_2.pdf,2025,[5],4. 学習環境 — 教材 / Other,Named in the textbook subsection for this setting. No national adoption rate is established.,"{""status"":""not_reported"",""value"":null}",2026-10-08
evidence-0404185fa52a88b3,CH,title-3d4a4731f2a1ea4c,"Japanisch im Sauseschritt, Universitätsausgabe mit Kana und Kanji","Japanisch im Sauseschritt, Universitätsausgabe mit Kana und Kanji","Japanisch im Sauseschritt, Universitätsausgabe mit Kana und Kanji",[],Other,,reported_use,named_material,jf-profile-2025-CH,https://www.jpf.go.jp/j/project/japanese/survey/area/country/2025/swiss_2.pdf,2025,[5],4. 学習環境 — 教材 / Other,Named in the textbook subsection for this setting. No national adoption rate is established.,"{""status"":""not_reported"",""value"":null}",2026-10-08
evidence-0894de7b6d3bcd9e,CH,title-620e95773455ba4b,おひさま,おひさま,おひさま,[],Other,,reported_use,named_material,jf-profile-2025-CH,https://www.jpf.go.jp/j/project/japanese/survey/area/country/2025/swiss_2.pdf,2025,[5],4. 学習環境 — 教材 / Other,Named in the textbook subsection for this setting. No national adoption rate is established.,"{""status"":""not_reported"",""value"":null}",2026-10-08
evidence-70f994cf4f9e4026,SE,title-7cdadfc85135a255,日本語初歩,日本語初歩,日本語初歩,[],Secondary,,reported_use,named_material,jf-profile-2025-SE,https://www.jpf.go.jp/j/project/japanese/survey/area/country/2025/sweden_2.pdf,2025,[5],4. 学習環境 — 教材 / Secondary,Named in the textbook subsection for this setting. No national adoption rate is established.,"{""status"":""not_reported"",""value"":null}",2026-10-08
evidence-02da74d4b662f0f1,SE,title-9451639948252d99,新日本語の基礎,新日本語の基礎,新日本語の基礎,[],Secondary,,reported_use,named_material,jf-profile-2025-SE,https://www.jpf.go.jp/j/project/japanese/survey/area/country/2025/sweden_2.pdf,2025,[5],4. 学習環境 — 教材 / Secondary,Named in the textbook subsection for this setting. No national adoption rate is established.,"{""status"":""not_reported"",""value"":null}",2026-10-08
evidence-ba798e8e1e384c0d,SE,title-5cdf7e72cd95edca,みんなの日本語,みんなの日本語,みんなの日本語,[],Secondary,,reported_use,named_material,jf-profile-2025-SE,https://www.jpf.go.jp/j/project/japanese/survey/area/country/2025/sweden_2.pdf,2025,[5],4. 学習環境 — 教材 / Secondary,Named in the textbook subsection for this setting. No national adoption rate is established.,"{""status"":""not_reported"",""value"":null}",2026-10-08
evidence-a6620d655f5e289d,SE,title-92294539ab0192a0,JAPANESE FOR YOUNG PEOPLE,JAPANESE FOR YOUNG PEOPLE,JAPANESE FOR YOUNG PEOPLE,[],Secondary,,reported_use,named_material,jf-profile-2025-SE,https://www.jpf.go.jp/j/project/japanese/survey/area/country/2025/sweden_2.pdf,2025,[5],4. 学習環境 — 教材 / Secondary,Named in the textbook subsection for this setting. No national adoption rate is established.,"{""status"":""not_reported"",""value"":null}",2026-10-08
evidence-35ab793381f8610d,SE,title-dd5cd17391d80978,"SITUATIONAL FUNCTIONAL JAPANESE 1, 2, 3","SITUATIONAL FUNCTIONAL JAPANESE 1, 2, 3","SITUATIONAL FUNCTIONAL JAPANESE 1, 2, 3",[],Higher,,reported_use,named_material,jf-profile-2025-SE,https://www.jpf.go.jp/j/project/japanese/survey/area/country/2025/sweden_2.pdf,2025,[5],4. 学習環境 — 教材 / Higher,Named in the textbook subsection for this setting. No national adoption rate is established.,"{""status"":""not_reported"",""value"":null}",2026-10-08
evidence-360bfcac44e3e862,SE,title-9bd338e36b5001ae,BASIC KANJI BOOK,BASIC KANJI BOOK,BASIC KANJI BOOK,[],Higher,,reported_use,named_material,jf-profile-2025-SE,https://www.jpf.go.jp/j/project/japanese/survey/area/country/2025/sweden_2.pdf,2025,[5],4. 学習環境 — 教材 / Higher,Named in the textbook subsection for this setting. No national adoption rate is established.,"{""status"":""not_reported"",""value"":null}",2026-10-08
evidence-6b492c0eb99f5795,SE,title-3ed7b19c7868996a,INTERMEDIATE KANJI BOOK,INTERMEDIATE KANJI BOOK,INTERMEDIATE KANJI BOOK,[],Higher,,reported_use,named_material,jf-profile-2025-SE,https://www.jpf.go.jp/j/project/japanese/survey/area/country/2025/sweden_2.pdf,2025,[5],4. 学習環境 — 教材 / Higher,Named in the textbook subsection for this setting. No national adoption rate is established.,"{""status"":""not_reported"",""value"":null}",2026-10-08
evidence-3e3b8b74257ac7b1,SE,title-7cdadfc85135a255,日本語初歩,日本語初歩,日本語初歩,[],Higher,,reported_use,named_material,jf-profile-2025-SE,https://www.jpf.go.jp/j/project/japanese/survey/area/country/2025/sweden_2.pdf,2025,[5],4. 学習環境 — 教材 / Higher,Named in the textbook subsection for this setting. No national adoption rate is established.,"{""status"":""not_reported"",""value"":null}",2026-10-08
evidence-992cf89784cfad89,SE,title-5cdf7e72cd95edca,みんなの日本語,みんなの日本語,みんなの日本語,[],Higher,,reported_use,named_material,jf-profile-2025-SE,https://www.jpf.go.jp/j/project/japanese/survey/area/country/2025/sweden_2.pdf,2025,[5],4. 学習環境 — 教材 / Higher,Named in the textbook subsection for this setting. No national adoption rate is established.,"{""status"":""not_reported"",""value"":null}",2026-10-08
evidence-b876fce8c4926ba2,SE,title-860b56d82ded60c6,初級日本語げんき,初級日本語げんき,初級日本語げんき,[],Higher,,reported_use,named_material,jf-profile-2025-SE,https://www.jpf.go.jp/j/project/japanese/survey/area/country/2025/sweden_2.pdf,2025,[5],4. 学習環境 — 教材 / Higher,Named in the textbook subsection for this setting. No national adoption rate is established.,"{""status"":""not_reported"",""value"":null}",2026-10-08
evidence-7379830d4111f5eb,SE,title-98c513cc915ce23f,テーマ別中級から学ぶ日本語,テーマ別中級から学ぶ日本語,テーマ別中級から学ぶ日本語,[],Higher,,reported_use,named_material,jf-profile-2025-SE,https://www.jpf.go.jp/j/project/japanese/survey/area/country/2025/sweden_2.pdf,2025,[5],4. 学習環境 — 教材 / Higher,Named in the textbook subsection for this setting. No national adoption rate is established.,"{""status"":""not_reported"",""value"":null}",2026-10-08
evidence-bc0a6c3339cff7e6,SE,title-84edb657018fbff8,日本語中級 J301,日本語中級 J301,日本語中級 J301,[],Higher,,reported_use,named_material,jf-profile-2025-SE,https://www.jpf.go.jp/j/project/japanese/survey/area/country/2025/sweden_2.pdf,2025,[5],4. 学習環境 — 教材 / Higher,Named in the textbook subsection for this setting. No national adoption rate is established.,"{""status"":""not_reported"",""value"":null}",2026-10-08
evidence-4f59bc007986c961,SE,title-c0780e42ace9fd18,初級日本語げんきⅠ Ⅱ,初級日本語げんきⅠ Ⅱ,初級日本語げんきⅠ Ⅱ,[],Higher,,reported_use,named_material,jf-profile-2025-SE,https://www.jpf.go.jp/j/project/japanese/survey/area/country/2025/sweden_2.pdf,2025,[5],4. 学習環境 — 教材 / Higher,Named in the textbook subsection for this setting. No national adoption rate is established.,"{""status"":""not_reported"",""value"":null}",2026-10-08
evidence-98b2a0b9c7622ae0,SE,title-605a61ca73984ec5,げんき I II,げんき I II,げんき I II,[],Higher,,reported_use,named_material,jf-profile-2025-SE,https://www.jpf.go.jp/j/project/japanese/survey/area/country/2025/sweden_2.pdf,2025,[5],4. 学習環境 — 教材 / Higher,Named in the textbook subsection for this setting. No national adoption rate is established.,"{""status"":""not_reported"",""value"":null}",2026-10-08
evidence-deb641c91d037f5d,SE,title-0df00ef435066d15,中級日本語カルテット 1 2,中級日本語カルテット 1 2,中級日本語カルテット 1 2,[],Higher,,reported_use,named_material,jf-profile-2025-SE,https://www.jpf.go.jp/j/project/japanese/survey/area/country/2025/sweden_2.pdf,2025,[5],4. 学習環境 — 教材 / Higher,Named in the textbook subsection for this setting. No national adoption rate is established.,"{""status"":""not_reported"",""value"":null}",2026-10-08
evidence-e6bb4e8044918324,SE,title-d06cfc48b3e55fe9,カルテット 1 2,カルテット 1 2,カルテット 1 2,[],Higher,,reported_use,named_material,jf-profile-2025-SE,https://www.jpf.go.jp/j/project/japanese/survey/area/country/2025/sweden_2.pdf,2025,[5],4. 学習環境 — 教材 / Higher,Named in the textbook subsection for this setting. No national adoption rate is established.,"{""status"":""not_reported"",""value"":null}",2026-10-08
evidence-cc0f66d6b323ebc1,SE,title-c750f5c55d04c157,AN INTRODUCTION TO CLASSICAL JAPANESE,AN INTRODUCTION TO CLASSICAL JAPANESE,AN INTRODUCTION TO CLASSICAL JAPANESE,[],Higher,,reported_use,named_material,jf-profile-2025-SE,https://www.jpf.go.jp/j/project/japanese/survey/area/country/2025/sweden_2.pdf,2025,[5],4. 学習環境 — 教材 / Higher,Named in the textbook subsection for this setting. No national adoption rate is established.,"{""status"":""not_reported"",""value"":null}",2026-10-08
evidence-bf7dd28b3b2dd3a4,SE,title-4c8d14ca230209fc,自然な日本語を教えるために認知言語学をふまえて,自然な日本語を教えるために認知言語学をふまえて,自然な日本語を教えるために認知言語学をふまえて,[],Higher,,reported_use,named_material,jf-profile-2025-SE,https://www.jpf.go.jp/j/project/japanese/survey/area/country/2025/sweden_2.pdf,2025,[5],4. 学習環境 — 教材 / Higher,Named in the textbook subsection for this setting. No national adoption rate is established.,"{""status"":""not_reported"",""value"":null}",2026-10-08
evidence-2c5732b3001a156b,SE,title-d749512b94d0d956,初級日本語げんきⅠⅡ,初級日本語げんきⅠⅡ,初級日本語げんきⅠⅡ,[],Higher,,reported_use,named_material,jf-profile-2025-SE,https://www.jpf.go.jp/j/project/japanese/survey/area/country/2025/sweden_2.pdf,2025,[5],4. 学習環境 — 教材 / Higher,Named in the textbook subsection for this setting. No national adoption rate is established.,"{""status"":""not_reported"",""value"":null}",2026-10-08
evidence-20e4a45cd1c10fc8,SE,title-60ab4b133f1d7f04,Kanji Look and Learn,Kanji Look and Learn,Kanji Look and Learn,[],Higher,,reported_use,named_material,jf-profile-2025-SE,https://www.jpf.go.jp/j/project/japanese/survey/area/country/2025/sweden_2.pdf,2025,[5],4. 学習環境 — 教材 / Higher,Named in the textbook subsection for this setting. No national adoption rate is established.,"{""status"":""not_reported"",""value"":null}",2026-10-08
evidence-b1ff531ae590fc5d,SE,title-a4359d49e80c0e60,まるごと日本のことばと文化入門 A1 りかい,まるごと日本のことばと文化入門 A1 りかい,まるごと日本のことばと文化入門 A1 りかい,[],Higher,,reported_use,named_material,jf-profile-2025-SE,https://www.jpf.go.jp/j/project/japanese/survey/area/country/2025/sweden_2.pdf,2025,[5],4. 学習環境 — 教材 / Higher,Named in the textbook subsection for this setting. No national adoption rate is established.,"{""status"":""not_reported"",""value"":null}",2026-10-08
evidence-cb0d00b42c7e9678,SE,title-9d0cf8b76a1e6679,上級へのとびら,上級へのとびら,上級へのとびら,[],Higher,,reported_use,named_material,jf-profile-2025-SE,https://www.jpf.go.jp/j/project/japanese/survey/area/country/2025/sweden_2.pdf,2025,[5],4. 学習環境 — 教材 / Higher,Named in the textbook subsection for this setting. No national adoption rate is established.,"{""status"":""not_reported"",""value"":null}",2026-10-08
evidence-d5f8f966c572370f,SE,title-782c8bb8bca9c9b0,上級へのとびらきたえよう漢字力上級へつなげる基礎漢字 800,上級へのとびらきたえよう漢字力上級へつなげる基礎漢字 800,上級へのとびらきたえよう漢字力上級へつなげる基礎漢字 800,[],Higher,,reported_use,named_material,jf-profile-2025-SE,https://www.jpf.go.jp/j/project/japanese/survey/area/country/2025/sweden_2.pdf,2025,[5],4. 学習環境 — 教材 / Higher,Named in the textbook subsection for this setting. No national adoption rate is established.,"{""status"":""not_reported"",""value"":null}",2026-10-08
evidence-a19ab24a19757f4c,SE,title-f747cc1f829710bc,上級へのとびらこれで身につく文法力,上級へのとびらこれで身につく文法力,上級へのとびらこれで身につく文法力,[],Higher,,reported_use,named_material,jf-profile-2025-SE,https://www.jpf.go.jp/j/project/japanese/survey/area/country/2025/sweden_2.pdf,2025,[5],4. 学習環境 — 教材 / Higher,Named in the textbook subsection for this setting. No national adoption rate is established.,"{""status"":""not_reported"",""value"":null}",2026-10-08
evidence-60c43d3f4cf42657,SE,title-4e8ed808b94cee6c,はじめての人の言語学 ‒ことばの世界へ,はじめての人の言語学 ‒ことばの世界へ,はじめての人の言語学 ‒ことばの世界へ,[],Higher,,reported_use,named_material,jf-profile-2025-SE,https://www.jpf.go.jp/j/project/japanese/survey/area/country/2025/sweden_2.pdf,2025,[5],4. 学習環境 — 教材 / Higher,Named in the textbook subsection for this setting. No national adoption rate is established.,"{""status"":""not_reported"",""value"":null}",2026-10-08
evidence-ceb01fe924529ed3,SE,title-b8e1439971166cee,「ボクハウナギだ」の文法,「ボクハウナギだ」の文法,「ボクハウナギだ」の文法,[],Higher,,reported_use,named_material,jf-profile-2025-SE,https://www.jpf.go.jp/j/project/japanese/survey/area/country/2025/sweden_2.pdf,2025,[5],4. 学習環境 — 教材 / Higher,Named in the textbook subsection for this setting. No national adoption rate is established.,"{""status"":""not_reported"",""value"":null}",2026-10-08
evidence-45c21f33217f9db5,SE,title-4fbb72440723ccca,初級日本語げんきⅠ・Ⅱ,初級日本語げんきⅠ・Ⅱ,初級日本語げんきⅠ・Ⅱ,[],Higher,,reported_use,named_material,jf-profile-2025-SE,https://www.jpf.go.jp/j/project/japanese/survey/area/country/2025/sweden_2.pdf,2025,[6],4. 学習環境 — 教材 / Higher,Named in the textbook subsection for this setting. No national adoption rate is established.,"{""status"":""not_reported"",""value"":null}",2026-10-08
evidence-c308c145626e1654,SE,title-9d0cf8b76a1e6679,上級へのとびら,上級へのとびら,上級へのとびら,[],Higher,,reported_use,named_material,jf-profile-2025-SE,https://www.jpf.go.jp/j/project/japanese/survey/area/country/2025/sweden_2.pdf,2025,[6],4. 学習環境 — 教材 / Higher,Named in the textbook subsection for this setting. No national adoption rate is established.,"{""status"":""not_reported"",""value"":null}",2026-10-08
evidence-ea2e66ecf698b79d,SE,title-e2b35eb46201ace5,きたえよう漢字力：上級へつなげる基礎漢字 800,きたえよう漢字力：上級へつなげる基礎漢字 800,きたえよう漢字力：上級へつなげる基礎漢字 800,[],Higher,,reported_use,named_material,jf-profile-2025-SE,https://www.jpf.go.jp/j/project/japanese/survey/area/country/2025/sweden_2.pdf,2025,[6],4. 学習環境 — 教材 / Higher,Named in the textbook subsection for this setting. No national adoption rate is established.,"{""status"":""not_reported"",""value"":null}",2026-10-08
evidence-836bd36ee351cff2,SE,title-2a06c98320820e3c,はじめての人の言語学,はじめての人の言語学,はじめての人の言語学,[],Higher,,reported_use,named_material,jf-profile-2025-SE,https://www.jpf.go.jp/j/project/japanese/survey/area/country/2025/sweden_2.pdf,2025,[6],4. 学習環境 — 教材 / Higher,Named in the textbook subsection for this setting. No national adoption rate is established.,"{""status"":""not_reported"",""value"":null}",2026-10-08
evidence-f500b210cccfbcd2,SE,title-72d77107556c2690,象は鼻が長い,象は鼻が長い,象は鼻が長い,[],Higher,,reported_use,named_material,jf-profile-2025-SE,https://www.jpf.go.jp/j/project/japanese/survey/area/country/2025/sweden_2.pdf,2025,[6],4. 学習環境 — 教材 / Higher,Named in the textbook subsection for this setting. No national adoption rate is established.,"{""status"":""not_reported"",""value"":null}",2026-10-08
evidence-fb6b18fbc85a1c21,SE,title-28a5ad8b63d09d51,JAPANESE FOR BUSY PEOPLEⅠ Ⅱ Ⅲ,JAPANESE FOR BUSY PEOPLEⅠ Ⅱ Ⅲ,JAPANESE FOR BUSY PEOPLEⅠ Ⅱ Ⅲ,[],Other,,reported_use,named_material,jf-profile-2025-SE,https://www.jpf.go.jp/j/project/japanese/survey/area/country/2025/sweden_2.pdf,2025,[6],4. 学習環境 — 教材 / Other,Named in the textbook subsection for this setting. No national adoption rate is established.,"{""status"":""not_reported"",""value"":null}",2026-10-08
evidence-49d584731c5c811f,ES,title-68165cad0fe499d5,おひさま［はじめのいっぽ］子どものための日本語,おひさま［はじめのいっぽ］子どものための日本語,おひさま［はじめのいっぽ］子どものための日本語,[],Primary,,reported_use,named_material,jf-profile-2025-ES,https://www.jpf.go.jp/j/project/japanese/survey/area/country/2025/spain_2.pdf,2025,[5],4. 学習環境 — 教材 / Primary,Named in the textbook subsection for this setting. No national adoption rate is established.,"{""status"":""not_reported"",""value"":null}",2026-10-08
evidence-ad28532a59cc5e35,ES,title-123c9a90b179505d,まるごと日本のことばと文化入門（A1）,まるごと日本のことばと文化入門（A1）,まるごと日本のことばと文化入門（A1）,[],Primary,,reported_use,named_material,jf-profile-2025-ES,https://www.jpf.go.jp/j/project/japanese/survey/area/country/2025/spain_2.pdf,2025,[5],4. 学習環境 — 教材 / Primary,Named in the textbook subsection for this setting. No national adoption rate is established.,"{""status"":""not_reported"",""value"":null}",2026-10-08
evidence-b66a1681d42207ab,ES,title-0d73d8e1289a0d37,みんなの日本語初級Ⅰ・Ⅱ,みんなの日本語初級Ⅰ・Ⅱ,みんなの日本語初級Ⅰ・Ⅱ,[],Secondary,,reported_use,named_material,jf-profile-2025-ES,https://www.jpf.go.jp/j/project/japanese/survey/area/country/2025/spain_2.pdf,2025,[5],4. 学習環境 — 教材 / Secondary,Named in the textbook subsection for this setting. No national adoption rate is established.,"{""status"":""not_reported"",""value"":null}",2026-10-08
evidence-2d2f6664445a26a1,ES,title-123c9a90b179505d,まるごと日本のことばと文化入門（A1）,まるごと日本のことばと文化入門（A1）,まるごと日本のことばと文化入門（A1）,[],Secondary,,reported_use,named_material,jf-profile-2025-ES,https://www.jpf.go.jp/j/project/japanese/survey/area/country/2025/spain_2.pdf,2025,[5],4. 学習環境 — 教材 / Secondary,Named in the textbook subsection for this setting. No national adoption rate is established.,"{""status"":""not_reported"",""value"":null}",2026-10-08
evidence-fbf30d989b0397ea,ES,title-96521e274dc050df,エリンが挑戦！日本語できます。コンテンツライブラリー,エリンが挑戦！日本語できます。コンテンツライブラリー,エリンが挑戦！日本語できます。コンテンツライブラリー,[],Secondary,,reported_use,named_material,jf-profile-2025-ES,https://www.jpf.go.jp/j/project/japanese/survey/area/country/2025/spain_2.pdf,2025,[5],4. 学習環境 — 教材 / Secondary,Named in the textbook subsection for this setting. No national adoption rate is established.,"{""status"":""not_reported"",""value"":null}",2026-10-08
evidence-d257368401bf4504,ES,title-ec77492eee972e7c,みんなの日本語Ⅰ、Ⅱ,みんなの日本語Ⅰ、Ⅱ,みんなの日本語Ⅰ、Ⅱ,[],Higher,,reported_use,named_material,jf-profile-2025-ES,https://www.jpf.go.jp/j/project/japanese/survey/area/country/2025/spain_2.pdf,2025,[6],4. 学習環境 — 教材 / Higher,Named in the textbook subsection for this setting. No national adoption rate is established.,"{""status"":""not_reported"",""value"":null}",2026-10-08
evidence-e8cd0d645a28959f,ES,title-7c185f0fb381079b,Nihongo. Gramatica de la lengua japonesa. Japones para hispanohablantes,Nihongo. Gramatica de la lengua japonesa. Japones para hispanohablantes,Nihongo. Gramatica de la lengua japonesa. Japones para hispanohablantes,[],Higher,,reported_use,named_material,jf-profile-2025-ES,https://www.jpf.go.jp/j/project/japanese/survey/area/country/2025/spain_2.pdf,2025,[6],4. 学習環境 — 教材 / Higher,Named in the textbook subsection for this setting. No national adoption rate is established.,"{""status"":""not_reported"",""value"":null}",2026-10-08
evidence-7d53fcb78c030958,ES,title-fc55c4ec9a118cff,まるごと日本のことばと文化中級（B1）１・２,まるごと日本のことばと文化中級（B1）１・２,まるごと日本のことばと文化中級（B1）１・２,[],Higher,,reported_use,named_material,jf-profile-2025-ES,https://www.jpf.go.jp/j/project/japanese/survey/area/country/2025/spain_2.pdf,2025,[6],4. 学習環境 — 教材 / Higher,Named in the textbook subsection for this setting. No national adoption rate is established.,"{""status"":""not_reported"",""value"":null}",2026-10-08
evidence-cabc715b141fe8c6,ES,title-ec77492eee972e7c,みんなの日本語Ⅰ、Ⅱ,みんなの日本語Ⅰ、Ⅱ,みんなの日本語Ⅰ、Ⅱ,[],Other,,reported_use,named_material,jf-profile-2025-ES,https://www.jpf.go.jp/j/project/japanese/survey/area/country/2025/spain_2.pdf,2025,[6],4. 学習環境 — 教材 / Other,Named in the textbook subsection for this setting. No national adoption rate is established.,"{""status"":""not_reported"",""value"":null}",2026-10-08
evidence-68cb6f56de88b866,ES,title-6ebd7e06af010dd3,まるごと日本のことばと文化,まるごと日本のことばと文化,まるごと日本のことばと文化,[],Other,,reported_use,named_material,jf-profile-2025-ES,https://www.jpf.go.jp/j/project/japanese/survey/area/country/2025/spain_2.pdf,2025,[6],4. 学習環境 — 教材 / Other,Named in the textbook subsection for this setting. No national adoption rate is established.,"{""status"":""not_reported"",""value"":null}",2026-10-08
evidence-22fb75b524df9619,ES,title-7c185f0fb381079b,Nihongo. Gramatica de la lengua japonesa. Japones para hispanohablantes,Nihongo. Gramatica de la lengua japonesa. Japones para hispanohablantes,Nihongo. Gramatica de la lengua japonesa. Japones para hispanohablantes,[],Other,,reported_use,named_material,jf-profile-2025-ES,https://www.jpf.go.jp/j/project/japanese/survey/area/country/2025/spain_2.pdf,2025,[6],4. 学習環境 — 教材 / Other,Named in the textbook subsection for this setting. No national adoption rate is established.,"{""status"":""not_reported"",""value"":null}",2026-10-08
evidence-d0316340c7676342,ES,title-eda1df820dffba17,Japanese for Busy People,Japanese for Busy People,Japanese for Busy People,[],Other,,reported_use,named_material,jf-profile-2025-ES,https://www.jpf.go.jp/j/project/japanese/survey/area/country/2025/spain_2.pdf,2025,[6],4. 学習環境 — 教材 / Other,Named in the textbook subsection for this setting. No national adoption rate is established.,"{""status"":""not_reported"",""value"":null}",2026-10-08
evidence-6cf9a3e5e63f4f44,ES,title-860b56d82ded60c6,初級日本語げんき,初級日本語げんき,初級日本語げんき,[],Other,,reported_use,named_material,jf-profile-2025-ES,https://www.jpf.go.jp/j/project/japanese/survey/area/country/2025/spain_2.pdf,2025,[6],4. 学習環境 — 教材 / Other,Named in the textbook subsection for this setting. No national adoption rate is established.,"{""status"":""not_reported"",""value"":null}",2026-10-08
evidence-36cbc504bc81849f,ES,title-2fa90fb19e335306,できる日本語,できる日本語,できる日本語,[],Other,,reported_use,named_material,jf-profile-2025-ES,https://www.jpf.go.jp/j/project/japanese/survey/area/country/2025/spain_2.pdf,2025,[6],4. 学習環境 — 教材 / Other,Named in the textbook subsection for this setting. No national adoption rate is established.,"{""status"":""not_reported"",""value"":null}",2026-10-08
evidence-cee0ad658a798ab8,ES,title-a222e9822c462454,文化初級日本語,文化初級日本語,文化初級日本語,[],Other,,reported_use,named_material,jf-profile-2025-ES,https://www.jpf.go.jp/j/project/japanese/survey/area/country/2025/spain_2.pdf,2025,[6],4. 学習環境 — 教材 / Other,Named in the textbook subsection for this setting. No national adoption rate is established.,"{""status"":""not_reported"",""value"":null}",2026-10-08
evidence-5ddd80f05e49e1d2,ES,title-3f554c489fd4261b,Japones en vinetas. Curso basico de japones a traves del manga マンガで日本語,Japones en vinetas. Curso basico de japones a traves del manga マンガで日本語,Japones en vinetas. Curso basico de japones a traves del manga マンガで日本語,[],Other,,reported_use,named_material,jf-profile-2025-ES,https://www.jpf.go.jp/j/project/japanese/survey/area/country/2025/spain_2.pdf,2025,[6],4. 学習環境 — 教材 / Other,Named in the textbook subsection for this setting. No national adoption rate is established.,"{""status"":""not_reported"",""value"":null}",2026-10-08
evidence-37c8852a2eceba96,ES,title-83da46cb090aea0b,Manual de Japones Basico スペイン語圏日本語基礎文法,Manual de Japones Basico スペイン語圏日本語基礎文法,Manual de Japones Basico スペイン語圏日本語基礎文法,[],Other,,reported_use,named_material,jf-profile-2025-ES,https://www.jpf.go.jp/j/project/japanese/survey/area/country/2025/spain_2.pdf,2025,[6],4. 学習環境 — 教材 / Other,Named in the textbook subsection for this setting. No national adoption rate is established.,"{""status"":""not_reported"",""value"":null}",2026-10-08
evidence-dd50e734f97925e4,ES,title-c94f635e7eddebc1,Manual de lengua japonesa （Segunda Edicion）,Manual de lengua japonesa （Segunda Edicion）,Manual de lengua japonesa （Segunda Edicion）,[],Other,,reported_use,named_material,jf-profile-2025-ES,https://www.jpf.go.jp/j/project/japanese/survey/area/country/2025/spain_2.pdf,2025,[6],4. 学習環境 — 教材 / Other,Named in the textbook subsection for this setting. No national adoption rate is established.,"{""status"":""not_reported"",""value"":null}",2026-10-08
evidence-1f77eb25ccb09cf0,ES,title-794b6b74df08c1a2,Basic Kanji Book,Basic Kanji Book,Basic Kanji Book,[],Other,,reported_use,named_material,jf-profile-2025-ES,https://www.jpf.go.jp/j/project/japanese/survey/area/country/2025/spain_2.pdf,2025,[6],4. 学習環境 — 教材 / Other,Named in the textbook subsection for this setting. No national adoption rate is established.,"{""status"":""not_reported"",""value"":null}",2026-10-08
evidence-acaf1f3ddf1061f5,ES,title-76308e6e5769e416,ストーリーで覚える漢字 300,ストーリーで覚える漢字 300,ストーリーで覚える漢字 300,[],Other,,reported_use,named_material,jf-profile-2025-ES,https://www.jpf.go.jp/j/project/japanese/survey/area/country/2025/spain_2.pdf,2025,[6],4. 学習環境 — 教材 / Other,Named in the textbook subsection for this setting. No national adoption rate is established.,"{""status"":""not_reported"",""value"":null}",2026-10-08
evidence-1039af900e03ae2c,ES,title-6900813827a59b9a,漢字たまご,漢字たまご,漢字たまご,[],Other,,reported_use,named_material,jf-profile-2025-ES,https://www.jpf.go.jp/j/project/japanese/survey/area/country/2025/spain_2.pdf,2025,[6],4. 学習環境 — 教材 / Other,Named in the textbook subsection for this setting. No national adoption rate is established.,"{""status"":""not_reported"",""value"":null}",2026-10-08
evidence-1e77f9d7409ab046,ES,title-b8d503f1602bb890,GENKI Plus KANJI LOOK AND LEARN,GENKI Plus KANJI LOOK AND LEARN,GENKI Plus KANJI LOOK AND LEARN,[],Other,,reported_use,named_material,jf-profile-2025-ES,https://www.jpf.go.jp/j/project/japanese/survey/area/country/2025/spain_2.pdf,2025,[6],4. 学習環境 — 教材 / Other,Named in the textbook subsection for this setting. No national adoption rate is established.,"{""status"":""not_reported"",""value"":null}",2026-10-08
evidence-cf502e7bd9480811,ES,title-22df97af17595856,Kanji en vinetas. Curso basico de kanji a traves del manga マンガで日本語,Kanji en vinetas. Curso basico de kanji a traves del manga マンガで日本語,Kanji en vinetas. Curso basico de kanji a traves del manga マンガで日本語,[],Other,,reported_use,named_material,jf-profile-2025-ES,https://www.jpf.go.jp/j/project/japanese/survey/area/country/2025/spain_2.pdf,2025,[6],4. 学習環境 — 教材 / Other,Named in the textbook subsection for this setting. No national adoption rate is established.,"{""status"":""not_reported"",""value"":null}",2026-10-08
evidence-e5773b0a75cc36d9,DK,title-860b56d82ded60c6,初級日本語げんき,初級日本語げんき,初級日本語げんき,[],Secondary,,reported_use,named_material,jf-profile-2025-DK,https://www.jpf.go.jp/j/project/japanese/survey/area/country/2025/denmark_2.pdf,2025,[4],4. 学習環境 — 教材 / Secondary,Named in the textbook subsection for this setting. No national adoption rate is established.,"{""status"":""not_reported"",""value"":null}",2026-10-08
evidence-b2c718a67c5ed1f8,DK,title-860b56d82ded60c6,初級日本語げんき,初級日本語げんき,初級日本語げんき,[],Higher,,reported_use,named_material,jf-profile-2025-DK,https://www.jpf.go.jp/j/project/japanese/survey/area/country/2025/denmark_2.pdf,2025,[4],4. 学習環境 — 教材 / Higher,Named in the textbook subsection for this setting. No national adoption rate is established.,"{""status"":""not_reported"",""value"":null}",2026-10-08
evidence-ec7a49125325d3fd,DK,title-5cdf7e72cd95edca,みんなの日本語,みんなの日本語,みんなの日本語,[],Higher,,reported_use,named_material,jf-profile-2025-DK,https://www.jpf.go.jp/j/project/japanese/survey/area/country/2025/denmark_2.pdf,2025,[4],4. 学習環境 — 教材 / Higher,Named in the textbook subsection for this setting. No national adoption rate is established.,"{""status"":""not_reported"",""value"":null}",2026-10-08
evidence-85905af0813a3260,DK,title-dc87cfed706e2e35,A Course in Modern Japanese,A Course in Modern Japanese,A Course in Modern Japanese,[],Higher,,reported_use,named_material,jf-profile-2025-DK,https://www.jpf.go.jp/j/project/japanese/survey/area/country/2025/denmark_2.pdf,2025,[4],4. 学習環境 — 教材 / Higher,Named in the textbook subsection for this setting. No national adoption rate is established.,"{""status"":""not_reported"",""value"":null}",2026-10-08
evidence-9c1fb603d6cf2894,DK,title-96bc18800500fd50,Living Japanese,Living Japanese,Living Japanese,[],Higher,,reported_use,named_material,jf-profile-2025-DK,https://www.jpf.go.jp/j/project/japanese/survey/area/country/2025/denmark_2.pdf,2025,[4],4. 学習環境 — 教材 / Higher,Named in the textbook subsection for this setting. No national adoption rate is established.,"{""status"":""not_reported"",""value"":null}",2026-10-08
evidence-90c9989b222cf1db,DK,title-640350553e7674b4,読む力,読む力,読む力,[],Higher,,reported_use,named_material,jf-profile-2025-DK,https://www.jpf.go.jp/j/project/japanese/survey/area/country/2025/denmark_2.pdf,2025,[4],4. 学習環境 — 教材 / Higher,Named in the textbook subsection for this setting. No national adoption rate is established.,"{""status"":""not_reported"",""value"":null}",2026-10-08
evidence-611e219ce8c11bb2,DK,title-860b56d82ded60c6,初級日本語げんき,初級日本語げんき,初級日本語げんき,[],Other,,reported_use,named_material,jf-profile-2025-DK,https://www.jpf.go.jp/j/project/japanese/survey/area/country/2025/denmark_2.pdf,2025,[4],4. 学習環境 — 教材 / Other,Named in the textbook subsection for this setting. No national adoption rate is established.,"{""status"":""not_reported"",""value"":null}",2026-10-08
evidence-1a68172f93ae4019,DE,title-7e0bd209d766cb73,にほんご1ねんせい―このゆびとまれ―,にほんご1ねんせい―このゆびとまれ―,にほんご 1 ねんせい－このゆびとまれ－,[],Primary,,reported_use,textbook,jf-profile-2025-DE,https://www.jpf.go.jp/j/project/japanese/survey/area/country/2025/germany_2.pdf,2025,[5],4. 学習環境 — 教材 / Primary,One example: teachers reference heritage-language text to make own materials.,"{""value"":null,""unit"":""percent"",""status"":""not_reported"",""numerator"":null,""denominator"":null,""scope"":null,""observationYear"":null,""sourceYear"":2025}",2026-10-08
evidence-695e3f0316ceda90,DE,title-451710e7b18342bf,にほんご2ねんせい―はないちもんめ―,にほんご2ねんせい―はないちもんめ―,にほんご 2 ねんせい－はないちもんめ－,[],Primary,,reported_use,textbook,jf-profile-2025-DE,https://www.jpf.go.jp/j/project/japanese/survey/area/country/2025/germany_2.pdf,2025,[5],4. 学習環境 — 教材 / Primary,One example: teachers reference heritage-language text to make own materials.,"{""value"":null,""unit"":""percent"",""status"":""not_reported"",""numerator"":null,""denominator"":null,""scope"":null,""observationYear"":null,""sourceYear"":2025}",2026-10-08
evidence-fa097e4120f3c669,DE,title-013afebe2b30c147,まるごと,まるごと,まるごと 日本のことばと文化,[],Primary / Other,,reported_use,textbook,jf-profile-2025-DE,https://www.jpf.go.jp/j/project/japanese/survey/area/country/2025/germany_2.pdf,2025,"[5,6]",4. 学習環境 — 教材 / Primary / Other,Named primary-school example; adult use p. 6.,"{""value"":null,""unit"":""percent"",""status"":""not_reported"",""numerator"":null,""denominator"":null,""scope"":null,""observationYear"":null,""sourceYear"":2025}",2026-10-08
evidence-d16a1292a347d57c,DE,title-017d248dd6f74ddf,Japanisch für Schüler,Japanisch für Schüler,Japanisch für Schuler,[],Secondary,,reported_use,textbook,jf-profile-2025-DE,https://www.jpf.go.jp/j/project/japanese/survey/area/country/2025/germany_2.pdf,2025,[5],4. 学習環境 — 教材 / Secondary,"Source prints Schuler, Band 1,2; display name uses Schüler. Reported commonly used in secondary education.","{""value"":null,""unit"":""percent"",""status"":""not_reported"",""numerator"":null,""denominator"":null,""scope"":null,""observationYear"":null,""sourceYear"":2025}",2026-10-08
evidence-9b26ff4226b39c33,DE,title-1ecde45c78a6c446,Japanisch für Junge Leute,Japanisch für Junge Leute,Japanisch für Junge Leute,[],Secondary,,reported_use,textbook,jf-profile-2025-DE,https://www.jpf.go.jp/j/project/japanese/survey/area/country/2025/germany_2.pdf,2025,[5],4. 学習環境 — 教材 / Secondary,"Source specifies volume 1; Setsuko Mochida, Sanshusya.","{""value"":null,""unit"":""percent"",""status"":""not_reported"",""numerator"":null,""denominator"":null,""scope"":null,""observationYear"":null,""sourceYear"":2025}",2026-10-08
evidence-a9105fc14a42d153,DE,title-5cdf7e72cd95edca,みんなの日本語,みんなの日本語,みんなの日本語,[],Secondary / Higher / Other,,reported_use,textbook,jf-profile-2025-DE,https://www.jpf.go.jp/j/project/japanese/survey/area/country/2025/germany_2.pdf,2025,"[5,6]",4. 学習環境 — 教材 / Secondary / Higher / Other,"Secondary, higher and adult use p. 5–6.","{""value"":null,""unit"":""percent"",""status"":""not_reported"",""numerator"":null,""denominator"":null,""scope"":null,""observationYear"":null,""sourceYear"":2025}",2026-10-08
evidence-7b0263b143259205,DE,title-83460c5bb06bd9a0,げんき,げんき,初級日本語 げんき Ⅰ Ⅱ,[],Higher,,reported_use,textbook,jf-profile-2025-DE,https://www.jpf.go.jp/j/project/japanese/survey/area/country/2025/germany_2.pdf,2025,[6],4. 学習環境 — 教材 / Higher,Source 初級日本語 げんき I II.,"{""value"":null,""unit"":""percent"",""status"":""not_reported"",""numerator"":null,""denominator"":null,""scope"":null,""observationYear"":null,""sourceYear"":2025}",2026-10-08
evidence-a5ee2bfd597f847f,DE,title-742dda46064e9bcd,Japanisch im Sauseschritt,Japanisch im Sauseschritt,Japanisch im Sauseschritt,[],Higher / Other,,reported_use,textbook,jf-profile-2025-DE,https://www.jpf.go.jp/j/project/japanese/survey/area/country/2025/germany_2.pdf,2025,[6],4. 学習環境 — 教材 / Higher / Other,Volumes 1/2A in higher education; volume 1 in adult education.,"{""value"":null,""unit"":""percent"",""status"":""not_reported"",""numerator"":null,""denominator"":null,""scope"":null,""observationYear"":null,""sourceYear"":2025}",2026-10-08
evidence-c35ba92b333b8a8b,DE,title-579a1d22adb42b01,"JAPANISCH, BITTE!","JAPANISCH, BITTE!","JAPANISCH, BITTE!",[],Other,,reported_use,textbook,jf-profile-2025-DE,https://www.jpf.go.jp/j/project/japanese/survey/area/country/2025/germany_2.pdf,2025,[6],4. 学習環境 — 教材 / Other,Adult education.,"{""value"":null,""unit"":""percent"",""status"":""not_reported"",""numerator"":null,""denominator"":null,""scope"":null,""observationYear"":null,""sourceYear"":2025}",2026-10-08
evidence-473763aca0ff63fa,DE,title-3f796385d153a615,"Suki, Nihongo","Suki, Nihongo",Suki、Nihongo,[],Other,,reported_use,textbook,jf-profile-2025-DE,https://www.jpf.go.jp/j/project/japanese/survey/area/country/2025/germany_2.pdf,2025,[6],4. 学習環境 — 教材 / Other,A1–A2 Klett course.,"{""value"":null,""unit"":""percent"",""status"":""not_reported"",""numerator"":null,""denominator"":null,""scope"":null,""observationYear"":null,""sourceYear"":2025}",2026-10-08
evidence-c75572a28ca0a1d4,DE,title-3009513eb30915d0,いろどり,いろどり,いろどり 生活の日本語,[],Other,,reported_use,textbook,jf-profile-2025-DE,https://www.jpf.go.jp/j/project/japanese/survey/area/country/2025/germany_2.pdf,2025,[6],4. 学習環境 — 教材 / Other,Some reported use; freely downloadable.,"{""value"":null,""unit"":""percent"",""status"":""not_reported"",""numerator"":null,""denominator"":null,""scope"":null,""observationYear"":null,""sourceYear"":2025}",2026-10-08
evidence-552ac1f43fad21c9,NO,title-485e20baf5c34a4e,初級日本語げんき 1・2,初級日本語げんき 1・2,初級日本語げんき 1・2,[],Secondary,,reported_use,named_material,jf-profile-2025-NO,https://www.jpf.go.jp/j/project/japanese/survey/area/country/2025/norway_2.pdf,2025,[5],4. 学習環境 — 教材 / Secondary,Named in the textbook subsection for this setting. No national adoption rate is established.,"{""status"":""not_reported"",""value"":null}",2026-10-08
evidence-0f7433e9ef55890b,NO,title-d209ee1b80907091,Nihongo på norsk,Nihongo på norsk,Nihongo på norsk,[],Secondary,,reported_use,named_material,jf-profile-2025-NO,https://www.jpf.go.jp/j/project/japanese/survey/area/country/2025/norway_2.pdf,2025,[5],4. 学習環境 — 教材 / Secondary,Named in the textbook subsection for this setting. No national adoption rate is established.,"{""status"":""not_reported"",""value"":null}",2026-10-08
evidence-ae4807c5f805b6f4,NO,title-1b9844120d5b8663,日本語文法 I・II,日本語文法 I・II,日本語文法 I・II,[],Secondary,,reported_use,named_material,jf-profile-2025-NO,https://www.jpf.go.jp/j/project/japanese/survey/area/country/2025/norway_2.pdf,2025,[5],4. 学習環境 — 教材 / Secondary,Named in the textbook subsection for this setting. No national adoption rate is established.,"{""status"":""not_reported"",""value"":null}",2026-10-08
evidence-306f0bec73cdd7a1,NO,title-485e20baf5c34a4e,初級日本語げんき 1・2,初級日本語げんき 1・2,初級日本語げんき 1・2,[],Higher,,reported_use,named_material,jf-profile-2025-NO,https://www.jpf.go.jp/j/project/japanese/survey/area/country/2025/norway_2.pdf,2025,[5],4. 学習環境 — 教材 / Higher,Named in the textbook subsection for this setting. No national adoption rate is established.,"{""status"":""not_reported"",""value"":null}",2026-10-08
evidence-e9a3ac4ce44cc279,NO,title-82db4c90e56ed3b7,AN INTEGRATED APPROACH TO INTERMEDIATE JAPANESE,AN INTEGRATED APPROACH TO INTERMEDIATE JAPANESE,AN INTEGRATED APPROACH TO INTERMEDIATE JAPANESE,[],Higher,,reported_use,named_material,jf-profile-2025-NO,https://www.jpf.go.jp/j/project/japanese/survey/area/country/2025/norway_2.pdf,2025,[5],4. 学習環境 — 教材 / Higher,Named in the textbook subsection for this setting. No national adoption rate is established.,"{""status"":""not_reported"",""value"":null}",2026-10-08
evidence-7d718c7db594c36a,NO,title-f079e1113b299e83,Naru hodo 1・2,Naru hodo 1・2,Naru hodo 1・2,[],Higher,,reported_use,named_material,jf-profile-2025-NO,https://www.jpf.go.jp/j/project/japanese/survey/area/country/2025/norway_2.pdf,2025,[5],4. 学習環境 — 教材 / Higher,Named in the textbook subsection for this setting. No national adoption rate is established.,"{""status"":""not_reported"",""value"":null}",2026-10-08
evidence-962e17822d492c9e,NO,title-485e20baf5c34a4e,初級日本語げんき 1・2,初級日本語げんき 1・2,初級日本語げんき 1・2,[],Other,,reported_use,named_material,jf-profile-2025-NO,https://www.jpf.go.jp/j/project/japanese/survey/area/country/2025/norway_2.pdf,2025,[5],4. 学習環境 — 教材 / Other,Named in the textbook subsection for this setting. No national adoption rate is established.,"{""status"":""not_reported"",""value"":null}",2026-10-08
evidence-3c122554ae56c875,FR,title-97667d7ef7852190,わくわくにほんご,わくわくにほんご,わくわくにほんご,[],Primary,,reported_use,textbook,jf-profile-2025-FR,https://www.jpf.go.jp/j/project/japanese/survey/area/country/2025/france_2.pdf,2025,[5],4. 学習環境 — 教材 / Primary,Primary-school material.,"{""value"":null,""unit"":""percent"",""status"":""not_reported"",""numerator"":null,""denominator"":null,""scope"":null,""observationYear"":null,""sourceYear"":2025}",2026-10-08
evidence-4250b6d7261d27fc,FR,title-fe8c472d662d72af,Manekineko japonais,Manekineko japonais,Manekineko japonais : Méthode de japonais pour les collèges et lycées,[],Secondary,,reported_use,textbook,jf-profile-2025-FR,https://www.jpf.go.jp/j/project/japanese/survey/area/country/2025/france_2.pdf,2025,[5],4. 学習環境 — 教材 / Secondary,Méthode de japonais pour les collèges et lycées.,"{""value"":null,""unit"":""percent"",""status"":""not_reported"",""numerator"":null,""denominator"":null,""scope"":null,""observationYear"":null,""sourceYear"":2025}",2026-10-08
evidence-444f45d9a8b739b7,FR,title-9d50f056b9a1a5ca,Japonais Kanji Kakitai !,Japonais Kanji Kakitai !,Japonais Kanji Kakitai ! Ecrire & Apprendre les Kanji Tous les Caractères au Programme,[],Secondary,,reported_use,textbook,jf-profile-2025-FR,https://www.jpf.go.jp/j/project/japanese/survey/area/country/2025/france_2.pdf,2025,[5],4. 学習環境 — 教材 / Secondary,Kanji material; full subtitle Ecrire & Apprendre les Kanji Tous les Caractères au Programme.,"{""value"":null,""unit"":""percent"",""status"":""not_reported"",""numerator"":null,""denominator"":null,""scope"":null,""observationYear"":null,""sourceYear"":2025}",2026-10-08
evidence-94e73c89789d5aca,FR,title-5cdf7e72cd95edca,みんなの日本語,みんなの日本語,みんなの日本語,[],Secondary / Higher / Other,,reported_use,textbook,jf-profile-2025-FR,https://www.jpf.go.jp/j/project/japanese/survey/area/country/2025/france_2.pdf,2025,"[5,6]",4. 学習環境 — 教材 / Secondary / Higher / Other,Secondary/higher p. 5 and other education p. 6.,"{""value"":null,""unit"":""percent"",""status"":""not_reported"",""numerator"":null,""denominator"":null,""scope"":null,""observationYear"":null,""sourceYear"":2025}",2026-10-08
evidence-51206c1ab092ab0a,FR,title-82cbabde20f19e41,Japanese for Young People,Japanese for Young People,JAPANESE FOR YOUNG PEOPLE,[],Secondary / Other,,reported_use,textbook,jf-profile-2025-FR,https://www.jpf.go.jp/j/project/japanese/survey/area/country/2025/france_2.pdf,2025,"[5,6]",4. 学習環境 — 教材 / Secondary / Other,Secondary p. 5 and other education p. 6.,"{""value"":null,""unit"":""percent"",""status"":""not_reported"",""numerator"":null,""denominator"":null,""scope"":null,""observationYear"":null,""sourceYear"":2025}",2026-10-08
evidence-0b02de9e1ea889d0,FR,title-013afebe2b30c147,まるごと,まるごと,まるごと 日本のことばと文化,[],Secondary / Other,,reported_use,textbook,jf-profile-2025-FR,https://www.jpf.go.jp/j/project/japanese/survey/area/country/2025/france_2.pdf,2025,"[5,6]",4. 学習環境 — 教材 / Secondary / Other,Secondary and cultural associations p. 6.,"{""value"":null,""unit"":""percent"",""status"":""not_reported"",""numerator"":null,""denominator"":null,""scope"":null,""observationYear"":null,""sourceYear"":2025}",2026-10-08
evidence-68f789b06a9944fd,FR,title-3009513eb30915d0,いろどり,いろどり,いろどり 生活の日本語,[],Secondary,,reported_use,textbook,jf-profile-2025-FR,https://www.jpf.go.jp/j/project/japanese/survey/area/country/2025/france_2.pdf,2025,[5],4. 学習環境 — 教材 / Secondary,Some secondary schools use downloadable material.,"{""value"":null,""unit"":""percent"",""status"":""not_reported"",""numerator"":null,""denominator"":null,""scope"":null,""observationYear"":null,""sourceYear"":2025}",2026-10-08
evidence-d5bb130b81a2b605,FR,title-83460c5bb06bd9a0,げんき,げんき,初級日本語 げんき,[],Higher,,reported_use,textbook,jf-profile-2025-FR,https://www.jpf.go.jp/j/project/japanese/survey/area/country/2025/france_2.pdf,2025,[5],4. 学習環境 — 教材 / Higher,Source 初級日本語 げんき.,"{""value"":null,""unit"":""percent"",""status"":""not_reported"",""numerator"":null,""denominator"":null,""scope"":null,""observationYear"":null,""sourceYear"":2025}",2026-10-08
evidence-25f31d9dd0bc6dc7,FR,title-9b237aaf6a915bee,Grammaire Japonaise,Grammaire Japonaise,Grammaire Japonaise,[],Higher,,reported_use,textbook,jf-profile-2025-FR,https://www.jpf.go.jp/j/project/japanese/survey/area/country/2025/france_2.pdf,2025,[5],4. 学習環境 — 教材 / Higher,Reiko Shimamori.,"{""value"":null,""unit"":""percent"",""status"":""not_reported"",""numerator"":null,""denominator"":null,""scope"":null,""observationYear"":null,""sourceYear"":2025}",2026-10-08
evidence-e96e100c9e5726df,FR,title-86d6e39ecda59965,Parlons japonais,Parlons japonais,Parlons japonais,[],Higher,,reported_use,textbook,jf-profile-2025-FR,https://www.jpf.go.jp/j/project/japanese/survey/area/country/2025/france_2.pdf,2025,[5],4. 学習環境 — 教材 / Higher,Tomoko Higashi.,"{""value"":null,""unit"":""percent"",""status"":""not_reported"",""numerator"":null,""denominator"":null,""scope"":null,""observationYear"":null,""sourceYear"":2025}",2026-10-08
evidence-07f20e033d1c27e5,FR,title-9451639948252d99,新日本語の基礎,新日本語の基礎,新日本語の基礎,[],Higher,,reported_use,textbook,jf-profile-2025-FR,https://www.jpf.go.jp/j/project/japanese/survey/area/country/2025/france_2.pdf,2025,[5],4. 学習環境 — 教材 / Higher,University material.,"{""value"":null,""unit"":""percent"",""status"":""not_reported"",""numerator"":null,""denominator"":null,""scope"":null,""observationYear"":null,""sourceYear"":2025}",2026-10-08
evidence-4972c766056d90cf,FR,title-c7f52e5d256ef035,さんぽ Promenade,さんぽ Promenade,さんぽ Promenade. Méthode de japonais avec cahier d'exercices et corrigés.,[],Higher,,reported_use,textbook,jf-profile-2025-FR,https://www.jpf.go.jp/j/project/japanese/survey/area/country/2025/france_2.pdf,2025,"[5,6]",4. 学習環境 — 教材 / Higher,Full title continues onto p. 6: Méthode de japonais avec cahier d’exercices et corrigés.,"{""value"":null,""unit"":""percent"",""status"":""not_reported"",""numerator"":null,""denominator"":null,""scope"":null,""observationYear"":null,""sourceYear"":2025}",2026-10-08
evidence-323575246da29c5a,FR,title-2fa90fb19e335306,できる日本語,できる日本語,できる日本語,[],Other,,reported_use,textbook,jf-profile-2025-FR,https://www.jpf.go.jp/j/project/japanese/survey/area/country/2025/france_2.pdf,2025,[6],4. 学習環境 — 教材 / Other,Private and community education.,"{""value"":null,""unit"":""percent"",""status"":""not_reported"",""numerator"":null,""denominator"":null,""scope"":null,""observationYear"":null,""sourceYear"":2025}",2026-10-08
evidence-6c00179b36116ff0,FR,title-09984ada167d29f0,エリンが挑戦！にほんごできます。,エリンが挑戦！にほんごできます。,エリンが挑戦！にほんごできます。,[],Secondary,,reported_use,digital_resource,jf-profile-2025-FR,https://www.jpf.go.jp/j/project/japanese/survey/area/country/2025/france_2.pdf,2025,[5],4. 学習環境 — 教材 / Secondary,Web version frequently used in secondary education.,"{""value"":null,""unit"":""percent"",""status"":""not_reported"",""numerator"":null,""denominator"":null,""scope"":null,""observationYear"":null,""sourceYear"":2025}",2026-10-08
evidence-10c876c973fd53a7,FR,title-82013d819f5f1397,まるごと＋,まるごと＋,まるごと＋,[],Secondary,,reported_use,digital_resource,jf-profile-2025-FR,https://www.jpf.go.jp/j/project/japanese/survey/area/country/2025/france_2.pdf,2025,[5],4. 学習環境 — 教材 / Secondary,JF website content used in secondary teaching; distinct online resource from the textbook.,"{""value"":null,""unit"":""percent"",""status"":""not_reported"",""numerator"":null,""denominator"":null,""scope"":null,""observationYear"":null,""sourceYear"":2025}",2026-10-08
evidence-75145f64bbbf3591,BE,title-013afebe2b30c147,まるごと,まるごと,まるごと,[],Higher,,reported_use,named_material,jf-profile-2025-BE,https://www.jpf.go.jp/j/project/japanese/survey/area/country/2025/belgium_2.pdf,2025,[5],4. 学習環境 — 教材 / Higher,Named in the textbook subsection for this setting. No national adoption rate is established.,"{""status"":""not_reported"",""value"":null}",2026-10-08
evidence-45cdaf4a81bd0fe1,BE,title-c0c83792ec88a7f0,JAPANESE FOR BUSY PEOPLE Ⅰ Ⅱ,JAPANESE FOR BUSY PEOPLE Ⅰ Ⅱ,JAPANESE FOR BUSY PEOPLE Ⅰ Ⅱ,[],Higher,,reported_use,named_material,jf-profile-2025-BE,https://www.jpf.go.jp/j/project/japanese/survey/area/country/2025/belgium_2.pdf,2025,[5],4. 学習環境 — 教材 / Higher,Named in the textbook subsection for this setting. No national adoption rate is established.,"{""status"":""not_reported"",""value"":null}",2026-10-08
evidence-39cd1baccea8af38,BE,title-2af9d35bbf9f16b9,現代日本語コース,現代日本語コース,現代日本語コース,[],Higher,,reported_use,named_material,jf-profile-2025-BE,https://www.jpf.go.jp/j/project/japanese/survey/area/country/2025/belgium_2.pdf,2025,[5],4. 学習環境 — 教材 / Higher,Named in the textbook subsection for this setting. No national adoption rate is established.,"{""status"":""not_reported"",""value"":null}",2026-10-08
evidence-b1ae42fb19c205fe,BE,title-7cdadfc85135a255,日本語初歩,日本語初歩,日本語初歩,[],Higher,,reported_use,named_material,jf-profile-2025-BE,https://www.jpf.go.jp/j/project/japanese/survey/area/country/2025/belgium_2.pdf,2025,[5],4. 学習環境 — 教材 / Higher,Named in the textbook subsection for this setting. No national adoption rate is established.,"{""status"":""not_reported"",""value"":null}",2026-10-08
evidence-147f80f1ed4e5970,BE,title-55728284542a63d1,ヤンさんと日本の人々,ヤンさんと日本の人々,ヤンさんと日本の人々,[],Higher,,reported_use,named_material,jf-profile-2025-BE,https://www.jpf.go.jp/j/project/japanese/survey/area/country/2025/belgium_2.pdf,2025,[5],4. 学習環境 — 教材 / Higher,Named in the textbook subsection for this setting. No national adoption rate is established.,"{""status"":""not_reported"",""value"":null}",2026-10-08
evidence-c41b63b6b8c578ad,BE,title-860b56d82ded60c6,初級日本語げんき,初級日本語げんき,初級日本語げんき,[],Higher,,reported_use,named_material,jf-profile-2025-BE,https://www.jpf.go.jp/j/project/japanese/survey/area/country/2025/belgium_2.pdf,2025,[5],4. 学習環境 — 教材 / Higher,Named in the textbook subsection for this setting. No national adoption rate is established.,"{""status"":""not_reported"",""value"":null}",2026-10-08
evidence-ef96326cc679bd7f,BE,title-6ebd7e06af010dd3,まるごと日本のことばと文化,まるごと日本のことばと文化,まるごと日本のことばと文化,[],Higher,,reported_use,named_material,jf-profile-2025-BE,https://www.jpf.go.jp/j/project/japanese/survey/area/country/2025/belgium_2.pdf,2025,[5],4. 学習環境 — 教材 / Higher,Named in the textbook subsection for this setting. No national adoption rate is established.,"{""status"":""not_reported"",""value"":null}",2026-10-08
evidence-f4805836d4024d17,BE,title-6e8e63b8204aa538,初級日本語,初級日本語,初級日本語,[],Higher,,reported_use,named_material,jf-profile-2025-BE,https://www.jpf.go.jp/j/project/japanese/survey/area/country/2025/belgium_2.pdf,2025,[5],4. 学習環境 — 教材 / Higher,Named in the textbook subsection for this setting. No national adoption rate is established.,"{""status"":""not_reported"",""value"":null}",2026-10-08
evidence-8d73451769eab0ff,BE,title-af05f931df706d34,中級日本語,中級日本語,中級日本語,[],Higher,,reported_use,named_material,jf-profile-2025-BE,https://www.jpf.go.jp/j/project/japanese/survey/area/country/2025/belgium_2.pdf,2025,[5],4. 学習環境 — 教材 / Higher,Named in the textbook subsection for this setting. No national adoption rate is established.,"{""status"":""not_reported"",""value"":null}",2026-10-08
evidence-cb6587492e8c782f,BE,title-c7a2e318dc5c74a6,日本語かな入門,日本語かな入門,日本語かな入門,[],Higher,,reported_use,named_material,jf-profile-2025-BE,https://www.jpf.go.jp/j/project/japanese/survey/area/country/2025/belgium_2.pdf,2025,[5],4. 学習環境 — 教材 / Higher,Named in the textbook subsection for this setting. No national adoption rate is established.,"{""status"":""not_reported"",""value"":null}",2026-10-08
evidence-e79d229c4f6fb28a,BE,title-5cdf7e72cd95edca,みんなの日本語,みんなの日本語,みんなの日本語,[],Higher,,reported_use,named_material,jf-profile-2025-BE,https://www.jpf.go.jp/j/project/japanese/survey/area/country/2025/belgium_2.pdf,2025,[5],4. 学習環境 — 教材 / Higher,Named in the textbook subsection for this setting. No national adoption rate is established.,"{""status"":""not_reported"",""value"":null}",2026-10-08
evidence-713a38220bbfdb1f,BE,title-2337819d07f4720a,J.Bridge for Beginners Vol.1-2,J.Bridge for Beginners Vol.1-2,J.Bridge for Beginners Vol.1-2,[],Higher,,reported_use,named_material,jf-profile-2025-BE,https://www.jpf.go.jp/j/project/japanese/survey/area/country/2025/belgium_2.pdf,2025,[5],4. 学習環境 — 教材 / Higher,Named in the textbook subsection for this setting. No national adoption rate is established.,"{""status"":""not_reported"",""value"":null}",2026-10-08
evidence-e8b6f06dfa318d6a,BE,title-3a277517fbbb3eab,J.Bridge for Intermediate,J.Bridge for Intermediate,J.Bridge for Intermediate,[],Higher,,reported_use,named_material,jf-profile-2025-BE,https://www.jpf.go.jp/j/project/japanese/survey/area/country/2025/belgium_2.pdf,2025,[5],4. 学習環境 — 教材 / Higher,Named in the textbook subsection for this setting. No national adoption rate is established.,"{""status"":""not_reported"",""value"":null}",2026-10-08
evidence-479567f2aefcd969,MT,title-22da9e2a8c77c804,まるごと日本のことばと文化 A1（入門）,まるごと日本のことばと文化 A1（入門）,まるごと日本のことばと文化 A1（入門）,[],Other,,reported_use,named_material,jf-profile-2025-MT,https://www.jpf.go.jp/j/project/japanese/survey/area/country/2025/malta_2.pdf,2025,[3],4. 学習環境 — 教材 / Other,Named in the textbook subsection for this setting. No national adoption rate is established.,"{""status"":""not_reported"",""value"":null}",2026-10-08
evidence-ba8b30cf37bb2ccd,MT,title-8bda06497945b142,みんなの日本語初級 1,みんなの日本語初級 1,みんなの日本語初級 1,[],Other,,reported_use,named_material,jf-profile-2025-MT,https://www.jpf.go.jp/j/project/japanese/survey/area/country/2025/malta_2.pdf,2025,[3],4. 学習環境 — 教材 / Other,Named in the textbook subsection for this setting. No national adoption rate is established.,"{""status"":""not_reported"",""value"":null}",2026-10-08
evidence-9a0d4f8121c63e92,AZ,title-e582aee647ad5e10,ひらがな・カタカナ練習帳かなマスター,ひらがな・カタカナ練習帳かなマスター,ひらがな・カタカナ練習帳かなマスター,[],Secondary,,reported_use,named_material,jf-profile-2025-AZ,https://www.jpf.go.jp/j/project/japanese/survey/area/country/2025/azerbaidjan_2.pdf,2025,[5],4. 学習環境 — 教材 / Secondary,Named in the textbook subsection for this setting. No national adoption rate is established.,"{""status"":""not_reported"",""value"":null}",2026-10-08
evidence-b5384250a005ef9e,AZ,title-3d2d783780359b51,こどものにほんごⅠ,こどものにほんごⅠ,こどものにほんごⅠ,[],Secondary,,reported_use,named_material,jf-profile-2025-AZ,https://www.jpf.go.jp/j/project/japanese/survey/area/country/2025/azerbaidjan_2.pdf,2025,[5],4. 学習環境 — 教材 / Secondary,Named in the textbook subsection for this setting. No national adoption rate is established.,"{""status"":""not_reported"",""value"":null}",2026-10-08
evidence-4eb3e41bef894a16,AZ,title-1d30ddf260e5f2fc,みんなの日本語初級Ⅰ,みんなの日本語初級Ⅰ,みんなの日本語初級Ⅰ,[],Secondary,,reported_use,named_material,jf-profile-2025-AZ,https://www.jpf.go.jp/j/project/japanese/survey/area/country/2025/azerbaidjan_2.pdf,2025,[6],4. 学習環境 — 教材 / Secondary,Named in the textbook subsection for this setting. No national adoption rate is established.,"{""status"":""not_reported"",""value"":null}",2026-10-08
evidence-81b7f5204085b0f6,AZ,title-b1739b06fa922f3b,BASIC KANJI BOOKⅠ,BASIC KANJI BOOKⅠ,BASIC KANJI BOOKⅠ,[],Secondary,,reported_use,named_material,jf-profile-2025-AZ,https://www.jpf.go.jp/j/project/japanese/survey/area/country/2025/azerbaidjan_2.pdf,2025,[6],4. 学習環境 — 教材 / Secondary,Named in the textbook subsection for this setting. No national adoption rate is established.,"{""status"":""not_reported"",""value"":null}",2026-10-08
evidence-5495fbf820ae7fed,AZ,title-e582aee647ad5e10,ひらがな・カタカナ練習帳かなマスター,ひらがな・カタカナ練習帳かなマスター,ひらがな・カタカナ練習帳かなマスター,[],Higher,,reported_use,named_material,jf-profile-2025-AZ,https://www.jpf.go.jp/j/project/japanese/survey/area/country/2025/azerbaidjan_2.pdf,2025,[6],4. 学習環境 — 教材 / Higher,Named in the textbook subsection for this setting. No national adoption rate is established.,"{""status"":""not_reported"",""value"":null}",2026-10-08
evidence-cd8a303097f3ebe5,AZ,title-cc43914d2ddb8c9b,み級んなの日本語初級Ⅰ、Ⅱ,み級んなの日本語初級Ⅰ、Ⅱ,み級んなの日本語初級Ⅰ、Ⅱ,[],Higher,,reported_use,named_material,jf-profile-2025-AZ,https://www.jpf.go.jp/j/project/japanese/survey/area/country/2025/azerbaidjan_2.pdf,2025,[6],4. 学習環境 — 教材 / Higher,Named in the textbook subsection for this setting. No national adoption rate is established.,"{""status"":""not_reported"",""value"":null}",2026-10-08
evidence-1799b41048177ca2,AZ,title-68dc7ea8af09d58f,Kanji Look and learn,Kanji Look and learn,Kanji Look and learn,[],Higher,,reported_use,named_material,jf-profile-2025-AZ,https://www.jpf.go.jp/j/project/japanese/survey/area/country/2025/azerbaidjan_2.pdf,2025,[6],4. 学習環境 — 教材 / Higher,Named in the textbook subsection for this setting. No national adoption rate is established.,"{""status"":""not_reported"",""value"":null}",2026-10-08
evidence-514774e8e68b9d99,AZ,title-816376b6e1ec47f1,みんなの日本語初級で読めるトピック 25,みんなの日本語初級で読めるトピック 25,みんなの日本語初級で読めるトピック 25,[],Higher,,reported_use,named_material,jf-profile-2025-AZ,https://www.jpf.go.jp/j/project/japanese/survey/area/country/2025/azerbaidjan_2.pdf,2025,[6],4. 学習環境 — 教材 / Higher,Named in the textbook subsection for this setting. No national adoption rate is established.,"{""status"":""not_reported"",""value"":null}",2026-10-08
evidence-e2e97802e090e66e,AZ,title-0e03442befea12df,みんなの日本語聴解タスク 25,みんなの日本語聴解タスク 25,みんなの日本語聴解タスク 25,[],Higher,,reported_use,named_material,jf-profile-2025-AZ,https://www.jpf.go.jp/j/project/japanese/survey/area/country/2025/azerbaidjan_2.pdf,2025,[6],4. 学習環境 — 教材 / Higher,Named in the textbook subsection for this setting. No national adoption rate is established.,"{""status"":""not_reported"",""value"":null}",2026-10-08
evidence-c7c89be551b39adf,AZ,title-9b6bdfcdc9138f45,日本語中級カルテット１,日本語中級カルテット１,日本語中級カルテット１,[],Higher,,reported_use,named_material,jf-profile-2025-AZ,https://www.jpf.go.jp/j/project/japanese/survey/area/country/2025/azerbaidjan_2.pdf,2025,[6],4. 学習環境 — 教材 / Higher,Named in the textbook subsection for this setting. No national adoption rate is established.,"{""status"":""not_reported"",""value"":null}",2026-10-08
evidence-830488eaf6498b09,AZ,title-1ccbc0a8bbc49402,KANJI IN CONTEXT Workbook vol.1,KANJI IN CONTEXT Workbook vol.1,KANJI IN CONTEXT Workbook vol.1,[],Higher,,reported_use,named_material,jf-profile-2025-AZ,https://www.jpf.go.jp/j/project/japanese/survey/area/country/2025/azerbaidjan_2.pdf,2025,[6],4. 学習環境 — 教材 / Higher,Named in the textbook subsection for this setting. No national adoption rate is established.,"{""status"":""not_reported"",""value"":null}",2026-10-08
evidence-ec658fbbb34a77e0,AZ,title-b9719cfbbbb31d9a,ニューアプローチ中上級日本語[完成編],ニューアプローチ中上級日本語[完成編],ニューアプローチ中上級日本語[完成編],[],Higher,,reported_use,named_material,jf-profile-2025-AZ,https://www.jpf.go.jp/j/project/japanese/survey/area/country/2025/azerbaidjan_2.pdf,2025,[6],4. 学習環境 — 教材 / Higher,Named in the textbook subsection for this setting. No national adoption rate is established.,"{""status"":""not_reported"",""value"":null}",2026-10-08
evidence-01bef97ec5cd5701,AZ,title-5cc05109a3935223,みんなの日本語初級Ⅰ、Ⅱ,みんなの日本語初級Ⅰ、Ⅱ,みんなの日本語初級Ⅰ、Ⅱ,[],Higher,,reported_use,named_material,jf-profile-2025-AZ,https://www.jpf.go.jp/j/project/japanese/survey/area/country/2025/azerbaidjan_2.pdf,2025,[6],4. 学習環境 — 教材 / Higher,Named in the textbook subsection for this setting. No national adoption rate is established.,"{""status"":""not_reported"",""value"":null}",2026-10-08
evidence-b42a576601b12aa4,AZ,title-b6914fdb4ed756d2,BASIC KANJI BOOKⅠ、Ⅱ,BASIC KANJI BOOKⅠ、Ⅱ,BASIC KANJI BOOKⅠ、Ⅱ,[],Higher,,reported_use,named_material,jf-profile-2025-AZ,https://www.jpf.go.jp/j/project/japanese/survey/area/country/2025/azerbaidjan_2.pdf,2025,[6],4. 学習環境 — 教材 / Higher,Named in the textbook subsection for this setting. No national adoption rate is established.,"{""status"":""not_reported"",""value"":null}",2026-10-08
evidence-d426b8088897f67d,AZ,title-deffa6fea0cd0c65,ニューアプローチ中級日本語[基礎編],ニューアプローチ中級日本語[基礎編],ニューアプローチ中級日本語[基礎編],[],Higher,,reported_use,named_material,jf-profile-2025-AZ,https://www.jpf.go.jp/j/project/japanese/survey/area/country/2025/azerbaidjan_2.pdf,2025,[6],4. 学習環境 — 教材 / Higher,Named in the textbook subsection for this setting. No national adoption rate is established.,"{""status"":""not_reported"",""value"":null}",2026-10-08
evidence-277e7cc902df7526,AZ,title-ca9ef8abbb01fa93,みんなの日本語 Ⅰ、Ⅱ,みんなの日本語 Ⅰ、Ⅱ,みんなの日本語 Ⅰ、Ⅱ,[],Other,,reported_use,named_material,jf-profile-2025-AZ,https://www.jpf.go.jp/j/project/japanese/survey/area/country/2025/azerbaidjan_2.pdf,2025,[6],4. 学習環境 — 教材 / Other,Named in the textbook subsection for this setting. No national adoption rate is established.,"{""status"":""not_reported"",""value"":null}",2026-10-08
evidence-5a1a3c70e959c783,AZ,title-1d505ec75c90cb58,みんなの日本語初級 1・2,みんなの日本語初級 1・2,みんなの日本語初級 1・2,[],Other,,reported_use,named_material,jf-profile-2025-AZ,https://www.jpf.go.jp/j/project/japanese/survey/area/country/2025/azerbaidjan_2.pdf,2025,[7],4. 学習環境 — 教材 / Other,Named in the textbook subsection for this setting. No national adoption rate is established.,"{""status"":""not_reported"",""value"":null}",2026-10-08
evidence-23fb48c3b96c1681,AZ,title-dedb165f3e0a271f,Basic Kanji,Basic Kanji,Basic Kanji,[],Other,,reported_use,named_material,jf-profile-2025-AZ,https://www.jpf.go.jp/j/project/japanese/survey/area/country/2025/azerbaidjan_2.pdf,2025,[7],4. 学習環境 — 教材 / Other,Named in the textbook subsection for this setting. No national adoption rate is established.,"{""status"":""not_reported"",""value"":null}",2026-10-08
evidence-2a82086740a3e260,AZ,title-e6349d1014fc5262,新完全マスター,新完全マスター,新完全マスター,[],Other,,reported_use,named_material,jf-profile-2025-AZ,https://www.jpf.go.jp/j/project/japanese/survey/area/country/2025/azerbaidjan_2.pdf,2025,[7],4. 学習環境 — 教材 / Other,Named in the textbook subsection for this setting. No national adoption rate is established.,"{""status"":""not_reported"",""value"":null}",2026-10-08
evidence-c0a6df680024c5ca,AZ,title-a39a39fdb6b581be,耳から覚える日本語能力試験,耳から覚える日本語能力試験,耳から覚える日本語能力試験,[],Other,,reported_use,named_material,jf-profile-2025-AZ,https://www.jpf.go.jp/j/project/japanese/survey/area/country/2025/azerbaidjan_2.pdf,2025,[7],4. 学習環境 — 教材 / Other,Named in the textbook subsection for this setting. No national adoption rate is established.,"{""status"":""not_reported"",""value"":null}",2026-10-08
evidence-e6be3bed341033fc,AZ,title-4b1bc4b40ff1cbad,増補改訂版・総まとめ,増補改訂版・総まとめ,増補改訂版・総まとめ,[],Other,,reported_use,named_material,jf-profile-2025-AZ,https://www.jpf.go.jp/j/project/japanese/survey/area/country/2025/azerbaidjan_2.pdf,2025,[7],4. 学習環境 — 教材 / Other,Named in the textbook subsection for this setting. No national adoption rate is established.,"{""status"":""not_reported"",""value"":null}",2026-10-08
evidence-05981ed0b1da9816,AZ,title-0f9a374f28d43de6,日本語の森 JLPT この 1 冊で合格する,日本語の森 JLPT この 1 冊で合格する,日本語の森 JLPT この 1 冊で合格する,[],Other,,reported_use,named_material,jf-profile-2025-AZ,https://www.jpf.go.jp/j/project/japanese/survey/area/country/2025/azerbaidjan_2.pdf,2025,[7],4. 学習環境 — 教材 / Other,Named in the textbook subsection for this setting. No national adoption rate is established.,"{""status"":""not_reported"",""value"":null}",2026-10-08
evidence-fbc3ee7793c2efa0,AL,title-5cdf7e72cd95edca,みんなの日本語,みんなの日本語,みんなの日本語,[],Higher,,reported_use,named_material,jf-profile-2025-AL,https://www.jpf.go.jp/j/project/japanese/survey/area/country/2025/albania_2.pdf,2025,[3],4. 学習環境 — 教材 / Higher,Named in the textbook subsection for this setting. No national adoption rate is established.,"{""status"":""not_reported"",""value"":null}",2026-10-08
evidence-a5b3aa1c0799ae7c,AM,title-5cdf7e72cd95edca,みんなの日本語,みんなの日本語,みんなの日本語,[],Higher,,reported_use,named_material,jf-profile-2025-AM,https://www.jpf.go.jp/j/project/japanese/survey/area/country/2025/armenia_2.pdf,2025,[4],4. 学習環境 — 教材 / Higher,Named in the textbook subsection for this setting. No national adoption rate is established.,"{""status"":""not_reported"",""value"":null}",2026-10-08
evidence-be71e0dfa8ae9058,AM,title-b487b523d83c3746,大学の日本語初級ともだち,大学の日本語初級ともだち,大学の日本語初級ともだち,[],Higher,,reported_use,named_material,jf-profile-2025-AM,https://www.jpf.go.jp/j/project/japanese/survey/area/country/2025/armenia_2.pdf,2025,[4],4. 学習環境 — 教材 / Higher,Named in the textbook subsection for this setting. No national adoption rate is established.,"{""status"":""not_reported"",""value"":null}",2026-10-08
evidence-356fff10e74db578,AM,title-54a7506d01b616f4,BASIC KANJI BOOK VOL1、2,BASIC KANJI BOOK VOL1、2,BASIC KANJI BOOK VOL1、2,[],Higher,,reported_use,named_material,jf-profile-2025-AM,https://www.jpf.go.jp/j/project/japanese/survey/area/country/2025/armenia_2.pdf,2025,[4],4. 学習環境 — 教材 / Higher,Named in the textbook subsection for this setting. No national adoption rate is established.,"{""status"":""not_reported"",""value"":null}",2026-10-08
evidence-79996059b4000c02,AM,title-b54e6a04e0460f69,中級における和露・露和通訳,中級における和露・露和通訳,中級における和露・露和通訳,[],Higher,,reported_use,named_material,jf-profile-2025-AM,https://www.jpf.go.jp/j/project/japanese/survey/area/country/2025/armenia_2.pdf,2025,[4],4. 学習環境 — 教材 / Higher,Named in the textbook subsection for this setting. No national adoption rate is established.,"{""status"":""not_reported"",""value"":null}",2026-10-08
evidence-8a6fc75b95c5aa37,AM,title-0cc0a41824d22cbe,漢字マスター,漢字マスター,漢字マスター,[],Higher,,reported_use,named_material,jf-profile-2025-AM,https://www.jpf.go.jp/j/project/japanese/survey/area/country/2025/armenia_2.pdf,2025,[4],4. 学習環境 — 教材 / Higher,Named in the textbook subsection for this setting. No national adoption rate is established.,"{""status"":""not_reported"",""value"":null}",2026-10-08
evidence-30b93da50899c07d,AM,title-22b76044221361d6,文法スピードマスター,文法スピードマスター,文法スピードマスター,[],Higher,,reported_use,named_material,jf-profile-2025-AM,https://www.jpf.go.jp/j/project/japanese/survey/area/country/2025/armenia_2.pdf,2025,[4],4. 学習環境 — 教材 / Higher,Named in the textbook subsection for this setting. No national adoption rate is established.,"{""status"":""not_reported"",""value"":null}",2026-10-08
evidence-e882beb54d83254f,AM,title-013afebe2b30c147,まるごと,まるごと,まるごと,[],Higher,,reported_use,named_material,jf-profile-2025-AM,https://www.jpf.go.jp/j/project/japanese/survey/area/country/2025/armenia_2.pdf,2025,[4],4. 学習環境 — 教材 / Higher,Named in the textbook subsection for this setting. No national adoption rate is established.,"{""status"":""not_reported"",""value"":null}",2026-10-08
evidence-08e9614553cd9b29,AM,title-57b5ba3ee8437e73,わかって使える日本語,わかって使える日本語,わかって使える日本語,[],Higher,,reported_use,named_material,jf-profile-2025-AM,https://www.jpf.go.jp/j/project/japanese/survey/area/country/2025/armenia_2.pdf,2025,[4],4. 学習環境 — 教材 / Higher,Named in the textbook subsection for this setting. No national adoption rate is established.,"{""status"":""not_reported"",""value"":null}",2026-10-08
evidence-0a0c37815e6c531e,AM,title-fbfbe47777db2a99,できる日本語準拠たのしい読みもの 55 初級＆初中級,できる日本語準拠たのしい読みもの 55 初級＆初中級,できる日本語準拠たのしい読みもの 55 初級＆初中級,[],Higher,,reported_use,named_material,jf-profile-2025-AM,https://www.jpf.go.jp/j/project/japanese/survey/area/country/2025/armenia_2.pdf,2025,[4],4. 学習環境 — 教材 / Higher,Named in the textbook subsection for this setting. No national adoption rate is established.,"{""status"":""not_reported"",""value"":null}",2026-10-08
evidence-e9c4070516718653,AM,title-5118c2cd8e675cb4,THE GREAT JAPANESE 30 の物語人物で学ぶ日本語,THE GREAT JAPANESE 30 の物語人物で学ぶ日本語,THE GREAT JAPANESE 30 の物語人物で学ぶ日本語,[],Higher,,reported_use,named_material,jf-profile-2025-AM,https://www.jpf.go.jp/j/project/japanese/survey/area/country/2025/armenia_2.pdf,2025,[4],4. 学習環境 — 教材 / Higher,Named in the textbook subsection for this setting. No national adoption rate is established.,"{""status"":""not_reported"",""value"":null}",2026-10-08
evidence-ed90bdcffe1656b5,AM,title-0806a0d35f2706d8,日本語総まとめ,日本語総まとめ,日本語総まとめ,[],Higher,,reported_use,named_material,jf-profile-2025-AM,https://www.jpf.go.jp/j/project/japanese/survey/area/country/2025/armenia_2.pdf,2025,[4],4. 学習環境 — 教材 / Higher,Named in the textbook subsection for this setting. No national adoption rate is established.,"{""status"":""not_reported"",""value"":null}",2026-10-08
evidence-c3b8a0b6383e2c44,AM,title-e6349d1014fc5262,新完全マスター,新完全マスター,新完全マスター,[],Higher,,reported_use,named_material,jf-profile-2025-AM,https://www.jpf.go.jp/j/project/japanese/survey/area/country/2025/armenia_2.pdf,2025,[4],4. 学習環境 — 教材 / Higher,Named in the textbook subsection for this setting. No national adoption rate is established.,"{""status"":""not_reported"",""value"":null}",2026-10-08
evidence-7bd86d5f4880db2e,AM,title-09ca0f3d93135011,文化初級日本語 2,文化初級日本語 2,文化初級日本語 2,[],Higher,,reported_use,named_material,jf-profile-2025-AM,https://www.jpf.go.jp/j/project/japanese/survey/area/country/2025/armenia_2.pdf,2025,[4],4. 学習環境 — 教材 / Higher,Named in the textbook subsection for this setting. No national adoption rate is established.,"{""status"":""not_reported"",""value"":null}",2026-10-08
evidence-0d620a4777c20b4b,AM,title-9ecf59448090e608,"We read, write, speak Japanese","We read, write, speak Japanese","We read, write, speak Japanese",[],Higher,,reported_use,named_material,jf-profile-2025-AM,https://www.jpf.go.jp/j/project/japanese/survey/area/country/2025/armenia_2.pdf,2025,[4],4. 学習環境 — 教材 / Higher,Named in the textbook subsection for this setting. No national adoption rate is established.,"{""status"":""not_reported"",""value"":null}",2026-10-08
evidence-1b7c3136180b4eb1,AM,title-9c29d96d68306e91,みえこさんの日本語,みえこさんの日本語,みえこさんの日本語,[],Other,,reported_use,named_material,jf-profile-2025-AM,https://www.jpf.go.jp/j/project/japanese/survey/area/country/2025/armenia_2.pdf,2025,[4],4. 学習環境 — 教材 / Other,Named in the textbook subsection for this setting. No national adoption rate is established.,"{""status"":""not_reported"",""value"":null}",2026-10-08
evidence-73e24702241a6c4a,AM,title-013afebe2b30c147,まるごと,まるごと,まるごと,[],Other,,reported_use,named_material,jf-profile-2025-AM,https://www.jpf.go.jp/j/project/japanese/survey/area/country/2025/armenia_2.pdf,2025,[4],4. 学習環境 — 教材 / Other,Named in the textbook subsection for this setting. No national adoption rate is established.,"{""status"":""not_reported"",""value"":null}",2026-10-08
evidence-ec4e92bb91b578a3,AM,title-6e8e63b8204aa538,初級日本語,初級日本語,初級日本語,[],Other,,reported_use,named_material,jf-profile-2025-AM,https://www.jpf.go.jp/j/project/japanese/survey/area/country/2025/armenia_2.pdf,2025,[4],4. 学習環境 — 教材 / Other,Named in the textbook subsection for this setting. No national adoption rate is established.,"{""status"":""not_reported"",""value"":null}",2026-10-08
evidence-079d9d200129b7e6,AM,title-54a7506d01b616f4,BASIC KANJI BOOK VOL1、2,BASIC KANJI BOOK VOL1、2,BASIC KANJI BOOK VOL1、2,[],Other,,reported_use,named_material,jf-profile-2025-AM,https://www.jpf.go.jp/j/project/japanese/survey/area/country/2025/armenia_2.pdf,2025,[4],4. 学習環境 — 教材 / Other,Named in the textbook subsection for this setting. No national adoption rate is established.,"{""status"":""not_reported"",""value"":null}",2026-10-08
evidence-b2e0b671eb9247a2,AM,title-8439310dd3a4e600,毎日の聞きとり 50 日,毎日の聞きとり 50 日,毎日の聞きとり 50 日,[],Other,,reported_use,named_material,jf-profile-2025-AM,https://www.jpf.go.jp/j/project/japanese/survey/area/country/2025/armenia_2.pdf,2025,[4],4. 学習環境 — 教材 / Other,Named in the textbook subsection for this setting. No national adoption rate is established.,"{""status"":""not_reported"",""value"":null}",2026-10-08
evidence-5b1980fba21e0c76,AM,title-64856e6ecdff43ef,新日本語の中級,新日本語の中級,新日本語の中級,[],Other,,reported_use,named_material,jf-profile-2025-AM,https://www.jpf.go.jp/j/project/japanese/survey/area/country/2025/armenia_2.pdf,2025,[4],4. 学習環境 — 教材 / Other,Named in the textbook subsection for this setting. No national adoption rate is established.,"{""status"":""not_reported"",""value"":null}",2026-10-08
evidence-242017973eb1351c,AM,title-7cdadfc85135a255,日本語初歩,日本語初歩,日本語初歩,[],Other,,reported_use,named_material,jf-profile-2025-AM,https://www.jpf.go.jp/j/project/japanese/survey/area/country/2025/armenia_2.pdf,2025,[5],4. 学習環境 — 教材 / Other,Named in the textbook subsection for this setting. No national adoption rate is established.,"{""status"":""not_reported"",""value"":null}",2026-10-08
evidence-7cd31a70f23d2fa3,AM,title-a307338b6a313072,日本語能力試験対応きらり☆日本語,日本語能力試験対応きらり☆日本語,日本語能力試験対応きらり☆日本語,[],Other,,reported_use,named_material,jf-profile-2025-AM,https://www.jpf.go.jp/j/project/japanese/survey/area/country/2025/armenia_2.pdf,2025,[5],4. 学習環境 — 教材 / Other,Named in the textbook subsection for this setting. No national adoption rate is established.,"{""status"":""not_reported"",""value"":null}",2026-10-08
evidence-2748bcc2bc9af510,AM,title-9eaa74c07c7f3c7c,にほんごチャレンジ N4・N5 [かんじ],にほんごチャレンジ N4・N5 [かんじ],にほんごチャレンジ N4・N5 [かんじ],[],Other,,reported_use,named_material,jf-profile-2025-AM,https://www.jpf.go.jp/j/project/japanese/survey/area/country/2025/armenia_2.pdf,2025,[5],4. 学習環境 — 教材 / Other,Named in the textbook subsection for this setting. No national adoption rate is established.,"{""status"":""not_reported"",""value"":null}",2026-10-08
evidence-85ff0e7b66366576,AM,title-6900813827a59b9a,漢字たまご,漢字たまご,漢字たまご,[],Other,,reported_use,named_material,jf-profile-2025-AM,https://www.jpf.go.jp/j/project/japanese/survey/area/country/2025/armenia_2.pdf,2025,[5],4. 学習環境 — 教材 / Other,Named in the textbook subsection for this setting. No national adoption rate is established.,"{""status"":""not_reported"",""value"":null}",2026-10-08
evidence-d80e8267bb4bb593,AM,title-0cc0a41824d22cbe,漢字マスター,漢字マスター,漢字マスター,[],Other,,reported_use,named_material,jf-profile-2025-AM,https://www.jpf.go.jp/j/project/japanese/survey/area/country/2025/armenia_2.pdf,2025,[5],4. 学習環境 — 教材 / Other,Named in the textbook subsection for this setting. No national adoption rate is established.,"{""status"":""not_reported"",""value"":null}",2026-10-08
evidence-f6184183b0a485c6,AM,title-e6349d1014fc5262,新完全マスター,新完全マスター,新完全マスター,[],Other,,reported_use,named_material,jf-profile-2025-AM,https://www.jpf.go.jp/j/project/japanese/survey/area/country/2025/armenia_2.pdf,2025,[5],4. 学習環境 — 教材 / Other,Named in the textbook subsection for this setting. No national adoption rate is established.,"{""status"":""not_reported"",""value"":null}",2026-10-08
evidence-3354b2ce5ce0f13e,AM,title-0806a0d35f2706d8,日本語総まとめ,日本語総まとめ,日本語総まとめ,[],Other,,reported_use,named_material,jf-profile-2025-AM,https://www.jpf.go.jp/j/project/japanese/survey/area/country/2025/armenia_2.pdf,2025,[5],4. 学習環境 — 教材 / Other,Named in the textbook subsection for this setting. No national adoption rate is established.,"{""status"":""not_reported"",""value"":null}",2026-10-08
evidence-6dca1a1966524f0d,AM,title-90b8872c22d1362d,新・にほんご敬語トレーニング - 初級が終わったら始めよう,新・にほんご敬語トレーニング - 初級が終わったら始めよう,新・にほんご敬語トレーニング - 初級が終わったら始めよう,[],Other,,reported_use,named_material,jf-profile-2025-AM,https://www.jpf.go.jp/j/project/japanese/survey/area/country/2025/armenia_2.pdf,2025,[5],4. 学習環境 — 教材 / Other,Named in the textbook subsection for this setting. No national adoption rate is established.,"{""status"":""not_reported"",""value"":null}",2026-10-08
evidence-1abd73de533a1401,AM,title-98c513cc915ce23f,テーマ別中級から学ぶ日本語,テーマ別中級から学ぶ日本語,テーマ別中級から学ぶ日本語,[],Other,,reported_use,named_material,jf-profile-2025-AM,https://www.jpf.go.jp/j/project/japanese/survey/area/country/2025/armenia_2.pdf,2025,[5],4. 学習環境 — 教材 / Other,Named in the textbook subsection for this setting. No national adoption rate is established.,"{""status"":""not_reported"",""value"":null}",2026-10-08
evidence-ff8882fc1c7d6c87,AM,title-ebd3df3a85ff65c4,日本語を楽しく読む本・初中級,日本語を楽しく読む本・初中級,日本語を楽しく読む本・初中級,[],Other,,reported_use,named_material,jf-profile-2025-AM,https://www.jpf.go.jp/j/project/japanese/survey/area/country/2025/armenia_2.pdf,2025,[5],4. 学習環境 — 教材 / Other,Named in the textbook subsection for this setting. No national adoption rate is established.,"{""status"":""not_reported"",""value"":null}",2026-10-08
evidence-eeec1d0808578dec,AM,title-3a7b3d682635d585,初級からの日本語スピーチ,初級からの日本語スピーチ,初級からの日本語スピーチ,[],Other,,reported_use,named_material,jf-profile-2025-AM,https://www.jpf.go.jp/j/project/japanese/survey/area/country/2025/armenia_2.pdf,2025,[5],4. 学習環境 — 教材 / Other,Named in the textbook subsection for this setting. No national adoption rate is established.,"{""status"":""not_reported"",""value"":null}",2026-10-08
evidence-f463807a0d7d918c,AM,title-44563e15faadf7dd,J.bridge for Beginners Vol.2,J.bridge for Beginners Vol.2,J.bridge for Beginners Vol.2,[],Other,,reported_use,named_material,jf-profile-2025-AM,https://www.jpf.go.jp/j/project/japanese/survey/area/country/2025/armenia_2.pdf,2025,[5],4. 学習環境 — 教材 / Other,Named in the textbook subsection for this setting. No national adoption rate is established.,"{""status"":""not_reported"",""value"":null}",2026-10-08
evidence-7c1f993db6cd56ad,AM,title-a95ebb84f0e14eea,初級文型でできるにほんご発音アクティビティ,初級文型でできるにほんご発音アクティビティ,初級文型でできるにほんご発音アクティビティ,[],Other,,reported_use,named_material,jf-profile-2025-AM,https://www.jpf.go.jp/j/project/japanese/survey/area/country/2025/armenia_2.pdf,2025,[5],4. 学習環境 — 教材 / Other,Named in the textbook subsection for this setting. No national adoption rate is established.,"{""status"":""not_reported"",""value"":null}",2026-10-08
evidence-26e48c666bd1a2b8,AM,title-8439310dd3a4e600,毎日の聞きとり 50 日,毎日の聞きとり 50 日,毎日の聞きとり 50 日,[],Other,,reported_use,named_material,jf-profile-2025-AM,https://www.jpf.go.jp/j/project/japanese/survey/area/country/2025/armenia_2.pdf,2025,[5],4. 学習環境 — 教材 / Other,Named in the textbook subsection for this setting. No national adoption rate is established.,"{""status"":""not_reported"",""value"":null}",2026-10-08
evidence-2b28166b862b957d,AM,title-e9ae0f939e5c4021,ペアで覚えるいろいろなことば,ペアで覚えるいろいろなことば,ペアで覚えるいろいろなことば,[],Other,,reported_use,named_material,jf-profile-2025-AM,https://www.jpf.go.jp/j/project/japanese/survey/area/country/2025/armenia_2.pdf,2025,[5],4. 学習環境 — 教材 / Other,Named in the textbook subsection for this setting. No national adoption rate is established.,"{""status"":""not_reported"",""value"":null}",2026-10-08
evidence-b8343c7bf725be40,AM,title-4ebe33e6e9742fc5,文法が弱いあなたへ,文法が弱いあなたへ,文法が弱いあなたへ,[],Other,,reported_use,named_material,jf-profile-2025-AM,https://www.jpf.go.jp/j/project/japanese/survey/area/country/2025/armenia_2.pdf,2025,[5],4. 学習環境 — 教材 / Other,Named in the textbook subsection for this setting. No national adoption rate is established.,"{""status"":""not_reported"",""value"":null}",2026-10-08
evidence-adca9696c09b42e3,AM,title-88d00e18861aa741,絵入り日本語作文入門,絵入り日本語作文入門,絵入り日本語作文入門,[],Other,,reported_use,named_material,jf-profile-2025-AM,https://www.jpf.go.jp/j/project/japanese/survey/area/country/2025/armenia_2.pdf,2025,[5],4. 学習環境 — 教材 / Other,Named in the textbook subsection for this setting. No national adoption rate is established.,"{""status"":""not_reported"",""value"":null}",2026-10-08
evidence-6e3714c5bef72d59,AM,title-ebc4e506868e71a9,日本語中級読解入門,日本語中級読解入門,日本語中級読解入門,[],Other,,reported_use,named_material,jf-profile-2025-AM,https://www.jpf.go.jp/j/project/japanese/survey/area/country/2025/armenia_2.pdf,2025,[5],4. 学習環境 — 教材 / Other,Named in the textbook subsection for this setting. No national adoption rate is established.,"{""status"":""not_reported"",""value"":null}",2026-10-08
evidence-b87940142e628fa9,UA,title-46942ab4a111232c,みんなの日本語初級Ⅰ Ⅱ翻訳文法解説ウクライナ語版,みんなの日本語初級Ⅰ Ⅱ翻訳文法解説ウクライナ語版,みんなの日本語初級Ⅰ Ⅱ翻訳文法解説ウクライナ語版,[],Higher,,reported_use,named_material,jf-profile-2025-UA,https://www.jpf.go.jp/j/project/japanese/survey/area/country/2025/ukraine_2.pdf,2025,[5],4. 学習環境 — 教材 / Higher,Named in the textbook subsection for this setting. No national adoption rate is established.,"{""status"":""not_reported"",""value"":null}",2026-10-08
evidence-60c34b2a115d1104,UA,title-6ebd7e06af010dd3,まるごと日本のことばと文化,まるごと日本のことばと文化,まるごと日本のことばと文化,[],Other,,reported_use,named_material,jf-profile-2025-UA,https://www.jpf.go.jp/j/project/japanese/survey/area/country/2025/ukraine_2.pdf,2025,[5],4. 学習環境 — 教材 / Other,Named in the textbook subsection for this setting. No national adoption rate is established.,"{""status"":""not_reported"",""value"":null}",2026-10-08
evidence-e100aee2851b8d75,UZ,title-dfa0597345b65754,みんなの日本語Ⅰ 文法解説ウズベク語版,みんなの日本語Ⅰ 文法解説ウズベク語版,みんなの日本語Ⅰ 文法解説ウズベク語版,[],Unspecified,,mentioned,named_material,jf-profile-2025-UZ,https://www.jpf.go.jp/j/project/japanese/survey/area/country/2025/uzbekistan_2.pdf,2025,[7],4. 学習環境 — 教材 / Unspecified,Translation or publication described before the stage-specific use list.,"{""status"":""not_reported"",""value"":null}",2026-10-08
evidence-f68bbba1e794604b,UZ,title-ee15c99a49bf90fe,みんなの日本語Ⅱ 文法解説ウズベク語版,みんなの日本語Ⅱ 文法解説ウズベク語版,みんなの日本語Ⅱ 文法解説ウズベク語版,[],Unspecified,,mentioned,named_material,jf-profile-2025-UZ,https://www.jpf.go.jp/j/project/japanese/survey/area/country/2025/uzbekistan_2.pdf,2025,[7],4. 学習環境 — 教材 / Unspecified,Translation or publication described before the stage-specific use list.,"{""status"":""not_reported"",""value"":null}",2026-10-08
evidence-5418e1a734912ba1,UZ,title-ce1a2f1a70f7c98e,ひらがな帳,ひらがな帳,ひらがな帳,[],Unspecified,,mentioned,named_material,jf-profile-2025-UZ,https://www.jpf.go.jp/j/project/japanese/survey/area/country/2025/uzbekistan_2.pdf,2025,[7],4. 学習環境 — 教材 / Unspecified,Translation or publication described before the stage-specific use list.,"{""status"":""not_reported"",""value"":null}",2026-10-08
evidence-aab6856d7ce50345,UZ,title-52492dab40399cbe,カタカナ帳,カタカナ帳,カタカナ帳,[],Unspecified,,mentioned,named_material,jf-profile-2025-UZ,https://www.jpf.go.jp/j/project/japanese/survey/area/country/2025/uzbekistan_2.pdf,2025,[7],4. 学習環境 — 教材 / Unspecified,Translation or publication described before the stage-specific use list.,"{""status"":""not_reported"",""value"":null}",2026-10-08
evidence-19ba0d5eb7d91f8e,UZ,title-013afebe2b30c147,まるごと,まるごと,まるごと,[],Unspecified,,mentioned,named_material,jf-profile-2025-UZ,https://www.jpf.go.jp/j/project/japanese/survey/area/country/2025/uzbekistan_2.pdf,2025,[7],4. 学習環境 — 教材 / Unspecified,Translation or publication described before the stage-specific use list.,"{""status"":""not_reported"",""value"":null}",2026-10-08
evidence-89b00b679c3af64e,UZ,title-689f2e691af875a8,みんなの日本語初級Ⅰ 第 2 版文法解説書,みんなの日本語初級Ⅰ 第 2 版文法解説書,みんなの日本語初級Ⅰ 第 2 版文法解説書,[],Unspecified,,mentioned,named_material,jf-profile-2025-UZ,https://www.jpf.go.jp/j/project/japanese/survey/area/country/2025/uzbekistan_2.pdf,2025,[7],4. 学習環境 — 教材 / Unspecified,Translation or publication described before the stage-specific use list.,"{""status"":""not_reported"",""value"":null}",2026-10-08
evidence-1ee322d6c1d38154,UZ,title-089930480a900f6d,いろどり生活の日本語,いろどり生活の日本語,いろどり生活の日本語,[],Unspecified,,mentioned,named_material,jf-profile-2025-UZ,https://www.jpf.go.jp/j/project/japanese/survey/area/country/2025/uzbekistan_2.pdf,2025,[7],4. 学習環境 — 教材 / Unspecified,Translation or publication described before the stage-specific use list.,"{""status"":""not_reported"",""value"":null}",2026-10-08
evidence-7fbc2996b882283a,UZ,title-5cc05109a3935223,みんなの日本語初級Ⅰ、Ⅱ,みんなの日本語初級Ⅰ、Ⅱ,みんなの日本語初級Ⅰ、Ⅱ,[],Primary,,reported_use,named_material,jf-profile-2025-UZ,https://www.jpf.go.jp/j/project/japanese/survey/area/country/2025/uzbekistan_2.pdf,2025,[7],4. 学習環境 — 教材 / Primary,Named in the textbook subsection for this setting. No national adoption rate is established.,"{""status"":""not_reported"",""value"":null}",2026-10-08
evidence-78c9105751b6f250,UZ,title-089930480a900f6d,いろどり生活の日本語,いろどり生活の日本語,いろどり生活の日本語,[],Primary,,reported_use,named_material,jf-profile-2025-UZ,https://www.jpf.go.jp/j/project/japanese/survey/area/country/2025/uzbekistan_2.pdf,2025,[7],4. 学習環境 — 教材 / Primary,Named in the textbook subsection for this setting. No national adoption rate is established.,"{""status"":""not_reported"",""value"":null}",2026-10-08
evidence-42cf4a1238b80c2e,UZ,title-5cc05109a3935223,みんなの日本語初級Ⅰ、Ⅱ,みんなの日本語初級Ⅰ、Ⅱ,みんなの日本語初級Ⅰ、Ⅱ,[],Secondary,,reported_use,named_material,jf-profile-2025-UZ,https://www.jpf.go.jp/j/project/japanese/survey/area/country/2025/uzbekistan_2.pdf,2025,[7],4. 学習環境 — 教材 / Secondary,Named in the textbook subsection for this setting. No national adoption rate is established.,"{""status"":""not_reported"",""value"":null}",2026-10-08
evidence-01acfc8ffd2e8ecf,UZ,title-5cc05109a3935223,みんなの日本語初級Ⅰ、Ⅱ,みんなの日本語初級Ⅰ、Ⅱ,みんなの日本語初級Ⅰ、Ⅱ,[],Higher,,reported_use,named_material,jf-profile-2025-UZ,https://www.jpf.go.jp/j/project/japanese/survey/area/country/2025/uzbekistan_2.pdf,2025,[7],4. 学習環境 — 教材 / Higher,Named in the textbook subsection for this setting. No national adoption rate is established.,"{""status"":""not_reported"",""value"":null}",2026-10-08
evidence-20d2bb998af4e35b,UZ,title-9bd338e36b5001ae,BASIC KANJI BOOK,BASIC KANJI BOOK,BASIC KANJI BOOK,[],Higher,,reported_use,named_material,jf-profile-2025-UZ,https://www.jpf.go.jp/j/project/japanese/survey/area/country/2025/uzbekistan_2.pdf,2025,[7],4. 学習環境 — 教材 / Higher,Named in the textbook subsection for this setting. No national adoption rate is established.,"{""status"":""not_reported"",""value"":null}",2026-10-08
evidence-9fd5ec46e3ab0ecf,UZ,title-f62f73bc53f02358,中級へ行こう,中級へ行こう,中級へ行こう,[],Higher,,reported_use,named_material,jf-profile-2025-UZ,https://www.jpf.go.jp/j/project/japanese/survey/area/country/2025/uzbekistan_2.pdf,2025,[7],4. 学習環境 — 教材 / Higher,Named in the textbook subsection for this setting. No national adoption rate is established.,"{""status"":""not_reported"",""value"":null}",2026-10-08
evidence-3c30bb348693943c,UZ,title-9d0cf8b76a1e6679,上級へのとびら,上級へのとびら,上級へのとびら,[],Higher,,reported_use,named_material,jf-profile-2025-UZ,https://www.jpf.go.jp/j/project/japanese/survey/area/country/2025/uzbekistan_2.pdf,2025,[7],4. 学習環境 — 教材 / Higher,Named in the textbook subsection for this setting. No national adoption rate is established.,"{""status"":""not_reported"",""value"":null}",2026-10-08
evidence-a380ed7d1d376219,UZ,title-e6349d1014fc5262,新完全マスター,新完全マスター,新完全マスター,[],Higher,,reported_use,named_material,jf-profile-2025-UZ,https://www.jpf.go.jp/j/project/japanese/survey/area/country/2025/uzbekistan_2.pdf,2025,[7],4. 学習環境 — 教材 / Higher,Named in the textbook subsection for this setting. No national adoption rate is established.,"{""status"":""not_reported"",""value"":null}",2026-10-08
evidence-7f2909405c50bd9d,UZ,title-0806a0d35f2706d8,日本語総まとめ,日本語総まとめ,日本語総まとめ,[],Higher,,reported_use,named_material,jf-profile-2025-UZ,https://www.jpf.go.jp/j/project/japanese/survey/area/country/2025/uzbekistan_2.pdf,2025,[7],4. 学習環境 — 教材 / Higher,Named in the textbook subsection for this setting. No national adoption rate is established.,"{""status"":""not_reported"",""value"":null}",2026-10-08
evidence-803435dddf90a6e2,UZ,title-5cc05109a3935223,みんなの日本語初級Ⅰ、Ⅱ,みんなの日本語初級Ⅰ、Ⅱ,みんなの日本語初級Ⅰ、Ⅱ,[],Other,,reported_use,named_material,jf-profile-2025-UZ,https://www.jpf.go.jp/j/project/japanese/survey/area/country/2025/uzbekistan_2.pdf,2025,[7],4. 学習環境 — 教材 / Other,Named in the textbook subsection for this setting. No national adoption rate is established.,"{""status"":""not_reported"",""value"":null}",2026-10-08
evidence-efa2dad7644f8725,UZ,title-5cdf7e72cd95edca,みんなの日本語,みんなの日本語,みんなの日本語,[],Other,,reported_use,named_material,jf-profile-2025-UZ,https://www.jpf.go.jp/j/project/japanese/survey/area/country/2025/uzbekistan_2.pdf,2025,[7],4. 学習環境 — 教材 / Other,Named in the textbook subsection for this setting. No national adoption rate is established.,"{""status"":""not_reported"",""value"":null}",2026-10-08
evidence-d8c09b693377ec7d,UZ,title-013afebe2b30c147,まるごと,まるごと,まるごと,[],Other,,reported_use,named_material,jf-profile-2025-UZ,https://www.jpf.go.jp/j/project/japanese/survey/area/country/2025/uzbekistan_2.pdf,2025,[7],4. 学習環境 — 教材 / Other,Named in the textbook subsection for this setting. No national adoption rate is established.,"{""status"":""not_reported"",""value"":null}",2026-10-08
evidence-2667e4331d915f9e,UZ,title-3009513eb30915d0,いろどり,いろどり,いろどり,[],Other,,reported_use,named_material,jf-profile-2025-UZ,https://www.jpf.go.jp/j/project/japanese/survey/area/country/2025/uzbekistan_2.pdf,2025,[7],4. 学習環境 — 教材 / Other,Named in the textbook subsection for this setting. No national adoption rate is established.,"{""status"":""not_reported"",""value"":null}",2026-10-08
evidence-2401d4664a32a143,EE,title-55f1cdc23e9e1ce3,にほんごかんたん（1）（2）,にほんごかんたん（1）（2）,にほんごかんたん（1）（2）,[],Secondary,,reported_use,named_material,jf-profile-2025-EE,https://www.jpf.go.jp/j/project/japanese/survey/area/country/2025/estonia_2.pdf,2025,[3],4. 学習環境 — 教材 / Secondary,Named in the textbook subsection for this setting. No national adoption rate is established.,"{""status"":""not_reported"",""value"":null}",2026-10-08
evidence-95d6210eb7df3985,EE,title-1d30ddf260e5f2fc,みんなの日本語初級Ⅰ,みんなの日本語初級Ⅰ,みんなの日本語初級Ⅰ,[],Secondary,,reported_use,named_material,jf-profile-2025-EE,https://www.jpf.go.jp/j/project/japanese/survey/area/country/2025/estonia_2.pdf,2025,[3],4. 学習環境 — 教材 / Secondary,Named in the textbook subsection for this setting. No national adoption rate is established.,"{""status"":""not_reported"",""value"":null}",2026-10-08
evidence-b295a76a248cca9c,EE,title-5a6e1aaa86e0ca95,GenkiⅠ,GenkiⅠ,GenkiⅠ,[],Secondary,,reported_use,named_material,jf-profile-2025-EE,https://www.jpf.go.jp/j/project/japanese/survey/area/country/2025/estonia_2.pdf,2025,[3],4. 学習環境 — 教材 / Secondary,Named in the textbook subsection for this setting. No national adoption rate is established.,"{""status"":""not_reported"",""value"":null}",2026-10-08
evidence-b166a12e199c042b,EE,title-98c513cc915ce23f,テーマ別中級から学ぶ日本語,テーマ別中級から学ぶ日本語,テーマ別中級から学ぶ日本語,[],Secondary,,reported_use,named_material,jf-profile-2025-EE,https://www.jpf.go.jp/j/project/japanese/survey/area/country/2025/estonia_2.pdf,2025,[3],4. 学習環境 — 教材 / Secondary,Named in the textbook subsection for this setting. No national adoption rate is established.,"{""status"":""not_reported"",""value"":null}",2026-10-08
evidence-2d27040c774eff9b,EE,title-f7c76b3c9f0948a9,みんなの日本語初級Ⅰ 漢字練習帳,みんなの日本語初級Ⅰ 漢字練習帳,みんなの日本語初級Ⅰ 漢字練習帳,[],Secondary,,reported_use,named_material,jf-profile-2025-EE,https://www.jpf.go.jp/j/project/japanese/survey/area/country/2025/estonia_2.pdf,2025,[3],4. 学習環境 — 教材 / Secondary,Named in the textbook subsection for this setting. No national adoption rate is established.,"{""status"":""not_reported"",""value"":null}",2026-10-08
evidence-d7596f2b7e007cb6,EE,title-794b6b74df08c1a2,Basic Kanji Book,Basic Kanji Book,Basic Kanji Book,[],Secondary,,reported_use,named_material,jf-profile-2025-EE,https://www.jpf.go.jp/j/project/japanese/survey/area/country/2025/estonia_2.pdf,2025,[3],4. 学習環境 — 教材 / Secondary,Named in the textbook subsection for this setting. No national adoption rate is established.,"{""status"":""not_reported"",""value"":null}",2026-10-08
evidence-7305bef033589eb4,EE,title-0b5ca70068b050eb,Genki,Genki,Genki,[],Higher,,reported_use,named_material,jf-profile-2025-EE,https://www.jpf.go.jp/j/project/japanese/survey/area/country/2025/estonia_2.pdf,2025,[3],4. 学習環境 — 教材 / Higher,Named in the textbook subsection for this setting. No national adoption rate is established.,"{""status"":""not_reported"",""value"":null}",2026-10-08
evidence-fca94a8a9b401c12,EE,title-6e11454af033bbef,中級の日本語,中級の日本語,中級の日本語,[],Higher,,reported_use,named_material,jf-profile-2025-EE,https://www.jpf.go.jp/j/project/japanese/survey/area/country/2025/estonia_2.pdf,2025,[4],4. 学習環境 — 教材 / Higher,Named in the textbook subsection for this setting. No national adoption rate is established.,"{""status"":""not_reported"",""value"":null}",2026-10-08
evidence-e77c72a7b631352a,EE,title-e0a47e5b85b2f52f,TRY! 日本語能力試験 N3 文法から伸ばす日本語,TRY! 日本語能力試験 N3 文法から伸ばす日本語,TRY! 日本語能力試験 N3 文法から伸ばす日本語,[],Higher,,reported_use,named_material,jf-profile-2025-EE,https://www.jpf.go.jp/j/project/japanese/survey/area/country/2025/estonia_2.pdf,2025,[4],4. 学習環境 — 教材 / Higher,Named in the textbook subsection for this setting. No national adoption rate is established.,"{""status"":""not_reported"",""value"":null}",2026-10-08
evidence-1ef0aa250efc2fbf,EE,title-f91589e1e3a2871d,TRY! 日本語能力試験 N4 文法から伸ばす日本語,TRY! 日本語能力試験 N4 文法から伸ばす日本語,TRY! 日本語能力試験 N4 文法から伸ばす日本語,[],Higher,,reported_use,named_material,jf-profile-2025-EE,https://www.jpf.go.jp/j/project/japanese/survey/area/country/2025/estonia_2.pdf,2025,[4],4. 学習環境 — 教材 / Higher,Named in the textbook subsection for this setting. No national adoption rate is established.,"{""status"":""not_reported"",""value"":null}",2026-10-08
evidence-d0caa6366051458b,EE,title-6ebd7e06af010dd3,まるごと日本のことばと文化,まるごと日本のことばと文化,まるごと日本のことばと文化,[],Higher,,reported_use,named_material,jf-profile-2025-EE,https://www.jpf.go.jp/j/project/japanese/survey/area/country/2025/estonia_2.pdf,2025,[4],4. 学習環境 — 教材 / Higher,Named in the textbook subsection for this setting. No national adoption rate is established.,"{""status"":""not_reported"",""value"":null}",2026-10-08
evidence-ad5f1eb2b3f86dcf,EE,title-0bdf3bcb7be42c61,"Genki Ⅰ,Ⅱ","Genki Ⅰ,Ⅱ","Genki Ⅰ,Ⅱ",[],Other,,reported_use,named_material,jf-profile-2025-EE,https://www.jpf.go.jp/j/project/japanese/survey/area/country/2025/estonia_2.pdf,2025,[4],4. 学習環境 — 教材 / Other,Named in the textbook subsection for this setting. No national adoption rate is established.,"{""status"":""not_reported"",""value"":null}",2026-10-08
evidence-5381a23de01d00c1,EE,title-6e11454af033bbef,中級の日本語,中級の日本語,中級の日本語,[],Other,,reported_use,named_material,jf-profile-2025-EE,https://www.jpf.go.jp/j/project/japanese/survey/area/country/2025/estonia_2.pdf,2025,[4],4. 学習環境 — 教材 / Other,Named in the textbook subsection for this setting. No national adoption rate is established.,"{""status"":""not_reported"",""value"":null}",2026-10-08
evidence-a938d347628ed1de,EE,title-794b6b74df08c1a2,Basic Kanji Book,Basic Kanji Book,Basic Kanji Book,[],Other,,reported_use,named_material,jf-profile-2025-EE,https://www.jpf.go.jp/j/project/japanese/survey/area/country/2025/estonia_2.pdf,2025,[4],4. 学習環境 — 教材 / Other,Named in the textbook subsection for this setting. No national adoption rate is established.,"{""status"":""not_reported"",""value"":null}",2026-10-08
evidence-e366f7f4038d95ea,EE,title-6ebd7e06af010dd3,まるごと日本のことばと文化,まるごと日本のことばと文化,まるごと日本のことばと文化,[],Other,,reported_use,named_material,jf-profile-2025-EE,https://www.jpf.go.jp/j/project/japanese/survey/area/country/2025/estonia_2.pdf,2025,[4],4. 学習環境 — 教材 / Other,Named in the textbook subsection for this setting. No national adoption rate is established.,"{""status"":""not_reported"",""value"":null}",2026-10-08
evidence-ad4b43ab6e5fbd6c,EE,title-1d30ddf260e5f2fc,みんなの日本語初級Ⅰ,みんなの日本語初級Ⅰ,みんなの日本語初級Ⅰ,[],Other,,reported_use,named_material,jf-profile-2025-EE,https://www.jpf.go.jp/j/project/japanese/survey/area/country/2025/estonia_2.pdf,2025,[4],4. 学習環境 — 教材 / Other,Named in the textbook subsection for this setting. No national adoption rate is established.,"{""status"":""not_reported"",""value"":null}",2026-10-08
evidence-465fdce5cab76121,KZ,title-1d30ddf260e5f2fc,みんなの日本語初級Ⅰ,みんなの日本語初級Ⅰ,みんなの日本語初級Ⅰ,[],Secondary,,reported_use,named_material,jf-profile-2025-KZ,https://www.jpf.go.jp/j/project/japanese/survey/area/country/2025/kazakhstan_2.pdf,2025,[5],4. 学習環境 — 教材 / Secondary,Named in the textbook subsection for this setting. No national adoption rate is established.,"{""status"":""not_reported"",""value"":null}",2026-10-08
evidence-85e2a1dcb629f269,KZ,title-6ebd7e06af010dd3,まるごと日本のことばと文化,まるごと日本のことばと文化,まるごと日本のことばと文化,[],Secondary,,historical_use,named_material,jf-profile-2025-KZ,https://www.jpf.go.jp/j/project/japanese/survey/area/country/2025/kazakhstan_2.pdf,2025,[5],4. 学習環境 — 教材 / Secondary,Used in secondary education in 2019; profile says this setting reverted to Minna no Nihongo.,"{""status"":""not_reported"",""value"":null}",2026-10-08
evidence-eb66c17a2ec204f5,KZ,title-ec77492eee972e7c,みんなの日本語Ⅰ、Ⅱ,みんなの日本語Ⅰ、Ⅱ,みんなの日本語Ⅰ、Ⅱ,[],Higher,,reported_use,named_material,jf-profile-2025-KZ,https://www.jpf.go.jp/j/project/japanese/survey/area/country/2025/kazakhstan_2.pdf,2025,[5],4. 学習環境 — 教材 / Higher,Named in the textbook subsection for this setting. No national adoption rate is established.,"{""status"":""not_reported"",""value"":null}",2026-10-08
evidence-83d1eb39b6019a24,KZ,title-f62f73bc53f02358,中級へ行こう,中級へ行こう,中級へ行こう,[],Higher,,reported_use,named_material,jf-profile-2025-KZ,https://www.jpf.go.jp/j/project/japanese/survey/area/country/2025/kazakhstan_2.pdf,2025,[5],4. 学習環境 — 教材 / Higher,Named in the textbook subsection for this setting. No national adoption rate is established.,"{""status"":""not_reported"",""value"":null}",2026-10-08
evidence-7bb839753e93c37c,KZ,title-deffa6fea0cd0c65,ニューアプローチ中級日本語[基礎編],ニューアプローチ中級日本語[基礎編],ニューアプローチ中級日本語[基礎編],[],Higher,,reported_use,named_material,jf-profile-2025-KZ,https://www.jpf.go.jp/j/project/japanese/survey/area/country/2025/kazakhstan_2.pdf,2025,[5],4. 学習環境 — 教材 / Higher,Named in the textbook subsection for this setting. No national adoption rate is established.,"{""status"":""not_reported"",""value"":null}",2026-10-08
evidence-8c14bc2b793a82db,KZ,title-b9719cfbbbb31d9a,ニューアプローチ中上級日本語[完成編],ニューアプローチ中上級日本語[完成編],ニューアプローチ中上級日本語[完成編],[],Higher,,reported_use,named_material,jf-profile-2025-KZ,https://www.jpf.go.jp/j/project/japanese/survey/area/country/2025/kazakhstan_2.pdf,2025,[5],4. 学習環境 — 教材 / Higher,Named in the textbook subsection for this setting. No national adoption rate is established.,"{""status"":""not_reported"",""value"":null}",2026-10-08
evidence-091d5d23b8b1a483,KZ,title-de99289b54fe6759,みんなの日本語中級,みんなの日本語中級,みんなの日本語中級,[],Higher,,reported_use,named_material,jf-profile-2025-KZ,https://www.jpf.go.jp/j/project/japanese/survey/area/country/2025/kazakhstan_2.pdf,2025,[5],4. 学習環境 — 教材 / Higher,Named in the textbook subsection for this setting. No national adoption rate is established.,"{""status"":""not_reported"",""value"":null}",2026-10-08
evidence-a2825cbdea91d8d6,KZ,title-5c2b104c3c251604,BASIC KANJI BOOK VOL. 1、VOL2,BASIC KANJI BOOK VOL. 1、VOL2,BASIC KANJI BOOK VOL. 1、VOL2,[],Higher,,reported_use,named_material,jf-profile-2025-KZ,https://www.jpf.go.jp/j/project/japanese/survey/area/country/2025/kazakhstan_2.pdf,2025,[5],4. 学習環境 — 教材 / Higher,Named in the textbook subsection for this setting. No national adoption rate is established.,"{""status"":""not_reported"",""value"":null}",2026-10-08
evidence-3e251cd3dab5df17,KZ,title-06cef2bb4762807f,INTERMEDIATE KANJI BOOK VOL. 1、VOL2,INTERMEDIATE KANJI BOOK VOL. 1、VOL2,INTERMEDIATE KANJI BOOK VOL. 1、VOL2,[],Higher,,reported_use,named_material,jf-profile-2025-KZ,https://www.jpf.go.jp/j/project/japanese/survey/area/country/2025/kazakhstan_2.pdf,2025,[5],4. 学習環境 — 教材 / Higher,Named in the textbook subsection for this setting. No national adoption rate is established.,"{""status"":""not_reported"",""value"":null}",2026-10-08
evidence-53e65c927df681ad,KZ,title-013afebe2b30c147,まるごと,まるごと,まるごと,[],Higher,,reported_use,named_material,jf-profile-2025-KZ,https://www.jpf.go.jp/j/project/japanese/survey/area/country/2025/kazakhstan_2.pdf,2025,[5],4. 学習環境 — 教材 / Higher,Named in the textbook subsection for this setting. No national adoption rate is established.,"{""status"":""not_reported"",""value"":null}",2026-10-08
evidence-a4517ca7b2b22ba2,KZ,title-5cc05109a3935223,みんなの日本語初級Ⅰ、Ⅱ,みんなの日本語初級Ⅰ、Ⅱ,みんなの日本語初級Ⅰ、Ⅱ,[],Other,,historical_use,named_material,jf-profile-2025-KZ,https://www.jpf.go.jp/j/project/japanese/survey/area/country/2025/kazakhstan_2.pdf,2025,[5],4. 学習環境 — 教材 / Other,Described as material used before the current Marugoto courses.,"{""status"":""not_reported"",""value"":null}",2026-10-08
evidence-d6301f5a0fbd46bc,KZ,title-a9a00968b2ee7419,文化中級日本語Ⅰ,文化中級日本語Ⅰ,文化中級日本語Ⅰ,[],Other,,historical_use,named_material,jf-profile-2025-KZ,https://www.jpf.go.jp/j/project/japanese/survey/area/country/2025/kazakhstan_2.pdf,2025,[5],4. 学習環境 — 教材 / Other,Described as material used before the current Marugoto courses.,"{""status"":""not_reported"",""value"":null}",2026-10-08
evidence-c105d2d719548826,KZ,title-de99289b54fe6759,みんなの日本語中級,みんなの日本語中級,みんなの日本語中級,[],Other,,historical_use,named_material,jf-profile-2025-KZ,https://www.jpf.go.jp/j/project/japanese/survey/area/country/2025/kazakhstan_2.pdf,2025,"[5,6]",4. 学習環境 — 教材 / Other,Described as material used before the current Marugoto courses.,"{""status"":""not_reported"",""value"":null}",2026-10-08
evidence-e1db6f564646f77e,KZ,title-21ddf85300a14c5a,INTERMEDIATE KANJI BOOK Vol.1、2,INTERMEDIATE KANJI BOOK Vol.1、2,INTERMEDIATE KANJI BOOK Vol.1、2,[],Other,,historical_use,named_material,jf-profile-2025-KZ,https://www.jpf.go.jp/j/project/japanese/survey/area/country/2025/kazakhstan_2.pdf,2025,[6],4. 学習環境 — 教材 / Other,Described as material used before the current Marugoto courses.,"{""status"":""not_reported"",""value"":null}",2026-10-08
evidence-71e916abdd8c2bea,KZ,title-6ebd7e06af010dd3,まるごと日本のことばと文化,まるごと日本のことばと文化,まるごと日本のことばと文化,[],Other,,reported_use,named_material,jf-profile-2025-KZ,https://www.jpf.go.jp/j/project/japanese/survey/area/country/2025/kazakhstan_2.pdf,2025,[6],4. 学習環境 — 教材 / Other,Named in the textbook subsection for this setting. No national adoption rate is established.,"{""status"":""not_reported"",""value"":null}",2026-10-08
evidence-39b167f6231bf0ff,KZ,title-e368050bcf7d6dba,まるごと入門 A1,まるごと入門 A1,まるごと入門 A1,[],Other,,reported_use,named_material,jf-profile-2025-KZ,https://www.jpf.go.jp/j/project/japanese/survey/area/country/2025/kazakhstan_2.pdf,2025,[6],4. 学習環境 — 教材 / Other,Named in the textbook subsection for this setting. No national adoption rate is established.,"{""status"":""not_reported"",""value"":null}",2026-10-08
evidence-9170876a0c1d7391,KZ,title-cb60e23cdfe3b9f8,まるごと初級 1 A2,まるごと初級 1 A2,まるごと初級 1 A2,[],Other,,reported_use,named_material,jf-profile-2025-KZ,https://www.jpf.go.jp/j/project/japanese/survey/area/country/2025/kazakhstan_2.pdf,2025,[6],4. 学習環境 — 教材 / Other,Named in the textbook subsection for this setting. No national adoption rate is established.,"{""status"":""not_reported"",""value"":null}",2026-10-08
evidence-a1d6f3deedcf5fbb,KZ,title-d7156b3e641e507d,まるごと初級 2 A2,まるごと初級 2 A2,まるごと初級 2 A2,[],Other,,reported_use,named_material,jf-profile-2025-KZ,https://www.jpf.go.jp/j/project/japanese/survey/area/country/2025/kazakhstan_2.pdf,2025,[6],4. 学習環境 — 教材 / Other,Named in the textbook subsection for this setting. No national adoption rate is established.,"{""status"":""not_reported"",""value"":null}",2026-10-08
evidence-6d47de2ec31a5cfa,KZ,title-d5aa047ffb17718c,まるごと初中級 A2-B1,まるごと初中級 A2-B1,まるごと初中級 A2-B1,[],Other,,reported_use,named_material,jf-profile-2025-KZ,https://www.jpf.go.jp/j/project/japanese/survey/area/country/2025/kazakhstan_2.pdf,2025,[6],4. 学習環境 — 教材 / Other,Named in the textbook subsection for this setting. No national adoption rate is established.,"{""status"":""not_reported"",""value"":null}",2026-10-08
evidence-34fa2ffdc2fe0681,KZ,title-787d7f95141197b5,まるごと中級 1,まるごと中級 1,まるごと中級 1,[],Other,,reported_use,named_material,jf-profile-2025-KZ,https://www.jpf.go.jp/j/project/japanese/survey/area/country/2025/kazakhstan_2.pdf,2025,[6],4. 学習環境 — 教材 / Other,Named in the textbook subsection for this setting. No national adoption rate is established.,"{""status"":""not_reported"",""value"":null}",2026-10-08
evidence-46ac4b7ac601528c,KZ,title-6a060cfc4084485c,まるごと中級 2,まるごと中級 2,まるごと中級 2,[],Other,,reported_use,named_material,jf-profile-2025-KZ,https://www.jpf.go.jp/j/project/japanese/survey/area/country/2025/kazakhstan_2.pdf,2025,[6],4. 学習環境 — 教材 / Other,Named in the textbook subsection for this setting. No national adoption rate is established.,"{""status"":""not_reported"",""value"":null}",2026-10-08
evidence-c4bb84a88e951e6d,MK,title-3aeee73580f128f6,初級日本語げんきⅠ,初級日本語げんきⅠ,初級日本語げんきⅠ,[],Higher,,reported_use,named_material,jf-profile-2025-MK,https://www.jpf.go.jp/j/project/japanese/survey/area/country/2025/macedonia_2.pdf,2025,[3],4. 学習環境 — 教材 / Higher,Named in the textbook subsection for this setting. No national adoption rate is established.,"{""status"":""not_reported"",""value"":null}",2026-10-08
evidence-505f2370e571f4a7,MK,title-41e0b6ccf6e2a42f,げんきワークブックⅠ,げんきワークブックⅠ,げんきワークブックⅠ,[],Higher,,reported_use,named_material,jf-profile-2025-MK,https://www.jpf.go.jp/j/project/japanese/survey/area/country/2025/macedonia_2.pdf,2025,[3],4. 学習環境 — 教材 / Higher,Named in the textbook subsection for this setting. No national adoption rate is established.,"{""status"":""not_reported"",""value"":null}",2026-10-08
evidence-1b26da5655c9e9eb,MK,title-ddc99805f83e74e2,にほんごこれだけ！１,にほんごこれだけ！１,にほんごこれだけ！１,[],Higher,,reported_use,named_material,jf-profile-2025-MK,https://www.jpf.go.jp/j/project/japanese/survey/area/country/2025/macedonia_2.pdf,2025,[3],4. 学習環境 — 教材 / Higher,Named in the textbook subsection for this setting. No national adoption rate is established.,"{""status"":""not_reported"",""value"":null}",2026-10-08
evidence-876862581a09e8b5,MK,title-55ca73338d80bf5c,Japanese for Young People I: Kana Workbook,Japanese for Young People I: Kana Workbook,Japanese for Young People I: Kana Workbook,[],Higher,,reported_use,named_material,jf-profile-2025-MK,https://www.jpf.go.jp/j/project/japanese/survey/area/country/2025/macedonia_2.pdf,2025,[3],4. 学習環境 — 教材 / Higher,Named in the textbook subsection for this setting. No national adoption rate is established.,"{""status"":""not_reported"",""value"":null}",2026-10-08
evidence-2c2cfa9e8792a5ac,KG,title-1d30ddf260e5f2fc,みんなの日本語初級Ⅰ,みんなの日本語初級Ⅰ,みんなの日本語初級Ⅰ,[],Secondary,,reported_use,named_material,jf-profile-2025-KG,https://www.jpf.go.jp/j/project/japanese/survey/area/country/2025/kyrgyz_2.pdf,2025,[4],4. 学習環境 — 教材 / Secondary,Named in the textbook subsection for this setting. No national adoption rate is established.,"{""status"":""not_reported"",""value"":null}",2026-10-08
evidence-14e585b5fbb458e4,KG,title-14771f2b66885528,すいすい,すいすい,すいすい,[],Secondary,,reported_use,named_material,jf-profile-2025-KG,https://www.jpf.go.jp/j/project/japanese/survey/area/country/2025/kyrgyz_2.pdf,2025,[4],4. 学習環境 — 教材 / Secondary,Named in the textbook subsection for this setting. No national adoption rate is established.,"{""status"":""not_reported"",""value"":null}",2026-10-08
evidence-d5d50c945b40dacf,KG,title-6ebd7e06af010dd3,まるごと日本のことばと文化,まるごと日本のことばと文化,まるごと日本のことばと文化,[],Secondary,,reported_use,named_material,jf-profile-2025-KG,https://www.jpf.go.jp/j/project/japanese/survey/area/country/2025/kyrgyz_2.pdf,2025,[4],4. 学習環境 — 教材 / Secondary,Named in the textbook subsection for this setting. No national adoption rate is established.,"{""status"":""not_reported"",""value"":null}",2026-10-08
evidence-6bc4eb3a57bae7be,KG,title-836da6cf3a3d9130,子どもの日本語,子どもの日本語,子どもの日本語,[],Secondary,,reported_use,named_material,jf-profile-2025-KG,https://www.jpf.go.jp/j/project/japanese/survey/area/country/2025/kyrgyz_2.pdf,2025,[4],4. 学習環境 — 教材 / Secondary,Named in the textbook subsection for this setting. No national adoption rate is established.,"{""status"":""not_reported"",""value"":null}",2026-10-08
evidence-1e5f79dd46e44068,KG,title-ea78f138b029c339,みんなの日本語初級,みんなの日本語初級,みんなの日本語初級,[],Higher,,reported_use,named_material,jf-profile-2025-KG,https://www.jpf.go.jp/j/project/japanese/survey/area/country/2025/kyrgyz_2.pdf,2025,[5],4. 学習環境 — 教材 / Higher,Named in the textbook subsection for this setting. No national adoption rate is established.,"{""status"":""not_reported"",""value"":null}",2026-10-08
evidence-a9b2a52174f64dda,KG,title-2a7c15d9bbc7355a,J-Bridge,J-Bridge,J-Bridge,[],Higher,,reported_use,named_material,jf-profile-2025-KG,https://www.jpf.go.jp/j/project/japanese/survey/area/country/2025/kyrgyz_2.pdf,2025,[5],4. 学習環境 — 教材 / Higher,Named in the textbook subsection for this setting. No national adoption rate is established.,"{""status"":""not_reported"",""value"":null}",2026-10-08
evidence-2c436ad2b55290e9,KG,title-2fa90fb19e335306,できる日本語,できる日本語,できる日本語,[],Higher,,reported_use,named_material,jf-profile-2025-KG,https://www.jpf.go.jp/j/project/japanese/survey/area/country/2025/kyrgyz_2.pdf,2025,[5],4. 学習環境 — 教材 / Higher,Named in the textbook subsection for this setting. No national adoption rate is established.,"{""status"":""not_reported"",""value"":null}",2026-10-08
evidence-ebf9876f6cc20d81,KG,title-f62f73bc53f02358,中級へ行こう,中級へ行こう,中級へ行こう,[],Higher,,reported_use,named_material,jf-profile-2025-KG,https://www.jpf.go.jp/j/project/japanese/survey/area/country/2025/kyrgyz_2.pdf,2025,[5],4. 学習環境 — 教材 / Higher,Named in the textbook subsection for this setting. No national adoption rate is established.,"{""status"":""not_reported"",""value"":null}",2026-10-08
evidence-a9188d72a8298e3b,KG,title-9bd338e36b5001ae,BASIC KANJI BOOK,BASIC KANJI BOOK,BASIC KANJI BOOK,[],Higher,,reported_use,named_material,jf-profile-2025-KG,https://www.jpf.go.jp/j/project/japanese/survey/area/country/2025/kyrgyz_2.pdf,2025,[5],4. 学習環境 — 教材 / Higher,Named in the textbook subsection for this setting. No national adoption rate is established.,"{""status"":""not_reported"",""value"":null}",2026-10-08
evidence-8110e61ed890fc57,KG,title-6ebd7e06af010dd3,まるごと日本のことばと文化,まるごと日本のことばと文化,まるごと日本のことばと文化,[],Higher,,reported_use,named_material,jf-profile-2025-KG,https://www.jpf.go.jp/j/project/japanese/survey/area/country/2025/kyrgyz_2.pdf,2025,[5],4. 学習環境 — 教材 / Higher,Named in the textbook subsection for this setting. No national adoption rate is established.,"{""status"":""not_reported"",""value"":null}",2026-10-08
evidence-7e99ca9b041f9996,KG,title-089930480a900f6d,いろどり生活の日本語,いろどり生活の日本語,いろどり生活の日本語,[],Higher,,reported_use,named_material,jf-profile-2025-KG,https://www.jpf.go.jp/j/project/japanese/survey/area/country/2025/kyrgyz_2.pdf,2025,[5],4. 学習環境 — 教材 / Higher,Named in the textbook subsection for this setting. No national adoption rate is established.,"{""status"":""not_reported"",""value"":null}",2026-10-08
evidence-7ac02fe658eb3389,KG,title-5cdf7e72cd95edca,みんなの日本語,みんなの日本語,みんなの日本語,[],Other,,reported_use,named_material,jf-profile-2025-KG,https://www.jpf.go.jp/j/project/japanese/survey/area/country/2025/kyrgyz_2.pdf,2025,[5],4. 学習環境 — 教材 / Other,Named in the textbook subsection for this setting. No national adoption rate is established.,"{""status"":""not_reported"",""value"":null}",2026-10-08
evidence-a67191192d335ca3,KG,title-a222e9822c462454,文化初級日本語,文化初級日本語,文化初級日本語,[],Other,,reported_use,named_material,jf-profile-2025-KG,https://www.jpf.go.jp/j/project/japanese/survey/area/country/2025/kyrgyz_2.pdf,2025,[5],4. 学習環境 — 教材 / Other,Named in the textbook subsection for this setting. No national adoption rate is established.,"{""status"":""not_reported"",""value"":null}",2026-10-08
evidence-da4218fb2477de82,KG,title-fab4d9598295ae61,日本語 20 時間ロシア語版,日本語 20 時間ロシア語版,日本語 20 時間ロシア語版,[],Other,,reported_use,named_material,jf-profile-2025-KG,https://www.jpf.go.jp/j/project/japanese/survey/area/country/2025/kyrgyz_2.pdf,2025,[5],4. 学習環境 — 教材 / Other,Named in the textbook subsection for this setting. No national adoption rate is established.,"{""status"":""not_reported"",""value"":null}",2026-10-08
evidence-b7e4ce550f679d47,KG,title-6ebd7e06af010dd3,まるごと日本のことばと文化,まるごと日本のことばと文化,まるごと日本のことばと文化,[],Other,,reported_use,named_material,jf-profile-2025-KG,https://www.jpf.go.jp/j/project/japanese/survey/area/country/2025/kyrgyz_2.pdf,2025,[5],4. 学習環境 — 教材 / Other,Named in the textbook subsection for this setting. No national adoption rate is established.,"{""status"":""not_reported"",""value"":null}",2026-10-08
evidence-a1a7a45205d18833,KG,title-089930480a900f6d,いろどり生活の日本語,いろどり生活の日本語,いろどり生活の日本語,[],Other,,reported_use,named_material,jf-profile-2025-KG,https://www.jpf.go.jp/j/project/japanese/survey/area/country/2025/kyrgyz_2.pdf,2025,[5],4. 学習環境 — 教材 / Other,Named in the textbook subsection for this setting. No national adoption rate is established.,"{""status"":""not_reported"",""value"":null}",2026-10-08
evidence-1c95fa94bc219ec1,HR,title-5cdf7e72cd95edca,みんなの日本語,みんなの日本語,みんなの日本語,[],Higher,,reported_use,named_material,jf-profile-2025-HR,https://www.jpf.go.jp/j/project/japanese/survey/area/country/2025/croatia_2.pdf,2025,[4],4. 学習環境 — 教材 / Higher,Named in the textbook subsection for this setting. No national adoption rate is established.,"{""status"":""not_reported"",""value"":null}",2026-10-08
evidence-df06362d3a1a1d9a,HR,title-d4aef6cef4a0f931,とびら,とびら,とびら,[],Higher,,reported_use,named_material,jf-profile-2025-HR,https://www.jpf.go.jp/j/project/japanese/survey/area/country/2025/croatia_2.pdf,2025,[4],4. 学習環境 — 教材 / Higher,Named in the textbook subsection for this setting. No national adoption rate is established.,"{""status"":""not_reported"",""value"":null}",2026-10-08
evidence-e14abbbc9500d312,HR,title-83460c5bb06bd9a0,げんき,げんき,げんき,[],Higher,,reported_use,named_material,jf-profile-2025-HR,https://www.jpf.go.jp/j/project/japanese/survey/area/country/2025/croatia_2.pdf,2025,[4],4. 学習環境 — 教材 / Higher,Named in the textbook subsection for this setting. No national adoption rate is established.,"{""status"":""not_reported"",""value"":null}",2026-10-08
evidence-c6da38bc8c20e74e,HR,title-83460c5bb06bd9a0,げんき,げんき,げんき,[],Other,,reported_use,named_material,jf-profile-2025-HR,https://www.jpf.go.jp/j/project/japanese/survey/area/country/2025/croatia_2.pdf,2025,[4],4. 学習環境 — 教材 / Other,Named in the textbook subsection for this setting. No national adoption rate is established.,"{""status"":""not_reported"",""value"":null}",2026-10-08
evidence-4a7a6ce27836754a,HR,title-6ebd7e06af010dd3,まるごと日本のことばと文化,まるごと日本のことばと文化,まるごと日本のことばと文化,[],Other,,reported_use,named_material,jf-profile-2025-HR,https://www.jpf.go.jp/j/project/japanese/survey/area/country/2025/croatia_2.pdf,2025,[4],4. 学習環境 — 教材 / Other,Named in the textbook subsection for this setting. No national adoption rate is established.,"{""status"":""not_reported"",""value"":null}",2026-10-08
evidence-daece127bd666713,GE,title-2c7be2d195b8c68f,ひろこさんのたのしいにほんご,ひろこさんのたのしいにほんご,ひろこさんのたのしいにほんご,[],Secondary,,reported_use,named_material,jf-profile-2025-GE,https://www.jpf.go.jp/j/project/japanese/survey/area/country/2025/georgia_2.pdf,2025,[4],4. 学習環境 — 教材 / Secondary,Named in the textbook subsection for this setting. No national adoption rate is established.,"{""status"":""not_reported"",""value"":null}",2026-10-08
evidence-08532ee29aabf848,GE,title-90c94bc79f917649,みんなの日本語１,みんなの日本語１,みんなの日本語１,[],Secondary,,reported_use,named_material,jf-profile-2025-GE,https://www.jpf.go.jp/j/project/japanese/survey/area/country/2025/georgia_2.pdf,2025,[5],4. 学習環境 — 教材 / Secondary,Named in the textbook subsection for this setting. No national adoption rate is established.,"{""status"":""not_reported"",""value"":null}",2026-10-08
evidence-1e0329fa88dd2943,GE,title-26b3ebb21d26699d,みんなの日本語２,みんなの日本語２,みんなの日本語２,[],Secondary,,reported_use,named_material,jf-profile-2025-GE,https://www.jpf.go.jp/j/project/japanese/survey/area/country/2025/georgia_2.pdf,2025,[5],4. 学習環境 — 教材 / Secondary,Named in the textbook subsection for this setting. No national adoption rate is established.,"{""status"":""not_reported"",""value"":null}",2026-10-08
evidence-7b00221405ee2f8d,GE,title-6874f8483613f0e5,BASIC KANJI BOOK Vol. 1,BASIC KANJI BOOK Vol. 1,BASIC KANJI BOOK Vol. 1,[],Secondary,,reported_use,named_material,jf-profile-2025-GE,https://www.jpf.go.jp/j/project/japanese/survey/area/country/2025/georgia_2.pdf,2025,[5],4. 学習環境 — 教材 / Secondary,Named in the textbook subsection for this setting. No national adoption rate is established.,"{""status"":""not_reported"",""value"":null}",2026-10-08
evidence-72346d7e8a9e2b04,GE,title-90c94bc79f917649,みんなの日本語１,みんなの日本語１,みんなの日本語１,[],Higher,,reported_use,named_material,jf-profile-2025-GE,https://www.jpf.go.jp/j/project/japanese/survey/area/country/2025/georgia_2.pdf,2025,[5],4. 学習環境 — 教材 / Higher,Named in the textbook subsection for this setting. No national adoption rate is established.,"{""status"":""not_reported"",""value"":null}",2026-10-08
evidence-fd78c0e249cd5dd0,GE,title-26b3ebb21d26699d,みんなの日本語２,みんなの日本語２,みんなの日本語２,[],Higher,,reported_use,named_material,jf-profile-2025-GE,https://www.jpf.go.jp/j/project/japanese/survey/area/country/2025/georgia_2.pdf,2025,[5],4. 学習環境 — 教材 / Higher,Named in the textbook subsection for this setting. No national adoption rate is established.,"{""status"":""not_reported"",""value"":null}",2026-10-08
evidence-08e13eaa3efb5bfc,GE,title-d6797a484ce6543a,BASIC KANJI BOOK Vol. １,BASIC KANJI BOOK Vol. １,BASIC KANJI BOOK Vol. １,[],Higher,,reported_use,named_material,jf-profile-2025-GE,https://www.jpf.go.jp/j/project/japanese/survey/area/country/2025/georgia_2.pdf,2025,[5],4. 学習環境 — 教材 / Higher,Named in the textbook subsection for this setting. No national adoption rate is established.,"{""status"":""not_reported"",""value"":null}",2026-10-08
evidence-5738cfb87f6b2e4a,GE,title-ac7aea1b72c0fba3,BASIC KANJI BOOK Vol. ２,BASIC KANJI BOOK Vol. ２,BASIC KANJI BOOK Vol. ２,[],Higher,,reported_use,named_material,jf-profile-2025-GE,https://www.jpf.go.jp/j/project/japanese/survey/area/country/2025/georgia_2.pdf,2025,[5],4. 学習環境 — 教材 / Higher,Named in the textbook subsection for this setting. No national adoption rate is established.,"{""status"":""not_reported"",""value"":null}",2026-10-08
evidence-c13c73af4ec4cbfb,GE,title-85402432b72ac8d3,Intermediate Kanji Book Vol. １,Intermediate Kanji Book Vol. １,Intermediate Kanji Book Vol. １,[],Higher,,reported_use,named_material,jf-profile-2025-GE,https://www.jpf.go.jp/j/project/japanese/survey/area/country/2025/georgia_2.pdf,2025,[5],4. 学習環境 — 教材 / Higher,Named in the textbook subsection for this setting. No national adoption rate is established.,"{""status"":""not_reported"",""value"":null}",2026-10-08
evidence-8abdd162e42211e9,GE,title-83f0a4ce5c0b249c,ニューアプローチ中級日本語,ニューアプローチ中級日本語,ニューアプローチ中級日本語,[],Higher,,reported_use,named_material,jf-profile-2025-GE,https://www.jpf.go.jp/j/project/japanese/survey/area/country/2025/georgia_2.pdf,2025,[5],4. 学習環境 — 教材 / Higher,Named in the textbook subsection for this setting. No national adoption rate is established.,"{""status"":""not_reported"",""value"":null}",2026-10-08
evidence-3bd7b4924e5b2a6d,GE,title-627f407f1b610ac7,ニューアプローチ中上級日本語,ニューアプローチ中上級日本語,ニューアプローチ中上級日本語,[],Higher,,reported_use,named_material,jf-profile-2025-GE,https://www.jpf.go.jp/j/project/japanese/survey/area/country/2025/georgia_2.pdf,2025,[5],4. 学習環境 — 教材 / Higher,Named in the textbook subsection for this setting. No national adoption rate is established.,"{""status"":""not_reported"",""value"":null}",2026-10-08
evidence-1197755572a705e9,GE,title-f61805666d728fc6,どんなときどう使う,どんなときどう使う,どんなときどう使う,[],Higher,,reported_use,named_material,jf-profile-2025-GE,https://www.jpf.go.jp/j/project/japanese/survey/area/country/2025/georgia_2.pdf,2025,[5],4. 学習環境 — 教材 / Higher,Named in the textbook subsection for this setting. No national adoption rate is established.,"{""status"":""not_reported"",""value"":null}",2026-10-08
evidence-271f2daa2380fde2,GE,title-19cc48bb01472735,Speech for Basic Level Japanese,Speech for Basic Level Japanese,Speech for Basic Level Japanese,[],Higher,,reported_use,named_material,jf-profile-2025-GE,https://www.jpf.go.jp/j/project/japanese/survey/area/country/2025/georgia_2.pdf,2025,[5],4. 学習環境 — 教材 / Higher,Named in the textbook subsection for this setting. No national adoption rate is established.,"{""status"":""not_reported"",""value"":null}",2026-10-08
evidence-191a1ecf0dbd5c37,GE,title-68fbeecc25f41024,日本語 N5 文法・読解まるごとマスター,日本語 N5 文法・読解まるごとマスター,日本語 N5 文法・読解まるごとマスター,[],Higher,,reported_use,named_material,jf-profile-2025-GE,https://www.jpf.go.jp/j/project/japanese/survey/area/country/2025/georgia_2.pdf,2025,[5],4. 学習環境 — 教材 / Higher,Named in the textbook subsection for this setting. No national adoption rate is established.,"{""status"":""not_reported"",""value"":null}",2026-10-08
evidence-d6da25b199955fa7,GE,title-decd4daae8b636c3,日本語 N4 文法・読解まるごとマスター,日本語 N4 文法・読解まるごとマスター,日本語 N4 文法・読解まるごとマスター,[],Higher,,reported_use,named_material,jf-profile-2025-GE,https://www.jpf.go.jp/j/project/japanese/survey/area/country/2025/georgia_2.pdf,2025,[5],4. 学習環境 — 教材 / Higher,Named in the textbook subsection for this setting. No national adoption rate is established.,"{""status"":""not_reported"",""value"":null}",2026-10-08
evidence-139bf42515d789f5,GE,title-3d56293780f7365f,今日からはじめる感じがいい日本語初級レベルコミュニケーションを楽しもう！,今日からはじめる感じがいい日本語初級レベルコミュニケーションを楽しもう！,今日からはじめる感じがいい日本語初級レベルコミュニケーションを楽しもう！,[],Higher,,reported_use,named_material,jf-profile-2025-GE,https://www.jpf.go.jp/j/project/japanese/survey/area/country/2025/georgia_2.pdf,2025,[5],4. 学習環境 — 教材 / Higher,Named in the textbook subsection for this setting. No national adoption rate is established.,"{""status"":""not_reported"",""value"":null}",2026-10-08
evidence-f8f46701b27eda3f,GE,title-d545410b90d90bdd,日本語 N3 文法・読解まるごとマスター,日本語 N3 文法・読解まるごとマスター,日本語 N3 文法・読解まるごとマスター,[],Higher,,reported_use,named_material,jf-profile-2025-GE,https://www.jpf.go.jp/j/project/japanese/survey/area/country/2025/georgia_2.pdf,2025,[5],4. 学習環境 — 教材 / Higher,Named in the textbook subsection for this setting. No national adoption rate is established.,"{""status"":""not_reported"",""value"":null}",2026-10-08
evidence-00d4afe6449c6532,GE,title-13298597addc2aaa,会話の授業を楽しくするコミュニケーションのためのクラス活動 40―初級後半から上級の日本語クラス対象,会話の授業を楽しくするコミュニケーションのためのクラス活動 40―初級後半から上級の日本語クラス対象,会話の授業を楽しくするコミュニケーションのためのクラス活動 40―初級後半から上級の日本語クラス対象,[],Higher,,reported_use,named_material,jf-profile-2025-GE,https://www.jpf.go.jp/j/project/japanese/survey/area/country/2025/georgia_2.pdf,2025,[5],4. 学習環境 — 教材 / Higher,Named in the textbook subsection for this setting. No national adoption rate is established.,"{""status"":""not_reported"",""value"":null}",2026-10-08
evidence-cc07fc82db8e586c,GE,title-d2fa520707fa5ba3,Intermediate Kanji Book Vol. ２,Intermediate Kanji Book Vol. ２,Intermediate Kanji Book Vol. ２,[],Higher,,reported_use,named_material,jf-profile-2025-GE,https://www.jpf.go.jp/j/project/japanese/survey/area/country/2025/georgia_2.pdf,2025,[5],4. 学習環境 — 教材 / Higher,Named in the textbook subsection for this setting. No national adoption rate is established.,"{""status"":""not_reported"",""value"":null}",2026-10-08
evidence-64b133191bf2e540,GE,title-627f407f1b610ac7,ニューアプローチ中上級日本語,ニューアプローチ中上級日本語,ニューアプローチ中上級日本語,[],Higher,,reported_use,named_material,jf-profile-2025-GE,https://www.jpf.go.jp/j/project/japanese/survey/area/country/2025/georgia_2.pdf,2025,[6],4. 学習環境 — 教材 / Higher,Named in the textbook subsection for this setting. No national adoption rate is established.,"{""status"":""not_reported"",""value"":null}",2026-10-08
evidence-84d95b7034be51f9,GE,title-0d4ba6172577d2a1,日常生活に見る日本の文化,日常生活に見る日本の文化,日常生活に見る日本の文化,[],Higher,,reported_use,named_material,jf-profile-2025-GE,https://www.jpf.go.jp/j/project/japanese/survey/area/country/2025/georgia_2.pdf,2025,[6],4. 学習環境 — 教材 / Higher,Named in the textbook subsection for this setting. No national adoption rate is established.,"{""status"":""not_reported"",""value"":null}",2026-10-08
evidence-864b096c5bd158b2,GE,title-f61805666d728fc6,どんなときどう使う,どんなときどう使う,どんなときどう使う,[],Higher,,reported_use,named_material,jf-profile-2025-GE,https://www.jpf.go.jp/j/project/japanese/survey/area/country/2025/georgia_2.pdf,2025,[6],4. 学習環境 — 教材 / Higher,Named in the textbook subsection for this setting. No national adoption rate is established.,"{""status"":""not_reported"",""value"":null}",2026-10-08
evidence-615f6286c4a4c3cf,GE,title-90c94bc79f917649,みんなの日本語１,みんなの日本語１,みんなの日本語１,[],Higher,,reported_use,named_material,jf-profile-2025-GE,https://www.jpf.go.jp/j/project/japanese/survey/area/country/2025/georgia_2.pdf,2025,[6],4. 学習環境 — 教材 / Higher,Named in the textbook subsection for this setting. No national adoption rate is established.,"{""status"":""not_reported"",""value"":null}",2026-10-08
evidence-4affc529f616d7f9,GE,title-26b3ebb21d26699d,みんなの日本語２,みんなの日本語２,みんなの日本語２,[],Higher,,reported_use,named_material,jf-profile-2025-GE,https://www.jpf.go.jp/j/project/japanese/survey/area/country/2025/georgia_2.pdf,2025,[6],4. 学習環境 — 教材 / Higher,Named in the textbook subsection for this setting. No national adoption rate is established.,"{""status"":""not_reported"",""value"":null}",2026-10-08
evidence-761b368b0831f76d,GE,title-6874f8483613f0e5,BASIC KANJI BOOK Vol. 1,BASIC KANJI BOOK Vol. 1,BASIC KANJI BOOK Vol. 1,[],Higher,,reported_use,named_material,jf-profile-2025-GE,https://www.jpf.go.jp/j/project/japanese/survey/area/country/2025/georgia_2.pdf,2025,[6],4. 学習環境 — 教材 / Higher,Named in the textbook subsection for this setting. No national adoption rate is established.,"{""status"":""not_reported"",""value"":null}",2026-10-08
evidence-709d157c7438fa01,GE,title-302a2ad67aaee1f6,BASIC KANJI BOOK Vol. 2,BASIC KANJI BOOK Vol. 2,BASIC KANJI BOOK Vol. 2,[],Higher,,reported_use,named_material,jf-profile-2025-GE,https://www.jpf.go.jp/j/project/japanese/survey/area/country/2025/georgia_2.pdf,2025,[6],4. 学習環境 — 教材 / Higher,Named in the textbook subsection for this setting. No national adoption rate is established.,"{""status"":""not_reported"",""value"":null}",2026-10-08
evidence-b6f710e6a14534c1,GE,title-e16f6162d616037d,日本を知る: その暮らし 365 日,日本を知る: その暮らし 365 日,日本を知る: その暮らし 365 日,[],Higher,,reported_use,named_material,jf-profile-2025-GE,https://www.jpf.go.jp/j/project/japanese/survey/area/country/2025/georgia_2.pdf,2025,[6],4. 学習環境 — 教材 / Higher,Named in the textbook subsection for this setting. No national adoption rate is established.,"{""status"":""not_reported"",""value"":null}",2026-10-08
evidence-0cfc731d9570cdfe,GE,title-83f0a4ce5c0b249c,ニューアプローチ中級日本語,ニューアプローチ中級日本語,ニューアプローチ中級日本語,[],Higher,,reported_use,named_material,jf-profile-2025-GE,https://www.jpf.go.jp/j/project/japanese/survey/area/country/2025/georgia_2.pdf,2025,[6],4. 学習環境 — 教材 / Higher,Named in the textbook subsection for this setting. No national adoption rate is established.,"{""status"":""not_reported"",""value"":null}",2026-10-08
evidence-9f65147857a037f5,GE,title-6ebd7e06af010dd3,まるごと日本のことばと文化,まるごと日本のことばと文化,まるごと日本のことばと文化,[],Higher,,reported_use,named_material,jf-profile-2025-GE,https://www.jpf.go.jp/j/project/japanese/survey/area/country/2025/georgia_2.pdf,2025,[6],4. 学習環境 — 教材 / Higher,Named in the textbook subsection for this setting. No national adoption rate is established.,"{""status"":""not_reported"",""value"":null}",2026-10-08
evidence-2a9878f1a8bd7577,GE,title-b010cf8f0da41678,ビジネス日本語 Ⅰ、Ⅱ,ビジネス日本語 Ⅰ、Ⅱ,ビジネス日本語 Ⅰ、Ⅱ,[],Higher,,reported_use,named_material,jf-profile-2025-GE,https://www.jpf.go.jp/j/project/japanese/survey/area/country/2025/georgia_2.pdf,2025,[6],4. 学習環境 — 教材 / Higher,Named in the textbook subsection for this setting. No national adoption rate is established.,"{""status"":""not_reported"",""value"":null}",2026-10-08
evidence-2a52e895a5745477,GE,title-182cdd94fab9fabb,Intermediate Kanji Book Vol. 1,Intermediate Kanji Book Vol. 1,Intermediate Kanji Book Vol. 1,[],Higher,,reported_use,named_material,jf-profile-2025-GE,https://www.jpf.go.jp/j/project/japanese/survey/area/country/2025/georgia_2.pdf,2025,[6],4. 学習環境 — 教材 / Higher,Named in the textbook subsection for this setting. No national adoption rate is established.,"{""status"":""not_reported"",""value"":null}",2026-10-08
evidence-3b2bd5b3743a4d30,GE,title-5fa043c271b98b48,みんなの日本語中級１,みんなの日本語中級１,みんなの日本語中級１,[],Higher,,reported_use,named_material,jf-profile-2025-GE,https://www.jpf.go.jp/j/project/japanese/survey/area/country/2025/georgia_2.pdf,2025,[6],4. 学習環境 — 教材 / Higher,Named in the textbook subsection for this setting. No national adoption rate is established.,"{""status"":""not_reported"",""value"":null}",2026-10-08
evidence-f7b3a764cadd7a99,GE,title-e73c1bbd0ceba2ac,みんなの日本語 1,みんなの日本語 1,みんなの日本語 1,[],Higher,,reported_use,named_material,jf-profile-2025-GE,https://www.jpf.go.jp/j/project/japanese/survey/area/country/2025/georgia_2.pdf,2025,[6],4. 学習環境 — 教材 / Higher,Named in the textbook subsection for this setting. No national adoption rate is established.,"{""status"":""not_reported"",""value"":null}",2026-10-08
evidence-5e3346a404dc99e0,GE,title-0c2f9059de86d9d0,みんなの日本語 2,みんなの日本語 2,みんなの日本語 2,[],Higher,,reported_use,named_material,jf-profile-2025-GE,https://www.jpf.go.jp/j/project/japanese/survey/area/country/2025/georgia_2.pdf,2025,[6],4. 学習環境 — 教材 / Higher,Named in the textbook subsection for this setting. No national adoption rate is established.,"{""status"":""not_reported"",""value"":null}",2026-10-08
evidence-4205e48ca6b418ff,GE,title-96d37e6e4635bcaa,ヤングのための日本語,ヤングのための日本語,ヤングのための日本語,[],Higher,,reported_use,named_material,jf-profile-2025-GE,https://www.jpf.go.jp/j/project/japanese/survey/area/country/2025/georgia_2.pdf,2025,[6],4. 学習環境 — 教材 / Higher,Named in the textbook subsection for this setting. No national adoption rate is established.,"{""status"":""not_reported"",""value"":null}",2026-10-08
evidence-96a89df94be64c8c,GE,title-e6e5b5c2000e244f,新完全マスターN4 文法・語彙・単語・漢字・読解・聴解,新完全マスターN4 文法・語彙・単語・漢字・読解・聴解,新完全マスターN4 文法・語彙・単語・漢字・読解・聴解,[],Higher,,reported_use,named_material,jf-profile-2025-GE,https://www.jpf.go.jp/j/project/japanese/survey/area/country/2025/georgia_2.pdf,2025,[6],4. 学習環境 — 教材 / Higher,Named in the textbook subsection for this setting. No national adoption rate is established.,"{""status"":""not_reported"",""value"":null}",2026-10-08
evidence-62087d8aa74ff2eb,GE,title-83460c5bb06bd9a0,げんき,げんき,げんき,[],Other,,reported_use,named_material,jf-profile-2025-GE,https://www.jpf.go.jp/j/project/japanese/survey/area/country/2025/georgia_2.pdf,2025,[6],4. 学習環境 — 教材 / Other,Named in the textbook subsection for this setting. No national adoption rate is established.,"{""status"":""not_reported"",""value"":null}",2026-10-08
evidence-aced8869a9174ed7,GE,title-2a7c15d9bbc7355a,J-Bridge,J-Bridge,J-Bridge,[],Other,,reported_use,named_material,jf-profile-2025-GE,https://www.jpf.go.jp/j/project/japanese/survey/area/country/2025/georgia_2.pdf,2025,[6],4. 学習環境 — 教材 / Other,Named in the textbook subsection for this setting. No national adoption rate is established.,"{""status"":""not_reported"",""value"":null}",2026-10-08
evidence-07bed19e425ff439,GE,title-013afebe2b30c147,まるごと,まるごと,まるごと,[],Other,,reported_use,named_material,jf-profile-2025-GE,https://www.jpf.go.jp/j/project/japanese/survey/area/country/2025/georgia_2.pdf,2025,[6],4. 学習環境 — 教材 / Other,Named in the textbook subsection for this setting. No national adoption rate is established.,"{""status"":""not_reported"",""value"":null}",2026-10-08
evidence-324604c80d71c9e8,SK,title-5cdf7e72cd95edca,みんなの日本語,みんなの日本語,みんなの日本語,[],Higher,,reported_use,named_material,jf-profile-2025-SK,https://www.jpf.go.jp/j/project/japanese/survey/area/country/2025/slovakia_2.pdf,2025,[4],4. 学習環境 — 教材 / Higher,Named in the textbook subsection for this setting. No national adoption rate is established.,"{""status"":""not_reported"",""value"":null}",2026-10-08
evidence-37c1fefa99e90107,SK,title-5cdf7e72cd95edca,みんなの日本語,みんなの日本語,みんなの日本語,[],Other,,reported_use,named_material,jf-profile-2025-SK,https://www.jpf.go.jp/j/project/japanese/survey/area/country/2025/slovakia_2.pdf,2025,[4],4. 学習環境 — 教材 / Other,Named in the textbook subsection for this setting. No national adoption rate is established.,"{""status"":""not_reported"",""value"":null}",2026-10-08
evidence-086ac5366bbf477a,SK,title-30f7f12fc4a3d39b,GENKI,GENKI,GENKI,[],Other,,reported_use,named_material,jf-profile-2025-SK,https://www.jpf.go.jp/j/project/japanese/survey/area/country/2025/slovakia_2.pdf,2025,[4],4. 学習環境 — 教材 / Other,Named in the textbook subsection for this setting. No national adoption rate is established.,"{""status"":""not_reported"",""value"":null}",2026-10-08
evidence-7ea74620070d9764,SI,title-cec59c36e8be23e0,みんなの日本語中級 1,みんなの日本語中級 1,みんなの日本語中級 1,[],Higher,,reported_use,named_material,jf-profile-2025-SI,https://www.jpf.go.jp/j/project/japanese/survey/area/country/2025/slovenia_2.pdf,2025,[4],4. 学習環境 — 教材 / Higher,Named in the textbook subsection for this setting. No national adoption rate is established.,"{""status"":""not_reported"",""value"":null}",2026-10-08
evidence-e2223e77f810f30f,SI,title-30a17a54e31406e8,タスクベースで学ぶ日本語中級 3,タスクベースで学ぶ日本語中級 3,タスクベースで学ぶ日本語中級 3,[],Higher,,reported_use,named_material,jf-profile-2025-SI,https://www.jpf.go.jp/j/project/japanese/survey/area/country/2025/slovenia_2.pdf,2025,[4],4. 学習環境 — 教材 / Higher,Named in the textbook subsection for this setting. No national adoption rate is established.,"{""status"":""not_reported"",""value"":null}",2026-10-08
evidence-213b32dc4bb1c451,SI,title-6ebd7e06af010dd3,まるごと日本のことばと文化,まるごと日本のことばと文化,まるごと日本のことばと文化,[],Other,,reported_use,named_material,jf-profile-2025-SI,https://www.jpf.go.jp/j/project/japanese/survey/area/country/2025/slovenia_2.pdf,2025,[5],4. 学習環境 — 教材 / Other,Named in the textbook subsection for this setting. No national adoption rate is established.,"{""status"":""not_reported"",""value"":null}",2026-10-08
evidence-0376967d49496917,SI,title-42396fe1f88c71e7,Japonščina za začetnike Ⅰ - Ⅱ,Japonščina za začetnike Ⅰ - Ⅱ,Japonščina za začetnike Ⅰ - Ⅱ,[],Higher,,reported_use,named_material,jf-profile-2025-SI,https://www.jpf.go.jp/j/project/japanese/survey/area/country/2025/slovenia_2.pdf,2025,[4],4. 学習環境 — 教材 / Higher,Named among higher-education teaching materials.,"{""status"":""not_reported"",""value"":null}",2026-10-08
evidence-e3a632cfe84cd5a0,SI,title-34c7b0a32a9ae531,Sodobna japonska slovnica za začetno stopnjo Ⅰ･Ⅱ,Sodobna japonska slovnica za začetno stopnjo Ⅰ･Ⅱ,Sodobna japonska slovnica za začetno stopnjo Ⅰ･Ⅱ,[],Higher,,reported_use,named_material,jf-profile-2025-SI,https://www.jpf.go.jp/j/project/japanese/survey/area/country/2025/slovenia_2.pdf,2025,[4],4. 学習環境 — 教材 / Higher,Named among higher-education teaching materials.,"{""status"":""not_reported"",""value"":null}",2026-10-08
evidence-8f03320076bebe28,SI,title-492914f0a46ee04a,"Uvod v japonsko pisavo : hiragana, katakana in prvih 854 pismenk","Uvod v japonsko pisavo : hiragana, katakana in prvih 854 pismenk","Uvod v japonsko pisavo : hiragana, katakana in prvih 854 pismenk",[],Higher,,reported_use,named_material,jf-profile-2025-SI,https://www.jpf.go.jp/j/project/japanese/survey/area/country/2025/slovenia_2.pdf,2025,[4],4. 学習環境 — 教材 / Higher,Named among higher-education teaching materials.,"{""status"":""not_reported"",""value"":null}",2026-10-08
evidence-bc4c836abb11bfca,RS,title-5cdf7e72cd95edca,みんなの日本語,みんなの日本語,みんなの日本語,[],Secondary,,reported_use,named_material,jf-profile-2025-RS,https://www.jpf.go.jp/j/project/japanese/survey/area/country/2025/serbia_2.pdf,2025,[4],4. 学習環境 — 教材 / Secondary,Named in the textbook subsection for this setting. No national adoption rate is established.,"{""status"":""not_reported"",""value"":null}",2026-10-08
evidence-cbc7a599702b3f46,RS,title-3dd44979b417aa8d,初級日本語新装改訂版上・下,初級日本語新装改訂版上・下,初級日本語新装改訂版上・下,[],Higher,,reported_use,named_material,jf-profile-2025-RS,https://www.jpf.go.jp/j/project/japanese/survey/area/country/2025/serbia_2.pdf,2025,[4],4. 学習環境 — 教材 / Higher,Named in the textbook subsection for this setting. No national adoption rate is established.,"{""status"":""not_reported"",""value"":null}",2026-10-08
evidence-c530326b90af2379,RS,title-5937fb6553e0e49c,中級日本語新装改訂版上・下,中級日本語新装改訂版上・下,中級日本語新装改訂版上・下,[],Higher,,reported_use,named_material,jf-profile-2025-RS,https://www.jpf.go.jp/j/project/japanese/survey/area/country/2025/serbia_2.pdf,2025,[4],4. 学習環境 — 教材 / Higher,Named in the textbook subsection for this setting. No national adoption rate is established.,"{""status"":""not_reported"",""value"":null}",2026-10-08
evidence-2a52cea7a9c9e6b9,RS,title-6ebd7e06af010dd3,まるごと日本のことばと文化,まるごと日本のことばと文化,まるごと日本のことばと文化,[],Higher,,reported_use,named_material,jf-profile-2025-RS,https://www.jpf.go.jp/j/project/japanese/survey/area/country/2025/serbia_2.pdf,2025,[4],4. 学習環境 — 教材 / Higher,Named in the textbook subsection for this setting. No national adoption rate is established.,"{""status"":""not_reported"",""value"":null}",2026-10-08
evidence-01a2fec5b52e02d9,RS,title-8ec10a7c779e9780,短期集中初級日本語文法総まとめポイント２０,短期集中初級日本語文法総まとめポイント２０,短期集中初級日本語文法総まとめポイント２０,[],Higher,,reported_use,named_material,jf-profile-2025-RS,https://www.jpf.go.jp/j/project/japanese/survey/area/country/2025/serbia_2.pdf,2025,[4],4. 学習環境 — 教材 / Higher,Named in the textbook subsection for this setting. No national adoption rate is established.,"{""status"":""not_reported"",""value"":null}",2026-10-08
evidence-20a09de1b290270c,RS,title-57b5ba3ee8437e73,わかって使える日本語,わかって使える日本語,わかって使える日本語,[],Higher,,reported_use,named_material,jf-profile-2025-RS,https://www.jpf.go.jp/j/project/japanese/survey/area/country/2025/serbia_2.pdf,2025,[4],4. 学習環境 — 教材 / Higher,Named in the textbook subsection for this setting. No national adoption rate is established.,"{""status"":""not_reported"",""value"":null}",2026-10-08
evidence-1a84852851a22fe5,RS,title-4aeaf388993fc2d0,Korak po Korak（日本語いっぽいっぽ）,Korak po Korak（日本語いっぽいっぽ）,Korak po Korak（日本語いっぽいっぽ）,[],Other,,mentioned,named_material,jf-profile-2025-RS,https://www.jpf.go.jp/j/project/japanese/survey/area/country/2025/serbia_2.pdf,2025,[4],4. 学習環境 — 教材 / Other,Local publication described; no explicit adoption claim.,"{""status"":""not_reported"",""value"":null}",2026-10-08
evidence-f804c86e111344a1,TJ,title-5cc05109a3935223,みんなの日本語初級Ⅰ、Ⅱ,みんなの日本語初級Ⅰ、Ⅱ,みんなの日本語初級Ⅰ、Ⅱ,[],Secondary,,reported_use,named_material,jf-profile-2025-TJ,https://www.jpf.go.jp/j/project/japanese/survey/area/country/2025/tajikistan_2.pdf,2025,[5],4. 学習環境 — 教材 / Secondary,Named in the textbook subsection for this setting. No national adoption rate is established.,"{""status"":""not_reported"",""value"":null}",2026-10-08
evidence-29c3a277d19e2d98,TJ,title-667d01af1e881aae,まるごと入門、初級,まるごと入門、初級,まるごと入門、初級,[],Secondary,,reported_use,named_material,jf-profile-2025-TJ,https://www.jpf.go.jp/j/project/japanese/survey/area/country/2025/tajikistan_2.pdf,2025,[5],4. 学習環境 — 教材 / Secondary,Named in the textbook subsection for this setting. No national adoption rate is established.,"{""status"":""not_reported"",""value"":null}",2026-10-08
evidence-a1079f3525528753,TJ,title-5cc05109a3935223,みんなの日本語初級Ⅰ、Ⅱ,みんなの日本語初級Ⅰ、Ⅱ,みんなの日本語初級Ⅰ、Ⅱ,[],Higher,,reported_use,named_material,jf-profile-2025-TJ,https://www.jpf.go.jp/j/project/japanese/survey/area/country/2025/tajikistan_2.pdf,2025,[5],4. 学習環境 — 教材 / Higher,Named in the textbook subsection for this setting. No national adoption rate is established.,"{""status"":""not_reported"",""value"":null}",2026-10-08
evidence-1800ae802d31c268,TJ,title-1727d31afca7a64e,ひらけ日本語,ひらけ日本語,ひらけ日本語,[],Higher,,reported_use,named_material,jf-profile-2025-TJ,https://www.jpf.go.jp/j/project/japanese/survey/area/country/2025/tajikistan_2.pdf,2025,[5],4. 学習環境 — 教材 / Higher,Named in the textbook subsection for this setting. No national adoption rate is established.,"{""status"":""not_reported"",""value"":null}",2026-10-08
evidence-6f97ce05bee37ce8,TJ,title-9bd338e36b5001ae,BASIC KANJI BOOK,BASIC KANJI BOOK,BASIC KANJI BOOK,[],Higher,,reported_use,named_material,jf-profile-2025-TJ,https://www.jpf.go.jp/j/project/japanese/survey/area/country/2025/tajikistan_2.pdf,2025,[5],4. 学習環境 — 教材 / Higher,Named in the textbook subsection for this setting. No national adoption rate is established.,"{""status"":""not_reported"",""value"":null}",2026-10-08
evidence-042a880439fea2a0,TJ,title-26c8182270b58021,ジェイ・ブリッジ,ジェイ・ブリッジ,ジェイ・ブリッジ,[],Higher,,reported_use,named_material,jf-profile-2025-TJ,https://www.jpf.go.jp/j/project/japanese/survey/area/country/2025/tajikistan_2.pdf,2025,[5],4. 学習環境 — 教材 / Higher,Named in the textbook subsection for this setting. No national adoption rate is established.,"{""status"":""not_reported"",""value"":null}",2026-10-08
evidence-ed2465ced31458db,TJ,title-5cc05109a3935223,みんなの日本語初級Ⅰ、Ⅱ,みんなの日本語初級Ⅰ、Ⅱ,みんなの日本語初級Ⅰ、Ⅱ,[],Other,,reported_use,named_material,jf-profile-2025-TJ,https://www.jpf.go.jp/j/project/japanese/survey/area/country/2025/tajikistan_2.pdf,2025,[5],4. 学習環境 — 教材 / Other,Named in the textbook subsection for this setting. No national adoption rate is established.,"{""status"":""not_reported"",""value"":null}",2026-10-08
evidence-0297711a24b3231f,TJ,title-667d01af1e881aae,まるごと入門、初級,まるごと入門、初級,まるごと入門、初級,[],Other,,reported_use,named_material,jf-profile-2025-TJ,https://www.jpf.go.jp/j/project/japanese/survey/area/country/2025/tajikistan_2.pdf,2025,[5],4. 学習環境 — 教材 / Other,Named in the textbook subsection for this setting. No national adoption rate is established.,"{""status"":""not_reported"",""value"":null}",2026-10-08
evidence-c5b2963c29c6fe79,CZ,title-ea78f138b029c339,みんなの日本語初級,みんなの日本語初級,みんなの日本語初級,[],Secondary,,reported_use,named_material,jf-profile-2025-CZ,https://www.jpf.go.jp/j/project/japanese/survey/area/country/2025/czech_2.pdf,2025,[5],4. 学習環境 — 教材 / Secondary,Named in the textbook subsection for this setting. No national adoption rate is established.,"{""status"":""not_reported"",""value"":null}",2026-10-08
evidence-ac12c5dfebaf189d,CZ,title-860b56d82ded60c6,初級日本語げんき,初級日本語げんき,初級日本語げんき,[],Secondary,,reported_use,named_material,jf-profile-2025-CZ,https://www.jpf.go.jp/j/project/japanese/survey/area/country/2025/czech_2.pdf,2025,[5],4. 学習環境 — 教材 / Secondary,Named in the textbook subsection for this setting. No national adoption rate is established.,"{""status"":""not_reported"",""value"":null}",2026-10-08
evidence-81ce72599c57dbb1,CZ,title-6ebd7e06af010dd3,まるごと日本のことばと文化,まるごと日本のことばと文化,まるごと日本のことばと文化,[],Secondary,,reported_use,named_material,jf-profile-2025-CZ,https://www.jpf.go.jp/j/project/japanese/survey/area/country/2025/czech_2.pdf,2025,[5],4. 学習環境 — 教材 / Secondary,Named in the textbook subsection for this setting. No national adoption rate is established.,"{""status"":""not_reported"",""value"":null}",2026-10-08
evidence-b414198e8d68ad28,CZ,title-6848f307b6f270ac,初級日本語 Japonstina,初級日本語 Japonstina,初級日本語 Japonstina,[],Secondary,,reported_use,named_material,jf-profile-2025-CZ,https://www.jpf.go.jp/j/project/japanese/survey/area/country/2025/czech_2.pdf,2025,[5],4. 学習環境 — 教材 / Secondary,Named in the textbook subsection for this setting. No national adoption rate is established.,"{""status"":""not_reported"",""value"":null}",2026-10-08
evidence-c2e788065c014356,CZ,title-ea78f138b029c339,みんなの日本語初級,みんなの日本語初級,みんなの日本語初級,[],Higher,,reported_use,named_material,jf-profile-2025-CZ,https://www.jpf.go.jp/j/project/japanese/survey/area/country/2025/czech_2.pdf,2025,[5],4. 学習環境 — 教材 / Higher,Named in the textbook subsection for this setting. No national adoption rate is established.,"{""status"":""not_reported"",""value"":null}",2026-10-08
evidence-cbb392f0c498664a,CZ,title-f62f73bc53f02358,中級へ行こう,中級へ行こう,中級へ行こう,[],Higher,,reported_use,named_material,jf-profile-2025-CZ,https://www.jpf.go.jp/j/project/japanese/survey/area/country/2025/czech_2.pdf,2025,[5],4. 学習環境 — 教材 / Higher,Named in the textbook subsection for this setting. No national adoption rate is established.,"{""status"":""not_reported"",""value"":null}",2026-10-08
evidence-2bac6ee7bd69532c,CZ,title-d906035db64cf6b2,中級を学ぼう,中級を学ぼう,中級を学ぼう,[],Higher,,reported_use,named_material,jf-profile-2025-CZ,https://www.jpf.go.jp/j/project/japanese/survey/area/country/2025/czech_2.pdf,2025,[5],4. 学習環境 — 教材 / Higher,Named in the textbook subsection for this setting. No national adoption rate is established.,"{""status"":""not_reported"",""value"":null}",2026-10-08
evidence-c77581258e464a35,CZ,title-6d34652b9dc59044,文化中級日本語,文化中級日本語,文化中級日本語,[],Higher,,reported_use,named_material,jf-profile-2025-CZ,https://www.jpf.go.jp/j/project/japanese/survey/area/country/2025/czech_2.pdf,2025,[5],4. 学習環境 — 教材 / Higher,Named in the textbook subsection for this setting. No national adoption rate is established.,"{""status"":""not_reported"",""value"":null}",2026-10-08
evidence-f0b97798142d0df3,CZ,title-6e11454af033bbef,中級の日本語,中級の日本語,中級の日本語,[],Higher,,reported_use,named_material,jf-profile-2025-CZ,https://www.jpf.go.jp/j/project/japanese/survey/area/country/2025/czech_2.pdf,2025,[5],4. 学習環境 — 教材 / Higher,Named in the textbook subsection for this setting. No national adoption rate is established.,"{""status"":""not_reported"",""value"":null}",2026-10-08
evidence-6f07070d5565e7c2,CZ,title-48ec250c0b82f801,絵でおぼえるひらがな,絵でおぼえるひらがな,絵でおぼえるひらがな,[],Other,,reported_use,named_material,jf-profile-2025-CZ,https://www.jpf.go.jp/j/project/japanese/survey/area/country/2025/czech_2.pdf,2025,[5],4. 学習環境 — 教材 / Other,Named in the textbook subsection for this setting. No national adoption rate is established.,"{""status"":""not_reported"",""value"":null}",2026-10-08
evidence-a635000843f48c73,CZ,title-29829739c72a9892,絵でおぼえるカタカナ,絵でおぼえるカタカナ,絵でおぼえるカタカナ,[],Other,,reported_use,named_material,jf-profile-2025-CZ,https://www.jpf.go.jp/j/project/japanese/survey/area/country/2025/czech_2.pdf,2025,[5],4. 学習環境 — 教材 / Other,Named in the textbook subsection for this setting. No national adoption rate is established.,"{""status"":""not_reported"",""value"":null}",2026-10-08
evidence-f0b316ffc16cc179,CZ,title-e7c6398a62554e3a,絵でおぼえる漢字,絵でおぼえる漢字,絵でおぼえる漢字,[],Other,,reported_use,named_material,jf-profile-2025-CZ,https://www.jpf.go.jp/j/project/japanese/survey/area/country/2025/czech_2.pdf,2025,[5],4. 学習環境 — 教材 / Other,Named in the textbook subsection for this setting. No national adoption rate is established.,"{""status"":""not_reported"",""value"":null}",2026-10-08
evidence-62d81a3da56600ee,CZ,title-3f583902d0c8454e,Situational Functional Japanese,Situational Functional Japanese,Situational Functional Japanese,[],Other,,reported_use,named_material,jf-profile-2025-CZ,https://www.jpf.go.jp/j/project/japanese/survey/area/country/2025/czech_2.pdf,2025,[5],4. 学習環境 — 教材 / Other,Named in the textbook subsection for this setting. No national adoption rate is established.,"{""status"":""not_reported"",""value"":null}",2026-10-08
evidence-0e4e79894fbd0256,CZ,title-ea78f138b029c339,みんなの日本語初級,みんなの日本語初級,みんなの日本語初級,[],Other,,reported_use,named_material,jf-profile-2025-CZ,https://www.jpf.go.jp/j/project/japanese/survey/area/country/2025/czech_2.pdf,2025,[5],4. 学習環境 — 教材 / Other,Named in the textbook subsection for this setting. No national adoption rate is established.,"{""status"":""not_reported"",""value"":null}",2026-10-08
evidence-2855895a5106ed21,CZ,title-860b56d82ded60c6,初級日本語げんき,初級日本語げんき,初級日本語げんき,[],Other,,reported_use,named_material,jf-profile-2025-CZ,https://www.jpf.go.jp/j/project/japanese/survey/area/country/2025/czech_2.pdf,2025,[5],4. 学習環境 — 教材 / Other,Named in the textbook subsection for this setting. No national adoption rate is established.,"{""status"":""not_reported"",""value"":null}",2026-10-08
evidence-95f27283e7e01d43,CZ,title-eda1df820dffba17,Japanese for Busy People,Japanese for Busy People,Japanese for Busy People,[],Other,,reported_use,named_material,jf-profile-2025-CZ,https://www.jpf.go.jp/j/project/japanese/survey/area/country/2025/czech_2.pdf,2025,[5],4. 学習環境 — 教材 / Other,Named in the textbook subsection for this setting. No national adoption rate is established.,"{""status"":""not_reported"",""value"":null}",2026-10-08
evidence-6d760b66a4246a91,CZ,title-f7ab7013e9a233ef,会話の授業を楽しくするコミュニケーションのためのクラス活動 40,会話の授業を楽しくするコミュニケーションのためのクラス活動 40,会話の授業を楽しくするコミュニケーションのためのクラス活動 40,[],Other,,reported_use,named_material,jf-profile-2025-CZ,https://www.jpf.go.jp/j/project/japanese/survey/area/country/2025/czech_2.pdf,2025,[5],4. 学習環境 — 教材 / Other,Named in the textbook subsection for this setting. No national adoption rate is established.,"{""status"":""not_reported"",""value"":null}",2026-10-08
evidence-5622bf269a19ae08,CZ,title-0c8e06c843ff1b2c,毎日の聞き取り,毎日の聞き取り,毎日の聞き取り,[],Other,,reported_use,named_material,jf-profile-2025-CZ,https://www.jpf.go.jp/j/project/japanese/survey/area/country/2025/czech_2.pdf,2025,[5],4. 学習環境 — 教材 / Other,Named in the textbook subsection for this setting. No national adoption rate is established.,"{""status"":""not_reported"",""value"":null}",2026-10-08
evidence-4cd86e6b128c388e,CZ,title-013afebe2b30c147,まるごと,まるごと,まるごと,[],Other,,reported_use,named_material,jf-profile-2025-CZ,https://www.jpf.go.jp/j/project/japanese/survey/area/country/2025/czech_2.pdf,2025,[5],4. 学習環境 — 教材 / Other,Named in the textbook subsection for this setting. No national adoption rate is established.,"{""status"":""not_reported"",""value"":null}",2026-10-08
evidence-b692a5a80f445815,TM,title-1d003823258d3dd6,にほんご１,にほんご１,にほんご１,[],Primary,,reported_use,named_material,jf-profile-2025-TM,https://www.jpf.go.jp/j/project/japanese/survey/area/country/2025/turkmenistan_2.pdf,2025,[7],4. 学習環境 — 教材 / Primary,Named in the textbook subsection for this setting. No national adoption rate is established.,"{""status"":""not_reported"",""value"":null}",2026-10-08
evidence-2a248b829ba3c69b,TM,title-fe51fb5fb997365d,にほんご 2,にほんご 2,にほんご 2,[],Primary,,reported_use,named_material,jf-profile-2025-TM,https://www.jpf.go.jp/j/project/japanese/survey/area/country/2025/turkmenistan_2.pdf,2025,[7],4. 学習環境 — 教材 / Primary,Named in the textbook subsection for this setting. No national adoption rate is established.,"{""status"":""not_reported"",""value"":null}",2026-10-08
evidence-472aff22cf5c41ba,TM,title-2561ad4014aa797f,にほんご３,にほんご３,にほんご３,[],Primary,,reported_use,named_material,jf-profile-2025-TM,https://www.jpf.go.jp/j/project/japanese/survey/area/country/2025/turkmenistan_2.pdf,2025,[7],4. 学習環境 — 教材 / Primary,Named in the textbook subsection for this setting. No national adoption rate is established.,"{""status"":""not_reported"",""value"":null}",2026-10-08
evidence-499f55745da2fb67,TM,title-357fe90123f99aed,にほんご４,にほんご４,にほんご４,[],Primary,,reported_use,named_material,jf-profile-2025-TM,https://www.jpf.go.jp/j/project/japanese/survey/area/country/2025/turkmenistan_2.pdf,2025,[7],4. 学習環境 — 教材 / Primary,Named in the textbook subsection for this setting. No national adoption rate is established.,"{""status"":""not_reported"",""value"":null}",2026-10-08
evidence-6861fbb44b946559,TM,title-5cdf7e72cd95edca,みんなの日本語,みんなの日本語,みんなの日本語,[],Higher,,reported_use,named_material,jf-profile-2025-TM,https://www.jpf.go.jp/j/project/japanese/survey/area/country/2025/turkmenistan_2.pdf,2025,[8],4. 学習環境 — 教材 / Higher,Named in the textbook subsection for this setting. No national adoption rate is established.,"{""status"":""not_reported"",""value"":null}",2026-10-08
evidence-dd82488c63d334c8,TM,title-1d30ddf260e5f2fc,みんなの日本語初級Ⅰ,みんなの日本語初級Ⅰ,みんなの日本語初級Ⅰ,[],Higher,,reported_use,named_material,jf-profile-2025-TM,https://www.jpf.go.jp/j/project/japanese/survey/area/country/2025/turkmenistan_2.pdf,2025,[8],4. 学習環境 — 教材 / Higher,Named in the textbook subsection for this setting. No national adoption rate is established.,"{""status"":""not_reported"",""value"":null}",2026-10-08
evidence-727e6ddb6d7e1ba7,TM,title-5b409bdcd8d098c7,みんなの日本語初級Ⅱ,みんなの日本語初級Ⅱ,みんなの日本語初級Ⅱ,[],Higher,,reported_use,named_material,jf-profile-2025-TM,https://www.jpf.go.jp/j/project/japanese/survey/area/country/2025/turkmenistan_2.pdf,2025,[8],4. 学習環境 — 教材 / Higher,Named in the textbook subsection for this setting. No national adoption rate is established.,"{""status"":""not_reported"",""value"":null}",2026-10-08
evidence-8e4fe65aaf818eda,TM,title-463b544792f0ba8e,まるごと日本のことばと文化入門～初中級,まるごと日本のことばと文化入門～初中級,まるごと日本のことばと文化入門～初中級,[],Higher,,reported_use,named_material,jf-profile-2025-TM,https://www.jpf.go.jp/j/project/japanese/survey/area/country/2025/turkmenistan_2.pdf,2025,[8],4. 学習環境 — 教材 / Higher,Named in the textbook subsection for this setting. No national adoption rate is established.,"{""status"":""not_reported"",""value"":null}",2026-10-08
evidence-9b6b2e8a6b2c9090,TM,title-5cdf7e72cd95edca,みんなの日本語,みんなの日本語,みんなの日本語,[],Other,,reported_use,named_material,jf-profile-2025-TM,https://www.jpf.go.jp/j/project/japanese/survey/area/country/2025/turkmenistan_2.pdf,2025,[8],4. 学習環境 — 教材 / Other,Named in the textbook subsection for this setting. No national adoption rate is established.,"{""status"":""not_reported"",""value"":null}",2026-10-08
evidence-0ef38b54fb7de090,HU,title-50ff8a6b3cd6cff2,やさしい日本語,やさしい日本語,やさしい日本語,[],Primary,,reported_use,named_material,jf-profile-2025-HU,https://www.jpf.go.jp/j/project/japanese/survey/area/country/2025/hungary_2.pdf,2025,[5],4. 学習環境 — 教材 / Primary,Named in the textbook subsection for this setting. No national adoption rate is established.,"{""status"":""not_reported"",""value"":null}",2026-10-08
evidence-382cb49a8b55906c,HU,title-531fe4d47cc8a763,DARUMA,DARUMA,DARUMA,[],Primary,,reported_use,named_material,jf-profile-2025-HU,https://www.jpf.go.jp/j/project/japanese/survey/area/country/2025/hungary_2.pdf,2025,[5],4. 学習環境 — 教材 / Primary,Named in the textbook subsection for this setting. No national adoption rate is established.,"{""status"":""not_reported"",""value"":null}",2026-10-08
evidence-e68d01512eb1150a,HU,title-30c877d65fa4649c,できる 1,できる 1,できる 1,[],Primary,,reported_use,named_material,jf-profile-2025-HU,https://www.jpf.go.jp/j/project/japanese/survey/area/country/2025/hungary_2.pdf,2025,[5],4. 学習環境 — 教材 / Primary,Named in the textbook subsection for this setting. No national adoption rate is established.,"{""status"":""not_reported"",""value"":null}",2026-10-08
evidence-6bc41d2253b8f01e,HU,title-6ebd7e06af010dd3,まるごと日本のことばと文化,まるごと日本のことばと文化,まるごと日本のことばと文化,[],Primary,,reported_use,named_material,jf-profile-2025-HU,https://www.jpf.go.jp/j/project/japanese/survey/area/country/2025/hungary_2.pdf,2025,[5],4. 学習環境 — 教材 / Primary,Named in the textbook subsection for this setting. No national adoption rate is established.,"{""status"":""not_reported"",""value"":null}",2026-10-08
evidence-a4b4a798babb0327,HU,title-5cdf7e72cd95edca,みんなの日本語,みんなの日本語,みんなの日本語,[],Secondary,,reported_use,named_material,jf-profile-2025-HU,https://www.jpf.go.jp/j/project/japanese/survey/area/country/2025/hungary_2.pdf,2025,[5],4. 学習環境 — 教材 / Secondary,Named in the textbook subsection for this setting. No national adoption rate is established.,"{""status"":""not_reported"",""value"":null}",2026-10-08
evidence-3e6b8888a205a1e7,HU,title-531fe4d47cc8a763,DARUMA,DARUMA,DARUMA,[],Secondary,,reported_use,named_material,jf-profile-2025-HU,https://www.jpf.go.jp/j/project/japanese/survey/area/country/2025/hungary_2.pdf,2025,[5],4. 学習環境 — 教材 / Secondary,Named in the textbook subsection for this setting. No national adoption rate is established.,"{""status"":""not_reported"",""value"":null}",2026-10-08
evidence-2a353d39cc91a1bd,HU,title-30c877d65fa4649c,できる 1,できる 1,できる 1,[],Secondary,,reported_use,named_material,jf-profile-2025-HU,https://www.jpf.go.jp/j/project/japanese/survey/area/country/2025/hungary_2.pdf,2025,[5],4. 学習環境 — 教材 / Secondary,Named in the textbook subsection for this setting. No national adoption rate is established.,"{""status"":""not_reported"",""value"":null}",2026-10-08
evidence-0778ca5a2c7c63d6,HU,title-d291dd42ed027658,できる 2,できる 2,できる 2,[],Secondary,,reported_use,named_material,jf-profile-2025-HU,https://www.jpf.go.jp/j/project/japanese/survey/area/country/2025/hungary_2.pdf,2025,[5],4. 学習環境 — 教材 / Secondary,Named in the textbook subsection for this setting. No national adoption rate is established.,"{""status"":""not_reported"",""value"":null}",2026-10-08
evidence-081d38d736af0ed1,HU,title-6ebd7e06af010dd3,まるごと日本のことばと文化,まるごと日本のことばと文化,まるごと日本のことばと文化,[],Secondary,,reported_use,named_material,jf-profile-2025-HU,https://www.jpf.go.jp/j/project/japanese/survey/area/country/2025/hungary_2.pdf,2025,[5],4. 学習環境 — 教材 / Secondary,Named in the textbook subsection for this setting. No national adoption rate is established.,"{""status"":""not_reported"",""value"":null}",2026-10-08
evidence-ffb7d6bc47b32036,HU,title-5cdf7e72cd95edca,みんなの日本語,みんなの日本語,みんなの日本語,[],Higher,,reported_use,named_material,jf-profile-2025-HU,https://www.jpf.go.jp/j/project/japanese/survey/area/country/2025/hungary_2.pdf,2025,[5],4. 学習環境 — 教材 / Higher,Named in the textbook subsection for this setting. No national adoption rate is established.,"{""status"":""not_reported"",""value"":null}",2026-10-08
evidence-49ee95ab432d9def,HU,title-860b56d82ded60c6,初級日本語げんき,初級日本語げんき,初級日本語げんき,[],Higher,,reported_use,named_material,jf-profile-2025-HU,https://www.jpf.go.jp/j/project/japanese/survey/area/country/2025/hungary_2.pdf,2025,[5],4. 学習環境 — 教材 / Higher,Named in the textbook subsection for this setting. No national adoption rate is established.,"{""status"":""not_reported"",""value"":null}",2026-10-08
evidence-feb12686b60a3672,HU,title-9d0cf8b76a1e6679,上級へのとびら,上級へのとびら,上級へのとびら,[],Higher,,reported_use,named_material,jf-profile-2025-HU,https://www.jpf.go.jp/j/project/japanese/survey/area/country/2025/hungary_2.pdf,2025,[5],4. 学習環境 — 教材 / Higher,Named in the textbook subsection for this setting. No national adoption rate is established.,"{""status"":""not_reported"",""value"":null}",2026-10-08
evidence-de33384936a39e02,HU,title-30c877d65fa4649c,できる 1,できる 1,できる 1,[],Higher,,reported_use,named_material,jf-profile-2025-HU,https://www.jpf.go.jp/j/project/japanese/survey/area/country/2025/hungary_2.pdf,2025,[5],4. 学習環境 — 教材 / Higher,Named in the textbook subsection for this setting. No national adoption rate is established.,"{""status"":""not_reported"",""value"":null}",2026-10-08
evidence-b0af5b8eb9bd4f09,HU,title-d291dd42ed027658,できる 2,できる 2,できる 2,[],Higher,,reported_use,named_material,jf-profile-2025-HU,https://www.jpf.go.jp/j/project/japanese/survey/area/country/2025/hungary_2.pdf,2025,[5],4. 学習環境 — 教材 / Higher,Named in the textbook subsection for this setting. No national adoption rate is established.,"{""status"":""not_reported"",""value"":null}",2026-10-08
evidence-b5f7e496bdd4a675,HU,title-5cdf7e72cd95edca,みんなの日本語,みんなの日本語,みんなの日本語,[],Other,,reported_use,named_material,jf-profile-2025-HU,https://www.jpf.go.jp/j/project/japanese/survey/area/country/2025/hungary_2.pdf,2025,[5],4. 学習環境 — 教材 / Other,Named in the textbook subsection for this setting. No national adoption rate is established.,"{""status"":""not_reported"",""value"":null}",2026-10-08
evidence-996e083c9d70b31f,HU,title-860b56d82ded60c6,初級日本語げんき,初級日本語げんき,初級日本語げんき,[],Other,,reported_use,named_material,jf-profile-2025-HU,https://www.jpf.go.jp/j/project/japanese/survey/area/country/2025/hungary_2.pdf,2025,[5],4. 学習環境 — 教材 / Other,Named in the textbook subsection for this setting. No national adoption rate is established.,"{""status"":""not_reported"",""value"":null}",2026-10-08
evidence-4bdd4cc9b9e0ef92,HU,title-30c877d65fa4649c,できる 1,できる 1,できる 1,[],Other,,reported_use,named_material,jf-profile-2025-HU,https://www.jpf.go.jp/j/project/japanese/survey/area/country/2025/hungary_2.pdf,2025,[5],4. 学習環境 — 教材 / Other,Named in the textbook subsection for this setting. No national adoption rate is established.,"{""status"":""not_reported"",""value"":null}",2026-10-08
evidence-4e6467815ca979a7,HU,title-d291dd42ed027658,できる 2,できる 2,できる 2,[],Other,,reported_use,named_material,jf-profile-2025-HU,https://www.jpf.go.jp/j/project/japanese/survey/area/country/2025/hungary_2.pdf,2025,[5],4. 学習環境 — 教材 / Other,Named in the textbook subsection for this setting. No national adoption rate is established.,"{""status"":""not_reported"",""value"":null}",2026-10-08
evidence-3f2449fe85159138,HU,title-6ebd7e06af010dd3,まるごと日本のことばと文化,まるごと日本のことばと文化,まるごと日本のことばと文化,[],Other,,reported_use,named_material,jf-profile-2025-HU,https://www.jpf.go.jp/j/project/japanese/survey/area/country/2025/hungary_2.pdf,2025,[5],4. 学習環境 — 教材 / Other,Named in the textbook subsection for this setting. No national adoption rate is established.,"{""status"":""not_reported"",""value"":null}",2026-10-08
evidence-bde2dc9401ff8658,BG,title-82cbabde20f19e41,Japanese for Young People,Japanese for Young People,Japanese for Young People,[],Primary,,reported_use,named_material,jf-profile-2025-BG,https://www.jpf.go.jp/j/project/japanese/survey/area/country/2025/bulgaria_2.pdf,2025,[7],4. 学習環境 — 教材 / Primary,Named in the textbook subsection for this setting. No national adoption rate is established.,"{""status"":""not_reported"",""value"":null}",2026-10-08
evidence-9d6cd1adcaedf701,BG,title-5cdf7e72cd95edca,みんなの日本語,みんなの日本語,みんなの日本語,[],Secondary,,reported_use,named_material,jf-profile-2025-BG,https://www.jpf.go.jp/j/project/japanese/survey/area/country/2025/bulgaria_2.pdf,2025,[7],4. 学習環境 — 教材 / Secondary,Named in the textbook subsection for this setting. No national adoption rate is established.,"{""status"":""not_reported"",""value"":null}",2026-10-08
evidence-037645698cdde6be,BG,title-63ff69aa82bc2713,Japanese For Young People,Japanese For Young People,Japanese For Young People,[],Secondary,,reported_use,named_material,jf-profile-2025-BG,https://www.jpf.go.jp/j/project/japanese/survey/area/country/2025/bulgaria_2.pdf,2025,[7],4. 学習環境 — 教材 / Secondary,Named in the textbook subsection for this setting. No national adoption rate is established.,"{""status"":""not_reported"",""value"":null}",2026-10-08
evidence-55902ccc61636afd,BG,title-6ebd7e06af010dd3,まるごと日本のことばと文化,まるごと日本のことばと文化,まるごと日本のことばと文化,[],Secondary,,reported_use,named_material,jf-profile-2025-BG,https://www.jpf.go.jp/j/project/japanese/survey/area/country/2025/bulgaria_2.pdf,2025,[7],4. 学習環境 — 教材 / Secondary,Named in the textbook subsection for this setting. No national adoption rate is established.,"{""status"":""not_reported"",""value"":null}",2026-10-08
evidence-75e95865350ef488,BG,title-5cc05109a3935223,みんなの日本語初級Ⅰ、Ⅱ,みんなの日本語初級Ⅰ、Ⅱ,みんなの日本語初級Ⅰ、Ⅱ,[],Higher,,reported_use,named_material,jf-profile-2025-BG,https://www.jpf.go.jp/j/project/japanese/survey/area/country/2025/bulgaria_2.pdf,2025,[7],4. 学習環境 — 教材 / Higher,Named in the textbook subsection for this setting. No national adoption rate is established.,"{""status"":""not_reported"",""value"":null}",2026-10-08
evidence-2cd2c5c586d4e209,BG,title-f62f73bc53f02358,中級へ行こう,中級へ行こう,中級へ行こう,[],Higher,,reported_use,named_material,jf-profile-2025-BG,https://www.jpf.go.jp/j/project/japanese/survey/area/country/2025/bulgaria_2.pdf,2025,[7],4. 学習環境 — 教材 / Higher,Named in the textbook subsection for this setting. No national adoption rate is established.,"{""status"":""not_reported"",""value"":null}",2026-10-08
evidence-e636eabd9a2cb5ed,BG,title-9cacd22b429aa7e9,中級を学ぼう中級前期,中級を学ぼう中級前期,中級を学ぼう中級前期,[],Higher,,reported_use,named_material,jf-profile-2025-BG,https://www.jpf.go.jp/j/project/japanese/survey/area/country/2025/bulgaria_2.pdf,2025,[7],4. 学習環境 — 教材 / Higher,Named in the textbook subsection for this setting. No national adoption rate is established.,"{""status"":""not_reported"",""value"":null}",2026-10-08
evidence-06418125f1a93281,BG,title-9e94ff244827ae21,日本語中級 J501,日本語中級 J501,日本語中級 J501,[],Higher,,reported_use,named_material,jf-profile-2025-BG,https://www.jpf.go.jp/j/project/japanese/survey/area/country/2025/bulgaria_2.pdf,2025,[8],4. 学習環境 — 教材 / Higher,Named in the textbook subsection for this setting. No national adoption rate is established.,"{""status"":""not_reported"",""value"":null}",2026-10-08
evidence-98145e3d2e6595f6,BG,title-9c516748944a05c0,みんなの日本語中級Ⅰ、Ⅱ,みんなの日本語中級Ⅰ、Ⅱ,みんなの日本語中級Ⅰ、Ⅱ,[],Higher,,reported_use,named_material,jf-profile-2025-BG,https://www.jpf.go.jp/j/project/japanese/survey/area/country/2025/bulgaria_2.pdf,2025,[8],4. 学習環境 — 教材 / Higher,Named in the textbook subsection for this setting. No national adoption rate is established.,"{""status"":""not_reported"",""value"":null}",2026-10-08
evidence-97cc5813793191bf,BG,title-9d0cf8b76a1e6679,上級へのとびら,上級へのとびら,上級へのとびら,[],Higher,,reported_use,named_material,jf-profile-2025-BG,https://www.jpf.go.jp/j/project/japanese/survey/area/country/2025/bulgaria_2.pdf,2025,[8],4. 学習環境 — 教材 / Higher,Named in the textbook subsection for this setting. No national adoption rate is established.,"{""status"":""not_reported"",""value"":null}",2026-10-08
evidence-4b8d9da9fbbfc11d,BG,title-d1eb70fafe0979a5,生きた素材で学ぶ中級から上級への日本語,生きた素材で学ぶ中級から上級への日本語,生きた素材で学ぶ中級から上級への日本語,[],Higher,,reported_use,named_material,jf-profile-2025-BG,https://www.jpf.go.jp/j/project/japanese/survey/area/country/2025/bulgaria_2.pdf,2025,[8],4. 学習環境 — 教材 / Higher,Named in the textbook subsection for this setting. No national adoption rate is established.,"{""status"":""not_reported"",""value"":null}",2026-10-08
evidence-de40fdb396eb0a83,BG,title-b999687baaae15d4,An integrated approach to Intermediate Japanese,An integrated approach to Intermediate Japanese,An integrated approach to Intermediate Japanese,[],Higher,,reported_use,named_material,jf-profile-2025-BG,https://www.jpf.go.jp/j/project/japanese/survey/area/country/2025/bulgaria_2.pdf,2025,[8],4. 学習環境 — 教材 / Higher,Named in the textbook subsection for this setting. No national adoption rate is established.,"{""status"":""not_reported"",""value"":null}",2026-10-08
evidence-5d1e73b57ee3c912,BG,title-8e2d2da2fab7de6f,毎日の聞きとり,毎日の聞きとり,毎日の聞きとり,[],Higher,,reported_use,named_material,jf-profile-2025-BG,https://www.jpf.go.jp/j/project/japanese/survey/area/country/2025/bulgaria_2.pdf,2025,[8],4. 学習環境 — 教材 / Higher,Named in the textbook subsection for this setting. No national adoption rate is established.,"{""status"":""not_reported"",""value"":null}",2026-10-08
evidence-3691fb6d19e80bf3,BG,title-5cdf7e72cd95edca,みんなの日本語,みんなの日本語,みんなの日本語,[],Other,,reported_use,named_material,jf-profile-2025-BG,https://www.jpf.go.jp/j/project/japanese/survey/area/country/2025/bulgaria_2.pdf,2025,[8],4. 学習環境 — 教材 / Other,Named in the textbook subsection for this setting. No national adoption rate is established.,"{""status"":""not_reported"",""value"":null}",2026-10-08
evidence-2db99dc373adae91,BG,title-6ebd7e06af010dd3,まるごと日本のことばと文化,まるごと日本のことばと文化,まるごと日本のことばと文化,[],Other,,reported_use,named_material,jf-profile-2025-BG,https://www.jpf.go.jp/j/project/japanese/survey/area/country/2025/bulgaria_2.pdf,2025,[8],4. 学習環境 — 教材 / Other,Named in the textbook subsection for this setting. No national adoption rate is established.,"{""status"":""not_reported"",""value"":null}",2026-10-08
evidence-f387ad3495e7786d,BY,title-5cdf7e72cd95edca,みんなの日本語,みんなの日本語,みんなの日本語,[],Higher,,reported_use,named_material,jf-profile-2025-BY,https://www.jpf.go.jp/j/project/japanese/survey/area/country/2025/belarus_2.pdf,2025,[5],4. 学習環境 — 教材 / Higher,Named in the textbook subsection for this setting. No national adoption rate is established.,"{""status"":""not_reported"",""value"":null}",2026-10-08
evidence-6b4c5ec9479e5a02,BY,title-013afebe2b30c147,まるごと,まるごと,まるごと,[],Higher,,reported_use,named_material,jf-profile-2025-BY,https://www.jpf.go.jp/j/project/japanese/survey/area/country/2025/belarus_2.pdf,2025,[5],4. 学習環境 — 教材 / Higher,Named in the textbook subsection for this setting. No national adoption rate is established.,"{""status"":""not_reported"",""value"":null}",2026-10-08
evidence-b1f2695b4c43f115,BY,title-0d73d8e1289a0d37,みんなの日本語初級Ⅰ・Ⅱ,みんなの日本語初級Ⅰ・Ⅱ,みんなの日本語初級Ⅰ・Ⅱ,[],Higher,,reported_use,named_material,jf-profile-2025-BY,https://www.jpf.go.jp/j/project/japanese/survey/area/country/2025/belarus_2.pdf,2025,[5],4. 学習環境 — 教材 / Higher,Named in the textbook subsection for this setting. No national adoption rate is established.,"{""status"":""not_reported"",""value"":null}",2026-10-08
evidence-f3b759861944d41f,BY,title-6c637bdc9e37adff,みんなの日本語中級Ⅰ,みんなの日本語中級Ⅰ,みんなの日本語中級Ⅰ,[],Higher,,reported_use,named_material,jf-profile-2025-BY,https://www.jpf.go.jp/j/project/japanese/survey/area/country/2025/belarus_2.pdf,2025,[5],4. 学習環境 — 教材 / Higher,Named in the textbook subsection for this setting. No national adoption rate is established.,"{""status"":""not_reported"",""value"":null}",2026-10-08
evidence-54f032a5d88f3d61,BY,title-6ebd7e06af010dd3,まるごと日本のことばと文化,まるごと日本のことばと文化,まるごと日本のことばと文化,[],Higher,,reported_use,named_material,jf-profile-2025-BY,https://www.jpf.go.jp/j/project/japanese/survey/area/country/2025/belarus_2.pdf,2025,[5],4. 学習環境 — 教材 / Higher,Named in the textbook subsection for this setting. No national adoption rate is established.,"{""status"":""not_reported"",""value"":null}",2026-10-08
evidence-a06e3c052ae6c449,BY,title-471f5373ebcb182a,AN INTEGRATED COURSE IN ELEMENTARY JAPANESE 初級日本語げんきⅠ・Ⅱ,AN INTEGRATED COURSE IN ELEMENTARY JAPANESE 初級日本語げんきⅠ・Ⅱ,AN INTEGRATED COURSE IN ELEMENTARY JAPANESE 初級日本語げんきⅠ・Ⅱ,[],Higher,,reported_use,named_material,jf-profile-2025-BY,https://www.jpf.go.jp/j/project/japanese/survey/area/country/2025/belarus_2.pdf,2025,[5],4. 学習環境 — 教材 / Higher,Named in the textbook subsection for this setting. No national adoption rate is established.,"{""status"":""not_reported"",""value"":null}",2026-10-08
evidence-f3c84aaaa2c78f4c,BY,title-06134adea9c8008a,中級を学ぼう日本語の文型と表現 56,中級を学ぼう日本語の文型と表現 56,中級を学ぼう日本語の文型と表現 56,[],Higher,,reported_use,named_material,jf-profile-2025-BY,https://www.jpf.go.jp/j/project/japanese/survey/area/country/2025/belarus_2.pdf,2025,[5],4. 学習環境 — 教材 / Higher,Named in the textbook subsection for this setting. No national adoption rate is established.,"{""status"":""not_reported"",""value"":null}",2026-10-08
evidence-856aa91888486139,BY,title-1c2db618de789389,中級を学ぼう日本語の文型と表現 82,中級を学ぼう日本語の文型と表現 82,中級を学ぼう日本語の文型と表現 82,[],Higher,,reported_use,named_material,jf-profile-2025-BY,https://www.jpf.go.jp/j/project/japanese/survey/area/country/2025/belarus_2.pdf,2025,[5],4. 学習環境 — 教材 / Higher,Named in the textbook subsection for this setting. No national adoption rate is established.,"{""status"":""not_reported"",""value"":null}",2026-10-08
evidence-387fc677119dacb7,BY,title-5993685f023cd808,中級へ行こう日本語の文型と表現 59,中級へ行こう日本語の文型と表現 59,中級へ行こう日本語の文型と表現 59,[],Higher,,reported_use,named_material,jf-profile-2025-BY,https://www.jpf.go.jp/j/project/japanese/survey/area/country/2025/belarus_2.pdf,2025,[5],4. 学習環境 — 教材 / Higher,Named in the textbook subsection for this setting. No national adoption rate is established.,"{""status"":""not_reported"",""value"":null}",2026-10-08
evidence-d2fd195bdaec35fd,BY,title-330a629cf5ba1b93,国境を越えて本文編―留学生・日本人学生のための一般教養書,国境を越えて本文編―留学生・日本人学生のための一般教養書,国境を越えて本文編―留学生・日本人学生のための一般教養書,[],Higher,,reported_use,named_material,jf-profile-2025-BY,https://www.jpf.go.jp/j/project/japanese/survey/area/country/2025/belarus_2.pdf,2025,[6],4. 学習環境 — 教材 / Higher,Named in the textbook subsection for this setting. No national adoption rate is established.,"{""status"":""not_reported"",""value"":null}",2026-10-08
evidence-a161310df4ab5829,BY,title-e73044c2b24084e6,KANJI LOOK AND LEARN,KANJI LOOK AND LEARN,KANJI LOOK AND LEARN,[],Higher,,reported_use,named_material,jf-profile-2025-BY,https://www.jpf.go.jp/j/project/japanese/survey/area/country/2025/belarus_2.pdf,2025,[6],4. 学習環境 — 教材 / Higher,Named in the textbook subsection for this setting. No national adoption rate is established.,"{""status"":""not_reported"",""value"":null}",2026-10-08
evidence-8853bb89d2a71d20,BY,title-d2ac061ca539d7aa,留学生のための漢字の教科書,留学生のための漢字の教科書,留学生のための漢字の教科書,[],Higher,,reported_use,named_material,jf-profile-2025-BY,https://www.jpf.go.jp/j/project/japanese/survey/area/country/2025/belarus_2.pdf,2025,[6],4. 学習環境 — 教材 / Higher,Named in the textbook subsection for this setting. No national adoption rate is established.,"{""status"":""not_reported"",""value"":null}",2026-10-08
evidence-bffb827a18886ea4,BY,title-5cdf7e72cd95edca,みんなの日本語,みんなの日本語,みんなの日本語,[],Other,,reported_use,named_material,jf-profile-2025-BY,https://www.jpf.go.jp/j/project/japanese/survey/area/country/2025/belarus_2.pdf,2025,[6],4. 学習環境 — 教材 / Other,Named in the textbook subsection for this setting. No national adoption rate is established.,"{""status"":""not_reported"",""value"":null}",2026-10-08
evidence-084a1491b9a22862,BY,title-013afebe2b30c147,まるごと,まるごと,まるごと,[],Other,,reported_use,named_material,jf-profile-2025-BY,https://www.jpf.go.jp/j/project/japanese/survey/area/country/2025/belarus_2.pdf,2025,[6],4. 学習環境 — 教材 / Other,Named in the textbook subsection for this setting. No national adoption rate is established.,"{""status"":""not_reported"",""value"":null}",2026-10-08
evidence-f689d88bced45853,BY,title-0d73d8e1289a0d37,みんなの日本語初級Ⅰ・Ⅱ,みんなの日本語初級Ⅰ・Ⅱ,みんなの日本語初級Ⅰ・Ⅱ,[],Other,,reported_use,named_material,jf-profile-2025-BY,https://www.jpf.go.jp/j/project/japanese/survey/area/country/2025/belarus_2.pdf,2025,[6],4. 学習環境 — 教材 / Other,Named in the textbook subsection for this setting. No national adoption rate is established.,"{""status"":""not_reported"",""value"":null}",2026-10-08
evidence-d71186a30b5e847c,BY,title-6ebd7e06af010dd3,まるごと日本のことばと文化,まるごと日本のことばと文化,まるごと日本のことばと文化,[],Other,,reported_use,named_material,jf-profile-2025-BY,https://www.jpf.go.jp/j/project/japanese/survey/area/country/2025/belarus_2.pdf,2025,[6],4. 学習環境 — 教材 / Other,Named in the textbook subsection for this setting. No national adoption rate is established.,"{""status"":""not_reported"",""value"":null}",2026-10-08
evidence-1a3dec8218e4c240,BY,title-7af5cebe1fb2c80f,ニューアプローチ,ニューアプローチ,ニューアプローチ,[],Other,,reported_use,named_material,jf-profile-2025-BY,https://www.jpf.go.jp/j/project/japanese/survey/area/country/2025/belarus_2.pdf,2025,[6],4. 学習環境 — 教材 / Other,Named in the textbook subsection for this setting. No national adoption rate is established.,"{""status"":""not_reported"",""value"":null}",2026-10-08
evidence-4bea2d96568cfdf3,BY,title-e86884472acd66db,BASIC KANJI BOOK ～基本漢字 500～,BASIC KANJI BOOK ～基本漢字 500～,BASIC KANJI BOOK ～基本漢字 500～,[],Other,,reported_use,named_material,jf-profile-2025-BY,https://www.jpf.go.jp/j/project/japanese/survey/area/country/2025/belarus_2.pdf,2025,[6],4. 学習環境 — 教材 / Other,Named in the textbook subsection for this setting. No national adoption rate is established.,"{""status"":""not_reported"",""value"":null}",2026-10-08
evidence-8586f4dd7c738695,PL,title-7bc121f2469b0f8f,初級どきどき,初級どきどき,初級どきどき,[],Primary,,reported_use,named_material,jf-profile-2025-PL,https://www.jpf.go.jp/j/project/japanese/survey/area/country/2025/poland_2.pdf,2025,[5],4. 学習環境 — 教材 / Primary,Named in the textbook subsection for this setting. No national adoption rate is established.,"{""status"":""not_reported"",""value"":null}",2026-10-08
evidence-b503b148d8528e4e,PL,title-6ebd7e06af010dd3,まるごと日本のことばと文化,まるごと日本のことばと文化,まるごと日本のことばと文化,[],Primary,,reported_use,named_material,jf-profile-2025-PL,https://www.jpf.go.jp/j/project/japanese/survey/area/country/2025/poland_2.pdf,2025,[6],4. 学習環境 — 教材 / Primary,Named in the textbook subsection for this setting. No national adoption rate is established.,"{""status"":""not_reported"",""value"":null}",2026-10-08
evidence-77ad4ff57bf9779b,PL,title-ea78f138b029c339,みんなの日本語初級,みんなの日本語初級,みんなの日本語初級,[],Secondary,,reported_use,named_material,jf-profile-2025-PL,https://www.jpf.go.jp/j/project/japanese/survey/area/country/2025/poland_2.pdf,2025,[6],4. 学習環境 — 教材 / Secondary,Named in the textbook subsection for this setting. No national adoption rate is established.,"{""status"":""not_reported"",""value"":null}",2026-10-08
evidence-d572a189760d1484,PL,title-11c65f973167a103,ガンバレ！にほんご,ガンバレ！にほんご,ガンバレ！にほんご,[],Secondary,,reported_use,named_material,jf-profile-2025-PL,https://www.jpf.go.jp/j/project/japanese/survey/area/country/2025/poland_2.pdf,2025,[6],4. 学習環境 — 教材 / Secondary,Named in the textbook subsection for this setting. No national adoption rate is established.,"{""status"":""not_reported"",""value"":null}",2026-10-08
evidence-1ab20a733b0b9d1f,PL,title-7cdadfc85135a255,日本語初歩,日本語初歩,日本語初歩,[],Secondary,,reported_use,named_material,jf-profile-2025-PL,https://www.jpf.go.jp/j/project/japanese/survey/area/country/2025/poland_2.pdf,2025,[6],4. 学習環境 — 教材 / Secondary,Named in the textbook subsection for this setting. No national adoption rate is established.,"{""status"":""not_reported"",""value"":null}",2026-10-08
evidence-c204c433da0d2fad,PL,title-6e8e63b8204aa538,初級日本語,初級日本語,初級日本語,[],Higher,,reported_use,named_material,jf-profile-2025-PL,https://www.jpf.go.jp/j/project/japanese/survey/area/country/2025/poland_2.pdf,2025,[6],4. 学習環境 — 教材 / Higher,Named in the textbook subsection for this setting. No national adoption rate is established.,"{""status"":""not_reported"",""value"":null}",2026-10-08
evidence-e1be89c71a17734e,PL,title-af05f931df706d34,中級日本語,中級日本語,中級日本語,[],Higher,,reported_use,named_material,jf-profile-2025-PL,https://www.jpf.go.jp/j/project/japanese/survey/area/country/2025/poland_2.pdf,2025,[6],4. 学習環境 — 教材 / Higher,Named in the textbook subsection for this setting. No national adoption rate is established.,"{""status"":""not_reported"",""value"":null}",2026-10-08
evidence-e39f044f2e21c61b,PL,title-1a31970532308062,上級日本語,上級日本語,上級日本語,[],Higher,,reported_use,named_material,jf-profile-2025-PL,https://www.jpf.go.jp/j/project/japanese/survey/area/country/2025/poland_2.pdf,2025,[6],4. 学習環境 — 教材 / Higher,Named in the textbook subsection for this setting. No national adoption rate is established.,"{""status"":""not_reported"",""value"":null}",2026-10-08
evidence-d9dc9ab1251ded4e,PL,title-deffa6fea0cd0c65,ニューアプローチ中級日本語[基礎編],ニューアプローチ中級日本語[基礎編],ニューアプローチ中級日本語[基礎編],[],Higher,,reported_use,named_material,jf-profile-2025-PL,https://www.jpf.go.jp/j/project/japanese/survey/area/country/2025/poland_2.pdf,2025,[6],4. 学習環境 — 教材 / Higher,Named in the textbook subsection for this setting. No national adoption rate is established.,"{""status"":""not_reported"",""value"":null}",2026-10-08
evidence-93e66ce368eaba5a,PL,title-b9719cfbbbb31d9a,ニューアプローチ中上級日本語[完成編],ニューアプローチ中上級日本語[完成編],ニューアプローチ中上級日本語[完成編],[],Higher,,reported_use,named_material,jf-profile-2025-PL,https://www.jpf.go.jp/j/project/japanese/survey/area/country/2025/poland_2.pdf,2025,[6],4. 学習環境 — 教材 / Higher,Named in the textbook subsection for this setting. No national adoption rate is established.,"{""status"":""not_reported"",""value"":null}",2026-10-08
evidence-af480adbadddcf78,PL,title-13e4bd01a20e7bef,テーマ別上級で学ぶ日本語,テーマ別上級で学ぶ日本語,テーマ別上級で学ぶ日本語,[],Higher,,reported_use,named_material,jf-profile-2025-PL,https://www.jpf.go.jp/j/project/japanese/survey/area/country/2025/poland_2.pdf,2025,[6],4. 学習環境 — 教材 / Higher,Named in the textbook subsection for this setting. No national adoption rate is established.,"{""status"":""not_reported"",""value"":null}",2026-10-08
evidence-5d925db42b490509,PL,title-aa72ac53e71186f6,日本への招待,日本への招待,日本への招待,[],Higher,,reported_use,named_material,jf-profile-2025-PL,https://www.jpf.go.jp/j/project/japanese/survey/area/country/2025/poland_2.pdf,2025,[6],4. 学習環境 — 教材 / Higher,Named in the textbook subsection for this setting. No national adoption rate is established.,"{""status"":""not_reported"",""value"":null}",2026-10-08
evidence-074a8731b1436219,PL,title-5cdf7e72cd95edca,みんなの日本語,みんなの日本語,みんなの日本語,[],Higher,,reported_use,named_material,jf-profile-2025-PL,https://www.jpf.go.jp/j/project/japanese/survey/area/country/2025/poland_2.pdf,2025,[6],4. 学習環境 — 教材 / Higher,Named in the textbook subsection for this setting. No national adoption rate is established.,"{""status"":""not_reported"",""value"":null}",2026-10-08
evidence-a98b303686e23128,PL,title-860b56d82ded60c6,初級日本語げんき,初級日本語げんき,初級日本語げんき,[],Higher,,reported_use,named_material,jf-profile-2025-PL,https://www.jpf.go.jp/j/project/japanese/survey/area/country/2025/poland_2.pdf,2025,[6],4. 学習環境 — 教材 / Higher,Named in the textbook subsection for this setting. No national adoption rate is established.,"{""status"":""not_reported"",""value"":null}",2026-10-08
evidence-c9a1cba5d4c934fe,PL,title-3a7b3d682635d585,初級からの日本語スピーチ,初級からの日本語スピーチ,初級からの日本語スピーチ,[],Higher,,reported_use,named_material,jf-profile-2025-PL,https://www.jpf.go.jp/j/project/japanese/survey/area/country/2025/poland_2.pdf,2025,[6],4. 学習環境 — 教材 / Higher,Named in the textbook subsection for this setting. No national adoption rate is established.,"{""status"":""not_reported"",""value"":null}",2026-10-08
evidence-eb785b8ce16ce926,PL,title-6a24b5e46b80fec2,Język japoński dla początkujących,Język japoński dla początkujących,Język japoński dla początkujących,[],Higher,,reported_use,named_material,jf-profile-2025-PL,https://www.jpf.go.jp/j/project/japanese/survey/area/country/2025/poland_2.pdf,2025,[6],4. 学習環境 — 教材 / Higher,Named in the textbook subsection for this setting. No national adoption rate is established.,"{""status"":""not_reported"",""value"":null}",2026-10-08
evidence-d0997fae05361631,PL,title-5cdf7e72cd95edca,みんなの日本語,みんなの日本語,みんなの日本語,[],Other,,reported_use,named_material,jf-profile-2025-PL,https://www.jpf.go.jp/j/project/japanese/survey/area/country/2025/poland_2.pdf,2025,[6],4. 学習環境 — 教材 / Other,Named in the textbook subsection for this setting. No national adoption rate is established.,"{""status"":""not_reported"",""value"":null}",2026-10-08
evidence-a60d5af40382e142,PL,title-860b56d82ded60c6,初級日本語げんき,初級日本語げんき,初級日本語げんき,[],Other,,reported_use,named_material,jf-profile-2025-PL,https://www.jpf.go.jp/j/project/japanese/survey/area/country/2025/poland_2.pdf,2025,[6],4. 学習環境 — 教材 / Other,Named in the textbook subsection for this setting. No national adoption rate is established.,"{""status"":""not_reported"",""value"":null}",2026-10-08
evidence-aab42e0141256a43,PL,title-75a986921d892073,JAPANESE FOR BUSY PEOPLE,JAPANESE FOR BUSY PEOPLE,JAPANESE FOR BUSY PEOPLE,[],Other,,reported_use,named_material,jf-profile-2025-PL,https://www.jpf.go.jp/j/project/japanese/survey/area/country/2025/poland_2.pdf,2025,[6],4. 学習環境 — 教材 / Other,Named in the textbook subsection for this setting. No national adoption rate is established.,"{""status"":""not_reported"",""value"":null}",2026-10-08
evidence-ea8bc373b650b7ba,PL,title-f84cdaff6a2b8d1e,J.BRIDGE to Intermediate Japanese,J.BRIDGE to Intermediate Japanese,J.BRIDGE to Intermediate Japanese,[],Other,,reported_use,named_material,jf-profile-2025-PL,https://www.jpf.go.jp/j/project/japanese/survey/area/country/2025/poland_2.pdf,2025,[6],4. 学習環境 — 教材 / Other,Named in the textbook subsection for this setting. No national adoption rate is established.,"{""status"":""not_reported"",""value"":null}",2026-10-08
evidence-476795c89d4db106,PL,title-9d0cf8b76a1e6679,上級へのとびら,上級へのとびら,上級へのとびら,[],Other,,reported_use,named_material,jf-profile-2025-PL,https://www.jpf.go.jp/j/project/japanese/survey/area/country/2025/poland_2.pdf,2025,[6],4. 学習環境 — 教材 / Other,Named in the textbook subsection for this setting. No national adoption rate is established.,"{""status"":""not_reported"",""value"":null}",2026-10-08
evidence-00d1d711e0dbce39,BA,title-6ebd7e06af010dd3,まるごと日本のことばと文化,まるごと日本のことばと文化,まるごと日本のことばと文化,[],Secondary,,mentioned,named_material,jf-profile-2025-BA,https://www.jpf.go.jp/j/project/japanese/survey/area/country/2025/bosnia_h_2.pdf,2025,[4],4. 学習環境 — 教材 / Secondary,Mention appears in a description of online resources; physical textbook adoption is not established.,"{""status"":""not_reported"",""value"":null}",2026-10-08
evidence-0fb9c404b6266432,BA,title-e7e2ac2948925be6,げんき第二版,げんき第二版,げんき第二版,[],Higher,,reported_use,named_material,jf-profile-2025-BA,https://www.jpf.go.jp/j/project/japanese/survey/area/country/2025/bosnia_h_2.pdf,2025,[4],4. 学習環境 — 教材 / Higher,Named in the textbook subsection for this setting. No national adoption rate is established.,"{""status"":""not_reported"",""value"":null}",2026-10-08
evidence-21fa33063a2215ea,BA,title-9d0cf8b76a1e6679,上級へのとびら,上級へのとびら,上級へのとびら,[],Higher,,reported_use,named_material,jf-profile-2025-BA,https://www.jpf.go.jp/j/project/japanese/survey/area/country/2025/bosnia_h_2.pdf,2025,[4],4. 学習環境 — 教材 / Higher,Named in the textbook subsection for this setting. No national adoption rate is established.,"{""status"":""not_reported"",""value"":null}",2026-10-08
evidence-8a70f60efa7d57ab,MD,title-ec77492eee972e7c,みんなの日本語Ⅰ、Ⅱ,みんなの日本語Ⅰ、Ⅱ,みんなの日本語Ⅰ、Ⅱ,[],Other,,reported_use,named_material,jf-profile-2025-MD,https://www.jpf.go.jp/j/project/japanese/survey/area/country/2025/moldova_2.pdf,2025,[4],4. 学習環境 — 教材 / Other,Named in the textbook subsection for this setting. No national adoption rate is established.,"{""status"":""not_reported"",""value"":null}",2026-10-08
evidence-868c037ad278b59d,MD,title-58581917a547a372,日本語能力試験日本語総まとめシリーズ問題集,日本語能力試験日本語総まとめシリーズ問題集,日本語能力試験日本語総まとめシリーズ問題集,[],Other,,reported_use,named_material,jf-profile-2025-MD,https://www.jpf.go.jp/j/project/japanese/survey/area/country/2025/moldova_2.pdf,2025,[4],4. 学習環境 — 教材 / Other,Named in the textbook subsection for this setting. No national adoption rate is established.,"{""status"":""not_reported"",""value"":null}",2026-10-08
evidence-4853d2bbfee92218,MD,title-005f30c883c29917,合格できる日本語能力試験シリーズ,合格できる日本語能力試験シリーズ,合格できる日本語能力試験シリーズ,[],Other,,reported_use,named_material,jf-profile-2025-MD,https://www.jpf.go.jp/j/project/japanese/survey/area/country/2025/moldova_2.pdf,2025,[4],4. 学習環境 — 教材 / Other,Named in the textbook subsection for this setting. No national adoption rate is established.,"{""status"":""not_reported"",""value"":null}",2026-10-08
evidence-c7ec17dfb06bb4ce,ME,title-6ebd7e06af010dd3,まるごと日本のことばと文化,まるごと日本のことばと文化,まるごと日本のことばと文化,[],Higher,,reported_use,named_material,jf-profile-2025-ME,https://www.jpf.go.jp/j/project/japanese/survey/area/country/2025/montenegro_2.pdf,2025,[3],4. 学習環境 — 教材 / Higher,Named in the textbook subsection for this setting. No national adoption rate is established.,"{""status"":""not_reported"",""value"":null}",2026-10-08
evidence-18224d4279f38a22,LV,title-5cdf7e72cd95edca,みんなの日本語,みんなの日本語,みんなの日本語,[],Secondary,,reported_use,named_material,jf-profile-2025-LV,https://www.jpf.go.jp/j/project/japanese/survey/area/country/2025/latvia_2.pdf,2025,[5],4. 学習環境 — 教材 / Secondary,Named in the textbook subsection for this setting. No national adoption rate is established.,"{""status"":""not_reported"",""value"":null}",2026-10-08
evidence-cd42cc8fe00f6119,LV,title-860b56d82ded60c6,初級日本語げんき,初級日本語げんき,初級日本語げんき,[],Higher,,reported_use,named_material,jf-profile-2025-LV,https://www.jpf.go.jp/j/project/japanese/survey/area/country/2025/latvia_2.pdf,2025,[5],4. 学習環境 — 教材 / Higher,Named in the textbook subsection for this setting. No national adoption rate is established.,"{""status"":""not_reported"",""value"":null}",2026-10-08
evidence-07cbc7bcb40b72e3,LV,title-0dc4793ec9794378,4 技能で広がる中級日本語カルテット 1,4 技能で広がる中級日本語カルテット 1,4 技能で広がる中級日本語カルテット 1,[],Higher,,reported_use,named_material,jf-profile-2025-LV,https://www.jpf.go.jp/j/project/japanese/survey/area/country/2025/latvia_2.pdf,2025,[5],4. 学習環境 — 教材 / Higher,Named in the textbook subsection for this setting. No national adoption rate is established.,"{""status"":""not_reported"",""value"":null}",2026-10-08
evidence-8b49054353e631e4,LV,title-9d0cf8b76a1e6679,上級へのとびら,上級へのとびら,上級へのとびら,[],Higher,,reported_use,named_material,jf-profile-2025-LV,https://www.jpf.go.jp/j/project/japanese/survey/area/country/2025/latvia_2.pdf,2025,[5],4. 学習環境 — 教材 / Higher,Named in the textbook subsection for this setting. No national adoption rate is established.,"{""status"":""not_reported"",""value"":null}",2026-10-08
evidence-e2b75499562a0567,LV,title-66d24dcdc94a16e9,これで身につく文法力,これで身につく文法力,これで身につく文法力,[],Higher,,reported_use,named_material,jf-profile-2025-LV,https://www.jpf.go.jp/j/project/japanese/survey/area/country/2025/latvia_2.pdf,2025,[5],4. 学習環境 — 教材 / Higher,Named in the textbook subsection for this setting. No national adoption rate is established.,"{""status"":""not_reported"",""value"":null}",2026-10-08
evidence-10bedd787deea63b,LV,title-abb7d7461cac12c8,きたえよう漢字力,きたえよう漢字力,きたえよう漢字力,[],Higher,,reported_use,named_material,jf-profile-2025-LV,https://www.jpf.go.jp/j/project/japanese/survey/area/country/2025/latvia_2.pdf,2025,[5],4. 学習環境 — 教材 / Higher,Named in the textbook subsection for this setting. No national adoption rate is established.,"{""status"":""not_reported"",""value"":null}",2026-10-08
evidence-dc6e831cb10d6413,LT,title-5cdf7e72cd95edca,みんなの日本語,みんなの日本語,みんなの日本語,[],Primary,,reported_use,named_material,jf-profile-2025-LT,https://www.jpf.go.jp/j/project/japanese/survey/area/country/2025/lithuania_2.pdf,2025,[4],4. 学習環境 — 教材 / Primary,Named in the textbook subsection for this setting. No national adoption rate is established.,"{""status"":""not_reported"",""value"":null}",2026-10-08
evidence-4cd262f40d5a5330,LT,title-12317c2ba23369ab,漢リ字典,漢リ字典,漢リ字典,[],Secondary,,reported_use,named_material,jf-profile-2025-LT,https://www.jpf.go.jp/j/project/japanese/survey/area/country/2025/lithuania_2.pdf,2025,[4],4. 学習環境 — 教材 / Secondary,Named in the textbook subsection for this setting. No national adoption rate is established.,"{""status"":""not_reported"",""value"":null}",2026-10-08
evidence-d3485e0c2e4e7b67,LT,title-edaed9ddfd58a7b4,新文化初級日本語Ⅰ,新文化初級日本語Ⅰ,新文化初級日本語Ⅰ,[],Secondary,,reported_use,named_material,jf-profile-2025-LT,https://www.jpf.go.jp/j/project/japanese/survey/area/country/2025/lithuania_2.pdf,2025,[4],4. 学習環境 — 教材 / Secondary,Named in the textbook subsection for this setting. No national adoption rate is established.,"{""status"":""not_reported"",""value"":null}",2026-10-08
evidence-29fbc53cd13b4925,LT,title-49326a47e508dbd9,風のつばさ,風のつばさ,風のつばさ,[],Secondary,,reported_use,named_material,jf-profile-2025-LT,https://www.jpf.go.jp/j/project/japanese/survey/area/country/2025/lithuania_2.pdf,2025,[4],4. 学習環境 — 教材 / Secondary,Named in the textbook subsection for this setting. No national adoption rate is established.,"{""status"":""not_reported"",""value"":null}",2026-10-08
evidence-42ec4b011f0ecad3,LT,title-b31aceac37db3424,にほんごのきそ,にほんごのきそ,にほんごのきそ,[],Secondary,,reported_use,named_material,jf-profile-2025-LT,https://www.jpf.go.jp/j/project/japanese/survey/area/country/2025/lithuania_2.pdf,2025,[4],4. 学習環境 — 教材 / Secondary,Named in the textbook subsection for this setting. No national adoption rate is established.,"{""status"":""not_reported"",""value"":null}",2026-10-08
evidence-4c344b370f79df23,LT,title-5cdf7e72cd95edca,みんなの日本語,みんなの日本語,みんなの日本語,[],Secondary,,reported_use,named_material,jf-profile-2025-LT,https://www.jpf.go.jp/j/project/japanese/survey/area/country/2025/lithuania_2.pdf,2025,[4],4. 学習環境 — 教材 / Secondary,Named in the textbook subsection for this setting. No national adoption rate is established.,"{""status"":""not_reported"",""value"":null}",2026-10-08
evidence-3d630df5219144d6,LT,title-68fdbdbbdfbf4051,BASIC KANJI BOOK 1,BASIC KANJI BOOK 1,BASIC KANJI BOOK 1,[],Secondary,,reported_use,named_material,jf-profile-2025-LT,https://www.jpf.go.jp/j/project/japanese/survey/area/country/2025/lithuania_2.pdf,2025,[4],4. 学習環境 — 教材 / Secondary,Named in the textbook subsection for this setting. No national adoption rate is established.,"{""status"":""not_reported"",""value"":null}",2026-10-08
evidence-afd2f2adb588637e,LT,title-75a986921d892073,JAPANESE FOR BUSY PEOPLE,JAPANESE FOR BUSY PEOPLE,JAPANESE FOR BUSY PEOPLE,[],Secondary,,reported_use,named_material,jf-profile-2025-LT,https://www.jpf.go.jp/j/project/japanese/survey/area/country/2025/lithuania_2.pdf,2025,[4],4. 学習環境 — 教材 / Secondary,Named in the textbook subsection for this setting. No national adoption rate is established.,"{""status"":""not_reported"",""value"":null}",2026-10-08
evidence-30536c964dc72591,LT,title-77d8d65ef52b7d3d,みんなの日本語初級 Ⅰ、Ⅱ 第２版,みんなの日本語初級 Ⅰ、Ⅱ 第２版,みんなの日本語初級 Ⅰ、Ⅱ 第２版,[],Higher,,reported_use,named_material,jf-profile-2025-LT,https://www.jpf.go.jp/j/project/japanese/survey/area/country/2025/lithuania_2.pdf,2025,[5],4. 学習環境 — 教材 / Higher,Named in the textbook subsection for this setting. No national adoption rate is established.,"{""status"":""not_reported"",""value"":null}",2026-10-08
evidence-7eee6a155cd1dc77,LT,title-3a856020e3364723,みんなの日本語中級 Ⅰ、Ⅱ,みんなの日本語中級 Ⅰ、Ⅱ,みんなの日本語中級 Ⅰ、Ⅱ,[],Higher,,reported_use,named_material,jf-profile-2025-LT,https://www.jpf.go.jp/j/project/japanese/survey/area/country/2025/lithuania_2.pdf,2025,[5],4. 学習環境 — 教材 / Higher,Named in the textbook subsection for this setting. No national adoption rate is established.,"{""status"":""not_reported"",""value"":null}",2026-10-08
evidence-913f6d310228639a,LT,title-e648cc63551fe46d,BASIC KANJI BOOK 1 2,BASIC KANJI BOOK 1 2,BASIC KANJI BOOK 1 2,[],Higher,,reported_use,named_material,jf-profile-2025-LT,https://www.jpf.go.jp/j/project/japanese/survey/area/country/2025/lithuania_2.pdf,2025,[5],4. 学習環境 — 教材 / Higher,Named in the textbook subsection for this setting. No national adoption rate is established.,"{""status"":""not_reported"",""value"":null}",2026-10-08
evidence-58a25182dd7b0005,LT,title-ec3cd42ce0f0f65b,INTERMEDIATE KANJI BOOK 1 2,INTERMEDIATE KANJI BOOK 1 2,INTERMEDIATE KANJI BOOK 1 2,[],Higher,,reported_use,named_material,jf-profile-2025-LT,https://www.jpf.go.jp/j/project/japanese/survey/area/country/2025/lithuania_2.pdf,2025,[5],4. 学習環境 — 教材 / Higher,Named in the textbook subsection for this setting. No national adoption rate is established.,"{""status"":""not_reported"",""value"":null}",2026-10-08
evidence-b5aaf8bfef197262,LT,title-a1278505f3ec7a9d,どんな時どう使う日本語表現文型 500,どんな時どう使う日本語表現文型 500,どんな時どう使う日本語表現文型 500,[],Higher,,reported_use,named_material,jf-profile-2025-LT,https://www.jpf.go.jp/j/project/japanese/survey/area/country/2025/lithuania_2.pdf,2025,[5],4. 学習環境 — 教材 / Higher,Named in the textbook subsection for this setting. No national adoption rate is established.,"{""status"":""not_reported"",""value"":null}",2026-10-08
evidence-a94e5ab621be2e93,LT,title-e367433e9c8e5ca5,どんな時どう使う日本語表現文型辞典,どんな時どう使う日本語表現文型辞典,どんな時どう使う日本語表現文型辞典,[],Higher,,reported_use,named_material,jf-profile-2025-LT,https://www.jpf.go.jp/j/project/japanese/survey/area/country/2025/lithuania_2.pdf,2025,[5],4. 学習環境 — 教材 / Higher,Named in the textbook subsection for this setting. No national adoption rate is established.,"{""status"":""not_reported"",""value"":null}",2026-10-08
evidence-fd69703300950063,LT,title-00032176f7486e2d,初級日本語げんき Ⅰ、Ⅱ 第３版,初級日本語げんき Ⅰ、Ⅱ 第３版,初級日本語げんき Ⅰ、Ⅱ 第３版,[],Higher,,reported_use,named_material,jf-profile-2025-LT,https://www.jpf.go.jp/j/project/japanese/survey/area/country/2025/lithuania_2.pdf,2025,[5],4. 学習環境 — 教材 / Higher,Named in the textbook subsection for this setting. No national adoption rate is established.,"{""status"":""not_reported"",""value"":null}",2026-10-08
evidence-0bf4463f37cf88a5,LT,title-b9eac2ec98c10582,４技能でひろがる中級日本語カルテット,４技能でひろがる中級日本語カルテット,４技能でひろがる中級日本語カルテット,[],Higher,,reported_use,named_material,jf-profile-2025-LT,https://www.jpf.go.jp/j/project/japanese/survey/area/country/2025/lithuania_2.pdf,2025,[5],4. 学習環境 — 教材 / Higher,Named in the textbook subsection for this setting. No national adoption rate is established.,"{""status"":""not_reported"",""value"":null}",2026-10-08
evidence-71c98317df3df0d1,LT,title-ca6eead389b24c90,にほんご漢字トレーニング,にほんご漢字トレーニング,にほんご漢字トレーニング,[],Higher,,reported_use,named_material,jf-profile-2025-LT,https://www.jpf.go.jp/j/project/japanese/survey/area/country/2025/lithuania_2.pdf,2025,[5],4. 学習環境 — 教材 / Higher,Named in the textbook subsection for this setting. No national adoption rate is established.,"{""status"":""not_reported"",""value"":null}",2026-10-08
evidence-be6c7f71f0094f71,LT,title-bee1c8357a270dfc,日本語語彙力アップトレーニング,日本語語彙力アップトレーニング,日本語語彙力アップトレーニング,[],Higher,,reported_use,named_material,jf-profile-2025-LT,https://www.jpf.go.jp/j/project/japanese/survey/area/country/2025/lithuania_2.pdf,2025,[5],4. 学習環境 — 教材 / Higher,Named in the textbook subsection for this setting. No national adoption rate is established.,"{""status"":""not_reported"",""value"":null}",2026-10-08
evidence-b1d91d7653b72b52,LT,title-5d027ca46ff80d72,中級日本語文法要点整理ポイント 20,中級日本語文法要点整理ポイント 20,中級日本語文法要点整理ポイント 20,[],Higher,,reported_use,named_material,jf-profile-2025-LT,https://www.jpf.go.jp/j/project/japanese/survey/area/country/2025/lithuania_2.pdf,2025,[5],4. 学習環境 — 教材 / Higher,Named in the textbook subsection for this setting. No national adoption rate is established.,"{""status"":""not_reported"",""value"":null}",2026-10-08
evidence-59d5a7994f729439,LT,title-9b9abf7ac82ca516,短期集中初級日本語文法総まとめ 20 ポイント,短期集中初級日本語文法総まとめ 20 ポイント,短期集中初級日本語文法総まとめ 20 ポイント,[],Higher,,reported_use,named_material,jf-profile-2025-LT,https://www.jpf.go.jp/j/project/japanese/survey/area/country/2025/lithuania_2.pdf,2025,[5],4. 学習環境 — 教材 / Higher,Named in the textbook subsection for this setting. No national adoption rate is established.,"{""status"":""not_reported"",""value"":null}",2026-10-08
evidence-9a226beb29580c61,LT,title-8fe15e3eeb644e1f,日本語総まとめ N2 文法・漢字・語彙・読解・聴解,日本語総まとめ N2 文法・漢字・語彙・読解・聴解,日本語総まとめ N2 文法・漢字・語彙・読解・聴解,[],Higher,,reported_use,named_material,jf-profile-2025-LT,https://www.jpf.go.jp/j/project/japanese/survey/area/country/2025/lithuania_2.pdf,2025,[5],4. 学習環境 — 教材 / Higher,Named in the textbook subsection for this setting. No national adoption rate is established.,"{""status"":""not_reported"",""value"":null}",2026-10-08
evidence-e009a7aff51e6926,LT,title-8d04e8d290195d2d,日本語総まとめ N3 聴解,日本語総まとめ N3 聴解,日本語総まとめ N3 聴解,[],Higher,,reported_use,named_material,jf-profile-2025-LT,https://www.jpf.go.jp/j/project/japanese/survey/area/country/2025/lithuania_2.pdf,2025,[5],4. 学習環境 — 教材 / Higher,Named in the textbook subsection for this setting. No national adoption rate is established.,"{""status"":""not_reported"",""value"":null}",2026-10-08
evidence-07931f3d730987ba,LT,title-a718192b591aed1b,レベルアップ日本語文法,レベルアップ日本語文法,レベルアップ日本語文法,[],Higher,,reported_use,named_material,jf-profile-2025-LT,https://www.jpf.go.jp/j/project/japanese/survey/area/country/2025/lithuania_2.pdf,2025,[5],4. 学習環境 — 教材 / Higher,Named in the textbook subsection for this setting. No national adoption rate is established.,"{""status"":""not_reported"",""value"":null}",2026-10-08
evidence-2d3f3bffa93c3174,LT,title-f8b88c204e2869ff,日本をたどりなおす 29 の方法国際日本研究入門,日本をたどりなおす 29 の方法国際日本研究入門,日本をたどりなおす 29 の方法国際日本研究入門,[],Higher,,reported_use,named_material,jf-profile-2025-LT,https://www.jpf.go.jp/j/project/japanese/survey/area/country/2025/lithuania_2.pdf,2025,[5],4. 学習環境 — 教材 / Higher,Named in the textbook subsection for this setting. No national adoption rate is established.,"{""status"":""not_reported"",""value"":null}",2026-10-08
evidence-4bb5e368d373d7c7,LT,title-7ff1aa4fce763022,日本語基礎文法辞典 A Dictionary of Basic Japanese Grammar,日本語基礎文法辞典 A Dictionary of Basic Japanese Grammar,日本語基礎文法辞典 A Dictionary of Basic Japanese Grammar,[],Higher,,reported_use,named_material,jf-profile-2025-LT,https://www.jpf.go.jp/j/project/japanese/survey/area/country/2025/lithuania_2.pdf,2025,[5],4. 学習環境 — 教材 / Higher,Named in the textbook subsection for this setting. No national adoption rate is established.,"{""status"":""not_reported"",""value"":null}",2026-10-08
evidence-14388748bfe19a1d,LT,title-50065c48a2e8f9af,日本語文法辞典【中級編】 A Dictionary of Intermediate Japanese Grammar,日本語文法辞典【中級編】 A Dictionary of Intermediate Japanese Grammar,日本語文法辞典【中級編】 A Dictionary of Intermediate Japanese Grammar,[],Higher,,reported_use,named_material,jf-profile-2025-LT,https://www.jpf.go.jp/j/project/japanese/survey/area/country/2025/lithuania_2.pdf,2025,[5],4. 学習環境 — 教材 / Higher,Named in the textbook subsection for this setting. No national adoption rate is established.,"{""status"":""not_reported"",""value"":null}",2026-10-08
evidence-bf24647269720c00,LT,title-6410453f4745b76f,日本語文法辞典【上級編】 A Dictionary of Advanced Japanese Grammar,日本語文法辞典【上級編】 A Dictionary of Advanced Japanese Grammar,日本語文法辞典【上級編】 A Dictionary of Advanced Japanese Grammar,[],Higher,,reported_use,named_material,jf-profile-2025-LT,https://www.jpf.go.jp/j/project/japanese/survey/area/country/2025/lithuania_2.pdf,2025,[5],4. 学習環境 — 教材 / Higher,Named in the textbook subsection for this setting. No national adoption rate is established.,"{""status"":""not_reported"",""value"":null}",2026-10-08
evidence-804b583c5b09d1b4,LT,title-e1c2b66539d1f470,日本語文型辞典英語版 A Handbook of Japanese Grammar Patterns for Teachers and Learners,日本語文型辞典英語版 A Handbook of Japanese Grammar Patterns for Teachers and Learners,日本語文型辞典英語版 A Handbook of Japanese Grammar Patterns for Teachers and Learners,[],Higher,,reported_use,named_material,jf-profile-2025-LT,https://www.jpf.go.jp/j/project/japanese/survey/area/country/2025/lithuania_2.pdf,2025,[5],4. 学習環境 — 教材 / Higher,Named in the textbook subsection for this setting. No national adoption rate is established.,"{""status"":""not_reported"",""value"":null}",2026-10-08
evidence-1d81b6805dcf4437,LT,title-8c393f2e12bc92b9,古典文法 FORMULA 30,古典文法 FORMULA 30,古典文法 FORMULA 30,[],Higher,,reported_use,named_material,jf-profile-2025-LT,https://www.jpf.go.jp/j/project/japanese/survey/area/country/2025/lithuania_2.pdf,2025,[5],4. 学習環境 — 教材 / Higher,Named in the textbook subsection for this setting. No national adoption rate is established.,"{""status"":""not_reported"",""value"":null}",2026-10-08
evidence-16960cf74a243831,LT,title-c51608485d3722a6,楽しく聞こう,楽しく聞こう,楽しく聞こう,[],Higher,,reported_use,named_material,jf-profile-2025-LT,https://www.jpf.go.jp/j/project/japanese/survey/area/country/2025/lithuania_2.pdf,2025,[5],4. 学習環境 — 教材 / Higher,Named in the textbook subsection for this setting. No national adoption rate is established.,"{""status"":""not_reported"",""value"":null}",2026-10-08
evidence-06db60ab33fc6eed,LT,title-ec77492eee972e7c,みんなの日本語Ⅰ、Ⅱ,みんなの日本語Ⅰ、Ⅱ,みんなの日本語Ⅰ、Ⅱ,[],Higher,,reported_use,named_material,jf-profile-2025-LT,https://www.jpf.go.jp/j/project/japanese/survey/area/country/2025/lithuania_2.pdf,2025,[5],4. 学習環境 — 教材 / Higher,Named in the textbook subsection for this setting. No national adoption rate is established.,"{""status"":""not_reported"",""value"":null}",2026-10-08
evidence-a3e5a29b107bcf09,LT,title-860b56d82ded60c6,初級日本語げんき,初級日本語げんき,初級日本語げんき,[],Higher,,reported_use,named_material,jf-profile-2025-LT,https://www.jpf.go.jp/j/project/japanese/survey/area/country/2025/lithuania_2.pdf,2025,[5],4. 学習環境 — 教材 / Higher,Named in the textbook subsection for this setting. No national adoption rate is established.,"{""status"":""not_reported"",""value"":null}",2026-10-08
evidence-14d263cff47eadf1,LT,title-49326a47e508dbd9,風のつばさ,風のつばさ,風のつばさ,[],Higher,,reported_use,named_material,jf-profile-2025-LT,https://www.jpf.go.jp/j/project/japanese/survey/area/country/2025/lithuania_2.pdf,2025,[5],4. 学習環境 — 教材 / Higher,Named in the textbook subsection for this setting. No national adoption rate is established.,"{""status"":""not_reported"",""value"":null}",2026-10-08
evidence-e81e247ccf798acd,LT,title-013afebe2b30c147,まるごと,まるごと,まるごと,[],Higher,,reported_use,named_material,jf-profile-2025-LT,https://www.jpf.go.jp/j/project/japanese/survey/area/country/2025/lithuania_2.pdf,2025,[5],4. 学習環境 — 教材 / Higher,Named in the textbook subsection for this setting. No national adoption rate is established.,"{""status"":""not_reported"",""value"":null}",2026-10-08
evidence-2649d784ded72a36,LT,title-089930480a900f6d,いろどり生活の日本語,いろどり生活の日本語,いろどり生活の日本語,[],Higher,,reported_use,named_material,jf-profile-2025-LT,https://www.jpf.go.jp/j/project/japanese/survey/area/country/2025/lithuania_2.pdf,2025,[5],4. 学習環境 — 教材 / Higher,Named in the textbook subsection for this setting. No national adoption rate is established.,"{""status"":""not_reported"",""value"":null}",2026-10-08
evidence-59dc641202d0fc8d,LT,title-860b56d82ded60c6,初級日本語げんき,初級日本語げんき,初級日本語げんき,[],Other,,reported_use,named_material,jf-profile-2025-LT,https://www.jpf.go.jp/j/project/japanese/survey/area/country/2025/lithuania_2.pdf,2025,[6],4. 学習環境 — 教材 / Other,Named in the textbook subsection for this setting. No national adoption rate is established.,"{""status"":""not_reported"",""value"":null}",2026-10-08
evidence-9cb91cfa909de9c5,LT,title-b824c654732c445f,J.Bridge to Intermediate Japanese,J.Bridge to Intermediate Japanese,J.Bridge to Intermediate Japanese,[],Other,,reported_use,named_material,jf-profile-2025-LT,https://www.jpf.go.jp/j/project/japanese/survey/area/country/2025/lithuania_2.pdf,2025,[6],4. 学習環境 — 教材 / Other,Named in the textbook subsection for this setting. No national adoption rate is established.,"{""status"":""not_reported"",""value"":null}",2026-10-08
evidence-c6d4336174d93a0c,LT,title-f409d55f89f7b719,Classical Japanese: A Grammar,Classical Japanese: A Grammar,Classical Japanese: A Grammar,[],Higher,,reported_use,named_material,jf-profile-2025-LT,https://www.jpf.go.jp/j/project/japanese/survey/area/country/2025/lithuania_2.pdf,2025,[5],4. 学習環境 — 教材 / Higher,Named among higher-education teaching materials.,"{""status"":""not_reported"",""value"":null}",2026-10-08
evidence-8e18ad2a73d43145,LT,title-f55a4f12f4921452,Classical Japanese Reader and Essential Dictionary,Classical Japanese Reader and Essential Dictionary,Classical Japanese Reader and Essential Dictionary,[],Higher,,reported_use,named_material,jf-profile-2025-LT,https://www.jpf.go.jp/j/project/japanese/survey/area/country/2025/lithuania_2.pdf,2025,[5],4. 学習環境 — 教材 / Higher,Named among higher-education teaching materials.,"{""status"":""not_reported"",""value"":null}",2026-10-08
evidence-06fbd33eb0166446,RO,title-5cdf7e72cd95edca,みんなの日本語,みんなの日本語,みんなの日本語,[],Secondary,,reported_use,named_material,jf-profile-2025-RO,https://www.jpf.go.jp/j/project/japanese/survey/area/country/2025/romania_2.pdf,2025,[5],4. 学習環境 — 教材 / Secondary,Named in the textbook subsection for this setting. No national adoption rate is established.,"{""status"":""not_reported"",""value"":null}",2026-10-08
evidence-d847839859b6f64b,RO,title-83460c5bb06bd9a0,げんき,げんき,げんき,[],Secondary,,reported_use,named_material,jf-profile-2025-RO,https://www.jpf.go.jp/j/project/japanese/survey/area/country/2025/romania_2.pdf,2025,[5],4. 学習環境 — 教材 / Secondary,Named in the textbook subsection for this setting. No national adoption rate is established.,"{""status"":""not_reported"",""value"":null}",2026-10-08
evidence-3a9d93b245d85ed2,RO,title-6ebd7e06af010dd3,まるごと日本のことばと文化,まるごと日本のことばと文化,まるごと日本のことばと文化,[],Secondary,,mentioned,named_material,jf-profile-2025-RO,https://www.jpf.go.jp/j/project/japanese/survey/area/country/2025/romania_2.pdf,2025,[5],4. 学習環境 — 教材 / Secondary,Introduction is under consideration or future uptake is anticipated; not confirmed adoption.,"{""status"":""not_reported"",""value"":null}",2026-10-08
evidence-997b4ea26bf5a21e,RO,title-5cdf7e72cd95edca,みんなの日本語,みんなの日本語,みんなの日本語,[],Higher,,reported_use,named_material,jf-profile-2025-RO,https://www.jpf.go.jp/j/project/japanese/survey/area/country/2025/romania_2.pdf,2025,[5],4. 学習環境 — 教材 / Higher,Named in the textbook subsection for this setting. No national adoption rate is established.,"{""status"":""not_reported"",""value"":null}",2026-10-08
evidence-29324936dfd6980c,RO,title-83460c5bb06bd9a0,げんき,げんき,げんき,[],Higher,,reported_use,named_material,jf-profile-2025-RO,https://www.jpf.go.jp/j/project/japanese/survey/area/country/2025/romania_2.pdf,2025,[5],4. 学習環境 — 教材 / Higher,Named in the textbook subsection for this setting. No national adoption rate is established.,"{""status"":""not_reported"",""value"":null}",2026-10-08
evidence-713f7df12d4d0105,RO,title-9bd338e36b5001ae,BASIC KANJI BOOK,BASIC KANJI BOOK,BASIC KANJI BOOK,[],Higher,,reported_use,named_material,jf-profile-2025-RO,https://www.jpf.go.jp/j/project/japanese/survey/area/country/2025/romania_2.pdf,2025,[5],4. 学習環境 — 教材 / Higher,Named in the textbook subsection for this setting. No national adoption rate is established.,"{""status"":""not_reported"",""value"":null}",2026-10-08
evidence-64863c31e7235c3a,RO,title-80408114a81fa09e,Nihongo o benkyō shiyō! Manual de limba japoneză pentru anul I,Nihongo o benkyō shiyō! Manual de limba japoneză pentru anul I,Nihongo o benkyō shiyō! Manual de limba japoneză pentru anul I,[],Higher,,mentioned,named_material,jf-profile-2025-RO,https://www.jpf.go.jp/j/project/japanese/survey/area/country/2025/romania_2.pdf,2025,[5],4. 学習環境 — 教材 / Higher,Local publication is described; publication does not establish classroom adoption.,"{""status"":""not_reported"",""value"":null}",2026-10-08
evidence-7922fe47d4f2b457,RO,title-25b157a325c0e441,意味と機能からわかる日本語文型解説 Ⅰ,意味と機能からわかる日本語文型解説 Ⅰ,意味と機能からわかる日本語文型解説 Ⅰ,[],Higher,,mentioned,named_material,jf-profile-2025-RO,https://www.jpf.go.jp/j/project/japanese/survey/area/country/2025/romania_2.pdf,2025,[5],4. 学習環境 — 教材 / Higher,Local publication is described; publication does not establish classroom adoption.,"{""status"":""not_reported"",""value"":null}",2026-10-08
evidence-044b5e82633e7b09,RO,title-46b97d6192f61700,意味と機能からわかる日本語文型解説 Ⅱ,意味と機能からわかる日本語文型解説 Ⅱ,同 Ⅱ,[],Higher,,mentioned,named_material,jf-profile-2025-RO,https://www.jpf.go.jp/j/project/japanese/survey/area/country/2025/romania_2.pdf,2025,[5],4. 学習環境 — 教材 / Higher,Local publication is described; publication does not establish classroom adoption. Source uses 同 Ⅱ; preceding title supplies the expansion.,"{""status"":""not_reported"",""value"":null}",2026-10-08
evidence-4856af17939d8dbb,RO,title-61b23dc01e22f3fc,初中級場面別語彙集かけはし,初中級場面別語彙集かけはし,初中級場面別語彙集かけはし,[],Higher,,mentioned,named_material,jf-profile-2025-RO,https://www.jpf.go.jp/j/project/japanese/survey/area/country/2025/romania_2.pdf,2025,[5],4. 学習環境 — 教材 / Higher,Local publication is described; publication does not establish classroom adoption.,"{""status"":""not_reported"",""value"":null}",2026-10-08
evidence-4e7b11060dcc43f9,RO,title-fe75a6a536fc3a76,中級場面別語彙集きざはし,中級場面別語彙集きざはし,中級場面別語彙集きざはし,[],Higher,,mentioned,named_material,jf-profile-2025-RO,https://www.jpf.go.jp/j/project/japanese/survey/area/country/2025/romania_2.pdf,2025,[5],4. 学習環境 — 教材 / Higher,Local publication is described; publication does not establish classroom adoption.,"{""status"":""not_reported"",""value"":null}",2026-10-08
evidence-be8997dc6cee4a36,RO,title-2fd6a8361d3a805c,日本語上級文型解説,日本語上級文型解説,日本語上級文型解説,[],Higher,,mentioned,named_material,jf-profile-2025-RO,https://www.jpf.go.jp/j/project/japanese/survey/area/country/2025/romania_2.pdf,2025,[5],4. 学習環境 — 教材 / Higher,Local publication is described; publication does not establish classroom adoption.,"{""status"":""not_reported"",""value"":null}",2026-10-08
evidence-c3e029fe81cd15d0,RO,title-e351f1ea1bf9e369,にほんごかんたん,にほんごかんたん,にほんごかんたん,[],Other,,reported_use,named_material,jf-profile-2025-RO,https://www.jpf.go.jp/j/project/japanese/survey/area/country/2025/romania_2.pdf,2025,[6],4. 学習環境 — 教材 / Other,Named in the textbook subsection for this setting. No national adoption rate is established.,"{""status"":""not_reported"",""value"":null}",2026-10-08
evidence-1f5c83c312c94c34,RO,title-5cdf7e72cd95edca,みんなの日本語,みんなの日本語,みんなの日本語,[],Other,,reported_use,named_material,jf-profile-2025-RO,https://www.jpf.go.jp/j/project/japanese/survey/area/country/2025/romania_2.pdf,2025,[6],4. 学習環境 — 教材 / Other,Named in the textbook subsection for this setting. No national adoption rate is established.,"{""status"":""not_reported"",""value"":null}",2026-10-08
evidence-037ef5e08edae6e1,RO,title-71ba065e89697db2,日本語入門,日本語入門,日本語入門,[],Other,,mentioned,named_material,jf-profile-2025-RO,https://www.jpf.go.jp/j/project/japanese/survey/area/country/2025/romania_2.pdf,2025,[6],4. 学習環境 — 教材 / Other,Local publication is described; publication does not establish classroom adoption.,"{""status"":""not_reported"",""value"":null}",2026-10-08
evidence-61c634a8e4dca2ba,RO,title-1fdc826386630fd7,日本語会話,日本語会話,日本語会話,[],Other,,mentioned,named_material,jf-profile-2025-RO,https://www.jpf.go.jp/j/project/japanese/survey/area/country/2025/romania_2.pdf,2025,[6],4. 学習環境 — 教材 / Other,Local publication is described; publication does not establish classroom adoption.,"{""status"":""not_reported"",""value"":null}",2026-10-08
evidence-f1efe6f01d3b5e48,RO,title-f556f0aa325117ea,常用漢字,常用漢字,常用漢字,[],Other,,mentioned,named_material,jf-profile-2025-RO,https://www.jpf.go.jp/j/project/japanese/survey/area/country/2025/romania_2.pdf,2025,[6],4. 学習環境 — 教材 / Other,Local publication is described; publication does not establish classroom adoption.,"{""status"":""not_reported"",""value"":null}",2026-10-08
evidence-7513659817cbf394,RO,title-6ebd7e06af010dd3,まるごと日本のことばと文化,まるごと日本のことばと文化,まるごと日本のことばと文化,[],Other,,mentioned,named_material,jf-profile-2025-RO,https://www.jpf.go.jp/j/project/japanese/survey/area/country/2025/romania_2.pdf,2025,[6],4. 学習環境 — 教材 / Other,Introduction is under consideration or future uptake is anticipated; not confirmed adoption.,"{""status"":""not_reported"",""value"":null}",2026-10-08
evidence-89efd1e47ead29e7,RU,title-52d32ce7e5000e03,子どものための日本語,子どものための日本語,子どものための日本語,[],Secondary,,reported_use,named_material,jf-profile-2025-RU,https://www.jpf.go.jp/j/project/japanese/survey/area/country/2025/russia_2.pdf,2025,[7],4. 学習環境 — 教材 / Secondary,Named in the textbook subsection for this setting. No national adoption rate is established.,"{""status"":""not_reported"",""value"":null}",2026-10-08
evidence-a101c88d0b31802f,RU,title-fb4279820f3f3e90,初心者のための日本語,初心者のための日本語,初心者のための日本語,[],Secondary,,reported_use,named_material,jf-profile-2025-RU,https://www.jpf.go.jp/j/project/japanese/survey/area/country/2025/russia_2.pdf,2025,[7],4. 学習環境 — 教材 / Secondary,Named in the textbook subsection for this setting. No national adoption rate is established.,"{""status"":""not_reported"",""value"":null}",2026-10-08
evidence-db1f148ce5c7aa83,RU,title-7cdadfc85135a255,日本語初歩,日本語初歩,日本語初歩,[],Secondary,,reported_use,named_material,jf-profile-2025-RU,https://www.jpf.go.jp/j/project/japanese/survey/area/country/2025/russia_2.pdf,2025,[7],4. 学習環境 — 教材 / Secondary,Named in the textbook subsection for this setting. No national adoption rate is established.,"{""status"":""not_reported"",""value"":null}",2026-10-08
evidence-5d719f263d45dab7,RU,title-5cdf7e72cd95edca,みんなの日本語,みんなの日本語,みんなの日本語,[],Secondary,,reported_use,named_material,jf-profile-2025-RU,https://www.jpf.go.jp/j/project/japanese/survey/area/country/2025/russia_2.pdf,2025,[7],4. 学習環境 — 教材 / Secondary,Named in the textbook subsection for this setting. No national adoption rate is established.,"{""status"":""not_reported"",""value"":null}",2026-10-08
evidence-8b15f77e9065b92a,RU,title-2c7be2d195b8c68f,ひろこさんのたのしいにほんご,ひろこさんのたのしいにほんご,ひろこさんのたのしいにほんご,[],Secondary,,reported_use,named_material,jf-profile-2025-RU,https://www.jpf.go.jp/j/project/japanese/survey/area/country/2025/russia_2.pdf,2025,[7],4. 学習環境 — 教材 / Secondary,Named in the textbook subsection for this setting. No national adoption rate is established.,"{""status"":""not_reported"",""value"":null}",2026-10-08
evidence-4d196f9a8fdb98a6,RU,title-bbf4cb256d64b0f5,書く、読む、話す,書く、読む、話す,書く、読む、話す,[],Secondary,,reported_use,named_material,jf-profile-2025-RU,https://www.jpf.go.jp/j/project/japanese/survey/area/country/2025/russia_2.pdf,2025,[7],4. 学習環境 — 教材 / Secondary,Named in the textbook subsection for this setting. No national adoption rate is established.,"{""status"":""not_reported"",""value"":null}",2026-10-08
evidence-9dfe3964b7bf02f1,RU,title-3773b02c39d92b1a,日本語入門はじめのいっぽ,日本語入門はじめのいっぽ,日本語入門はじめのいっぽ,[],Secondary,,reported_use,named_material,jf-profile-2025-RU,https://www.jpf.go.jp/j/project/japanese/survey/area/country/2025/russia_2.pdf,2025,[7],4. 学習環境 — 教材 / Secondary,Named in the textbook subsection for this setting. No national adoption rate is established.,"{""status"":""not_reported"",""value"":null}",2026-10-08
evidence-2a08cedade20569a,RU,title-596e0f419e9642af,5 年生のための日本語,5 年生のための日本語,5 年生のための日本語,[],Secondary,,reported_use,named_material,jf-profile-2025-RU,https://www.jpf.go.jp/j/project/japanese/survey/area/country/2025/russia_2.pdf,2025,[7],4. 学習環境 — 教材 / Secondary,Named in the textbook subsection for this setting. No national adoption rate is established.,"{""status"":""not_reported"",""value"":null}",2026-10-08
evidence-e643e96526bb3022,RU,title-edd399722b8c9579,エリンが挑戦！にほんごできます,エリンが挑戦！にほんごできます,エリンが挑戦！にほんごできます,[],Secondary,,reported_use,named_material,jf-profile-2025-RU,https://www.jpf.go.jp/j/project/japanese/survey/area/country/2025/russia_2.pdf,2025,[7],4. 学習環境 — 教材 / Secondary,Named in the textbook subsection for this setting. No national adoption rate is established.,"{""status"":""not_reported"",""value"":null}",2026-10-08
evidence-7367d954e0218106,RU,title-83460c5bb06bd9a0,げんき,げんき,げんき,[],Secondary,,reported_use,named_material,jf-profile-2025-RU,https://www.jpf.go.jp/j/project/japanese/survey/area/country/2025/russia_2.pdf,2025,[7],4. 学習環境 — 教材 / Secondary,Named in the textbook subsection for this setting. No national adoption rate is established.,"{""status"":""not_reported"",""value"":null}",2026-10-08
evidence-2cb1e320f290a4b3,RU,title-2fa90fb19e335306,できる日本語,できる日本語,できる日本語,[],Secondary,,reported_use,named_material,jf-profile-2025-RU,https://www.jpf.go.jp/j/project/japanese/survey/area/country/2025/russia_2.pdf,2025,[7],4. 学習環境 — 教材 / Secondary,Named in the textbook subsection for this setting. No national adoption rate is established.,"{""status"":""not_reported"",""value"":null}",2026-10-08
evidence-2973890a78f8a17d,RU,title-a60f193d9f0e9744,日本語の書き方。ひらがな。初心者のためのチュートリアル,日本語の書き方。ひらがな。初心者のためのチュートリアル,日本語の書き方。ひらがな。初心者のためのチュートリアル,[],Secondary,,reported_use,named_material,jf-profile-2025-RU,https://www.jpf.go.jp/j/project/japanese/survey/area/country/2025/russia_2.pdf,2025,[7],4. 学習環境 — 教材 / Secondary,Named in the textbook subsection for this setting. No national adoption rate is established.,"{""status"":""not_reported"",""value"":null}",2026-10-08
evidence-6fddfb08649bb2a6,RU,title-473e33657047d669,日本語の書き方。カタカナ。初心者のためのチュートリアル,日本語の書き方。カタカナ。初心者のためのチュートリアル,日本語の書き方。カタカナ。初心者のためのチュートリアル,[],Secondary,,reported_use,named_material,jf-profile-2025-RU,https://www.jpf.go.jp/j/project/japanese/survey/area/country/2025/russia_2.pdf,2025,[7],4. 学習環境 — 教材 / Secondary,Named in the textbook subsection for this setting. No national adoption rate is established.,"{""status"":""not_reported"",""value"":null}",2026-10-08
evidence-c7dd7b8f61fef4b3,RU,title-2aa6ade46ccf6abf,日本語教科書,日本語教科書,日本語教科書,[],Higher,,reported_use,named_material,jf-profile-2025-RU,https://www.jpf.go.jp/j/project/japanese/survey/area/country/2025/russia_2.pdf,2025,[7],4. 学習環境 — 教材 / Higher,Named in the textbook subsection for this setting. No national adoption rate is established.,"{""status"":""not_reported"",""value"":null}",2026-10-08
evidence-96bba4d4c2f8d36f,RU,title-4a7dada22d5f9bb2,初心者の為の日本語,初心者の為の日本語,初心者の為の日本語,[],Higher,,reported_use,named_material,jf-profile-2025-RU,https://www.jpf.go.jp/j/project/japanese/survey/area/country/2025/russia_2.pdf,2025,[7],4. 学習環境 — 教材 / Higher,Named in the textbook subsection for this setting. No national adoption rate is established.,"{""status"":""not_reported"",""value"":null}",2026-10-08
evidence-aebe0dea9a5b2c50,RU,title-b54e6a04e0460f69,中級における和露・露和通訳,中級における和露・露和通訳,中級における和露・露和通訳,[],Higher,,reported_use,named_material,jf-profile-2025-RU,https://www.jpf.go.jp/j/project/japanese/survey/area/country/2025/russia_2.pdf,2025,[7],4. 学習環境 — 教材 / Higher,Named in the textbook subsection for this setting. No national adoption rate is established.,"{""status"":""not_reported"",""value"":null}",2026-10-08
evidence-342f641fd9b511fb,RU,title-a6fbfa69332eb805,日本語漢字入門,日本語漢字入門,日本語漢字入門,[],Higher,,reported_use,named_material,jf-profile-2025-RU,https://www.jpf.go.jp/j/project/japanese/survey/area/country/2025/russia_2.pdf,2025,[7],4. 学習環境 — 教材 / Higher,Named in the textbook subsection for this setting. No national adoption rate is established.,"{""status"":""not_reported"",""value"":null}",2026-10-08
evidence-20abe02e99ee7801,RU,title-b4330ebba923dddb,日本語第一歩,日本語第一歩,日本語第一歩,[],Higher,,reported_use,named_material,jf-profile-2025-RU,https://www.jpf.go.jp/j/project/japanese/survey/area/country/2025/russia_2.pdf,2025,[7],4. 学習環境 — 教材 / Higher,Named in the textbook subsection for this setting. No national adoption rate is established.,"{""status"":""not_reported"",""value"":null}",2026-10-08
evidence-19b33f4f319967cc,RU,title-9451639948252d99,新日本語の基礎,新日本語の基礎,新日本語の基礎,[],Higher,,reported_use,named_material,jf-profile-2025-RU,https://www.jpf.go.jp/j/project/japanese/survey/area/country/2025/russia_2.pdf,2025,[7],4. 学習環境 — 教材 / Higher,Named in the textbook subsection for this setting. No national adoption rate is established.,"{""status"":""not_reported"",""value"":null}",2026-10-08
evidence-240360be8a2bab88,RU,title-c7176a9a423f8702,JAPANESE FOR BIGINNERS,JAPANESE FOR BIGINNERS,JAPANESE FOR BIGINNERS,[],Higher,,reported_use,named_material,jf-profile-2025-RU,https://www.jpf.go.jp/j/project/japanese/survey/area/country/2025/russia_2.pdf,2025,[7],4. 学習環境 — 教材 / Higher,Named in the textbook subsection for this setting. No national adoption rate is established.,"{""status"":""not_reported"",""value"":null}",2026-10-08
evidence-73f4cb3d5075f0bf,RU,title-ab427e825ba40ad5,よく使われる新聞の漢字と熟語,よく使われる新聞の漢字と熟語,よく使われる新聞の漢字と熟語,[],Higher,,reported_use,named_material,jf-profile-2025-RU,https://www.jpf.go.jp/j/project/japanese/survey/area/country/2025/russia_2.pdf,2025,[7],4. 学習環境 — 教材 / Higher,Named in the textbook subsection for this setting. No national adoption rate is established.,"{""status"":""not_reported"",""value"":null}",2026-10-08
evidence-fae7986dddcf6484,RU,title-92252b36faa5d76f,ペアで覚えるいろいろな言葉,ペアで覚えるいろいろな言葉,ペアで覚えるいろいろな言葉,[],Higher,,reported_use,named_material,jf-profile-2025-RU,https://www.jpf.go.jp/j/project/japanese/survey/area/country/2025/russia_2.pdf,2025,[7],4. 学習環境 — 教材 / Higher,Named in the textbook subsection for this setting. No national adoption rate is established.,"{""status"":""not_reported"",""value"":null}",2026-10-08
evidence-af63a5c50b0c6aa1,RU,title-43d72318b411a7c9,日本語作文Ⅰ,日本語作文Ⅰ,日本語作文Ⅰ,[],Higher,,reported_use,named_material,jf-profile-2025-RU,https://www.jpf.go.jp/j/project/japanese/survey/area/country/2025/russia_2.pdf,2025,[7],4. 学習環境 — 教材 / Higher,Named in the textbook subsection for this setting. No national adoption rate is established.,"{""status"":""not_reported"",""value"":null}",2026-10-08
evidence-b00a1774a2e7420a,RU,title-bbf4cb256d64b0f5,書く、読む、話す,書く、読む、話す,書く、読む、話す,[],Higher,,reported_use,named_material,jf-profile-2025-RU,https://www.jpf.go.jp/j/project/japanese/survey/area/country/2025/russia_2.pdf,2025,[7],4. 学習環境 — 教材 / Higher,Named in the textbook subsection for this setting. No national adoption rate is established.,"{""status"":""not_reported"",""value"":null}",2026-10-08
evidence-12f4f7c0c1e33741,RU,title-f95854cc87a9bd2e,日露漢字辞典,日露漢字辞典,日露漢字辞典,[],Higher,,reported_use,named_material,jf-profile-2025-RU,https://www.jpf.go.jp/j/project/japanese/survey/area/country/2025/russia_2.pdf,2025,[7],4. 学習環境 — 教材 / Higher,Named in the textbook subsection for this setting. No national adoption rate is established.,"{""status"":""not_reported"",""value"":null}",2026-10-08
evidence-6aebb3f58973e2bb,RU,title-c9c882db497da8ad,日本語通訳,日本語通訳,日本語通訳,[],Higher,,reported_use,named_material,jf-profile-2025-RU,https://www.jpf.go.jp/j/project/japanese/survey/area/country/2025/russia_2.pdf,2025,[7],4. 学習環境 — 教材 / Higher,Named in the textbook subsection for this setting. No national adoption rate is established.,"{""status"":""not_reported"",""value"":null}",2026-10-08
evidence-0f3a5f2b07cf08ba,RU,title-d9c4c5877d076896,Gairaigo - Yaponskaya transkriptsia inostrannikh slov “Gairaigo - Japanese Transcription foreign words”,Gairaigo - Yaponskaya transkriptsia inostrannikh slov “Gairaigo - Japanese Transcription foreign words”,Gairaigo - Yaponskaya transkriptsia inostrannikh slov “Gairaigo - Japanese Transcription foreign words”,[],Higher,,reported_use,named_material,jf-profile-2025-RU,https://www.jpf.go.jp/j/project/japanese/survey/area/country/2025/russia_2.pdf,2025,[7],4. 学習環境 — 教材 / Higher,Named in the textbook subsection for this setting. No national adoption rate is established.,"{""status"":""not_reported"",""value"":null}",2026-10-08
evidence-45475f3076535226,RU,title-32476236c9151e9f,日本語 Graphic Stylistics “Graphicheskaya stilistika yaponskavo yazika” （ Japanese Graphic Stylistics）,日本語 Graphic Stylistics “Graphicheskaya stilistika yaponskavo yazika” （ Japanese Graphic Stylistics）,日本語 Graphic Stylistics “Graphicheskaya stilistika yaponskavo yazika” （ Japanese Graphic Stylistics）,[],Higher,,reported_use,named_material,jf-profile-2025-RU,https://www.jpf.go.jp/j/project/japanese/survey/area/country/2025/russia_2.pdf,2025,[7],4. 学習環境 — 教材 / Higher,Named in the textbook subsection for this setting. No national adoption rate is established.,"{""status"":""not_reported"",""value"":null}",2026-10-08
evidence-e03853feda12aab7,RU,title-67d98279d27cdc3e,BASIC KANJI BOOK Vol.1、2,BASIC KANJI BOOK Vol.1、2,BASIC KANJI BOOK Vol.1、2,[],Higher,,reported_use,named_material,jf-profile-2025-RU,https://www.jpf.go.jp/j/project/japanese/survey/area/country/2025/russia_2.pdf,2025,[7],4. 学習環境 — 教材 / Higher,Named in the textbook subsection for this setting. No national adoption rate is established.,"{""status"":""not_reported"",""value"":null}",2026-10-08
evidence-89bfa530dd9d1381,RU,title-ff95ca7ad9c20899,"INTERMEDIATE KANJI BOOK Vol.1,2","INTERMEDIATE KANJI BOOK Vol.1,2","INTERMEDIATE KANJI BOOK Vol.1,2",[],Higher,,reported_use,named_material,jf-profile-2025-RU,https://www.jpf.go.jp/j/project/japanese/survey/area/country/2025/russia_2.pdf,2025,[7],4. 学習環境 — 教材 / Higher,Named in the textbook subsection for this setting. No national adoption rate is established.,"{""status"":""not_reported"",""value"":null}",2026-10-08
evidence-f96b9338c9804cdc,RU,title-a3f09952e05dc7ec,新文化初級日本語ⅠⅡ,新文化初級日本語ⅠⅡ,新文化初級日本語ⅠⅡ,[],Higher,,reported_use,named_material,jf-profile-2025-RU,https://www.jpf.go.jp/j/project/japanese/survey/area/country/2025/russia_2.pdf,2025,[7],4. 学習環境 — 教材 / Higher,Named in the textbook subsection for this setting. No national adoption rate is established.,"{""status"":""not_reported"",""value"":null}",2026-10-08
evidence-3a0ca72b8e1a297e,RU,title-98c513cc915ce23f,テーマ別中級から学ぶ日本語,テーマ別中級から学ぶ日本語,テーマ別中級から学ぶ日本語,[],Higher,,reported_use,named_material,jf-profile-2025-RU,https://www.jpf.go.jp/j/project/japanese/survey/area/country/2025/russia_2.pdf,2025,[7],4. 学習環境 — 教材 / Higher,Named in the textbook subsection for this setting. No national adoption rate is established.,"{""status"":""not_reported"",""value"":null}",2026-10-08
evidence-06cd7cae842c4d2b,RU,title-b99d7c2bf7fc02b0,テーマ別中級から学ぶ日本語ワークブック,テーマ別中級から学ぶ日本語ワークブック,テーマ別中級から学ぶ日本語ワークブック,[],Higher,,reported_use,named_material,jf-profile-2025-RU,https://www.jpf.go.jp/j/project/japanese/survey/area/country/2025/russia_2.pdf,2025,[7],4. 学習環境 — 教材 / Higher,Named in the textbook subsection for this setting. No national adoption rate is established.,"{""status"":""not_reported"",""value"":null}",2026-10-08
evidence-3b137c18ee03aeba,RU,title-13e4bd01a20e7bef,テーマ別上級で学ぶ日本語,テーマ別上級で学ぶ日本語,テーマ別上級で学ぶ日本語,[],Higher,,reported_use,named_material,jf-profile-2025-RU,https://www.jpf.go.jp/j/project/japanese/survey/area/country/2025/russia_2.pdf,2025,[7],4. 学習環境 — 教材 / Higher,Named in the textbook subsection for this setting. No national adoption rate is established.,"{""status"":""not_reported"",""value"":null}",2026-10-08
evidence-46765f26110d5f08,RU,title-6d34652b9dc59044,文化中級日本語,文化中級日本語,文化中級日本語,[],Higher,,reported_use,named_material,jf-profile-2025-RU,https://www.jpf.go.jp/j/project/japanese/survey/area/country/2025/russia_2.pdf,2025,[8],4. 学習環境 — 教材 / Higher,Named in the textbook subsection for this setting. No national adoption rate is established.,"{""status"":""not_reported"",""value"":null}",2026-10-08
evidence-23e767d4b04816fc,RU,title-810b8246de44bb21,毎日の聞き取り 50 日上下,毎日の聞き取り 50 日上下,毎日の聞き取り 50 日上下,[],Higher,,reported_use,named_material,jf-profile-2025-RU,https://www.jpf.go.jp/j/project/japanese/survey/area/country/2025/russia_2.pdf,2025,[8],4. 学習環境 — 教材 / Higher,Named in the textbook subsection for this setting. No national adoption rate is established.,"{""status"":""not_reported"",""value"":null}",2026-10-08
evidence-d474c4e1e6c53b0d,RU,title-860b56d82ded60c6,初級日本語げんき,初級日本語げんき,初級日本語げんき,[],Higher,,reported_use,named_material,jf-profile-2025-RU,https://www.jpf.go.jp/j/project/japanese/survey/area/country/2025/russia_2.pdf,2025,[8],4. 学習環境 — 教材 / Higher,Named in the textbook subsection for this setting. No national adoption rate is established.,"{""status"":""not_reported"",""value"":null}",2026-10-08
evidence-c4db98ac952f7190,RU,title-6ebd7e06af010dd3,まるごと日本のことばと文化,まるごと日本のことばと文化,まるごと日本のことばと文化,[],Higher,,reported_use,named_material,jf-profile-2025-RU,https://www.jpf.go.jp/j/project/japanese/survey/area/country/2025/russia_2.pdf,2025,[8],4. 学習環境 — 教材 / Higher,Named in the textbook subsection for this setting. No national adoption rate is established.,"{""status"":""not_reported"",""value"":null}",2026-10-08
evidence-a98a21073f568334,RU,title-2fa90fb19e335306,できる日本語,できる日本語,できる日本語,[],Higher,,reported_use,named_material,jf-profile-2025-RU,https://www.jpf.go.jp/j/project/japanese/survey/area/country/2025/russia_2.pdf,2025,[8],4. 学習環境 — 教材 / Higher,Named in the textbook subsection for this setting. No national adoption rate is established.,"{""status"":""not_reported"",""value"":null}",2026-10-08
evidence-043fb9c902794421,RU,title-5734fe7a391da4aa,大学二年生用の日本語教科書第二版,大学二年生用の日本語教科書第二版,大学二年生用の日本語教科書第二版,[],Higher,,reported_use,named_material,jf-profile-2025-RU,https://www.jpf.go.jp/j/project/japanese/survey/area/country/2025/russia_2.pdf,2025,[8],4. 学習環境 — 教材 / Higher,Named in the textbook subsection for this setting. No national adoption rate is established.,"{""status"":""not_reported"",""value"":null}",2026-10-08
evidence-a91643cebab7eb69,RU,title-35bd19838d007510,上級生のための日本語,上級生のための日本語,上級生のための日本語,[],Higher,,reported_use,named_material,jf-profile-2025-RU,https://www.jpf.go.jp/j/project/japanese/survey/area/country/2025/russia_2.pdf,2025,[8],4. 学習環境 — 教材 / Higher,Named in the textbook subsection for this setting. No national adoption rate is established.,"{""status"":""not_reported"",""value"":null}",2026-10-08
evidence-fee30f318e3c8032,RU,title-ba99191287aa822d,現代世界における日本：社会政治翻訳の教科書,現代世界における日本：社会政治翻訳の教科書,現代世界における日本：社会政治翻訳の教科書,[],Higher,,reported_use,named_material,jf-profile-2025-RU,https://www.jpf.go.jp/j/project/japanese/survey/area/country/2025/russia_2.pdf,2025,[8],4. 学習環境 — 教材 / Higher,Named in the textbook subsection for this setting. No national adoption rate is established.,"{""status"":""not_reported"",""value"":null}",2026-10-08
evidence-f2cec27b33b55d0e,RU,title-5cdf7e72cd95edca,みんなの日本語,みんなの日本語,みんなの日本語,[],Other,,reported_use,named_material,jf-profile-2025-RU,https://www.jpf.go.jp/j/project/japanese/survey/area/country/2025/russia_2.pdf,2025,[8],4. 学習環境 — 教材 / Other,Named in the textbook subsection for this setting. No national adoption rate is established.,"{""status"":""not_reported"",""value"":null}",2026-10-08
evidence-11253bf15e09e694,RU,title-fb4279820f3f3e90,初心者のための日本語,初心者のための日本語,初心者のための日本語,[],Other,,reported_use,named_material,jf-profile-2025-RU,https://www.jpf.go.jp/j/project/japanese/survey/area/country/2025/russia_2.pdf,2025,[8],4. 学習環境 — 教材 / Other,Named in the textbook subsection for this setting. No national adoption rate is established.,"{""status"":""not_reported"",""value"":null}",2026-10-08
evidence-0496fe901948efb8,RU,title-bbf4cb256d64b0f5,書く、読む、話す,書く、読む、話す,書く、読む、話す,[],Other,,reported_use,named_material,jf-profile-2025-RU,https://www.jpf.go.jp/j/project/japanese/survey/area/country/2025/russia_2.pdf,2025,[8],4. 学習環境 — 教材 / Other,Named in the textbook subsection for this setting. No national adoption rate is established.,"{""status"":""not_reported"",""value"":null}",2026-10-08
evidence-00671ea3a095e44b,RU,title-52d32ce7e5000e03,子どものための日本語,子どものための日本語,子どものための日本語,[],Other,,reported_use,named_material,jf-profile-2025-RU,https://www.jpf.go.jp/j/project/japanese/survey/area/country/2025/russia_2.pdf,2025,[8],4. 学習環境 — 教材 / Other,Named in the textbook subsection for this setting. No national adoption rate is established.,"{""status"":""not_reported"",""value"":null}",2026-10-08
evidence-1df1919ab95fee20,RU,title-6ebd7e06af010dd3,まるごと日本のことばと文化,まるごと日本のことばと文化,まるごと日本のことばと文化,[],Other,,reported_use,named_material,jf-profile-2025-RU,https://www.jpf.go.jp/j/project/japanese/survey/area/country/2025/russia_2.pdf,2025,[8],4. 学習環境 — 教材 / Other,Named in the textbook subsection for this setting. No national adoption rate is established.,"{""status"":""not_reported"",""value"":null}",2026-10-08
evidence-2134a76d862b2fef,RU,title-089930480a900f6d,いろどり生活の日本語,いろどり生活の日本語,いろどり生活の日本語,[],Other,,reported_use,named_material,jf-profile-2025-RU,https://www.jpf.go.jp/j/project/japanese/survey/area/country/2025/russia_2.pdf,2025,[8],4. 学習環境 — 教材 / Other,Named in the textbook subsection for this setting. No national adoption rate is established.,"{""status"":""not_reported"",""value"":null}",2026-10-08
evidence-75e0c137640c3e2f,RU,title-a60f193d9f0e9744,日本語の書き方。ひらがな。初心者のためのチュートリアル,日本語の書き方。ひらがな。初心者のためのチュートリアル,日本語の書き方。ひらがな。初心者のためのチュートリアル,[],Other,,reported_use,named_material,jf-profile-2025-RU,https://www.jpf.go.jp/j/project/japanese/survey/area/country/2025/russia_2.pdf,2025,[8],4. 学習環境 — 教材 / Other,Named in the textbook subsection for this setting. No national adoption rate is established.,"{""status"":""not_reported"",""value"":null}",2026-10-08
evidence-203fe7bf3a43fc9a,RU,title-473e33657047d669,日本語の書き方。カタカナ。初心者のためのチュートリアル,日本語の書き方。カタカナ。初心者のためのチュートリアル,日本語の書き方。カタカナ。初心者のためのチュートリアル,[],Other,,reported_use,named_material,jf-profile-2025-RU,https://www.jpf.go.jp/j/project/japanese/survey/area/country/2025/russia_2.pdf,2025,[8],4. 学習環境 — 教材 / Other,Named in the textbook subsection for this setting. No national adoption rate is established.,"{""status"":""not_reported"",""value"":null}",2026-10-08
evidence-5f2c5ed21769c807,AF,title-5cdf7e72cd95edca,みんなの日本語,みんなの日本語,みんなの日本語,[],Higher,,historical_use,named_material,jf-profile-2025-AF,https://www.jpf.go.jp/j/project/japanese/survey/area/country/2025/afghanistan_2.pdf,2025,[3],4. 学習環境 — 教材 / Higher,Higher-education use is described in the past tense; not a claim of current adoption.,"{""status"":""not_reported"",""value"":null}",2026-10-08
evidence-de5cd5999a96df0f,AE,title-8aa09f4ed7be068d,まるごと入門 A1 かつどう,まるごと入門 A1 かつどう,まるごと入門 A1 かつどう,[],Secondary,,reported_use,named_material,jf-profile-2025-AE,https://www.jpf.go.jp/j/project/japanese/survey/area/country/2025/uae_2.pdf,2025,[4],4. 学習環境 — 教材 / Secondary,Named in the textbook subsection for this setting. No national adoption rate is established.,"{""status"":""not_reported"",""value"":null}",2026-10-08
evidence-999a6b81dd61a945,AE,title-9e859760b77e445a,まるごと入門 A1 りかい,まるごと入門 A1 りかい,まるごと入門 A1 りかい,[],Secondary,,reported_use,named_material,jf-profile-2025-AE,https://www.jpf.go.jp/j/project/japanese/survey/area/country/2025/uae_2.pdf,2025,[4],4. 学習環境 — 教材 / Secondary,Named in the textbook subsection for this setting. No national adoption rate is established.,"{""status"":""not_reported"",""value"":null}",2026-10-08
evidence-36fc6a4dcf8658a1,AE,title-2da50541fa134761,いろどり生活の日本語入門（A1）,いろどり生活の日本語入門（A1）,いろどり生活の日本語入門（A1）,[],Higher,,reported_use,named_material,jf-profile-2025-AE,https://www.jpf.go.jp/j/project/japanese/survey/area/country/2025/uae_2.pdf,2025,[4],4. 学習環境 — 教材 / Higher,Named in the textbook subsection for this setting. No national adoption rate is established.,"{""status"":""not_reported"",""value"":null}",2026-10-08
evidence-3b0970c1164378df,AE,title-eda1df820dffba17,Japanese for Busy People,Japanese for Busy People,Japanese for Busy People,[],Other,,reported_use,named_material,jf-profile-2025-AE,https://www.jpf.go.jp/j/project/japanese/survey/area/country/2025/uae_2.pdf,2025,[4],4. 学習環境 — 教材 / Other,Named in the textbook subsection for this setting. No national adoption rate is established.,"{""status"":""not_reported"",""value"":null}",2026-10-08
evidence-46ae3c2cae2ee290,AE,title-860b56d82ded60c6,初級日本語げんき,初級日本語げんき,初級日本語げんき,[],Other,,historical_use,named_material,jf-profile-2025-AE,https://www.jpf.go.jp/j/project/japanese/survey/area/country/2025/uae_2.pdf,2025,[4],4. 学習環境 — 教材 / Other,Association course is currently suspended; textbook relates to that course.,"{""status"":""not_reported"",""value"":null}",2026-10-08
evidence-53f17cda85a971d1,YE,title-408deb2e433c5a21,にほんご 45 じかん,にほんご 45 じかん,にほんご 45 じかん,[],Other,,reported_use,named_material,jf-profile-2025-YE,https://www.jpf.go.jp/j/project/japanese/survey/area/country/2025/yemen_2.pdf,2025,[3],4. 学習環境 — 教材 / Other,Named in the textbook subsection for this setting. No national adoption rate is established.,"{""status"":""not_reported"",""value"":null}",2026-10-08
evidence-eee7605807ef5bf3,YE,title-ec77492eee972e7c,みんなの日本語Ⅰ、Ⅱ,みんなの日本語Ⅰ、Ⅱ,みんなの日本語Ⅰ、Ⅱ,[],Other,,reported_use,named_material,jf-profile-2025-YE,https://www.jpf.go.jp/j/project/japanese/survey/area/country/2025/yemen_2.pdf,2025,[3],4. 学習環境 — 教材 / Other,Named in the textbook subsection for this setting. No national adoption rate is established.,"{""status"":""not_reported"",""value"":null}",2026-10-08
evidence-7412c7e9f82269df,YE,title-9451639948252d99,新日本語の基礎,新日本語の基礎,新日本語の基礎,[],Other,,reported_use,named_material,jf-profile-2025-YE,https://www.jpf.go.jp/j/project/japanese/survey/area/country/2025/yemen_2.pdf,2025,[3],4. 学習環境 — 教材 / Other,Named in the textbook subsection for this setting. No national adoption rate is established.,"{""status"":""not_reported"",""value"":null}",2026-10-08
evidence-c8b150823264b646,IQ,title-3009513eb30915d0,いろどり,いろどり,いろどり,[],Higher,,reported_use,named_material,jf-profile-2025-IQ,https://www.jpf.go.jp/j/project/japanese/survey/area/country/2025/iraq_2.pdf,2025,[4],4. 学習環境 — 教材 / Higher,Named in the textbook subsection for this setting. No national adoption rate is established.,"{""status"":""not_reported"",""value"":null}",2026-10-08
evidence-62cb0e453f868d1c,IR,title-1b2d700b936354d9,学ぼう！にほんご,学ぼう！にほんご,学ぼう！にほんご,[],Higher,,reported_use,named_material,jf-profile-2025-IR,https://www.jpf.go.jp/j/project/japanese/survey/area/country/2025/iran_2.pdf,2025,[4],4. 学習環境 — 教材 / Higher,Named in the textbook subsection for this setting. No national adoption rate is established.,"{""status"":""not_reported"",""value"":null}",2026-10-08
evidence-48ee33250480e869,IR,title-0cc0a41824d22cbe,漢字マスター,漢字マスター,漢字マスター,[],Higher,,reported_use,named_material,jf-profile-2025-IR,https://www.jpf.go.jp/j/project/japanese/survey/area/country/2025/iran_2.pdf,2025,[4],4. 学習環境 — 教材 / Higher,Named in the textbook subsection for this setting. No national adoption rate is established.,"{""status"":""not_reported"",""value"":null}",2026-10-08
evidence-224c481ec6d37696,IR,title-5cdf7e72cd95edca,みんなの日本語,みんなの日本語,みんなの日本語,[],Higher,,reported_use,named_material,jf-profile-2025-IR,https://www.jpf.go.jp/j/project/japanese/survey/area/country/2025/iran_2.pdf,2025,[4],4. 学習環境 — 教材 / Higher,Named in the textbook subsection for this setting. No national adoption rate is established.,"{""status"":""not_reported"",""value"":null}",2026-10-08
evidence-cf92879ee2d21dae,IR,title-c7a2e318dc5c74a6,日本語かな入門,日本語かな入門,日本語かな入門,[],Higher,,reported_use,named_material,jf-profile-2025-IR,https://www.jpf.go.jp/j/project/japanese/survey/area/country/2025/iran_2.pdf,2025,[4],4. 学習環境 — 教材 / Higher,Named in the textbook subsection for this setting. No national adoption rate is established.,"{""status"":""not_reported"",""value"":null}",2026-10-08
evidence-d826943122832b31,IR,title-09984ada167d29f0,エリンが挑戦！にほんごできます。,エリンが挑戦！にほんごできます。,エリンが挑戦！にほんごできます。,[],Higher,,reported_use,named_material,jf-profile-2025-IR,https://www.jpf.go.jp/j/project/japanese/survey/area/country/2025/iran_2.pdf,2025,[4],4. 学習環境 — 教材 / Higher,Named in the textbook subsection for this setting. No national adoption rate is established.,"{""status"":""not_reported"",""value"":null}",2026-10-08
evidence-e0aa52b37a0d4ffc,IR,title-5cdf7e72cd95edca,みんなの日本語,みんなの日本語,みんなの日本語,[],Other,,reported_use,named_material,jf-profile-2025-IR,https://www.jpf.go.jp/j/project/japanese/survey/area/country/2025/iran_2.pdf,2025,[5],4. 学習環境 — 教材 / Other,Named in the textbook subsection for this setting. No national adoption rate is established.,"{""status"":""not_reported"",""value"":null}",2026-10-08
evidence-dbff456b8e14a4b6,IR,title-6ebd7e06af010dd3,まるごと日本のことばと文化,まるごと日本のことばと文化,まるごと日本のことばと文化,[],Other,,reported_use,named_material,jf-profile-2025-IR,https://www.jpf.go.jp/j/project/japanese/survey/area/country/2025/iran_2.pdf,2025,[5],4. 学習環境 — 教材 / Other,Named in the textbook subsection for this setting. No national adoption rate is established.,"{""status"":""not_reported"",""value"":null}",2026-10-08
evidence-8d710448ec3b8903,OM,title-123c9a90b179505d,まるごと日本のことばと文化入門（A1）,まるごと日本のことばと文化入門（A1）,まるごと日本のことばと文化入門（A1）,[],Higher,,historical_use,named_material,jf-profile-2025-OM,https://www.jpf.go.jp/j/project/japanese/survey/area/country/2025/oman_2.pdf,2025,[3],4. 学習環境 — 教材 / Higher,Higher-education use is described in the past tense.,"{""status"":""not_reported"",""value"":null}",2026-10-08
evidence-d017ddc08cb02b48,OM,title-2fa90fb19e335306,できる日本語,できる日本語,できる日本語,[],Other,,reported_use,named_material,jf-profile-2025-OM,https://www.jpf.go.jp/j/project/japanese/survey/area/country/2025/oman_2.pdf,2025,[4],4. 学習環境 — 教材 / Other,Named in the textbook subsection for this setting. No national adoption rate is established.,"{""status"":""not_reported"",""value"":null}",2026-10-08
evidence-5db6dd5b50cb3372,QA,title-5cdf7e72cd95edca,みんなの日本語,みんなの日本語,みんなの日本語,[],Other,,reported_use,named_material,jf-profile-2025-QA,https://www.jpf.go.jp/j/project/japanese/survey/area/country/2025/qatar_2.pdf,2025,[3],4. 学習環境 — 教材 / Other,"Basis for teacher-created materials, not a claim that each learner uses the commercial textbook.","{""status"":""not_reported"",""value"":null}",2026-10-08
evidence-6c222b8b39fe2ec9,KW,title-408deb2e433c5a21,にほんご 45 じかん,にほんご 45 じかん,にほんご 45 じかん,[],Other,,reported_use,named_material,jf-profile-2025-KW,https://www.jpf.go.jp/j/project/japanese/survey/area/country/2025/kuwait_2.pdf,2025,[3],4. 学習環境 — 教材 / Other,Named in the textbook subsection for this setting. No national adoption rate is established.,"{""status"":""not_reported"",""value"":null}",2026-10-08
evidence-976a222bde02b3e7,KW,title-22269cc9217c2123,にほんごつぎの 45 じかん,にほんごつぎの 45 じかん,にほんごつぎの 45 じかん,[],Other,,reported_use,named_material,jf-profile-2025-KW,https://www.jpf.go.jp/j/project/japanese/survey/area/country/2025/kuwait_2.pdf,2025,[3],4. 学習環境 — 教材 / Other,Named in the textbook subsection for this setting. No national adoption rate is established.,"{""status"":""not_reported"",""value"":null}",2026-10-08
evidence-a7114c07bbfdd7e1,SA,title-9741a386000d6e85,かなをまなぼう,かなをまなぼう,かなをまなぼう,[],Higher,,reported_use,named_material,jf-profile-2025-SA,https://www.jpf.go.jp/j/project/japanese/survey/area/country/2025/saudiarabia_2.pdf,2025,[4],4. 学習環境 — 教材 / Higher,Named in the textbook subsection for this setting. No national adoption rate is established.,"{""status"":""not_reported"",""value"":null}",2026-10-08
evidence-9c42a56c69be63b9,SA,title-d04a2225e0a4e7ae,アラブ人のための日本語,アラブ人のための日本語,アラブ人のための日本語,[],Higher,,reported_use,named_material,jf-profile-2025-SA,https://www.jpf.go.jp/j/project/japanese/survey/area/country/2025/saudiarabia_2.pdf,2025,[4],4. 学習環境 — 教材 / Higher,Named in the textbook subsection for this setting. No national adoption rate is established.,"{""status"":""not_reported"",""value"":null}",2026-10-08
evidence-f7215e9d59edb5a5,SA,title-c56347c8aa946173,中級への架け橋,中級への架け橋,中級への架け橋,[],Higher,,reported_use,named_material,jf-profile-2025-SA,https://www.jpf.go.jp/j/project/japanese/survey/area/country/2025/saudiarabia_2.pdf,2025,[4],4. 学習環境 — 教材 / Higher,Named in the textbook subsection for this setting. No national adoption rate is established.,"{""status"":""not_reported"",""value"":null}",2026-10-08
evidence-bf07787dcf133383,SA,title-6ebd7e06af010dd3,まるごと日本のことばと文化,まるごと日本のことばと文化,まるごと日本のことばと文化,[],Higher,,reported_use,named_material,jf-profile-2025-SA,https://www.jpf.go.jp/j/project/japanese/survey/area/country/2025/saudiarabia_2.pdf,2025,[4],4. 学習環境 — 教材 / Higher,Named in the textbook subsection for this setting. No national adoption rate is established.,"{""status"":""not_reported"",""value"":null}",2026-10-08
evidence-01b4623ca1323cce,SA,title-3a7b3d682635d585,初級からの日本語スピーチ,初級からの日本語スピーチ,初級からの日本語スピーチ,[],Higher,,reported_use,named_material,jf-profile-2025-SA,https://www.jpf.go.jp/j/project/japanese/survey/area/country/2025/saudiarabia_2.pdf,2025,[4],4. 学習環境 — 教材 / Higher,Named in the textbook subsection for this setting. No national adoption rate is established.,"{""status"":""not_reported"",""value"":null}",2026-10-08
evidence-94346caf71cacffc,SA,title-e14c720618774543,BASIC KANJI BOOK Vol.ⅠⅡ,BASIC KANJI BOOK Vol.ⅠⅡ,BASIC KANJI BOOK Vol.ⅠⅡ,[],Higher,,reported_use,named_material,jf-profile-2025-SA,https://www.jpf.go.jp/j/project/japanese/survey/area/country/2025/saudiarabia_2.pdf,2025,[4],4. 学習環境 — 教材 / Higher,Named in the textbook subsection for this setting. No national adoption rate is established.,"{""status"":""not_reported"",""value"":null}",2026-10-08
evidence-eadafacd82bbe5fe,SA,title-3ed7b19c7868996a,INTERMEDIATE KANJI BOOK,INTERMEDIATE KANJI BOOK,INTERMEDIATE KANJI BOOK,[],Higher,,reported_use,named_material,jf-profile-2025-SA,https://www.jpf.go.jp/j/project/japanese/survey/area/country/2025/saudiarabia_2.pdf,2025,[4],4. 学習環境 — 教材 / Higher,Named in the textbook subsection for this setting. No national adoption rate is established.,"{""status"":""not_reported"",""value"":null}",2026-10-08
evidence-222920734dec30f7,SA,title-8708d18208d73e6f,日本語文化読解,日本語文化読解,日本語文化読解,[],Higher,,reported_use,named_material,jf-profile-2025-SA,https://www.jpf.go.jp/j/project/japanese/survey/area/country/2025/saudiarabia_2.pdf,2025,[4],4. 学習環境 — 教材 / Higher,Named in the textbook subsection for this setting. No national adoption rate is established.,"{""status"":""not_reported"",""value"":null}",2026-10-08
evidence-cf9a4a3953753a1a,SY,title-5cc05109a3935223,みんなの日本語初級Ⅰ、Ⅱ,みんなの日本語初級Ⅰ、Ⅱ,みんなの日本語初級Ⅰ、Ⅱ,[],Higher,,reported_use,named_material,jf-profile-2025-SY,https://www.jpf.go.jp/j/project/japanese/survey/area/country/2025/syria_2.pdf,2025,[4],4. 学習環境 — 教材 / Higher,Named in the textbook subsection for this setting. No national adoption rate is established.,"{""status"":""not_reported"",""value"":null}",2026-10-08
evidence-a5574658e89d91cc,SY,title-2c7917e40cedbcbe,ニューアプローチ中級日本語基礎編改訂版・完成編,ニューアプローチ中級日本語基礎編改訂版・完成編,ニューアプローチ中級日本語基礎編改訂版・完成編,[],Higher,,reported_use,named_material,jf-profile-2025-SY,https://www.jpf.go.jp/j/project/japanese/survey/area/country/2025/syria_2.pdf,2025,[4],4. 学習環境 — 教材 / Higher,Named in the textbook subsection for this setting. No national adoption rate is established.,"{""status"":""not_reported"",""value"":null}",2026-10-08
evidence-d4151b71be4b823d,SY,title-029155c383397b31,トピックによる日本語総合演習中級前期・中級後期・上級,トピックによる日本語総合演習中級前期・中級後期・上級,トピックによる日本語総合演習中級前期・中級後期・上級,[],Higher,,reported_use,named_material,jf-profile-2025-SY,https://www.jpf.go.jp/j/project/japanese/survey/area/country/2025/syria_2.pdf,2025,[4],4. 学習環境 — 教材 / Higher,Named in the textbook subsection for this setting. No national adoption rate is established.,"{""status"":""not_reported"",""value"":null}",2026-10-08
evidence-2d9e5c66a716ac4f,SY,title-5cc05109a3935223,みんなの日本語初級Ⅰ、Ⅱ,みんなの日本語初級Ⅰ、Ⅱ,みんなの日本語初級Ⅰ、Ⅱ,[],Other,,reported_use,named_material,jf-profile-2025-SY,https://www.jpf.go.jp/j/project/japanese/survey/area/country/2025/syria_2.pdf,2025,[4],4. 学習環境 — 教材 / Other,Named in the textbook subsection for this setting. No national adoption rate is established.,"{""status"":""not_reported"",""value"":null}",2026-10-08
evidence-0b2211abb77b3bae,TR,title-5cdf7e72cd95edca,みんなの日本語,みんなの日本語,みんなの日本語,[],Secondary,,reported_use,named_material,jf-profile-2025-TR,https://www.jpf.go.jp/j/project/japanese/survey/area/country/2025/turkey_2.pdf,2025,[5],4. 学習環境 — 教材 / Secondary,Named in the textbook subsection for this setting. No national adoption rate is established.,"{""status"":""not_reported"",""value"":null}",2026-10-08
evidence-68941446289be6a3,TR,title-6ebd7e06af010dd3,まるごと日本のことばと文化,まるごと日本のことばと文化,まるごと日本のことばと文化,[],Secondary,,reported_use,named_material,jf-profile-2025-TR,https://www.jpf.go.jp/j/project/japanese/survey/area/country/2025/turkey_2.pdf,2025,[5],4. 学習環境 — 教材 / Secondary,Named in the textbook subsection for this setting. No national adoption rate is established.,"{""status"":""not_reported"",""value"":null}",2026-10-08
evidence-bea5c010d1961dda,TR,title-5cdf7e72cd95edca,みんなの日本語,みんなの日本語,みんなの日本語,[],Higher,,reported_use,named_material,jf-profile-2025-TR,https://www.jpf.go.jp/j/project/japanese/survey/area/country/2025/turkey_2.pdf,2025,[5],4. 学習環境 — 教材 / Higher,Named in the textbook subsection for this setting. No national adoption rate is established.,"{""status"":""not_reported"",""value"":null}",2026-10-08
evidence-e5f11b0471f0f566,TR,title-3cedd44946cf3ecd,初級日本語とびら,初級日本語とびら,初級日本語とびら,[],Higher,,reported_use,named_material,jf-profile-2025-TR,https://www.jpf.go.jp/j/project/japanese/survey/area/country/2025/turkey_2.pdf,2025,[5],4. 学習環境 — 教材 / Higher,Named in the textbook subsection for this setting. No national adoption rate is established.,"{""status"":""not_reported"",""value"":null}",2026-10-08
evidence-9a64e4d16c0ee7d6,TR,title-83460c5bb06bd9a0,げんき,げんき,げんき,[],Higher,,reported_use,named_material,jf-profile-2025-TR,https://www.jpf.go.jp/j/project/japanese/survey/area/country/2025/turkey_2.pdf,2025,[5],4. 学習環境 — 教材 / Higher,Named in the textbook subsection for this setting. No national adoption rate is established.,"{""status"":""not_reported"",""value"":null}",2026-10-08
evidence-61d201b26f012fee,TR,title-6ebd7e06af010dd3,まるごと日本のことばと文化,まるごと日本のことばと文化,まるごと日本のことばと文化,[],Higher,,reported_use,named_material,jf-profile-2025-TR,https://www.jpf.go.jp/j/project/japanese/survey/area/country/2025/turkey_2.pdf,2025,[5],4. 学習環境 — 教材 / Higher,Named in the textbook subsection for this setting. No national adoption rate is established.,"{""status"":""not_reported"",""value"":null}",2026-10-08
evidence-829f7359753123e9,TR,title-089930480a900f6d,いろどり生活の日本語,いろどり生活の日本語,いろどり生活の日本語,[],Higher,,reported_use,named_material,jf-profile-2025-TR,https://www.jpf.go.jp/j/project/japanese/survey/area/country/2025/turkey_2.pdf,2025,[5],4. 学習環境 — 教材 / Higher,Named in the textbook subsection for this setting. No national adoption rate is established.,"{""status"":""not_reported"",""value"":null}",2026-10-08
evidence-a1bacb817d514e0f,TR,title-edd399722b8c9579,エリンが挑戦！にほんごできます,エリンが挑戦！にほんごできます,エリンが挑戦！にほんごできます,[],Higher,,reported_use,named_material,jf-profile-2025-TR,https://www.jpf.go.jp/j/project/japanese/survey/area/country/2025/turkey_2.pdf,2025,[5],4. 学習環境 — 教材 / Higher,Named in the textbook subsection for this setting. No national adoption rate is established.,"{""status"":""not_reported"",""value"":null}",2026-10-08
evidence-a4cadd0c63c31bfa,TR,title-e4e45f4313817214,タスクベースで学ぶ日本語,タスクベースで学ぶ日本語,タスクベースで学ぶ日本語,[],Higher,,reported_use,named_material,jf-profile-2025-TR,https://www.jpf.go.jp/j/project/japanese/survey/area/country/2025/turkey_2.pdf,2025,[5],4. 学習環境 — 教材 / Higher,Named in the textbook subsection for this setting. No national adoption rate is established.,"{""status"":""not_reported"",""value"":null}",2026-10-08
evidence-117bd73dc94d0bf8,TR,title-1ca2913cd9ef45f8,日本語敬語トレーニング,日本語敬語トレーニング,日本語敬語トレーニング,[],Higher,,reported_use,named_material,jf-profile-2025-TR,https://www.jpf.go.jp/j/project/japanese/survey/area/country/2025/turkey_2.pdf,2025,[5],4. 学習環境 — 教材 / Higher,Named in the textbook subsection for this setting. No national adoption rate is established.,"{""status"":""not_reported"",""value"":null}",2026-10-08
evidence-5be40b27edf64f4a,TR,title-d6ec5f48e5e3547b,中級日本語カルテット,中級日本語カルテット,中級日本語カルテット,[],Higher,,reported_use,named_material,jf-profile-2025-TR,https://www.jpf.go.jp/j/project/japanese/survey/area/country/2025/turkey_2.pdf,2025,[5],4. 学習環境 — 教材 / Higher,Named in the textbook subsection for this setting. No national adoption rate is established.,"{""status"":""not_reported"",""value"":null}",2026-10-08
evidence-25e61565b75df980,TR,title-9d0cf8b76a1e6679,上級へのとびら,上級へのとびら,上級へのとびら,[],Higher,,reported_use,named_material,jf-profile-2025-TR,https://www.jpf.go.jp/j/project/japanese/survey/area/country/2025/turkey_2.pdf,2025,[5],4. 学習環境 — 教材 / Higher,Named in the textbook subsection for this setting. No national adoption rate is established.,"{""status"":""not_reported"",""value"":null}",2026-10-08
evidence-9bcff841d5c8d854,TR,title-5cdf7e72cd95edca,みんなの日本語,みんなの日本語,みんなの日本語,[],Other,,reported_use,named_material,jf-profile-2025-TR,https://www.jpf.go.jp/j/project/japanese/survey/area/country/2025/turkey_2.pdf,2025,[6],4. 学習環境 — 教材 / Other,Named in the textbook subsection for this setting. No national adoption rate is established.,"{""status"":""not_reported"",""value"":null}",2026-10-08
evidence-6079f786f1194d26,TR,title-6ebd7e06af010dd3,まるごと日本のことばと文化,まるごと日本のことばと文化,まるごと日本のことばと文化,[],Other,,reported_use,named_material,jf-profile-2025-TR,https://www.jpf.go.jp/j/project/japanese/survey/area/country/2025/turkey_2.pdf,2025,[6],4. 学習環境 — 教材 / Other,Named in the textbook subsection for this setting. No national adoption rate is established.,"{""status"":""not_reported"",""value"":null}",2026-10-08
evidence-88bd60208ae44f2e,TR,title-de99289b54fe6759,みんなの日本語中級,みんなの日本語中級,みんなの日本語中級,[],Other,,reported_use,named_material,jf-profile-2025-TR,https://www.jpf.go.jp/j/project/japanese/survey/area/country/2025/turkey_2.pdf,2025,[6],4. 学習環境 — 教材 / Other,Named in the textbook subsection for this setting. No national adoption rate is established.,"{""status"":""not_reported"",""value"":null}",2026-10-08
evidence-c76b89fd48c9f202,TR,title-bbb0c55d39607d47,こどものにほんご,こどものにほんご,こどものにほんご,[],Other,,reported_use,named_material,jf-profile-2025-TR,https://www.jpf.go.jp/j/project/japanese/survey/area/country/2025/turkey_2.pdf,2025,[6],4. 学習環境 — 教材 / Other,Named in the textbook subsection for this setting. No national adoption rate is established.,"{""status"":""not_reported"",""value"":null}",2026-10-08
evidence-ba2dd7930279fc6a,PS,title-60e0f4409344b2d5,いろどり 生活の日本語,いろどり 生活の日本語,いろどり 生活の日本語,[],Other,,reported_use,named_material,jf-profile-2025-PS,https://www.jpf.go.jp/j/project/japanese/survey/area/country/2025/palestine_2.pdf,2025,[4],4. 学習環境 — 教材,Named in the source textbook subsection.,"{""status"":""not_reported"",""value"":null}",2026-10-08
evidence-96eb6a85b542f945,JO,title-5cdf7e72cd95edca,みんなの日本語,みんなの日本語,みんなの日本語,[],Higher,,historical_use,named_material,jf-profile-2025-JO,https://www.jpf.go.jp/j/project/japanese/survey/area/country/2025/jordan_2.pdf,2025,[4],4. 学習環境 — 教材 / Higher,Earlier higher-education materials; profile reports a switch to Marugoto in 2025.,"{""status"":""not_reported"",""value"":null}",2026-10-08
evidence-8342bed93ca14cf1,JO,title-408deb2e433c5a21,にほんご 45 じかん,にほんご 45 じかん,にほんご 45 じかん,[],Higher,,historical_use,named_material,jf-profile-2025-JO,https://www.jpf.go.jp/j/project/japanese/survey/area/country/2025/jordan_2.pdf,2025,[4],4. 学習環境 — 教材 / Higher,Earlier higher-education materials; profile reports a switch to Marugoto in 2025.,"{""status"":""not_reported"",""value"":null}",2026-10-08
evidence-5c5df99403bf2fd7,JO,title-22269cc9217c2123,にほんごつぎの 45 じかん,にほんごつぎの 45 じかん,にほんごつぎの 45 じかん,[],Higher,,historical_use,named_material,jf-profile-2025-JO,https://www.jpf.go.jp/j/project/japanese/survey/area/country/2025/jordan_2.pdf,2025,[4],4. 学習環境 — 教材 / Higher,Earlier higher-education materials; profile reports a switch to Marugoto in 2025.,"{""status"":""not_reported"",""value"":null}",2026-10-08
evidence-4440a1b631ad672b,JO,title-9741a386000d6e85,かなをまなぼう,かなをまなぼう,かなをまなぼう,[],Higher,,historical_use,named_material,jf-profile-2025-JO,https://www.jpf.go.jp/j/project/japanese/survey/area/country/2025/jordan_2.pdf,2025,[4],4. 学習環境 — 教材 / Higher,Earlier higher-education materials; profile reports a switch to Marugoto in 2025.,"{""status"":""not_reported"",""value"":null}",2026-10-08
evidence-d45e0bd9166dd4ff,JO,title-e73044c2b24084e6,KANJI LOOK AND LEARN,KANJI LOOK AND LEARN,KANJI LOOK AND LEARN,[],Higher,,historical_use,named_material,jf-profile-2025-JO,https://www.jpf.go.jp/j/project/japanese/survey/area/country/2025/jordan_2.pdf,2025,[5],4. 学習環境 — 教材 / Higher,Earlier higher-education materials; profile reports a switch to Marugoto in 2025.,"{""status"":""not_reported"",""value"":null}",2026-10-08
evidence-3c7fc6b273a027b4,JO,title-6ebd7e06af010dd3,まるごと日本のことばと文化,まるごと日本のことばと文化,まるごと日本のことばと文化,[],Higher,,reported_use,named_material,jf-profile-2025-JO,https://www.jpf.go.jp/j/project/japanese/survey/area/country/2025/jordan_2.pdf,2025,[5],4. 学習環境 — 教材 / Higher,Current university use described; Marugoto adopted at the University of Jordan in 2025.,"{""status"":""not_reported"",""value"":null}",2026-10-08
evidence-38610df57282014e,JO,title-9b88c70fd05d7885,Try! Start,Try! Start,Try! Start,[],Higher,,reported_use,named_material,jf-profile-2025-JO,https://www.jpf.go.jp/j/project/japanese/survey/area/country/2025/jordan_2.pdf,2025,[5],4. 学習環境 — 教材 / Higher,Current university use described; Marugoto adopted at the University of Jordan in 2025.,"{""status"":""not_reported"",""value"":null}",2026-10-08
evidence-ef1c02dffe5777ba,JO,title-0d5e7e73a3e7587f,まるごと A2/B1,まるごと A2/B1,まるごと A2/B1,[],Other,,reported_use,named_material,jf-profile-2025-JO,https://www.jpf.go.jp/j/project/japanese/survey/area/country/2025/jordan_2.pdf,2025,[5],4. 学習環境 — 教材 / Other,Named in the textbook subsection for this setting. No national adoption rate is established.,"{""status"":""not_reported"",""value"":null}",2026-10-08
evidence-ac7a1db1f9a1ee9c,LB,title-817979b814c356ac,"みんなの日本語初級Ⅰ,Ⅱ","みんなの日本語初級Ⅰ,Ⅱ","みんなの日本語初級Ⅰ,Ⅱ",[],Higher,,reported_use,named_material,jf-profile-2025-LB,https://www.jpf.go.jp/j/project/japanese/survey/area/country/2025/lebanon_2.pdf,2025,[4],4. 学習環境 — 教材 / Higher,Named in the textbook subsection for this setting. No national adoption rate is established.,"{""status"":""not_reported"",""value"":null}",2026-10-08
evidence-14d8a358c91cf4bd,LB,title-817979b814c356ac,"みんなの日本語初級Ⅰ,Ⅱ","みんなの日本語初級Ⅰ,Ⅱ","みんなの日本語初級Ⅰ,Ⅱ",[],Other,,reported_use,named_material,jf-profile-2025-LB,https://www.jpf.go.jp/j/project/japanese/survey/area/country/2025/lebanon_2.pdf,2025,[4],4. 学習環境 — 教材 / Other,Named in the textbook subsection for this setting. No national adoption rate is established.,"{""status"":""not_reported"",""value"":null}",2026-10-08
evidence-0ce7cf64e52b5b4f,DZ,title-ea78f138b029c339,みんなの日本語初級,みんなの日本語初級,みんなの日本語初級,[],Higher,,reported_use,named_material,jf-profile-2025-DZ,https://www.jpf.go.jp/j/project/japanese/survey/area/country/2025/algerie_2.pdf,2025,[3],4. 学習環境 — 教材 / Higher,Named in the textbook subsection for this setting. No national adoption rate is established.,"{""status"":""not_reported"",""value"":null}",2026-10-08
evidence-94f57c78bab1b048,DZ,title-6ebd7e06af010dd3,まるごと日本のことばと文化,まるごと日本のことばと文化,まるごと日本のことばと文化,[],Higher,,reported_use,named_material,jf-profile-2025-DZ,https://www.jpf.go.jp/j/project/japanese/survey/area/country/2025/algerie_2.pdf,2025,"[3,4]",4. 学習環境 — 教材 / Higher,Named in the textbook subsection for this setting. No national adoption rate is established.,"{""status"":""not_reported"",""value"":null}",2026-10-08
evidence-64587955303282e4,DZ,title-ea78f138b029c339,みんなの日本語初級,みんなの日本語初級,みんなの日本語初級,[],Other,,reported_use,named_material,jf-profile-2025-DZ,https://www.jpf.go.jp/j/project/japanese/survey/area/country/2025/algerie_2.pdf,2025,[4],4. 学習環境 — 教材 / Other,Named in the textbook subsection for this setting. No national adoption rate is established.,"{""status"":""not_reported"",""value"":null}",2026-10-08
evidence-b43c5dadf1bf2fb0,DZ,title-013afebe2b30c147,まるごと,まるごと,まるごと,[],Other,,reported_use,named_material,jf-profile-2025-DZ,https://www.jpf.go.jp/j/project/japanese/survey/area/country/2025/algerie_2.pdf,2025,[4],4. 学習環境 — 教材 / Other,Named in the textbook subsection for this setting. No national adoption rate is established.,"{""status"":""not_reported"",""value"":null}",2026-10-08
evidence-0891e336abaed35f,EG,title-82cbabde20f19e41,Japanese for Young People,Japanese for Young People,Japanese for Young People,[],Primary,,historical_use,named_material,jf-profile-2025-EG,https://www.jpf.go.jp/j/project/japanese/survey/area/country/2025/egypt_2.pdf,2025,[5],4. 学習環境 — 教材 / Primary,Earlier school-stage material; not current national adoption.,"{""status"":""not_reported"",""value"":null}",2026-10-08
evidence-78a7b789e8063551,EG,title-099a24ef92a293ea,わくわくにほんご１,わくわくにほんご１,わくわくにほんご１,[],Primary,,mentioned,named_material,jf-profile-2025-EG,https://www.jpf.go.jp/j/project/japanese/survey/area/country/2025/egypt_2.pdf,2025,[5],4. 学習環境 — 教材 / Primary,Publication and donation are described; not an institution adoption rate.,"{""status"":""not_reported"",""value"":null}",2026-10-08
evidence-f0b6e0dd88e76d4e,EG,title-3db1f1ca9f29c0c5,わくわくにほんご２,わくわくにほんご２,わくわくにほんご２,[],Primary,,mentioned,named_material,jf-profile-2025-EG,https://www.jpf.go.jp/j/project/japanese/survey/area/country/2025/egypt_2.pdf,2025,[5],4. 学習環境 — 教材 / Primary,Publication and donation are described; not an institution adoption rate.,"{""status"":""not_reported"",""value"":null}",2026-10-08
evidence-923c25c579cf405a,EG,title-c4a67e79a244bca5,わくわくにほんご３,わくわくにほんご３,わくわくにほんご３,[],Primary,,mentioned,named_material,jf-profile-2025-EG,https://www.jpf.go.jp/j/project/japanese/survey/area/country/2025/egypt_2.pdf,2025,[5],4. 学習環境 — 教材 / Primary,Publication and donation are described; not an institution adoption rate.,"{""status"":""not_reported"",""value"":null}",2026-10-08
evidence-474fde4ebb67cde5,EG,title-5cdf7e72cd95edca,みんなの日本語,みんなの日本語,みんなの日本語,[],Secondary,,historical_use,named_material,jf-profile-2025-EG,https://www.jpf.go.jp/j/project/japanese/survey/area/country/2025/egypt_2.pdf,2025,[5],4. 学習環境 — 教材 / Secondary,Secondary use described in the past.,"{""status"":""not_reported"",""value"":null}",2026-10-08
evidence-762c30fb92d7bab9,EG,title-5cdf7e72cd95edca,みんなの日本語,みんなの日本語,みんなの日本語,[],Higher,,reported_use,named_material,jf-profile-2025-EG,https://www.jpf.go.jp/j/project/japanese/survey/area/country/2025/egypt_2.pdf,2025,[5],4. 学習環境 — 教材 / Higher,Named in the textbook subsection for this setting. No national adoption rate is established.,"{""status"":""not_reported"",""value"":null}",2026-10-08
evidence-d53f3ed8328b8b77,EG,title-6ebd7e06af010dd3,まるごと日本のことばと文化,まるごと日本のことばと文化,まるごと日本のことばと文化,[],Higher,,reported_use,named_material,jf-profile-2025-EG,https://www.jpf.go.jp/j/project/japanese/survey/area/country/2025/egypt_2.pdf,2025,[5],4. 学習環境 — 教材 / Higher,Named in the textbook subsection for this setting. No national adoption rate is established.,"{""status"":""not_reported"",""value"":null}",2026-10-08
evidence-33915812549549ba,EG,title-089930480a900f6d,いろどり生活の日本語,いろどり生活の日本語,いろどり生活の日本語,[],Higher,,reported_use,named_material,jf-profile-2025-EG,https://www.jpf.go.jp/j/project/japanese/survey/area/country/2025/egypt_2.pdf,2025,[5],4. 学習環境 — 教材 / Higher,Named in the textbook subsection for this setting. No national adoption rate is established.,"{""status"":""not_reported"",""value"":null}",2026-10-08
evidence-81e9c8e0db4ddc71,EG,title-6ebd7e06af010dd3,まるごと日本のことばと文化,まるごと日本のことばと文化,まるごと日本のことばと文化,[],Other,,reported_use,named_material,jf-profile-2025-EG,https://www.jpf.go.jp/j/project/japanese/survey/area/country/2025/egypt_2.pdf,2025,[6],4. 学習環境 — 教材 / Other,Named in the textbook subsection for this setting. No national adoption rate is established.,"{""status"":""not_reported"",""value"":null}",2026-10-08
evidence-86de8e4090f0a16c,TN,title-5cdf7e72cd95edca,みんなの日本語,みんなの日本語,みんなの日本語,[],Higher,,historical_use,named_material,jf-profile-2025-TN,https://www.jpf.go.jp/j/project/japanese/survey/area/country/2025/tunisia_2.pdf,2025,[4],4. 学習環境 — 教材 / Higher,Higher-education use described in the past.,"{""status"":""not_reported"",""value"":null}",2026-10-08
evidence-c6fb099c1536a4e1,TN,title-5cdf7e72cd95edca,みんなの日本語,みんなの日本語,みんなの日本語,[],Other,,reported_use,named_material,jf-profile-2025-TN,https://www.jpf.go.jp/j/project/japanese/survey/area/country/2025/tunisia_2.pdf,2025,[4],4. 学習環境 — 教材 / Other,Named in the textbook subsection for this setting. No national adoption rate is established.,"{""status"":""not_reported"",""value"":null}",2026-10-08
evidence-fb69c4d27920fbcc,TN,title-6ebd7e06af010dd3,まるごと日本のことばと文化,まるごと日本のことばと文化,まるごと日本のことばと文化,[],Other,,reported_use,named_material,jf-profile-2025-TN,https://www.jpf.go.jp/j/project/japanese/survey/area/country/2025/tunisia_2.pdf,2025,[4],4. 学習環境 — 教材 / Other,Named in the textbook subsection for this setting. No national adoption rate is established.,"{""status"":""not_reported"",""value"":null}",2026-10-08
evidence-f43fdde8c3662efb,TN,title-089930480a900f6d,いろどり生活の日本語,いろどり生活の日本語,いろどり生活の日本語,[],Other,,reported_use,named_material,jf-profile-2025-TN,https://www.jpf.go.jp/j/project/japanese/survey/area/country/2025/tunisia_2.pdf,2025,[4],4. 学習環境 — 教材 / Other,Named in the textbook subsection for this setting. No national adoption rate is established.,"{""status"":""not_reported"",""value"":null}",2026-10-08
evidence-2fce9b1161e8b790,MA,title-5cdf7e72cd95edca,みんなの日本語,みんなの日本語,みんなの日本語,[],Higher,,reported_use,named_material,jf-profile-2025-MA,https://www.jpf.go.jp/j/project/japanese/survey/area/country/2025/morocco_2.pdf,2025,[4],4. 学習環境 — 教材 / Higher,Named in the textbook subsection for this setting. No national adoption rate is established.,"{""status"":""not_reported"",""value"":null}",2026-10-08
evidence-29f9fa5cf63d1564,MA,title-5cdf7e72cd95edca,みんなの日本語,みんなの日本語,みんなの日本語,[],Other,,reported_use,named_material,jf-profile-2025-MA,https://www.jpf.go.jp/j/project/japanese/survey/area/country/2025/morocco_2.pdf,2025,[4],4. 学習環境 — 教材 / Other,Named in the textbook subsection for this setting. No national adoption rate is established.,"{""status"":""not_reported"",""value"":null}",2026-10-08
evidence-5132f6046aab3ac6,ET,title-1d30ddf260e5f2fc,みんなの日本語初級Ⅰ,みんなの日本語初級Ⅰ,みんなの日本語初級Ⅰ,[],Higher,,reported_use,named_material,jf-profile-2025-ET,https://www.jpf.go.jp/j/project/japanese/survey/area/country/2025/ethiopia_2.pdf,2025,[4],4. 学習環境 — 教材 / Higher,Textbook or supplementary material used; the base Minna volume is a source for teacher-created materials.,"{""status"":""not_reported"",""value"":null}",2026-10-08
evidence-408a3357db432bc9,ET,title-62d7a60fedfa3146,みんなの日本語初級Ⅰ、Ⅱ 聴解タスク 25,みんなの日本語初級Ⅰ、Ⅱ 聴解タスク 25,みんなの日本語初級Ⅰ、Ⅱ 聴解タスク 25,[],Higher,,reported_use,named_material,jf-profile-2025-ET,https://www.jpf.go.jp/j/project/japanese/survey/area/country/2025/ethiopia_2.pdf,2025,[4],4. 学習環境 — 教材 / Higher,Textbook or supplementary material used; the base Minna volume is a source for teacher-created materials.,"{""status"":""not_reported"",""value"":null}",2026-10-08
evidence-0bf754e2a4d80e69,ET,title-99fec026b1567c7e,みんなの日本語初級Ⅰ、Ⅱ 初級で読めるトピック 25,みんなの日本語初級Ⅰ、Ⅱ 初級で読めるトピック 25,みんなの日本語初級Ⅰ、Ⅱ 初級で読めるトピック 25,[],Higher,,reported_use,named_material,jf-profile-2025-ET,https://www.jpf.go.jp/j/project/japanese/survey/area/country/2025/ethiopia_2.pdf,2025,[4],4. 学習環境 — 教材 / Higher,Textbook or supplementary material used; the base Minna volume is a source for teacher-created materials.,"{""status"":""not_reported"",""value"":null}",2026-10-08
evidence-7116c59ba64e787c,ET,title-e87983bb607a3f8a,DVD で学ぶ日本語エリンが挑戦！にほんごできます。 Ⅰ、Ⅱ、Ⅲ,DVD で学ぶ日本語エリンが挑戦！にほんごできます。 Ⅰ、Ⅱ、Ⅲ,DVD で学ぶ日本語エリンが挑戦！にほんごできます。 Ⅰ、Ⅱ、Ⅲ,[],Higher,,reported_use,named_material,jf-profile-2025-ET,https://www.jpf.go.jp/j/project/japanese/survey/area/country/2025/ethiopia_2.pdf,2025,[4],4. 学習環境 — 教材 / Higher,Named in the textbook subsection for this setting. No national adoption rate is established.,"{""status"":""not_reported"",""value"":null}",2026-10-08
evidence-13a9e250759f5b33,ET,title-e73044c2b24084e6,KANJI LOOK AND LEARN,KANJI LOOK AND LEARN,KANJI LOOK AND LEARN,[],Higher,,reported_use,named_material,jf-profile-2025-ET,https://www.jpf.go.jp/j/project/japanese/survey/area/country/2025/ethiopia_2.pdf,2025,[4],4. 学習環境 — 教材 / Higher,Named in the textbook subsection for this setting. No national adoption rate is established.,"{""status"":""not_reported"",""value"":null}",2026-10-08
evidence-6f45ac1a3cae713a,ET,title-5cdf7e72cd95edca,みんなの日本語,みんなの日本語,みんなの日本語,[],Other,,reported_use,named_material,jf-profile-2025-ET,https://www.jpf.go.jp/j/project/japanese/survey/area/country/2025/ethiopia_2.pdf,2025,[4],4. 学習環境 — 教材,Named in the source textbook subsection.,"{""status"":""not_reported"",""value"":null}",2026-10-08
evidence-edcbef075502fa65,GH,title-1e7d2d4395b1765a,げんき I,げんき I,げんき I,[],Higher,,reported_use,named_material,jf-profile-2025-GH,https://www.jpf.go.jp/j/project/japanese/survey/area/country/2025/ghana_2.pdf,2025,[4],4. 学習環境 — 教材 / Higher,Named in the textbook subsection for this setting. No national adoption rate is established.,"{""status"":""not_reported"",""value"":null}",2026-10-08
evidence-56427c1673cae158,GH,title-1e7d2d4395b1765a,げんき I,げんき I,げんき I,[],Other,,reported_use,named_material,jf-profile-2025-GH,https://www.jpf.go.jp/j/project/japanese/survey/area/country/2025/ghana_2.pdf,2025,[4],4. 学習環境 — 教材 / Other,Named in the textbook subsection for this setting. No national adoption rate is established.,"{""status"":""not_reported"",""value"":null}",2026-10-08
evidence-072ddd5295ff0e66,GH,title-9c3e8624857d7cb7,げんき II,げんき II,げんき II,[],Other,,reported_use,named_material,jf-profile-2025-GH,https://www.jpf.go.jp/j/project/japanese/survey/area/country/2025/ghana_2.pdf,2025,[4],4. 学習環境 — 教材 / Other,Named in the textbook subsection for this setting. No national adoption rate is established.,"{""status"":""not_reported"",""value"":null}",2026-10-08
evidence-df0d0141c3a02404,CM,title-a7221e91be21c013,技能実習生のための日本語「みどり」,技能実習生のための日本語「みどり」,技能実習生のための日本語「みどり」,[],Higher,,historical_use,named_material,jf-profile-2025-CM,https://www.jpf.go.jp/j/project/japanese/survey/area/country/2025/cameroon_2.pdf,2025,[4],4. 学習環境 — 教材 / Higher,Used in the CREPS course offered from 2008 to 2015.,"{""status"":""not_reported"",""value"":null}",2026-10-08
evidence-114f4cfabe82ddfd,CI,title-5cdf7e72cd95edca,みんなの日本語,みんなの日本語,みんなの日本語,[],Higher,,reported_use,named_material,jf-profile-2025-CI,https://www.jpf.go.jp/j/project/japanese/survey/area/country/2025/cote_d_2.pdf,2025,[4],4. 学習環境 — 教材 / Higher,Named in the textbook subsection for this setting. No national adoption rate is established.,"{""status"":""not_reported"",""value"":null}",2026-10-08
